make[1]: Entering directory '/home/ray/workplace/git_download/HiSTB_origin/HiSTBLinux'
make[1]: Entering directory '/home/ray/workplace/git_download/HiSTB_origin/HiSTBLinux/source/kernel'
[DEBUG] kernel MAKE = make
[DEBUG] MAKELEVEL=1
[DEBUG] JOBSERVER = 
[DEBUG] kernel MAKEFLAGS = w
make[1]: Entering directory '/home/ray/workplace/git_download/HiSTB_origin/HiSTBLinux/source/boot'
make[1]: Entering directory '/home/ray/workplace/git_download/HiSTB_origin/HiSTBLinux/tools/linux/utils'
make[1]: Entering directory '/home/ray/workplace/git_download/HiSTB_origin/HiSTBLinux/source/rootfs'
make[1]: Entering directory '/home/ray/workplace/git_download/HiSTB_origin/HiSTBLinux/source/msp/api'
make[1]: Entering directory '/home/ray/workplace/git_download/HiSTB_origin/HiSTBLinux/source/msp/api/higo'
make[1]: Entering directory '/home/ray/workplace/git_download/HiSTB_origin/HiSTBLinux/source/common/api'
-e [35mBuild scripts ...[00m
make -C scripts PREFIX=/home/ray/workplace/git_download/HiSTB_origin/HiSTBLinux/out/hi3798mv100/hi3798mv100_out/obj/rootfs CROSS_COMPILE=arm-histbv310-linux- CONFIG_LIBCPP_SUPPORT=y CONFIG_ETH_SUPPORT=y CONFIG_ADVCA_TYPE=n
make[2]: Entering directory '/home/ray/workplace/git_download/HiSTB_origin/HiSTBLinux/source/rootfs/scripts'
make[2]: Entering directory '/home/ray/workplace/git_download/HiSTB_origin/HiSTBLinux/source/kernel/linux-4.4.y'
make[1]: Leaving directory '/home/ray/workplace/git_download/HiSTB_origin/HiSTBLinux'
make prebuilts over
-e [35mBuild busybox ...[00m
make -C busybox PREFIX=/home/ray/workplace/git_download/HiSTB_origin/HiSTBLinux/out/hi3798mv100/hi3798mv100_out/obj/rootfs CROSS_COMPILE=arm-histbv310-linux- CONFIG_LIBCPP_SUPPORT=y CONFIG_ETH_SUPPORT=y CONFIG_ADVCA_TYPE=n
make[2]: Entering directory '/home/ray/workplace/git_download/HiSTB_origin/HiSTBLinux/source/rootfs/busybox'
make[2]: Nothing to be done for 'all'.
make[2]: Leaving directory '/home/ray/workplace/git_download/HiSTB_origin/HiSTBLinux/source/rootfs/busybox'
make[3]: Entering directory '/home/ray/workplace/git_download/HiSTB_origin/HiSTBLinux/out/hi3798mv100/hi3798mv100_out/obj/source/kernel/linux-4.4.y'
-e [35mBuild udev ...[00m
make -C udev PREFIX=/home/ray/workplace/git_download/HiSTB_origin/HiSTBLinux/out/hi3798mv100/hi3798mv100_out/obj/rootfs CROSS_COMPILE=arm-histbv310-linux- CONFIG_LIBCPP_SUPPORT=y CONFIG_ETH_SUPPORT=y CONFIG_ADVCA_TYPE=n
make[2]: Entering directory '/home/ray/workplace/git_download/HiSTB_origin/HiSTBLinux/source/rootfs/udev'
make[2]: Nothing to be done for 'all'.
make[2]: Leaving directory '/home/ray/workplace/git_download/HiSTB_origin/HiSTBLinux/source/rootfs/udev'
make[1]: Entering directory '/home/ray/workplace/git_download/HiSTB_origin/HiSTBLinux/source/msp/api/jpeg'
make[2]: Entering directory '/home/ray/workplace/git_download/HiSTB_origin/HiSTBLinux/out/hi3798mv100/hi3798mv100_out/obj/source/msp/api/jpeg/libjpeg-turbo-1.5.1'
make[2]: warning: jobserver unavailable: using -j1.  Add '+' to parent make rule.
make[1]: Leaving directory '/home/ray/workplace/git_download/HiSTB_origin/HiSTBLinux/source/msp/api/higo'
-e [35mBuild dosfstools ...[00m
make -C dosfstools PREFIX=/home/ray/workplace/git_download/HiSTB_origin/HiSTBLinux/out/hi3798mv100/hi3798mv100_out/obj/rootfs CROSS_COMPILE=arm-histbv310-linux- CONFIG_LIBCPP_SUPPORT=y CONFIG_ETH_SUPPORT=y CONFIG_ADVCA_TYPE=n
make[2]: Entering directory '/home/ray/workplace/git_download/HiSTB_origin/HiSTBLinux/source/rootfs/dosfstools'
make[2]: Leaving directory '/home/ray/workplace/git_download/HiSTB_origin/HiSTBLinux/source/rootfs/dosfstools'
-e [35mBuild gdb ...[00m
make -C gdb PREFIX=/home/ray/workplace/git_download/HiSTB_origin/HiSTBLinux/out/hi3798mv100/hi3798mv100_out/obj/rootfs CROSS_COMPILE=arm-histbv310-linux- CONFIG_LIBCPP_SUPPORT=y CONFIG_ETH_SUPPORT=y CONFIG_ADVCA_TYPE=n
make[2]: Entering directory '/home/ray/workplace/git_download/HiSTB_origin/HiSTBLinux/source/rootfs/gdb'
make[2]: Nothing to be done for 'all'.
make[2]: Leaving directory '/home/ray/workplace/git_download/HiSTB_origin/HiSTBLinux/source/rootfs/gdb'
-e [35mBuild mtd-utils ...[00m
make -C mtd-utils PREFIX=/home/ray/workplace/git_download/HiSTB_origin/HiSTBLinux/out/hi3798mv100/hi3798mv100_out/obj/rootfs CROSS_COMPILE=arm-histbv310-linux- CONFIG_LIBCPP_SUPPORT=y CONFIG_ETH_SUPPORT=y CONFIG_ADVCA_TYPE=n
make[1]: Leaving directory '/home/ray/workplace/git_download/HiSTB_origin/HiSTBLinux/tools/linux/utils'
make[2]: Entering directory '/home/ray/workplace/git_download/HiSTB_origin/HiSTBLinux/source/rootfs/mtd-utils'
make[2]: Nothing to be done for 'all'.
make[2]: Leaving directory '/home/ray/workplace/git_download/HiSTB_origin/HiSTBLinux/source/rootfs/mtd-utils'
make[1]: Entering directory '/home/ray/workplace/git_download/HiSTB_origin/HiSTBLinux/source/msp/api/png'
make[1]: Entering directory '/home/ray/workplace/git_download/HiSTB_origin/HiSTBLinux/source/msp/api/gpu'
make[2]: Entering directory '/home/ray/workplace/git_download/HiSTB_origin/HiSTBLinux/out/hi3798mv100/hi3798mv100_out/obj/source/msp/api/png/libpng-1.6.29'
make[2]: warning: jobserver unavailable: using -j1.  Add '+' to parent make rule.
cd /home/ray/workplace/git_download/HiSTB_origin/HiSTBLinux/out/hi3798mv100/hi3798mv100_out/lib/share; \
        ln -sf libMali.so          libEGL.so.1.4;\
        ln -sf libEGL.so.1.4        libEGL.so.1;\
        ln -sf libEGL.so.1          libEGL.so;\
        ln -sf libMali.so          libGLESv1_CM.so.1.1;\
        ln -sf libGLESv1_CM.so.1.1  libGLESv1_CM.so.1;\
        ln -sf libGLESv1_CM.so.1    libGLESv1_CM.so;\
        ln -sf libMali.so          libGLESv2.so.2.0;\
        ln -sf libGLESv2.so.2.0     libGLESv2.so.2;\
        ln -sf libGLESv2.so.2       libGLESv2.so;\
        cd -;
 /usr/bin/mkdir -p '/home/ray/workplace/git_download/HiSTB_origin/HiSTBLinux/out/hi3798mv100/hi3798mv100_out/obj/source/msp/api/png/png/lib'
 /bin/bash ./libtool   --mode=install /usr/bin/install -c   libpng16.la '/home/ray/workplace/git_download/HiSTB_origin/HiSTBLinux/out/hi3798mv100/hi3798mv100_out/obj/source/msp/api/png/png/lib'
/home/ray/workplace/git_download/HiSTB_origin/HiSTBLinux/source/msp/api/gpu
cd /home/ray/workplace/git_download/HiSTB_origin/HiSTBLinux/out/hi3798mv100/hi3798mv100_out/lib/share; \
        ln -sf libMali.so libmali.so
Making install in java
make[1]: Leaving directory '/home/ray/workplace/git_download/HiSTB_origin/HiSTBLinux/source/msp/api/gpu'
make[3]: Entering directory '/home/ray/workplace/git_download/HiSTB_origin/HiSTBLinux/out/hi3798mv100/hi3798mv100_out/obj/source/msp/api/jpeg/libjpeg-turbo-1.5.1/java'
make[1]: Entering directory '/home/ray/workplace/git_download/HiSTB_origin/HiSTBLinux/source/msp/api/omx'
make[2]: Entering directory '/home/ray/workplace/git_download/HiSTB_origin/HiSTBLinux/source/msp/api/omx'
make[2]: warning: jobserver unavailable: using -j1.  Add '+' to parent make rule.
make[4]: Entering directory '/home/ray/workplace/git_download/HiSTB_origin/HiSTBLinux/out/hi3798mv100/hi3798mv100_out/obj/source/msp/api/jpeg/libjpeg-turbo-1.5.1/java'
make[4]: Nothing to be done for 'install-exec-am'.
make[4]: Nothing to be done for 'install-data-am'.
make[4]: Leaving directory '/home/ray/workplace/git_download/HiSTB_origin/HiSTBLinux/out/hi3798mv100/hi3798mv100_out/obj/source/msp/api/jpeg/libjpeg-turbo-1.5.1/java'
make[3]: Leaving directory '/home/ray/workplace/git_download/HiSTB_origin/HiSTBLinux/out/hi3798mv100/hi3798mv100_out/obj/source/msp/api/jpeg/libjpeg-turbo-1.5.1/java'
Making install in simd
make[3]: Entering directory '/home/ray/workplace/git_download/HiSTB_origin/HiSTBLinux/out/hi3798mv100/hi3798mv100_out/obj/source/msp/api/jpeg/libjpeg-turbo-1.5.1/simd'
make  install-am
libtool: install: /usr/bin/install -c .libs/libpng16.so.16.29.0 /home/ray/workplace/git_download/HiSTB_origin/HiSTBLinux/out/hi3798mv100/hi3798mv100_out/obj/source/msp/api/png/png/lib/libpng16.so.16.29.0
make[1]: Leaving directory '/home/ray/workplace/git_download/HiSTB_origin/HiSTBLinux/source/common/api'
libtool: install: (cd /home/ray/workplace/git_download/HiSTB_origin/HiSTBLinux/out/hi3798mv100/hi3798mv100_out/obj/source/msp/api/png/png/lib && { ln -s -f libpng16.so.16.29.0 libpng16.so.16 || { rm -f libpng16.so.16 && ln -s libpng16.so.16.29.0 libpng16.so.16; }; })
make[2]: Entering directory '/home/ray/workplace/git_download/HiSTB_origin/HiSTBLinux/source/msp/api/omx'
make[2]: warning: jobserver unavailable: using -j1.  Add '+' to parent make rule.
make[4]: Entering directory '/home/ray/workplace/git_download/HiSTB_origin/HiSTBLinux/out/hi3798mv100/hi3798mv100_out/obj/source/msp/api/jpeg/libjpeg-turbo-1.5.1/simd'
make -C omx_vdec_v1.0
libtool: install: (cd /home/ray/workplace/git_download/HiSTB_origin/HiSTBLinux/out/hi3798mv100/hi3798mv100_out/obj/source/msp/api/png/png/lib && { ln -s -f libpng16.so.16.29.0 libpng16.so || { rm -f libpng16.so && ln -s libpng16.so.16.29.0 libpng16.so; }; })
make[3]: Entering directory '/home/ray/workplace/git_download/HiSTB_origin/HiSTBLinux/source/msp/api/omx/omx_vdec/omx_vdec_v1.0'
make -C normal
libtool: install: /usr/bin/install -c .libs/libpng16.lai /home/ray/workplace/git_download/HiSTB_origin/HiSTBLinux/out/hi3798mv100/hi3798mv100_out/obj/source/msp/api/png/png/lib/libpng16.la
make[4]: Entering directory '/home/ray/workplace/git_download/HiSTB_origin/HiSTBLinux/source/msp/api/omx/omx_vdec/omx_vdec_v1.0/normal'
libtool: install: /usr/bin/install -c .libs/libpng16.a /home/ray/workplace/git_download/HiSTB_origin/HiSTBLinux/out/hi3798mv100/hi3798mv100_out/obj/source/msp/api/png/png/lib/libpng16.a
make[5]: Entering directory '/home/ray/workplace/git_download/HiSTB_origin/HiSTBLinux/out/hi3798mv100/hi3798mv100_out/obj/source/msp/api/jpeg/libjpeg-turbo-1.5.1/simd'
make[5]: Nothing to be done for 'install-exec-am'.
make[5]: Nothing to be done for 'install-data-am'.
make[5]: Leaving directory '/home/ray/workplace/git_download/HiSTB_origin/HiSTBLinux/out/hi3798mv100/hi3798mv100_out/obj/source/msp/api/jpeg/libjpeg-turbo-1.5.1/simd'
make[4]: Leaving directory '/home/ray/workplace/git_download/HiSTB_origin/HiSTBLinux/out/hi3798mv100/hi3798mv100_out/obj/source/msp/api/jpeg/libjpeg-turbo-1.5.1/simd'
make[3]: Leaving directory '/home/ray/workplace/git_download/HiSTB_origin/HiSTBLinux/out/hi3798mv100/hi3798mv100_out/obj/source/msp/api/jpeg/libjpeg-turbo-1.5.1/simd'
Making install in md5
libtool: install: chmod 644 /home/ray/workplace/git_download/HiSTB_origin/HiSTBLinux/out/hi3798mv100/hi3798mv100_out/obj/source/msp/api/png/png/lib/libpng16.a
libtool: install: arm-histbv310-linux-ranlib /home/ray/workplace/git_download/HiSTB_origin/HiSTBLinux/out/hi3798mv100/hi3798mv100_out/obj/source/msp/api/png/png/lib/libpng16.a
make[3]: Entering directory '/home/ray/workplace/git_download/HiSTB_origin/HiSTBLinux/out/hi3798mv100/hi3798mv100_out/obj/source/msp/api/jpeg/libjpeg-turbo-1.5.1/md5'
make[2]: Leaving directory '/home/ray/workplace/git_download/HiSTB_origin/HiSTBLinux/source/msp/api/omx/omx_core'
make[4]: Entering directory '/home/ray/workplace/git_download/HiSTB_origin/HiSTBLinux/out/hi3798mv100/hi3798mv100_out/obj/source/msp/api/jpeg/libjpeg-turbo-1.5.1/md5'
make[4]: Nothing to be done for 'install-exec-am'.
make[4]: Nothing to be done for 'install-data-am'.
make[4]: Leaving directory '/home/ray/workplace/git_download/HiSTB_origin/HiSTBLinux/out/hi3798mv100/hi3798mv100_out/obj/source/msp/api/jpeg/libjpeg-turbo-1.5.1/md5'
make[3]: Leaving directory '/home/ray/workplace/git_download/HiSTB_origin/HiSTBLinux/out/hi3798mv100/hi3798mv100_out/obj/source/msp/api/jpeg/libjpeg-turbo-1.5.1/md5'
make[1]: *** /home/ray/workplace/git_download/HiSTB_origin/HiSTBLinux/source/component/hal: No such file or directory.  Stop.
make: *** [Makefile:199: hal] Error 2
make: *** Waiting for unfinished jobs....
make[2]: Entering directory '/home/ray/workplace/git_download/HiSTB_origin/HiSTBLinux/source/msp/api/omx'
make[2]: warning: jobserver unavailable: using -j1.  Add '+' to parent make rule.
make[3]: Entering directory '/home/ray/workplace/git_download/HiSTB_origin/HiSTBLinux/out/hi3798mv100/hi3798mv100_out/obj/source/msp/api/jpeg/libjpeg-turbo-1.5.1'
libtool: finish: PATH="/home/ray/workplace/git_download/HiSTB_origin/HiSTBLinux/tools/linux/utils/bin:/home/ray/workplace/git_download/HiSTB_origin/HiSTBLinux/tools/linux/toolchains/aarch64-histbv100-linux/bin:/home/ray/workplace/git_download/HiSTB_origin/HiSTBLinux/tools/linux/toolchains/arm-histbv320-linux/bin:/home/ray/workplace/git_download/HiSTB_origin/HiSTBLinux/tools/linux/toolchains/arm-histbv310-linux/bin:/usr/local/sbin:/usr/local/bin:/usr/sbin:/usr/bin:/sbin:/bin:/usr/games:/usr/local/games:/snap/bin:/sbin" ldconfig -n /home/ray/workplace/git_download/HiSTB_origin/HiSTBLinux/out/hi3798mv100/hi3798mv100_out/obj/source/msp/api/png/png/lib
make[4]: Leaving directory '/home/ray/workplace/git_download/HiSTB_origin/HiSTBLinux/source/msp/api/omx/omx_vdec/omx_vdec_v1.0/normal'
make[3]: Leaving directory '/home/ray/workplace/git_download/HiSTB_origin/HiSTBLinux/source/msp/api/omx/omx_vdec/omx_vdec_v1.0'
make[2]: Leaving directory '/home/ray/workplace/git_download/HiSTB_origin/HiSTBLinux/source/msp/api/omx/omx_vdec'
make[2]: Entering directory '/home/ray/workplace/git_download/HiSTB_origin/HiSTBLinux/source/msp/api/omx'
make[2]: warning: jobserver unavailable: using -j1.  Add '+' to parent make rule.
----------------------------------------------------------------------
Libraries have been installed in:
   /home/ray/workplace/git_download/HiSTB_origin/HiSTBLinux/out/hi3798mv100/hi3798mv100_out/obj/source/msp/api/png/png/lib

If you ever happen to want to link against installed libraries
in a given directory, LIBDIR, you must either use libtool, and
specify the full pathname of the library, or use the '-LLIBDIR'
flag during linking and do at least one of the following:
   - add LIBDIR to the 'LD_LIBRARY_PATH' environment variable
     during execution
   - add LIBDIR to the 'LD_RUN_PATH' environment variable
     during linking
   - use the '-Wl,-rpath -Wl,LIBDIR' linker flag
   - have your system administrator add LIBDIR to '/etc/ld.so.conf'

See any operating system documentation about shared libraries for
more information, such as the ld(1) and ld.so(8) manual pages.
----------------------------------------------------------------------
make[2]: Leaving directory '/home/ray/workplace/git_download/HiSTB_origin/HiSTBLinux/out/hi3798mv100/hi3798mv100_out/obj/source/msp/api/png/libpng-1.6.29'
make[3]: Entering directory '/home/ray/workplace/git_download/HiSTB_origin/HiSTBLinux/source/msp/api/omx/omx_audio/common'
make[2]: Leaving directory '/home/ray/workplace/git_download/HiSTB_origin/HiSTBLinux/source/msp/api/omx/omx_venc'
-e [35mBuild reg-tools-1.0.0 ...[00m
make -C reg-tools-1.0.0 PREFIX=/home/ray/workplace/git_download/HiSTB_origin/HiSTBLinux/out/hi3798mv100/hi3798mv100_out/obj/rootfs CROSS_COMPILE=arm-histbv310-linux- CONFIG_LIBCPP_SUPPORT=y CONFIG_ETH_SUPPORT=y CONFIG_ADVCA_TYPE=n
make[1]: Leaving directory '/home/ray/workplace/git_download/HiSTB_origin/HiSTBLinux/source/msp/api/png'
make[2]: Entering directory '/home/ray/workplace/git_download/HiSTB_origin/HiSTBLinux/source/rootfs/reg-tools-1.0.0'
make[3]: Entering directory '/home/ray/workplace/git_download/HiSTB_origin/HiSTBLinux/out/hi3798mv100/hi3798mv100_out/obj/source/rootfs/reg-tools-1.0.0/tmp/reg-tools-1.0.0'
make[3]: warning: -j1 forced in submake: resetting jobserver mode.
arm-histbv310-linux-strip btools
make[4]: Entering directory '/home/ray/workplace/git_download/HiSTB_origin/HiSTBLinux/out/hi3798mv100/hi3798mv100_out/obj/source/msp/api/jpeg/libjpeg-turbo-1.5.1'
test -d /home/ray/workplace/git_download/HiSTB_origin/HiSTBLinux/out/hi3798mv100/hi3798mv100_out/obj/rootfs/bin/ || mkdir -p /home/ray/workplace/git_download/HiSTB_origin/HiSTBLinux/out/hi3798mv100/hi3798mv100_out/obj/rootfs/bin/
cp -rvf btools /home/ray/workplace/git_download/HiSTB_origin/HiSTBLinux/out/hi3798mv100/hi3798mv100_out/obj/rootfs/bin/
'btools' -> '/home/ray/workplace/git_download/HiSTB_origin/HiSTBLinux/out/hi3798mv100/hi3798mv100_out/obj/rootfs/bin/btools'
reg tools OK
make[3]: Leaving directory '/home/ray/workplace/git_download/HiSTB_origin/HiSTBLinux/out/hi3798mv100/hi3798mv100_out/obj/source/rootfs/reg-tools-1.0.0/tmp/reg-tools-1.0.0'
removed '/home/ray/workplace/git_download/HiSTB_origin/HiSTBLinux/out/hi3798mv100/hi3798mv100_out/obj/rootfs/bin/btools'
'/home/ray/workplace/git_download/HiSTB_origin/HiSTBLinux/out/hi3798mv100/hi3798mv100_out/obj/source/rootfs/reg-tools-1.0.0/tmp/reg-tools-1.0.0/btools' -> '/home/ray/workplace/git_download/HiSTB_origin/HiSTBLinux/out/hi3798mv100/hi3798mv100_out/obj/rootfs/bin/btools'
 /usr/bin/mkdir -p '/home/ray/workplace/git_download/HiSTB_origin/HiSTBLinux/out/hi3798mv100/hi3798mv100_out/obj/source/msp/api/jpeg/jpeg/lib'
 /bin/bash ./libtool   --mode=install /usr/bin/install -c   libjpeg.la libturbojpeg.la '/home/ray/workplace/git_download/HiSTB_origin/HiSTBLinux/out/hi3798mv100/hi3798mv100_out/obj/source/msp/api/jpeg/jpeg/lib'
make[3]: Leaving directory '/home/ray/workplace/git_download/HiSTB_origin/HiSTBLinux/source/msp/api/omx/omx_audio/common'
  GEN     ./Makefile
make[3]: Entering directory '/home/ray/workplace/git_download/HiSTB_origin/HiSTBLinux/source/msp/api/omx/omx_audio/omx_adec'
make[4]: Entering directory '/home/ray/workplace/git_download/HiSTB_origin/HiSTBLinux/source/msp/api/omx/omx_audio/omx_adec/mp3dec'
make[5]: Entering directory '/home/ray/workplace/git_download/HiSTB_origin/HiSTBLinux/source/msp/api/omx/omx_audio/omx_adec/mp3dec/sw'
make[2]: Leaving directory '/home/ray/workplace/git_download/HiSTB_origin/HiSTBLinux/source/rootfs/reg-tools-1.0.0'
libtool: install: /usr/bin/install -c .libs/libjpeg.so.62.2.0 /home/ray/workplace/git_download/HiSTB_origin/HiSTBLinux/out/hi3798mv100/hi3798mv100_out/obj/source/msp/api/jpeg/jpeg/lib/libjpeg.so.62.2.0
libtool: install: (cd /home/ray/workplace/git_download/HiSTB_origin/HiSTBLinux/out/hi3798mv100/hi3798mv100_out/obj/source/msp/api/jpeg/jpeg/lib && { ln -s -f libjpeg.so.62.2.0 libjpeg.so.62 || { rm -f libjpeg.so.62 && ln -s libjpeg.so.62.2.0 libjpeg.so.62; }; })
libtool: install: (cd /home/ray/workplace/git_download/HiSTB_origin/HiSTBLinux/out/hi3798mv100/hi3798mv100_out/obj/source/msp/api/jpeg/jpeg/lib && { ln -s -f libjpeg.so.62.2.0 libjpeg.so || { rm -f libjpeg.so && ln -s libjpeg.so.62.2.0 libjpeg.so; }; })
libtool: install: /usr/bin/install -c .libs/libjpeg.lai /home/ray/workplace/git_download/HiSTB_origin/HiSTBLinux/out/hi3798mv100/hi3798mv100_out/obj/source/msp/api/jpeg/jpeg/lib/libjpeg.la
libtool: install: /usr/bin/install -c .libs/libturbojpeg.so.0.1.0 /home/ray/workplace/git_download/HiSTB_origin/HiSTBLinux/out/hi3798mv100/hi3798mv100_out/obj/source/msp/api/jpeg/jpeg/lib/libturbojpeg.so.0.1.0
libtool: install: (cd /home/ray/workplace/git_download/HiSTB_origin/HiSTBLinux/out/hi3798mv100/hi3798mv100_out/obj/source/msp/api/jpeg/jpeg/lib && { ln -s -f libturbojpeg.so.0.1.0 libturbojpeg.so.0 || { rm -f libturbojpeg.so.0 && ln -s libturbojpeg.so.0.1.0 libturbojpeg.so.0; }; })
libtool: install: (cd /home/ray/workplace/git_download/HiSTB_origin/HiSTBLinux/out/hi3798mv100/hi3798mv100_out/obj/source/msp/api/jpeg/jpeg/lib && { ln -s -f libturbojpeg.so.0.1.0 libturbojpeg.so || { rm -f libturbojpeg.so && ln -s libturbojpeg.so.0.1.0 libturbojpeg.so; }; })
make[5]: Leaving directory '/home/ray/workplace/git_download/HiSTB_origin/HiSTBLinux/source/msp/api/omx/omx_audio/omx_adec/mp3dec/sw'
libtool: install: /usr/bin/install -c .libs/libturbojpeg.lai /home/ray/workplace/git_download/HiSTB_origin/HiSTBLinux/out/hi3798mv100/hi3798mv100_out/obj/source/msp/api/jpeg/jpeg/lib/libturbojpeg.la
make[4]: Leaving directory '/home/ray/workplace/git_download/HiSTB_origin/HiSTBLinux/source/msp/api/omx/omx_audio/omx_adec/mp3dec'
libtool: install: /usr/bin/install -c .libs/libjpeg.a /home/ray/workplace/git_download/HiSTB_origin/HiSTBLinux/out/hi3798mv100/hi3798mv100_out/obj/source/msp/api/jpeg/jpeg/lib/libjpeg.a
make[4]: Entering directory '/home/ray/workplace/git_download/HiSTB_origin/HiSTBLinux/source/msp/api/omx/omx_audio/omx_adec/aacdec'
make[5]: Entering directory '/home/ray/workplace/git_download/HiSTB_origin/HiSTBLinux/source/msp/api/omx/omx_audio/omx_adec/aacdec/sw'
libtool: install: chmod 644 /home/ray/workplace/git_download/HiSTB_origin/HiSTBLinux/out/hi3798mv100/hi3798mv100_out/obj/source/msp/api/jpeg/jpeg/lib/libjpeg.a
libtool: install: arm-histbv310-linux-ranlib /home/ray/workplace/git_download/HiSTB_origin/HiSTBLinux/out/hi3798mv100/hi3798mv100_out/obj/source/msp/api/jpeg/jpeg/lib/libjpeg.a
libtool: install: /usr/bin/install -c .libs/libturbojpeg.a /home/ray/workplace/git_download/HiSTB_origin/HiSTBLinux/out/hi3798mv100/hi3798mv100_out/obj/source/msp/api/jpeg/jpeg/lib/libturbojpeg.a
libtool: install: chmod 644 /home/ray/workplace/git_download/HiSTB_origin/HiSTBLinux/out/hi3798mv100/hi3798mv100_out/obj/source/msp/api/jpeg/jpeg/lib/libturbojpeg.a
libtool: install: arm-histbv310-linux-ranlib /home/ray/workplace/git_download/HiSTB_origin/HiSTBLinux/out/hi3798mv100/hi3798mv100_out/obj/source/msp/api/jpeg/jpeg/lib/libturbojpeg.a
make[1]: Leaving directory '/home/ray/workplace/git_download/HiSTB_origin/HiSTBLinux/source/msp/api'
make[5]: Leaving directory '/home/ray/workplace/git_download/HiSTB_origin/HiSTBLinux/source/msp/api/omx/omx_audio/omx_adec/aacdec/sw'
make[4]: Leaving directory '/home/ray/workplace/git_download/HiSTB_origin/HiSTBLinux/source/msp/api/omx/omx_audio/omx_adec/aacdec'
make[4]: Entering directory '/home/ray/workplace/git_download/HiSTB_origin/HiSTBLinux/source/msp/api/omx/omx_audio/omx_adec/ddpdec'
make[5]: Entering directory '/home/ray/workplace/git_download/HiSTB_origin/HiSTBLinux/source/msp/api/omx/omx_audio/omx_adec/ddpdec/sw'
libtool: finish: PATH="/home/ray/workplace/git_download/HiSTB_origin/HiSTBLinux/tools/linux/utils/bin:/home/ray/workplace/git_download/HiSTB_origin/HiSTBLinux/tools/linux/toolchains/aarch64-histbv100-linux/bin:/home/ray/workplace/git_download/HiSTB_origin/HiSTBLinux/tools/linux/toolchains/arm-histbv320-linux/bin:/home/ray/workplace/git_download/HiSTB_origin/HiSTBLinux/tools/linux/toolchains/arm-histbv310-linux/bin:/usr/local/sbin:/usr/local/bin:/usr/sbin:/usr/bin:/sbin:/bin:/usr/games:/usr/local/games:/snap/bin:/sbin" ldconfig -n /home/ray/workplace/git_download/HiSTB_origin/HiSTBLinux/out/hi3798mv100/hi3798mv100_out/obj/source/msp/api/jpeg/jpeg/lib
----------------------------------------------------------------------
Libraries have been installed in:
   /home/ray/workplace/git_download/HiSTB_origin/HiSTBLinux/out/hi3798mv100/hi3798mv100_out/obj/source/msp/api/jpeg/jpeg/lib

If you ever happen to want to link against installed libraries
in a given directory, LIBDIR, you must either use libtool, and
specify the full pathname of the library, or use the '-LLIBDIR'
flag during linking and do at least one of the following:
   - add LIBDIR to the 'LD_LIBRARY_PATH' environment variable
     during execution
   - add LIBDIR to the 'LD_RUN_PATH' environment variable
     during linking
   - use the '-Wl,-rpath -Wl,LIBDIR' linker flag
   - have your system administrator add LIBDIR to '/etc/ld.so.conf'

See any operating system documentation about shared libraries for
more information, such as the ld(1) and ld.so(8) manual pages.
----------------------------------------------------------------------
 /usr/bin/mkdir -p '/home/ray/workplace/git_download/HiSTB_origin/HiSTBLinux/out/hi3798mv100/hi3798mv100_out/obj/source/msp/api/jpeg/jpeg/share/doc/libjpeg-turbo'
 /usr/bin/install -c -m 644 README.ijg README.md libjpeg.txt structure.txt usage.txt wizard.txt LICENSE.md '/home/ray/workplace/git_download/HiSTB_origin/HiSTBLinux/out/hi3798mv100/hi3798mv100_out/obj/source/msp/api/jpeg/jpeg/share/doc/libjpeg-turbo'
make[5]: Leaving directory '/home/ray/workplace/git_download/HiSTB_origin/HiSTBLinux/source/msp/api/omx/omx_audio/omx_adec/ddpdec/sw'
make[4]: Leaving directory '/home/ray/workplace/git_download/HiSTB_origin/HiSTBLinux/source/msp/api/omx/omx_audio/omx_adec/ddpdec'
make[4]: Entering directory '/home/ray/workplace/git_download/HiSTB_origin/HiSTBLinux/source/msp/api/omx/omx_audio/omx_adec/dtsdec'
 /usr/bin/mkdir -p '/home/ray/workplace/git_download/HiSTB_origin/HiSTBLinux/out/hi3798mv100/hi3798mv100_out/obj/source/msp/api/jpeg/jpeg/share/doc/libjpeg-turbo'
make[5]: Entering directory '/home/ray/workplace/git_download/HiSTB_origin/HiSTBLinux/source/msp/api/omx/omx_audio/omx_adec/dtsdec/sw'
 /usr/bin/install -c -m 644 example.c '/home/ray/workplace/git_download/HiSTB_origin/HiSTBLinux/out/hi3798mv100/hi3798mv100_out/obj/source/msp/api/jpeg/jpeg/share/doc/libjpeg-turbo'
 /usr/bin/mkdir -p '/home/ray/workplace/git_download/HiSTB_origin/HiSTBLinux/out/hi3798mv100/hi3798mv100_out/obj/source/msp/api/jpeg/jpeg/include'
 /usr/bin/install -c -m 644 jerror.h jmorecfg.h jpeglib.h turbojpeg.h '/home/ray/workplace/git_download/HiSTB_origin/HiSTBLinux/out/hi3798mv100/hi3798mv100_out/obj/source/msp/api/jpeg/jpeg/include'
 /usr/bin/mkdir -p '/home/ray/workplace/git_download/HiSTB_origin/HiSTBLinux/out/hi3798mv100/hi3798mv100_out/obj/source/msp/api/jpeg/jpeg/share/man/man1'
 /usr/bin/install -c -m 644 cjpeg.1 djpeg.1 jpegtran.1 rdjpgcom.1 wrjpgcom.1 '/home/ray/workplace/git_download/HiSTB_origin/HiSTBLinux/out/hi3798mv100/hi3798mv100_out/obj/source/msp/api/jpeg/jpeg/share/man/man1'
make[5]: Leaving directory '/home/ray/workplace/git_download/HiSTB_origin/HiSTBLinux/source/msp/api/omx/omx_audio/omx_adec/dtsdec/sw'
make[4]: Leaving directory '/home/ray/workplace/git_download/HiSTB_origin/HiSTBLinux/source/msp/api/omx/omx_audio/omx_adec/dtsdec'
 /usr/bin/mkdir -p '/home/ray/workplace/git_download/HiSTB_origin/HiSTBLinux/out/hi3798mv100/hi3798mv100_out/obj/source/msp/api/jpeg/jpeg/include'
make[4]: Entering directory '/home/ray/workplace/git_download/HiSTB_origin/HiSTBLinux/source/msp/api/omx/omx_audio/omx_adec/opusdec'
make[5]: Entering directory '/home/ray/workplace/git_download/HiSTB_origin/HiSTBLinux/source/msp/api/omx/omx_audio/omx_adec/opusdec/sw'
 /usr/bin/install -c -m 644 jconfig.h '/home/ray/workplace/git_download/HiSTB_origin/HiSTBLinux/out/hi3798mv100/hi3798mv100_out/obj/source/msp/api/jpeg/jpeg/include'
 /usr/bin/mkdir -p '/home/ray/workplace/git_download/HiSTB_origin/HiSTBLinux/out/hi3798mv100/hi3798mv100_out/obj/source/msp/api/jpeg/jpeg/lib/pkgconfig'
 /usr/bin/install -c -m 644 pkgscripts/libjpeg.pc pkgscripts/libturbojpeg.pc '/home/ray/workplace/git_download/HiSTB_origin/HiSTBLinux/out/hi3798mv100/hi3798mv100_out/obj/source/msp/api/jpeg/jpeg/lib/pkgconfig'
make[4]: Leaving directory '/home/ray/workplace/git_download/HiSTB_origin/HiSTBLinux/out/hi3798mv100/hi3798mv100_out/obj/source/msp/api/jpeg/libjpeg-turbo-1.5.1'
make[3]: Leaving directory '/home/ray/workplace/git_download/HiSTB_origin/HiSTBLinux/out/hi3798mv100/hi3798mv100_out/obj/source/msp/api/jpeg/libjpeg-turbo-1.5.1'
make[2]: Leaving directory '/home/ray/workplace/git_download/HiSTB_origin/HiSTBLinux/out/hi3798mv100/hi3798mv100_out/obj/source/msp/api/jpeg/libjpeg-turbo-1.5.1'
make[1]: Leaving directory '/home/ray/workplace/git_download/HiSTB_origin/HiSTBLinux/source/msp/api/jpeg'
make[5]: Leaving directory '/home/ray/workplace/git_download/HiSTB_origin/HiSTBLinux/source/msp/api/omx/omx_audio/omx_adec/opusdec/sw'
make[4]: Leaving directory '/home/ray/workplace/git_download/HiSTB_origin/HiSTBLinux/source/msp/api/omx/omx_audio/omx_adec/opusdec'
make[4]: Entering directory '/home/ray/workplace/git_download/HiSTB_origin/HiSTBLinux/source/msp/api/omx/omx_audio/omx_adec/dradec'
make[5]: Entering directory '/home/ray/workplace/git_download/HiSTB_origin/HiSTBLinux/source/msp/api/omx/omx_audio/omx_adec/dradec/sw'
make[5]: Leaving directory '/home/ray/workplace/git_download/HiSTB_origin/HiSTBLinux/source/msp/api/omx/omx_audio/omx_adec/dradec/sw'
make[4]: Leaving directory '/home/ray/workplace/git_download/HiSTB_origin/HiSTBLinux/source/msp/api/omx/omx_audio/omx_adec/dradec'
make[4]: Entering directory '/home/ray/workplace/git_download/HiSTB_origin/HiSTBLinux/source/msp/api/omx/omx_audio/omx_adec/vorbisdec'
make[5]: Entering directory '/home/ray/workplace/git_download/HiSTB_origin/HiSTBLinux/source/msp/api/omx/omx_audio/omx_adec/vorbisdec/sw'
make[5]: Leaving directory '/home/ray/workplace/git_download/HiSTB_origin/HiSTBLinux/source/msp/api/omx/omx_audio/omx_adec/vorbisdec/sw'
make[4]: Leaving directory '/home/ray/workplace/git_download/HiSTB_origin/HiSTBLinux/source/msp/api/omx/omx_audio/omx_adec/vorbisdec'
make[4]: Entering directory '/home/ray/workplace/git_download/HiSTB_origin/HiSTBLinux/source/msp/api/omx/omx_audio/omx_adec/cookdec'
make[5]: Entering directory '/home/ray/workplace/git_download/HiSTB_origin/HiSTBLinux/source/msp/api/omx/omx_audio/omx_adec/cookdec/sw'
make[5]: Leaving directory '/home/ray/workplace/git_download/HiSTB_origin/HiSTBLinux/source/msp/api/omx/omx_audio/omx_adec/cookdec/sw'
make[4]: Leaving directory '/home/ray/workplace/git_download/HiSTB_origin/HiSTBLinux/source/msp/api/omx/omx_audio/omx_adec/cookdec'
make[4]: Entering directory '/home/ray/workplace/git_download/HiSTB_origin/HiSTBLinux/source/msp/api/omx/omx_audio/omx_adec/ffmpegdec'
make[5]: Entering directory '/home/ray/workplace/git_download/HiSTB_origin/HiSTBLinux/source/msp/api/omx/omx_audio/omx_adec/ffmpegdec/sw'
make[5]: Leaving directory '/home/ray/workplace/git_download/HiSTB_origin/HiSTBLinux/source/msp/api/omx/omx_audio/omx_adec/ffmpegdec/sw'
make[4]: Leaving directory '/home/ray/workplace/git_download/HiSTB_origin/HiSTBLinux/source/msp/api/omx/omx_audio/omx_adec/ffmpegdec'
make[3]: Leaving directory '/home/ray/workplace/git_download/HiSTB_origin/HiSTBLinux/source/msp/api/omx/omx_audio/omx_adec'
make[3]: Entering directory '/home/ray/workplace/git_download/HiSTB_origin/HiSTBLinux/source/msp/api/omx/omx_audio/omx_aenc'
make[4]: Entering directory '/home/ray/workplace/git_download/HiSTB_origin/HiSTBLinux/source/msp/api/omx/omx_audio/omx_aenc/aacenc'
make[5]: Entering directory '/home/ray/workplace/git_download/HiSTB_origin/HiSTBLinux/source/msp/api/omx/omx_audio/omx_aenc/aacenc/sw'
make[5]: Leaving directory '/home/ray/workplace/git_download/HiSTB_origin/HiSTBLinux/source/msp/api/omx/omx_audio/omx_aenc/aacenc/sw'
make[4]: Leaving directory '/home/ray/workplace/git_download/HiSTB_origin/HiSTBLinux/source/msp/api/omx/omx_audio/omx_aenc/aacenc'
make[3]: Leaving directory '/home/ray/workplace/git_download/HiSTB_origin/HiSTBLinux/source/msp/api/omx/omx_audio/omx_aenc'
make[2]: Leaving directory '/home/ray/workplace/git_download/HiSTB_origin/HiSTBLinux/source/msp/api/omx/omx_audio'
make[1]: Leaving directory '/home/ray/workplace/git_download/HiSTB_origin/HiSTBLinux/source/msp/api/omx'
removed '/home/ray/workplace/git_download/HiSTB_origin/HiSTBLinux/out/hi3798mv100/hi3798mv100_out/obj/source/boot/fastboot/include/configs/hi3798mx_config.h'
chmod 0755 /home/ray/workplace/git_download/HiSTB_origin/HiSTBLinux/out/hi3798mv100/hi3798mv100_out/obj/source/boot/fastboot/include/configs/export.sh
#
# configuration written to .config
#
make -C /home/ray/workplace/git_download/HiSTB_origin/HiSTBLinux/out/hi3798mv100/hi3798mv100_out/obj/source/boot/fastboot ARCH=arm CROSS_COMPILE=arm-histbv310-linux- LIBSPRODUCT=/home/ray/workplace/git_download/HiSTB_origin/HiSTBLinux/out/hi3798mv100/hi3798mv100_out/obj/source/boot/product/libproduct.a CONFIG_COMPRESS_BOOT= O= CONFIG_MERGE_IMAGE= CHIP_TYPE=hi3798mv100 hi3798mx_config
make[3]: Leaving directory '/home/ray/workplace/git_download/HiSTB_origin/HiSTBLinux/out/hi3798mv100/hi3798mv100_out/obj/source/kernel/linux-4.4.y'
make[2]: Leaving directory '/home/ray/workplace/git_download/HiSTB_origin/HiSTBLinux/source/kernel/linux-4.4.y'
make[2]: Entering directory '/home/ray/workplace/git_download/HiSTB_origin/HiSTBLinux/source/boot'
make[2]: warning: jobserver unavailable: using -j1.  Add '+' to parent make rule.
make pcie_config
make[2]: Entering directory '/home/ray/workplace/git_download/HiSTB_origin/HiSTBLinux/source/kernel'
make[2]: warning: jobserver unavailable: using -j1.  Add '+' to parent make rule.
[DEBUG] kernel MAKE = make
[DEBUG] MAKELEVEL=2
[DEBUG] JOBSERVER = 
[DEBUG] kernel MAKEFLAGS = w
make[2]: Nothing to be done for 'pcie_config'.
make[2]: Leaving directory '/home/ray/workplace/git_download/HiSTB_origin/HiSTBLinux/source/kernel'
make[2]: Entering directory '/home/ray/workplace/git_download/HiSTB_origin/HiSTBLinux/source/kernel/linux-4.4.y'
'/home/ray/workplace/git_download/HiSTB_origin/HiSTBLinux/source/boot/sysreg/hi3798mv100/hi3798mdmo1f_hi3798mv100_ddr3_1gbyte_16bitx2_2layers_emmc.reg' -> '/home/ray/workplace/git_download/HiSTB_origin/HiSTBLinux/out/hi3798mv100/hi3798mv100_out/obj/source/boot/fastboot/hi3798mdmo1f_hi3798mv100_ddr3_1gbyte_16bitx2_2layers_emmc.reg'
make[3]: Entering directory '/home/ray/workplace/git_download/HiSTB_origin/HiSTBLinux/out/hi3798mv100/hi3798mv100_out/obj/source/kernel/linux-4.4.y'
make[2]: Leaving directory '/home/ray/workplace/git_download/HiSTB_origin/HiSTBLinux/source/rootfs/scripts'

File system is ready at "/home/ray/workplace/git_download/HiSTB_origin/HiSTBLinux/out/hi3798mv100/hi3798mv100_out/obj/rootfs"

make[1]: Leaving directory '/home/ray/workplace/git_download/HiSTB_origin/HiSTBLinux/source/rootfs'
  GEN     ./Makefile
Generating include/autoconf.mk
Generating include/autoconf.mk.dep
make[2]: warning: jobserver unavailable: using -j1.  Add '+' to parent make rule.
scripts/kconfig/conf  --oldconfig Kconfig
#
# configuration written to .config
#
make[3]: Leaving directory '/home/ray/workplace/git_download/HiSTB_origin/HiSTBLinux/out/hi3798mv100/hi3798mv100_out/obj/source/kernel/linux-4.4.y'
make[2]: Leaving directory '/home/ray/workplace/git_download/HiSTB_origin/HiSTBLinux/source/kernel/linux-4.4.y'
make -C /home/ray/workplace/git_download/HiSTB_origin/HiSTBLinux/source/kernel/linux-4.4.y ARCH=arm \
	CROSS_COMPILE=arm-histbv310-linux- \
	O=/home/ray/workplace/git_download/HiSTB_origin/HiSTBLinux/out/hi3798mv100/hi3798mv100_out/obj/source/kernel/linux-4.4.y \
	CONFIG_MSP=y \
	HI_CONFIG_WIFI=y \
	HI_CONFIG_BLUETOOTH= \
	CONFIG_ADVCA= \
	 \
	CFLAGS_KERNEL= AFLAGS_KERNEL= uImage modules
make[2]: Entering directory '/home/ray/workplace/git_download/HiSTB_origin/HiSTBLinux/source/kernel/linux-4.4.y'
make[3]: Entering directory '/home/ray/workplace/git_download/HiSTB_origin/HiSTBLinux/out/hi3798mv100/hi3798mv100_out/obj/source/kernel/linux-4.4.y'
Configuring for hi3798mx board...
make[2]: Leaving directory '/home/ray/workplace/git_download/HiSTB_origin/HiSTBLinux/out/hi3798mv100/hi3798mv100_out/obj/source/boot/fastboot'
make -C /home/ray/workplace/git_download/HiSTB_origin/HiSTBLinux/out/hi3798mv100/hi3798mv100_out/obj/source/boot/product ARCH=arm CROSS_COMPILE=arm-histbv310-linux- LIBSPRODUCT=/home/ray/workplace/git_download/HiSTB_origin/HiSTBLinux/out/hi3798mv100/hi3798mv100_out/obj/source/boot/product/libproduct.a CONFIG_COMPRESS_BOOT= O= CONFIG_MERGE_IMAGE= CHIP_TYPE=hi3798mv100 O=/home/ray/workplace/git_download/HiSTB_origin/HiSTBLinux/out/hi3798mv100/hi3798mv100_out/obj/source/boot
make[2]: Entering directory '/home/ray/workplace/git_download/HiSTB_origin/HiSTBLinux/source/boot'
make[2]: warning: jobserver unavailable: using -j1.  Add '+' to parent make rule.
make -C adp all
make[3]: Entering directory '/home/ray/workplace/git_download/HiSTB_origin/HiSTBLinux/out/hi3798mv100/hi3798mv100_out/obj/source/boot/product/adp'
arm-histbv310-linux-gcc -g -Os -D__KERNEL__ -fno-strict-aliasing -fno-common -ffixed-r8 -nostdinc -isystem /home/ray/workplace/git_download/HiSTB_origin/HiSTBLinux/tools/linux/toolchains/arm-histbv310-linux/bin/../lib/gcc/arm-gcc492_glibc224-linux-gnueabi/4.9.2/include  -fno-builtin -ffreestanding  -pipe -marm  -mabi=aapcs-linux -mfloat-abi=soft -mno-thumb-interwork -Wall -Wstrict-prototypes -fno-stack-protector -I/home/ray/workplace/git_download/HiSTB_origin/HiSTBLinux/out/hi3798mv100/hi3798mv100_out/obj/source/boot/fastboot/include -mcpu=cortex-a7 -Werror -Wall -D_GNU_SOURCE -D_XOPEN_SOURCE=600 -O2 -fPIC -DCHIP_TYPE_hi3798mv100 -DSDK_VERSION="HiSTBLinuxV100R005C00SPC050_20170731" -DHI_LOG_SUPPORT=1 -DHI_LOG_LEVEL=4 -DLOG_NETWORK_SUPPORT -DLOG_UDISK_SUPPORT -DHI_PROC_SUPPORT=1 -DHI_HDMI_SUPPORT_1_4 -DHI_PVR_SUPPORT -DHI_VI_SUPPORT -DHI_VENC_SUPPORT -DHI_PQ_V3_0  -I/home/ray/workplace/git_download/HiSTB_origin/HiSTBLinux/out/hi3798mv100/hi3798mv100_out/obj/source/boot/product/driver/include -I/home/ray/workplace/git_download/HiSTB_origin/HiSTBLinux/out/hi3798mv100/hi3798mv100_out/obj/source/boot/product/driver/include_inc -I/home/ray/workplace/git_download/HiSTB_origin/HiSTBLinux/out/hi3798mv100/hi3798mv100_out/obj/source/boot/product/loader/schedule -I/home/ray/workplace/git_download/HiSTB_origin/HiSTBLinux/out/hi3798mv100/hi3798mv100_out/obj/source/boot/product/logo/include -I/home/ray/workplace/git_download/HiSTB_origin/HiSTBLinux/out/hi3798mv100/hi3798mv100_out/obj/source/boot/product/driver/graphic/include -I/home/ray/workplace/git_download/HiSTB_origin/HiSTBLinux/out/hi3798mv100/hi3798mv100_out/obj/source/boot/product/adp/include -I/home/ray/workplace/git_download/HiSTB_origin/HiSTBLinux/out/hi3798mv100/hi3798mv100_out/obj/source/boot/product/pdm/include -I/home/ray/workplace/git_download/HiSTB_origin/HiSTBLinux/source/common/include -I/home/ray/workplace/git_download/HiSTB_origin/HiSTBLinux/source/common/drv/include -I/home/ray/workplace/git_download/HiSTB_origin/HiSTBLinux/out/hi3798mv100/hi3798mv100_out/obj/source/boot/miniboot/app -DCONFIG_ARM -D__ARM__ -DHI_PM_POWERUP_MODE1_SUPPORT -DHI_AVS_SUPPORT -I/home/ray/workplace/git_download/HiSTB_origin/HiSTBLinux/out/hi3798mv100/hi3798mv100_out/obj/source/boot/product/driver/include -I/home/ray/workplace/git_download/HiSTB_origin/HiSTBLinux/out/hi3798mv100/hi3798mv100_out/obj/source/boot/product/driver/include_inc -I/home/ray/workplace/git_download/HiSTB_origin/HiSTBLinux/source/boot/fastboot/arch/arm/include -I/home/ray/workplace/git_download/HiSTB_origin/HiSTBLinux/source/boot/fastboot/include -I/home/ray/workplace/git_download/HiSTB_origin/HiSTBLinux/source/common/include -I/home/ray/workplace/git_download/HiSTB_origin/HiSTBLinux/out/hi3798mv100/hi3798mv100_out/obj/source/boot/product/driver/graphic/include -I/home/ray/workplace/git_download/HiSTB_origin/HiSTBLinux/out/hi3798mv100/hi3798mv100_out/obj/source/boot/product/logo/include -I/home/ray/workplace/git_download/HiSTB_origin/HiSTBLinux/out/hi3798mv100/hi3798mv100_out/obj/source/boot/product/adp/include   -c -o boot_adp.o boot_adp.c
make[3]: Leaving directory '/home/ray/workplace/git_download/HiSTB_origin/HiSTBLinux/out/hi3798mv100/hi3798mv100_out/obj/source/boot/product/adp'
make -C driver all
make[3]: Entering directory '/home/ray/workplace/git_download/HiSTB_origin/HiSTBLinux/out/hi3798mv100/hi3798mv100_out/obj/source/boot/product/driver'
make -C graphic prepare
make[4]: Entering directory '/home/ray/workplace/git_download/HiSTB_origin/HiSTBLinux/out/hi3798mv100/hi3798mv100_out/obj/source/boot/product/driver/graphic'
make[4]: Leaving directory '/home/ray/workplace/git_download/HiSTB_origin/HiSTBLinux/out/hi3798mv100/hi3798mv100_out/obj/source/boot/product/driver/graphic'
make -C disp prepare
make[4]: Entering directory '/home/ray/workplace/git_download/HiSTB_origin/HiSTBLinux/out/hi3798mv100/hi3798mv100_out/obj/source/boot/product/driver/disp'
echo "hahahaha"
hahahaha
cp -rf /home/ray/workplace/git_download/HiSTB_origin/HiSTBLinux/source/msp/drv/vo/vdp_v2_0  /home/ray/workplace/git_download/HiSTB_origin/HiSTBLinux/out/hi3798mv100/hi3798mv100_out/obj/source/boot/product/driver/disp/
find . -name "*.o" -o -name "*.so" -o -name "*.a" |xargs rm -fr
make[4]: Leaving directory '/home/ray/workplace/git_download/HiSTB_origin/HiSTBLinux/out/hi3798mv100/hi3798mv100_out/obj/source/boot/product/driver/disp'
make -C pq prepare
make[4]: Entering directory '/home/ray/workplace/git_download/HiSTB_origin/HiSTBLinux/out/hi3798mv100/hi3798mv100_out/obj/source/boot/product/driver/pq'
make[4]: Nothing to be done for 'prepare'.
make[4]: Leaving directory '/home/ray/workplace/git_download/HiSTB_origin/HiSTBLinux/out/hi3798mv100/hi3798mv100_out/obj/source/boot/product/driver/pq'
make -C common all
make[4]: Entering directory '/home/ray/workplace/git_download/HiSTB_origin/HiSTBLinux/out/hi3798mv100/hi3798mv100_out/obj/source/boot/product/driver/common'
arm-histbv310-linux-gcc -g -Os -D__KERNEL__ -fno-strict-aliasing -fno-common -ffixed-r8 -nostdinc -isystem /home/ray/workplace/git_download/HiSTB_origin/HiSTBLinux/tools/linux/toolchains/arm-histbv310-linux/bin/../lib/gcc/arm-gcc492_glibc224-linux-gnueabi/4.9.2/include  -fno-builtin -ffreestanding  -pipe -marm  -mabi=aapcs-linux -mfloat-abi=soft -mno-thumb-interwork -Wall -Wstrict-prototypes -fno-stack-protector -I/home/ray/workplace/git_download/HiSTB_origin/HiSTBLinux/out/hi3798mv100/hi3798mv100_out/obj/source/boot/fastboot/include -mcpu=cortex-a7 -Werror -Wall -D_GNU_SOURCE -D_XOPEN_SOURCE=600 -O2 -fPIC -DCHIP_TYPE_hi3798mv100 -DSDK_VERSION="HiSTBLinuxV100R005C00SPC050_20170731" -DHI_LOG_SUPPORT=1 -DHI_LOG_LEVEL=4 -DLOG_NETWORK_SUPPORT -DLOG_UDISK_SUPPORT -DHI_PROC_SUPPORT=1 -DHI_HDMI_SUPPORT_1_4 -DHI_PVR_SUPPORT -DHI_VI_SUPPORT -DHI_VENC_SUPPORT -DHI_PQ_V3_0  -I/home/ray/workplace/git_download/HiSTB_origin/HiSTBLinux/out/hi3798mv100/hi3798mv100_out/obj/source/boot/product/driver/include -I/home/ray/workplace/git_download/HiSTB_origin/HiSTBLinux/out/hi3798mv100/hi3798mv100_out/obj/source/boot/product/driver/include_inc -I/home/ray/workplace/git_download/HiSTB_origin/HiSTBLinux/out/hi3798mv100/hi3798mv100_out/obj/source/boot/product/loader/schedule -I/home/ray/workplace/git_download/HiSTB_origin/HiSTBLinux/out/hi3798mv100/hi3798mv100_out/obj/source/boot/product/logo/include -I/home/ray/workplace/git_download/HiSTB_origin/HiSTBLinux/out/hi3798mv100/hi3798mv100_out/obj/source/boot/product/driver/graphic/include -I/home/ray/workplace/git_download/HiSTB_origin/HiSTBLinux/out/hi3798mv100/hi3798mv100_out/obj/source/boot/product/adp/include -I/home/ray/workplace/git_download/HiSTB_origin/HiSTBLinux/out/hi3798mv100/hi3798mv100_out/obj/source/boot/product/pdm/include -I/home/ray/workplace/git_download/HiSTB_origin/HiSTBLinux/source/common/include -I/home/ray/workplace/git_download/HiSTB_origin/HiSTBLinux/source/common/drv/include -I/home/ray/workplace/git_download/HiSTB_origin/HiSTBLinux/out/hi3798mv100/hi3798mv100_out/obj/source/boot/miniboot/app -DCONFIG_ARM -D__ARM__ -DHI_PM_POWERUP_MODE1_SUPPORT -DHI_AVS_SUPPORT -I/home/ray/workplace/git_download/HiSTB_origin/HiSTBLinux/out/hi3798mv100/hi3798mv100_out/obj/source/boot/product/driver/include -I/home/ray/workplace/git_download/HiSTB_origin/HiSTBLinux/out/hi3798mv100/hi3798mv100_out/obj/source/boot/product/driver/include_inc -I/home/ray/workplace/git_download/HiSTB_origin/HiSTBLinux/source/boot/fastboot/arch/arm/include -I/home/ray/workplace/git_download/HiSTB_origin/HiSTBLinux/source/boot/fastboot/include -I/home/ray/workplace/git_download/HiSTB_origin/HiSTBLinux/source/common/include -DHI_BOOT_LOG_SUPPORT   -c -o boot_debug.o boot_debug.c
arm-histbv310-linux-gcc -g -Os -D__KERNEL__ -fno-strict-aliasing -fno-common -ffixed-r8 -nostdinc -isystem /home/ray/workplace/git_download/HiSTB_origin/HiSTBLinux/tools/linux/toolchains/arm-histbv310-linux/bin/../lib/gcc/arm-gcc492_glibc224-linux-gnueabi/4.9.2/include  -fno-builtin -ffreestanding  -pipe -marm  -mabi=aapcs-linux -mfloat-abi=soft -mno-thumb-interwork -Wall -Wstrict-prototypes -fno-stack-protector -I/home/ray/workplace/git_download/HiSTB_origin/HiSTBLinux/out/hi3798mv100/hi3798mv100_out/obj/source/boot/fastboot/include -mcpu=cortex-a7 -Werror -Wall -D_GNU_SOURCE -D_XOPEN_SOURCE=600 -O2 -fPIC -DCHIP_TYPE_hi3798mv100 -DSDK_VERSION="HiSTBLinuxV100R005C00SPC050_20170731" -DHI_LOG_SUPPORT=1 -DHI_LOG_LEVEL=4 -DLOG_NETWORK_SUPPORT -DLOG_UDISK_SUPPORT -DHI_PROC_SUPPORT=1 -DHI_HDMI_SUPPORT_1_4 -DHI_PVR_SUPPORT -DHI_VI_SUPPORT -DHI_VENC_SUPPORT -DHI_PQ_V3_0  -I/home/ray/workplace/git_download/HiSTB_origin/HiSTBLinux/out/hi3798mv100/hi3798mv100_out/obj/source/boot/product/driver/include -I/home/ray/workplace/git_download/HiSTB_origin/HiSTBLinux/out/hi3798mv100/hi3798mv100_out/obj/source/boot/product/driver/include_inc -I/home/ray/workplace/git_download/HiSTB_origin/HiSTBLinux/out/hi3798mv100/hi3798mv100_out/obj/source/boot/product/loader/schedule -I/home/ray/workplace/git_download/HiSTB_origin/HiSTBLinux/out/hi3798mv100/hi3798mv100_out/obj/source/boot/product/logo/include -I/home/ray/workplace/git_download/HiSTB_origin/HiSTBLinux/out/hi3798mv100/hi3798mv100_out/obj/source/boot/product/driver/graphic/include -I/home/ray/workplace/git_download/HiSTB_origin/HiSTBLinux/out/hi3798mv100/hi3798mv100_out/obj/source/boot/product/adp/include -I/home/ray/workplace/git_download/HiSTB_origin/HiSTBLinux/out/hi3798mv100/hi3798mv100_out/obj/source/boot/product/pdm/include -I/home/ray/workplace/git_download/HiSTB_origin/HiSTBLinux/source/common/include -I/home/ray/workplace/git_download/HiSTB_origin/HiSTBLinux/source/common/drv/include -I/home/ray/workplace/git_download/HiSTB_origin/HiSTBLinux/out/hi3798mv100/hi3798mv100_out/obj/source/boot/miniboot/app -DCONFIG_ARM -D__ARM__ -DHI_PM_POWERUP_MODE1_SUPPORT -DHI_AVS_SUPPORT -I/home/ray/workplace/git_download/HiSTB_origin/HiSTBLinux/out/hi3798mv100/hi3798mv100_out/obj/source/boot/product/driver/include -I/home/ray/workplace/git_download/HiSTB_origin/HiSTBLinux/out/hi3798mv100/hi3798mv100_out/obj/source/boot/product/driver/include_inc -I/home/ray/workplace/git_download/HiSTB_origin/HiSTBLinux/source/boot/fastboot/arch/arm/include -I/home/ray/workplace/git_download/HiSTB_origin/HiSTBLinux/source/boot/fastboot/include -I/home/ray/workplace/git_download/HiSTB_origin/HiSTBLinux/source/common/include -DHI_BOOT_LOG_SUPPORT   -c -o boot_mem.o boot_mem.c
arm-histbv310-linux-gcc -g -Os -D__KERNEL__ -fno-strict-aliasing -fno-common -ffixed-r8 -nostdinc -isystem /home/ray/workplace/git_download/HiSTB_origin/HiSTBLinux/tools/linux/toolchains/arm-histbv310-linux/bin/../lib/gcc/arm-gcc492_glibc224-linux-gnueabi/4.9.2/include  -fno-builtin -ffreestanding  -pipe -marm  -mabi=aapcs-linux -mfloat-abi=soft -mno-thumb-interwork -Wall -Wstrict-prototypes -fno-stack-protector -I/home/ray/workplace/git_download/HiSTB_origin/HiSTBLinux/out/hi3798mv100/hi3798mv100_out/obj/source/boot/fastboot/include -mcpu=cortex-a7 -Werror -Wall -D_GNU_SOURCE -D_XOPEN_SOURCE=600 -O2 -fPIC -DCHIP_TYPE_hi3798mv100 -DSDK_VERSION="HiSTBLinuxV100R005C00SPC050_20170731" -DHI_LOG_SUPPORT=1 -DHI_LOG_LEVEL=4 -DLOG_NETWORK_SUPPORT -DLOG_UDISK_SUPPORT -DHI_PROC_SUPPORT=1 -DHI_HDMI_SUPPORT_1_4 -DHI_PVR_SUPPORT -DHI_VI_SUPPORT -DHI_VENC_SUPPORT -DHI_PQ_V3_0  -I/home/ray/workplace/git_download/HiSTB_origin/HiSTBLinux/out/hi3798mv100/hi3798mv100_out/obj/source/boot/product/driver/include -I/home/ray/workplace/git_download/HiSTB_origin/HiSTBLinux/out/hi3798mv100/hi3798mv100_out/obj/source/boot/product/driver/include_inc -I/home/ray/workplace/git_download/HiSTB_origin/HiSTBLinux/out/hi3798mv100/hi3798mv100_out/obj/source/boot/product/loader/schedule -I/home/ray/workplace/git_download/HiSTB_origin/HiSTBLinux/out/hi3798mv100/hi3798mv100_out/obj/source/boot/product/logo/include -I/home/ray/workplace/git_download/HiSTB_origin/HiSTBLinux/out/hi3798mv100/hi3798mv100_out/obj/source/boot/product/driver/graphic/include -I/home/ray/workplace/git_download/HiSTB_origin/HiSTBLinux/out/hi3798mv100/hi3798mv100_out/obj/source/boot/product/adp/include -I/home/ray/workplace/git_download/HiSTB_origin/HiSTBLinux/out/hi3798mv100/hi3798mv100_out/obj/source/boot/product/pdm/include -I/home/ray/workplace/git_download/HiSTB_origin/HiSTBLinux/source/common/include -I/home/ray/workplace/git_download/HiSTB_origin/HiSTBLinux/source/common/drv/include -I/home/ray/workplace/git_download/HiSTB_origin/HiSTBLinux/out/hi3798mv100/hi3798mv100_out/obj/source/boot/miniboot/app -DCONFIG_ARM -D__ARM__ -DHI_PM_POWERUP_MODE1_SUPPORT -DHI_AVS_SUPPORT -I/home/ray/workplace/git_download/HiSTB_origin/HiSTBLinux/out/hi3798mv100/hi3798mv100_out/obj/source/boot/product/driver/include -I/home/ray/workplace/git_download/HiSTB_origin/HiSTBLinux/out/hi3798mv100/hi3798mv100_out/obj/source/boot/product/driver/include_inc -I/home/ray/workplace/git_download/HiSTB_origin/HiSTBLinux/source/boot/fastboot/arch/arm/include -I/home/ray/workplace/git_download/HiSTB_origin/HiSTBLinux/source/boot/fastboot/include -I/home/ray/workplace/git_download/HiSTB_origin/HiSTBLinux/source/common/include -DHI_BOOT_LOG_SUPPORT   -c -o common_str.o common_str.c
arm-histbv310-linux-gcc -g -Os -D__KERNEL__ -fno-strict-aliasing -fno-common -ffixed-r8 -nostdinc -isystem /home/ray/workplace/git_download/HiSTB_origin/HiSTBLinux/tools/linux/toolchains/arm-histbv310-linux/bin/../lib/gcc/arm-gcc492_glibc224-linux-gnueabi/4.9.2/include  -fno-builtin -ffreestanding  -pipe -marm  -mabi=aapcs-linux -mfloat-abi=soft -mno-thumb-interwork -Wall -Wstrict-prototypes -fno-stack-protector -I/home/ray/workplace/git_download/HiSTB_origin/HiSTBLinux/out/hi3798mv100/hi3798mv100_out/obj/source/boot/fastboot/include -mcpu=cortex-a7 -Werror -Wall -D_GNU_SOURCE -D_XOPEN_SOURCE=600 -O2 -fPIC -DCHIP_TYPE_hi3798mv100 -DSDK_VERSION="HiSTBLinuxV100R005C00SPC050_20170731" -DHI_LOG_SUPPORT=1 -DHI_LOG_LEVEL=4 -DLOG_NETWORK_SUPPORT -DLOG_UDISK_SUPPORT -DHI_PROC_SUPPORT=1 -DHI_HDMI_SUPPORT_1_4 -DHI_PVR_SUPPORT -DHI_VI_SUPPORT -DHI_VENC_SUPPORT -DHI_PQ_V3_0  -I/home/ray/workplace/git_download/HiSTB_origin/HiSTBLinux/out/hi3798mv100/hi3798mv100_out/obj/source/boot/product/driver/include -I/home/ray/workplace/git_download/HiSTB_origin/HiSTBLinux/out/hi3798mv100/hi3798mv100_out/obj/source/boot/product/driver/include_inc -I/home/ray/workplace/git_download/HiSTB_origin/HiSTBLinux/out/hi3798mv100/hi3798mv100_out/obj/source/boot/product/loader/schedule -I/home/ray/workplace/git_download/HiSTB_origin/HiSTBLinux/out/hi3798mv100/hi3798mv100_out/obj/source/boot/product/logo/include -I/home/ray/workplace/git_download/HiSTB_origin/HiSTBLinux/out/hi3798mv100/hi3798mv100_out/obj/source/boot/product/driver/graphic/include -I/home/ray/workplace/git_download/HiSTB_origin/HiSTBLinux/out/hi3798mv100/hi3798mv100_out/obj/source/boot/product/adp/include -I/home/ray/workplace/git_download/HiSTB_origin/HiSTBLinux/out/hi3798mv100/hi3798mv100_out/obj/source/boot/product/pdm/include -I/home/ray/workplace/git_download/HiSTB_origin/HiSTBLinux/source/common/include -I/home/ray/workplace/git_download/HiSTB_origin/HiSTBLinux/source/common/drv/include -I/home/ray/workplace/git_download/HiSTB_origin/HiSTBLinux/out/hi3798mv100/hi3798mv100_out/obj/source/boot/miniboot/app -DCONFIG_ARM -D__ARM__ -DHI_PM_POWERUP_MODE1_SUPPORT -DHI_AVS_SUPPORT -I/home/ray/workplace/git_download/HiSTB_origin/HiSTBLinux/out/hi3798mv100/hi3798mv100_out/obj/source/boot/product/driver/include -I/home/ray/workplace/git_download/HiSTB_origin/HiSTBLinux/out/hi3798mv100/hi3798mv100_out/obj/source/boot/product/driver/include_inc -I/home/ray/workplace/git_download/HiSTB_origin/HiSTBLinux/source/boot/fastboot/arch/arm/include -I/home/ray/workplace/git_download/HiSTB_origin/HiSTBLinux/source/boot/fastboot/include -I/home/ray/workplace/git_download/HiSTB_origin/HiSTBLinux/source/common/include -DHI_BOOT_LOG_SUPPORT   -c -o drv_sys.o drv_sys.c
arm-histbv310-linux-gcc -g -Os -D__KERNEL__ -fno-strict-aliasing -fno-common -ffixed-r8 -nostdinc -isystem /home/ray/workplace/git_download/HiSTB_origin/HiSTBLinux/tools/linux/toolchains/arm-histbv310-linux/bin/../lib/gcc/arm-gcc492_glibc224-linux-gnueabi/4.9.2/include  -fno-builtin -ffreestanding  -pipe -marm  -mabi=aapcs-linux -mfloat-abi=soft -mno-thumb-interwork -Wall -Wstrict-prototypes -fno-stack-protector -I/home/ray/workplace/git_download/HiSTB_origin/HiSTBLinux/out/hi3798mv100/hi3798mv100_out/obj/source/boot/fastboot/include -mcpu=cortex-a7 -Werror -Wall -D_GNU_SOURCE -D_XOPEN_SOURCE=600 -O2 -fPIC -DCHIP_TYPE_hi3798mv100 -DSDK_VERSION="HiSTBLinuxV100R005C00SPC050_20170731" -DHI_LOG_SUPPORT=1 -DHI_LOG_LEVEL=4 -DLOG_NETWORK_SUPPORT -DLOG_UDISK_SUPPORT -DHI_PROC_SUPPORT=1 -DHI_HDMI_SUPPORT_1_4 -DHI_PVR_SUPPORT -DHI_VI_SUPPORT -DHI_VENC_SUPPORT -DHI_PQ_V3_0  -I/home/ray/workplace/git_download/HiSTB_origin/HiSTBLinux/out/hi3798mv100/hi3798mv100_out/obj/source/boot/product/driver/include -I/home/ray/workplace/git_download/HiSTB_origin/HiSTBLinux/out/hi3798mv100/hi3798mv100_out/obj/source/boot/product/driver/include_inc -I/home/ray/workplace/git_download/HiSTB_origin/HiSTBLinux/out/hi3798mv100/hi3798mv100_out/obj/source/boot/product/loader/schedule -I/home/ray/workplace/git_download/HiSTB_origin/HiSTBLinux/out/hi3798mv100/hi3798mv100_out/obj/source/boot/product/logo/include -I/home/ray/workplace/git_download/HiSTB_origin/HiSTBLinux/out/hi3798mv100/hi3798mv100_out/obj/source/boot/product/driver/graphic/include -I/home/ray/workplace/git_download/HiSTB_origin/HiSTBLinux/out/hi3798mv100/hi3798mv100_out/obj/source/boot/product/adp/include -I/home/ray/workplace/git_download/HiSTB_origin/HiSTBLinux/out/hi3798mv100/hi3798mv100_out/obj/source/boot/product/pdm/include -I/home/ray/workplace/git_download/HiSTB_origin/HiSTBLinux/source/common/include -I/home/ray/workplace/git_download/HiSTB_origin/HiSTBLinux/source/common/drv/include -I/home/ray/workplace/git_download/HiSTB_origin/HiSTBLinux/out/hi3798mv100/hi3798mv100_out/obj/source/boot/miniboot/app -DCONFIG_ARM -D__ARM__ -DHI_PM_POWERUP_MODE1_SUPPORT -DHI_AVS_SUPPORT -I/home/ray/workplace/git_download/HiSTB_origin/HiSTBLinux/out/hi3798mv100/hi3798mv100_out/obj/source/boot/product/driver/include -I/home/ray/workplace/git_download/HiSTB_origin/HiSTBLinux/out/hi3798mv100/hi3798mv100_out/obj/source/boot/product/driver/include_inc -I/home/ray/workplace/git_download/HiSTB_origin/HiSTBLinux/source/boot/fastboot/arch/arm/include -I/home/ray/workplace/git_download/HiSTB_origin/HiSTBLinux/source/boot/fastboot/include -I/home/ray/workplace/git_download/HiSTB_origin/HiSTBLinux/source/common/include -DHI_BOOT_LOG_SUPPORT   -c -o drv_osal.o drv_osal.c
arm-histbv310-linux-gcc -g -Os -D__KERNEL__ -fno-strict-aliasing -fno-common -ffixed-r8 -nostdinc -isystem /home/ray/workplace/git_download/HiSTB_origin/HiSTBLinux/tools/linux/toolchains/arm-histbv310-linux/bin/../lib/gcc/arm-gcc492_glibc224-linux-gnueabi/4.9.2/include  -fno-builtin -ffreestanding  -pipe -marm  -mabi=aapcs-linux -mfloat-abi=soft -mno-thumb-interwork -Wall -Wstrict-prototypes -fno-stack-protector -I/home/ray/workplace/git_download/HiSTB_origin/HiSTBLinux/out/hi3798mv100/hi3798mv100_out/obj/source/boot/fastboot/include -mcpu=cortex-a7 -Werror -Wall -D_GNU_SOURCE -D_XOPEN_SOURCE=600 -O2 -fPIC -DCHIP_TYPE_hi3798mv100 -DSDK_VERSION="HiSTBLinuxV100R005C00SPC050_20170731" -DHI_LOG_SUPPORT=1 -DHI_LOG_LEVEL=4 -DLOG_NETWORK_SUPPORT -DLOG_UDISK_SUPPORT -DHI_PROC_SUPPORT=1 -DHI_HDMI_SUPPORT_1_4 -DHI_PVR_SUPPORT -DHI_VI_SUPPORT -DHI_VENC_SUPPORT -DHI_PQ_V3_0  -I/home/ray/workplace/git_download/HiSTB_origin/HiSTBLinux/out/hi3798mv100/hi3798mv100_out/obj/source/boot/product/driver/include -I/home/ray/workplace/git_download/HiSTB_origin/HiSTBLinux/out/hi3798mv100/hi3798mv100_out/obj/source/boot/product/driver/include_inc -I/home/ray/workplace/git_download/HiSTB_origin/HiSTBLinux/out/hi3798mv100/hi3798mv100_out/obj/source/boot/product/loader/schedule -I/home/ray/workplace/git_download/HiSTB_origin/HiSTBLinux/out/hi3798mv100/hi3798mv100_out/obj/source/boot/product/logo/include -I/home/ray/workplace/git_download/HiSTB_origin/HiSTBLinux/out/hi3798mv100/hi3798mv100_out/obj/source/boot/product/driver/graphic/include -I/home/ray/workplace/git_download/HiSTB_origin/HiSTBLinux/out/hi3798mv100/hi3798mv100_out/obj/source/boot/product/adp/include -I/home/ray/workplace/git_download/HiSTB_origin/HiSTBLinux/out/hi3798mv100/hi3798mv100_out/obj/source/boot/product/pdm/include -I/home/ray/workplace/git_download/HiSTB_origin/HiSTBLinux/source/common/include -I/home/ray/workplace/git_download/HiSTB_origin/HiSTBLinux/source/common/drv/include -I/home/ray/workplace/git_download/HiSTB_origin/HiSTBLinux/out/hi3798mv100/hi3798mv100_out/obj/source/boot/miniboot/app -DCONFIG_ARM -D__ARM__ -DHI_PM_POWERUP_MODE1_SUPPORT -DHI_AVS_SUPPORT -I/home/ray/workplace/git_download/HiSTB_origin/HiSTBLinux/out/hi3798mv100/hi3798mv100_out/obj/source/boot/product/driver/include -I/home/ray/workplace/git_download/HiSTB_origin/HiSTBLinux/out/hi3798mv100/hi3798mv100_out/obj/source/boot/product/driver/include_inc -I/home/ray/workplace/git_download/HiSTB_origin/HiSTBLinux/source/boot/fastboot/arch/arm/include -I/home/ray/workplace/git_download/HiSTB_origin/HiSTBLinux/source/boot/fastboot/include -I/home/ray/workplace/git_download/HiSTB_origin/HiSTBLinux/source/common/include -DHI_BOOT_LOG_SUPPORT   -c -o drv_reg_common.o drv_reg_common.c
make[4]: Leaving directory '/home/ray/workplace/git_download/HiSTB_origin/HiSTBLinux/out/hi3798mv100/hi3798mv100_out/obj/source/boot/product/driver/common'
make -C db all
make[4]: Entering directory '/home/ray/workplace/git_download/HiSTB_origin/HiSTBLinux/out/hi3798mv100/hi3798mv100_out/obj/source/boot/product/driver/db'
arm-histbv310-linux-gcc -g -Os -D__KERNEL__ -fno-strict-aliasing -fno-common -ffixed-r8 -nostdinc -isystem /home/ray/workplace/git_download/HiSTB_origin/HiSTBLinux/tools/linux/toolchains/arm-histbv310-linux/bin/../lib/gcc/arm-gcc492_glibc224-linux-gnueabi/4.9.2/include  -fno-builtin -ffreestanding  -pipe -marm  -mabi=aapcs-linux -mfloat-abi=soft -mno-thumb-interwork -Wall -Wstrict-prototypes -fno-stack-protector -I/home/ray/workplace/git_download/HiSTB_origin/HiSTBLinux/out/hi3798mv100/hi3798mv100_out/obj/source/boot/fastboot/include -mcpu=cortex-a7 -Werror -Wall -D_GNU_SOURCE -D_XOPEN_SOURCE=600 -O2 -fPIC -DCHIP_TYPE_hi3798mv100 -DSDK_VERSION="HiSTBLinuxV100R005C00SPC050_20170731" -DHI_LOG_SUPPORT=1 -DHI_LOG_LEVEL=4 -DLOG_NETWORK_SUPPORT -DLOG_UDISK_SUPPORT -DHI_PROC_SUPPORT=1 -DHI_HDMI_SUPPORT_1_4 -DHI_PVR_SUPPORT -DHI_VI_SUPPORT -DHI_VENC_SUPPORT -DHI_PQ_V3_0  -I/home/ray/workplace/git_download/HiSTB_origin/HiSTBLinux/out/hi3798mv100/hi3798mv100_out/obj/source/boot/product/driver/include -I/home/ray/workplace/git_download/HiSTB_origin/HiSTBLinux/out/hi3798mv100/hi3798mv100_out/obj/source/boot/product/driver/include_inc -I/home/ray/workplace/git_download/HiSTB_origin/HiSTBLinux/out/hi3798mv100/hi3798mv100_out/obj/source/boot/product/loader/schedule -I/home/ray/workplace/git_download/HiSTB_origin/HiSTBLinux/out/hi3798mv100/hi3798mv100_out/obj/source/boot/product/logo/include -I/home/ray/workplace/git_download/HiSTB_origin/HiSTBLinux/out/hi3798mv100/hi3798mv100_out/obj/source/boot/product/driver/graphic/include -I/home/ray/workplace/git_download/HiSTB_origin/HiSTBLinux/out/hi3798mv100/hi3798mv100_out/obj/source/boot/product/adp/include -I/home/ray/workplace/git_download/HiSTB_origin/HiSTBLinux/out/hi3798mv100/hi3798mv100_out/obj/source/boot/product/pdm/include -I/home/ray/workplace/git_download/HiSTB_origin/HiSTBLinux/source/common/include -I/home/ray/workplace/git_download/HiSTB_origin/HiSTBLinux/source/common/drv/include -I/home/ray/workplace/git_download/HiSTB_origin/HiSTBLinux/out/hi3798mv100/hi3798mv100_out/obj/source/boot/miniboot/app -DCONFIG_ARM -D__ARM__ -DHI_PM_POWERUP_MODE1_SUPPORT -DHI_AVS_SUPPORT -I/home/ray/workplace/git_download/HiSTB_origin/HiSTBLinux/out/hi3798mv100/hi3798mv100_out/obj/source/boot/product/driver/include -I/home/ray/workplace/git_download/HiSTB_origin/HiSTBLinux/out/hi3798mv100/hi3798mv100_out/obj/source/boot/product/driver/include_inc -I/home/ray/workplace/git_download/HiSTB_origin/HiSTBLinux/source/boot/fastboot/arch/arm/include -I/home/ray/workplace/git_download/HiSTB_origin/HiSTBLinux/source/boot/fastboot/include   -c -o hi_db.o hi_db.c
make[4]: Leaving directory '/home/ray/workplace/git_download/HiSTB_origin/HiSTBLinux/out/hi3798mv100/hi3798mv100_out/obj/source/boot/product/driver/db'
make -C flash all
make[4]: Entering directory '/home/ray/workplace/git_download/HiSTB_origin/HiSTBLinux/out/hi3798mv100/hi3798mv100_out/obj/source/boot/product/driver/flash'
arm-histbv310-linux-gcc -g -Os -D__KERNEL__ -fno-strict-aliasing -fno-common -ffixed-r8 -nostdinc -isystem /home/ray/workplace/git_download/HiSTB_origin/HiSTBLinux/tools/linux/toolchains/arm-histbv310-linux/bin/../lib/gcc/arm-gcc492_glibc224-linux-gnueabi/4.9.2/include  -fno-builtin -ffreestanding  -pipe -marm  -mabi=aapcs-linux -mfloat-abi=soft -mno-thumb-interwork -Wall -Wstrict-prototypes -fno-stack-protector -I/home/ray/workplace/git_download/HiSTB_origin/HiSTBLinux/out/hi3798mv100/hi3798mv100_out/obj/source/boot/fastboot/include -mcpu=cortex-a7 -Werror -Wall -D_GNU_SOURCE -D_XOPEN_SOURCE=600 -O2 -fPIC -DCHIP_TYPE_hi3798mv100 -DSDK_VERSION="HiSTBLinuxV100R005C00SPC050_20170731" -DHI_LOG_SUPPORT=1 -DHI_LOG_LEVEL=4 -DLOG_NETWORK_SUPPORT -DLOG_UDISK_SUPPORT -DHI_PROC_SUPPORT=1 -DHI_HDMI_SUPPORT_1_4 -DHI_PVR_SUPPORT -DHI_VI_SUPPORT -DHI_VENC_SUPPORT -DHI_PQ_V3_0  -I/home/ray/workplace/git_download/HiSTB_origin/HiSTBLinux/out/hi3798mv100/hi3798mv100_out/obj/source/boot/product/driver/include -I/home/ray/workplace/git_download/HiSTB_origin/HiSTBLinux/out/hi3798mv100/hi3798mv100_out/obj/source/boot/product/driver/include_inc -I/home/ray/workplace/git_download/HiSTB_origin/HiSTBLinux/out/hi3798mv100/hi3798mv100_out/obj/source/boot/product/loader/schedule -I/home/ray/workplace/git_download/HiSTB_origin/HiSTBLinux/out/hi3798mv100/hi3798mv100_out/obj/source/boot/product/logo/include -I/home/ray/workplace/git_download/HiSTB_origin/HiSTBLinux/out/hi3798mv100/hi3798mv100_out/obj/source/boot/product/driver/graphic/include -I/home/ray/workplace/git_download/HiSTB_origin/HiSTBLinux/out/hi3798mv100/hi3798mv100_out/obj/source/boot/product/adp/include -I/home/ray/workplace/git_download/HiSTB_origin/HiSTBLinux/out/hi3798mv100/hi3798mv100_out/obj/source/boot/product/pdm/include -I/home/ray/workplace/git_download/HiSTB_origin/HiSTBLinux/source/common/include -I/home/ray/workplace/git_download/HiSTB_origin/HiSTBLinux/source/common/drv/include -I/home/ray/workplace/git_download/HiSTB_origin/HiSTBLinux/out/hi3798mv100/hi3798mv100_out/obj/source/boot/miniboot/app -DCONFIG_ARM -D__ARM__ -DHI_PM_POWERUP_MODE1_SUPPORT -DHI_AVS_SUPPORT -I/home/ray/workplace/git_download/HiSTB_origin/HiSTBLinux/out/hi3798mv100/hi3798mv100_out/obj/source/boot/product/driver/include -I/home/ray/workplace/git_download/HiSTB_origin/HiSTBLinux/out/hi3798mv100/hi3798mv100_out/obj/source/boot/product/driver/include_inc -I/home/ray/workplace/git_download/HiSTB_origin/HiSTBLinux/source/boot/fastboot/arch/arm/include -I/home/ray/workplace/git_download/HiSTB_origin/HiSTBLinux/source/boot/fastboot/include   -c -o hi_adp_flash_fastboot.o hi_adp_flash_fastboot.c
arm-histbv310-linux-gcc -g -Os -D__KERNEL__ -fno-strict-aliasing -fno-common -ffixed-r8 -nostdinc -isystem /home/ray/workplace/git_download/HiSTB_origin/HiSTBLinux/tools/linux/toolchains/arm-histbv310-linux/bin/../lib/gcc/arm-gcc492_glibc224-linux-gnueabi/4.9.2/include  -fno-builtin -ffreestanding  -pipe -marm  -mabi=aapcs-linux -mfloat-abi=soft -mno-thumb-interwork -Wall -Wstrict-prototypes -fno-stack-protector -I/home/ray/workplace/git_download/HiSTB_origin/HiSTBLinux/out/hi3798mv100/hi3798mv100_out/obj/source/boot/fastboot/include -mcpu=cortex-a7 -Werror -Wall -D_GNU_SOURCE -D_XOPEN_SOURCE=600 -O2 -fPIC -DCHIP_TYPE_hi3798mv100 -DSDK_VERSION="HiSTBLinuxV100R005C00SPC050_20170731" -DHI_LOG_SUPPORT=1 -DHI_LOG_LEVEL=4 -DLOG_NETWORK_SUPPORT -DLOG_UDISK_SUPPORT -DHI_PROC_SUPPORT=1 -DHI_HDMI_SUPPORT_1_4 -DHI_PVR_SUPPORT -DHI_VI_SUPPORT -DHI_VENC_SUPPORT -DHI_PQ_V3_0  -I/home/ray/workplace/git_download/HiSTB_origin/HiSTBLinux/out/hi3798mv100/hi3798mv100_out/obj/source/boot/product/driver/include -I/home/ray/workplace/git_download/HiSTB_origin/HiSTBLinux/out/hi3798mv100/hi3798mv100_out/obj/source/boot/product/driver/include_inc -I/home/ray/workplace/git_download/HiSTB_origin/HiSTBLinux/out/hi3798mv100/hi3798mv100_out/obj/source/boot/product/loader/schedule -I/home/ray/workplace/git_download/HiSTB_origin/HiSTBLinux/out/hi3798mv100/hi3798mv100_out/obj/source/boot/product/logo/include -I/home/ray/workplace/git_download/HiSTB_origin/HiSTBLinux/out/hi3798mv100/hi3798mv100_out/obj/source/boot/product/driver/graphic/include -I/home/ray/workplace/git_download/HiSTB_origin/HiSTBLinux/out/hi3798mv100/hi3798mv100_out/obj/source/boot/product/adp/include -I/home/ray/workplace/git_download/HiSTB_origin/HiSTBLinux/out/hi3798mv100/hi3798mv100_out/obj/source/boot/product/pdm/include -I/home/ray/workplace/git_download/HiSTB_origin/HiSTBLinux/source/common/include -I/home/ray/workplace/git_download/HiSTB_origin/HiSTBLinux/source/common/drv/include -I/home/ray/workplace/git_download/HiSTB_origin/HiSTBLinux/out/hi3798mv100/hi3798mv100_out/obj/source/boot/miniboot/app -DCONFIG_ARM -D__ARM__ -DHI_PM_POWERUP_MODE1_SUPPORT -DHI_AVS_SUPPORT -I/home/ray/workplace/git_download/HiSTB_origin/HiSTBLinux/out/hi3798mv100/hi3798mv100_out/obj/source/boot/product/driver/include -I/home/ray/workplace/git_download/HiSTB_origin/HiSTBLinux/out/hi3798mv100/hi3798mv100_out/obj/source/boot/product/driver/include_inc -I/home/ray/workplace/git_download/HiSTB_origin/HiSTBLinux/source/boot/fastboot/arch/arm/include -I/home/ray/workplace/git_download/HiSTB_origin/HiSTBLinux/source/boot/fastboot/include   -c -o mtd_part.o mtd_part.c
  GEN     ./Makefile
make[4]: Leaving directory '/home/ray/workplace/git_download/HiSTB_origin/HiSTBLinux/out/hi3798mv100/hi3798mv100_out/obj/source/boot/product/driver/flash'
make -C pq all
make[4]: Entering directory '/home/ray/workplace/git_download/HiSTB_origin/HiSTBLinux/out/hi3798mv100/hi3798mv100_out/obj/source/boot/product/driver/pq'
arm-histbv310-linux-gcc -g -Os -D__KERNEL__ -fno-strict-aliasing -fno-common -ffixed-r8 -nostdinc -isystem /home/ray/workplace/git_download/HiSTB_origin/HiSTBLinux/tools/linux/toolchains/arm-histbv310-linux/bin/../lib/gcc/arm-gcc492_glibc224-linux-gnueabi/4.9.2/include  -fno-builtin -ffreestanding  -pipe -marm  -mabi=aapcs-linux -mfloat-abi=soft -mno-thumb-interwork -Wall -Wstrict-prototypes -fno-stack-protector -I/home/ray/workplace/git_download/HiSTB_origin/HiSTBLinux/out/hi3798mv100/hi3798mv100_out/obj/source/boot/fastboot/include -mcpu=cortex-a7 -Werror -Wall -D_GNU_SOURCE -D_XOPEN_SOURCE=600 -O2 -fPIC -DCHIP_TYPE_hi3798mv100 -DSDK_VERSION="HiSTBLinuxV100R005C00SPC050_20170731" -DHI_LOG_SUPPORT=1 -DHI_LOG_LEVEL=4 -DLOG_NETWORK_SUPPORT -DLOG_UDISK_SUPPORT -DHI_PROC_SUPPORT=1 -DHI_HDMI_SUPPORT_1_4 -DHI_PVR_SUPPORT -DHI_VI_SUPPORT -DHI_VENC_SUPPORT -DHI_PQ_V3_0  -I/home/ray/workplace/git_download/HiSTB_origin/HiSTBLinux/out/hi3798mv100/hi3798mv100_out/obj/source/boot/product/driver/include -I/home/ray/workplace/git_download/HiSTB_origin/HiSTBLinux/out/hi3798mv100/hi3798mv100_out/obj/source/boot/product/driver/include_inc -I/home/ray/workplace/git_download/HiSTB_origin/HiSTBLinux/out/hi3798mv100/hi3798mv100_out/obj/source/boot/product/loader/schedule -I/home/ray/workplace/git_download/HiSTB_origin/HiSTBLinux/out/hi3798mv100/hi3798mv100_out/obj/source/boot/product/logo/include -I/home/ray/workplace/git_download/HiSTB_origin/HiSTBLinux/out/hi3798mv100/hi3798mv100_out/obj/source/boot/product/driver/graphic/include -I/home/ray/workplace/git_download/HiSTB_origin/HiSTBLinux/out/hi3798mv100/hi3798mv100_out/obj/source/boot/product/adp/include -I/home/ray/workplace/git_download/HiSTB_origin/HiSTBLinux/out/hi3798mv100/hi3798mv100_out/obj/source/boot/product/pdm/include -I/home/ray/workplace/git_download/HiSTB_origin/HiSTBLinux/source/common/include -I/home/ray/workplace/git_download/HiSTB_origin/HiSTBLinux/source/common/drv/include -I/home/ray/workplace/git_download/HiSTB_origin/HiSTBLinux/out/hi3798mv100/hi3798mv100_out/obj/source/boot/miniboot/app -DCONFIG_ARM -D__ARM__ -DHI_PM_POWERUP_MODE1_SUPPORT -DHI_AVS_SUPPORT -I/home/ray/workplace/git_download/HiSTB_origin/HiSTBLinux/out/hi3798mv100/hi3798mv100_out/obj/source/boot/product/driver/include -I/home/ray/workplace/git_download/HiSTB_origin/HiSTBLinux/out/hi3798mv100/hi3798mv100_out/obj/source/boot/product/driver/include_inc -I/home/ray/workplace/git_download/HiSTB_origin/HiSTBLinux/source/boot/fastboot/arch/arm/include -I/home/ray/workplace/git_download/HiSTB_origin/HiSTBLinux/source/boot/fastboot/include -DHI_BUILD_IN_BOOT -DHI_PQ_VERSION_V3   -c -o /home/ray/workplace/git_download/HiSTB_origin/HiSTBLinux/out/hi3798mv100/hi3798mv100_out/obj/source/boot/product/driver/pq/drv_pq.o /home/ray/workplace/git_download/HiSTB_origin/HiSTBLinux/out/hi3798mv100/hi3798mv100_out/obj/source/boot/product/driver/pq/drv_pq.c
make[4]: Leaving directory '/home/ray/workplace/git_download/HiSTB_origin/HiSTBLinux/out/hi3798mv100/hi3798mv100_out/obj/source/boot/product/driver/pq'
make -C disp all
make[4]: Entering directory '/home/ray/workplace/git_download/HiSTB_origin/HiSTBLinux/out/hi3798mv100/hi3798mv100_out/obj/source/boot/product/driver/disp'
arm-histbv310-linux-gcc -g -Os -D__KERNEL__ -fno-strict-aliasing -fno-common -ffixed-r8 -nostdinc -isystem /home/ray/workplace/git_download/HiSTB_origin/HiSTBLinux/tools/linux/toolchains/arm-histbv310-linux/bin/../lib/gcc/arm-gcc492_glibc224-linux-gnueabi/4.9.2/include  -fno-builtin -ffreestanding  -pipe -marm  -mabi=aapcs-linux -mfloat-abi=soft -mno-thumb-interwork -Wall -Wstrict-prototypes -fno-stack-protector -I/home/ray/workplace/git_download/HiSTB_origin/HiSTBLinux/out/hi3798mv100/hi3798mv100_out/obj/source/boot/fastboot/include -mcpu=cortex-a7 -Werror -Wall -D_GNU_SOURCE -D_XOPEN_SOURCE=600 -O2 -fPIC -DCHIP_TYPE_hi3798mv100 -DSDK_VERSION="HiSTBLinuxV100R005C00SPC050_20170731" -DHI_LOG_SUPPORT=1 -DHI_LOG_LEVEL=4 -DLOG_NETWORK_SUPPORT -DLOG_UDISK_SUPPORT -DHI_PROC_SUPPORT=1 -DHI_HDMI_SUPPORT_1_4 -DHI_PVR_SUPPORT -DHI_VI_SUPPORT -DHI_VENC_SUPPORT -DHI_PQ_V3_0  -I/home/ray/workplace/git_download/HiSTB_origin/HiSTBLinux/out/hi3798mv100/hi3798mv100_out/obj/source/boot/product/driver/include -I/home/ray/workplace/git_download/HiSTB_origin/HiSTBLinux/out/hi3798mv100/hi3798mv100_out/obj/source/boot/product/driver/include_inc -I/home/ray/workplace/git_download/HiSTB_origin/HiSTBLinux/out/hi3798mv100/hi3798mv100_out/obj/source/boot/product/loader/schedule -I/home/ray/workplace/git_download/HiSTB_origin/HiSTBLinux/out/hi3798mv100/hi3798mv100_out/obj/source/boot/product/logo/include -I/home/ray/workplace/git_download/HiSTB_origin/HiSTBLinux/out/hi3798mv100/hi3798mv100_out/obj/source/boot/product/driver/graphic/include -I/home/ray/workplace/git_download/HiSTB_origin/HiSTBLinux/out/hi3798mv100/hi3798mv100_out/obj/source/boot/product/adp/include -I/home/ray/workplace/git_download/HiSTB_origin/HiSTBLinux/out/hi3798mv100/hi3798mv100_out/obj/source/boot/product/pdm/include -I/home/ray/workplace/git_download/HiSTB_origin/HiSTBLinux/source/common/include -I/home/ray/workplace/git_download/HiSTB_origin/HiSTBLinux/source/common/drv/include -I/home/ray/workplace/git_download/HiSTB_origin/HiSTBLinux/out/hi3798mv100/hi3798mv100_out/obj/source/boot/miniboot/app -DCONFIG_ARM -D__ARM__ -DHI_PM_POWERUP_MODE1_SUPPORT -DHI_AVS_SUPPORT -D__DISP_PLATFORM_BOOT__ -D__DISP_SELF_START__ -D__DISP_D0_FOLLOW_D1__ -DHI_BUILD_IN_BOOT -DHI_VO_VDAC_VIDEO_BUFFER -I/home/ray/workplace/git_download/HiSTB_origin/HiSTBLinux/out/hi3798mv100/hi3798mv100_out/obj/source/boot/product/driver/include -I/home/ray/workplace/git_download/HiSTB_origin/HiSTBLinux/out/hi3798mv100/hi3798mv100_out/obj/source/boot/product/driver/pq/ -I/home/ray/workplace/git_download/HiSTB_origin/HiSTBLinux/out/hi3798mv100/hi3798mv100_out/obj/source/boot/product/driver/include_inc -I/home/ray/workplace/git_download/HiSTB_origin/HiSTBLinux/source/boot/fastboot/arch/arm/include -I/home/ray/workplace/git_download/HiSTB_origin/HiSTBLinux/source/boot/fastboot/include -I/home/ray/workplace/git_download/HiSTB_origin/HiSTBLinux/source/boot/product/driver/include -I/home/ray/workplace/git_download/HiSTB_origin/HiSTBLinux/out/hi3798mv100/hi3798mv100_out/obj/source/boot/product/driver/disp/vdp_v2_0/alg -I/home/ray/workplace/git_download/HiSTB_origin/HiSTBLinux/out/hi3798mv100/hi3798mv100_out/obj/source/boot/product/driver/disp/vdp_v2_0/com -I/home/ray/workplace/git_download/HiSTB_origin/HiSTBLinux/out/hi3798mv100/hi3798mv100_out/obj/source/boot/product/driver/disp/vdp_v2_0/drv -I/home/ray/workplace/git_download/HiSTB_origin/HiSTBLinux/out/hi3798mv100/hi3798mv100_out/obj/source/boot/product/driver/disp/vdp_v2_0/hal/common -I/home/ray/workplace/git_download/HiSTB_origin/HiSTBLinux/out/hi3798mv100/hi3798mv100_out/obj/source/boot/product/driver/disp/vdp_v2_0/hal/3798m -I/home/ray/workplace/git_download/HiSTB_origin/HiSTBLinux/out/hi3798mv100/hi3798mv100_out/obj/source/boot/product/driver/disp/vdp_v2_0/hal/3798m/inc -I/home/ray/workplace/git_download/HiSTB_origin/HiSTBLinux/source/common/drv/include/hi3798cv200   -c -o /home/ray/workplace/git_download/HiSTB_origin/HiSTBLinux/out/hi3798mv100/hi3798mv100_out/obj/source/boot/product/driver/disp/vdp_v2_0/drv_disp_adp2unf.o /home/ray/workplace/git_download/HiSTB_origin/HiSTBLinux/out/hi3798mv100/hi3798mv100_out/obj/source/boot/product/driver/disp/vdp_v2_0/drv_disp_adp2unf.c
arm-histbv310-linux-gcc -g -Os -D__KERNEL__ -fno-strict-aliasing -fno-common -ffixed-r8 -nostdinc -isystem /home/ray/workplace/git_download/HiSTB_origin/HiSTBLinux/tools/linux/toolchains/arm-histbv310-linux/bin/../lib/gcc/arm-gcc492_glibc224-linux-gnueabi/4.9.2/include  -fno-builtin -ffreestanding  -pipe -marm  -mabi=aapcs-linux -mfloat-abi=soft -mno-thumb-interwork -Wall -Wstrict-prototypes -fno-stack-protector -I/home/ray/workplace/git_download/HiSTB_origin/HiSTBLinux/out/hi3798mv100/hi3798mv100_out/obj/source/boot/fastboot/include -mcpu=cortex-a7 -Werror -Wall -D_GNU_SOURCE -D_XOPEN_SOURCE=600 -O2 -fPIC -DCHIP_TYPE_hi3798mv100 -DSDK_VERSION="HiSTBLinuxV100R005C00SPC050_20170731" -DHI_LOG_SUPPORT=1 -DHI_LOG_LEVEL=4 -DLOG_NETWORK_SUPPORT -DLOG_UDISK_SUPPORT -DHI_PROC_SUPPORT=1 -DHI_HDMI_SUPPORT_1_4 -DHI_PVR_SUPPORT -DHI_VI_SUPPORT -DHI_VENC_SUPPORT -DHI_PQ_V3_0  -I/home/ray/workplace/git_download/HiSTB_origin/HiSTBLinux/out/hi3798mv100/hi3798mv100_out/obj/source/boot/product/driver/include -I/home/ray/workplace/git_download/HiSTB_origin/HiSTBLinux/out/hi3798mv100/hi3798mv100_out/obj/source/boot/product/driver/include_inc -I/home/ray/workplace/git_download/HiSTB_origin/HiSTBLinux/out/hi3798mv100/hi3798mv100_out/obj/source/boot/product/loader/schedule -I/home/ray/workplace/git_download/HiSTB_origin/HiSTBLinux/out/hi3798mv100/hi3798mv100_out/obj/source/boot/product/logo/include -I/home/ray/workplace/git_download/HiSTB_origin/HiSTBLinux/out/hi3798mv100/hi3798mv100_out/obj/source/boot/product/driver/graphic/include -I/home/ray/workplace/git_download/HiSTB_origin/HiSTBLinux/out/hi3798mv100/hi3798mv100_out/obj/source/boot/product/adp/include -I/home/ray/workplace/git_download/HiSTB_origin/HiSTBLinux/out/hi3798mv100/hi3798mv100_out/obj/source/boot/product/pdm/include -I/home/ray/workplace/git_download/HiSTB_origin/HiSTBLinux/source/common/include -I/home/ray/workplace/git_download/HiSTB_origin/HiSTBLinux/source/common/drv/include -I/home/ray/workplace/git_download/HiSTB_origin/HiSTBLinux/out/hi3798mv100/hi3798mv100_out/obj/source/boot/miniboot/app -DCONFIG_ARM -D__ARM__ -DHI_PM_POWERUP_MODE1_SUPPORT -DHI_AVS_SUPPORT -D__DISP_PLATFORM_BOOT__ -D__DISP_SELF_START__ -D__DISP_D0_FOLLOW_D1__ -DHI_BUILD_IN_BOOT -DHI_VO_VDAC_VIDEO_BUFFER -I/home/ray/workplace/git_download/HiSTB_origin/HiSTBLinux/out/hi3798mv100/hi3798mv100_out/obj/source/boot/product/driver/include -I/home/ray/workplace/git_download/HiSTB_origin/HiSTBLinux/out/hi3798mv100/hi3798mv100_out/obj/source/boot/product/driver/pq/ -I/home/ray/workplace/git_download/HiSTB_origin/HiSTBLinux/out/hi3798mv100/hi3798mv100_out/obj/source/boot/product/driver/include_inc -I/home/ray/workplace/git_download/HiSTB_origin/HiSTBLinux/source/boot/fastboot/arch/arm/include -I/home/ray/workplace/git_download/HiSTB_origin/HiSTBLinux/source/boot/fastboot/include -I/home/ray/workplace/git_download/HiSTB_origin/HiSTBLinux/source/boot/product/driver/include -I/home/ray/workplace/git_download/HiSTB_origin/HiSTBLinux/out/hi3798mv100/hi3798mv100_out/obj/source/boot/product/driver/disp/vdp_v2_0/alg -I/home/ray/workplace/git_download/HiSTB_origin/HiSTBLinux/out/hi3798mv100/hi3798mv100_out/obj/source/boot/product/driver/disp/vdp_v2_0/com -I/home/ray/workplace/git_download/HiSTB_origin/HiSTBLinux/out/hi3798mv100/hi3798mv100_out/obj/source/boot/product/driver/disp/vdp_v2_0/drv -I/home/ray/workplace/git_download/HiSTB_origin/HiSTBLinux/out/hi3798mv100/hi3798mv100_out/obj/source/boot/product/driver/disp/vdp_v2_0/hal/common -I/home/ray/workplace/git_download/HiSTB_origin/HiSTBLinux/out/hi3798mv100/hi3798mv100_out/obj/source/boot/product/driver/disp/vdp_v2_0/hal/3798m -I/home/ray/workplace/git_download/HiSTB_origin/HiSTBLinux/out/hi3798mv100/hi3798mv100_out/obj/source/boot/product/driver/disp/vdp_v2_0/hal/3798m/inc -I/home/ray/workplace/git_download/HiSTB_origin/HiSTBLinux/source/common/drv/include/hi3798cv200   -c -o /home/ray/workplace/git_download/HiSTB_origin/HiSTBLinux/out/hi3798mv100/hi3798mv100_out/obj/source/boot/product/driver/disp/vdp_v2_0/drv/drv_display.o /home/ray/workplace/git_download/HiSTB_origin/HiSTBLinux/out/hi3798mv100/hi3798mv100_out/obj/source/boot/product/driver/disp/vdp_v2_0/drv/drv_display.c
scripts/kconfig/conf  --silentoldconfig Kconfig
arm-histbv310-linux-gcc -g -Os -D__KERNEL__ -fno-strict-aliasing -fno-common -ffixed-r8 -nostdinc -isystem /home/ray/workplace/git_download/HiSTB_origin/HiSTBLinux/tools/linux/toolchains/arm-histbv310-linux/bin/../lib/gcc/arm-gcc492_glibc224-linux-gnueabi/4.9.2/include  -fno-builtin -ffreestanding  -pipe -marm  -mabi=aapcs-linux -mfloat-abi=soft -mno-thumb-interwork -Wall -Wstrict-prototypes -fno-stack-protector -I/home/ray/workplace/git_download/HiSTB_origin/HiSTBLinux/out/hi3798mv100/hi3798mv100_out/obj/source/boot/fastboot/include -mcpu=cortex-a7 -Werror -Wall -D_GNU_SOURCE -D_XOPEN_SOURCE=600 -O2 -fPIC -DCHIP_TYPE_hi3798mv100 -DSDK_VERSION="HiSTBLinuxV100R005C00SPC050_20170731" -DHI_LOG_SUPPORT=1 -DHI_LOG_LEVEL=4 -DLOG_NETWORK_SUPPORT -DLOG_UDISK_SUPPORT -DHI_PROC_SUPPORT=1 -DHI_HDMI_SUPPORT_1_4 -DHI_PVR_SUPPORT -DHI_VI_SUPPORT -DHI_VENC_SUPPORT -DHI_PQ_V3_0  -I/home/ray/workplace/git_download/HiSTB_origin/HiSTBLinux/out/hi3798mv100/hi3798mv100_out/obj/source/boot/product/driver/include -I/home/ray/workplace/git_download/HiSTB_origin/HiSTBLinux/out/hi3798mv100/hi3798mv100_out/obj/source/boot/product/driver/include_inc -I/home/ray/workplace/git_download/HiSTB_origin/HiSTBLinux/out/hi3798mv100/hi3798mv100_out/obj/source/boot/product/loader/schedule -I/home/ray/workplace/git_download/HiSTB_origin/HiSTBLinux/out/hi3798mv100/hi3798mv100_out/obj/source/boot/product/logo/include -I/home/ray/workplace/git_download/HiSTB_origin/HiSTBLinux/out/hi3798mv100/hi3798mv100_out/obj/source/boot/product/driver/graphic/include -I/home/ray/workplace/git_download/HiSTB_origin/HiSTBLinux/out/hi3798mv100/hi3798mv100_out/obj/source/boot/product/adp/include -I/home/ray/workplace/git_download/HiSTB_origin/HiSTBLinux/out/hi3798mv100/hi3798mv100_out/obj/source/boot/product/pdm/include -I/home/ray/workplace/git_download/HiSTB_origin/HiSTBLinux/source/common/include -I/home/ray/workplace/git_download/HiSTB_origin/HiSTBLinux/source/common/drv/include -I/home/ray/workplace/git_download/HiSTB_origin/HiSTBLinux/out/hi3798mv100/hi3798mv100_out/obj/source/boot/miniboot/app -DCONFIG_ARM -D__ARM__ -DHI_PM_POWERUP_MODE1_SUPPORT -DHI_AVS_SUPPORT -D__DISP_PLATFORM_BOOT__ -D__DISP_SELF_START__ -D__DISP_D0_FOLLOW_D1__ -DHI_BUILD_IN_BOOT -DHI_VO_VDAC_VIDEO_BUFFER -I/home/ray/workplace/git_download/HiSTB_origin/HiSTBLinux/out/hi3798mv100/hi3798mv100_out/obj/source/boot/product/driver/include -I/home/ray/workplace/git_download/HiSTB_origin/HiSTBLinux/out/hi3798mv100/hi3798mv100_out/obj/source/boot/product/driver/pq/ -I/home/ray/workplace/git_download/HiSTB_origin/HiSTBLinux/out/hi3798mv100/hi3798mv100_out/obj/source/boot/product/driver/include_inc -I/home/ray/workplace/git_download/HiSTB_origin/HiSTBLinux/source/boot/fastboot/arch/arm/include -I/home/ray/workplace/git_download/HiSTB_origin/HiSTBLinux/source/boot/fastboot/include -I/home/ray/workplace/git_download/HiSTB_origin/HiSTBLinux/source/boot/product/driver/include -I/home/ray/workplace/git_download/HiSTB_origin/HiSTBLinux/out/hi3798mv100/hi3798mv100_out/obj/source/boot/product/driver/disp/vdp_v2_0/alg -I/home/ray/workplace/git_download/HiSTB_origin/HiSTBLinux/out/hi3798mv100/hi3798mv100_out/obj/source/boot/product/driver/disp/vdp_v2_0/com -I/home/ray/workplace/git_download/HiSTB_origin/HiSTBLinux/out/hi3798mv100/hi3798mv100_out/obj/source/boot/product/driver/disp/vdp_v2_0/drv -I/home/ray/workplace/git_download/HiSTB_origin/HiSTBLinux/out/hi3798mv100/hi3798mv100_out/obj/source/boot/product/driver/disp/vdp_v2_0/hal/common -I/home/ray/workplace/git_download/HiSTB_origin/HiSTBLinux/out/hi3798mv100/hi3798mv100_out/obj/source/boot/product/driver/disp/vdp_v2_0/hal/3798m -I/home/ray/workplace/git_download/HiSTB_origin/HiSTBLinux/out/hi3798mv100/hi3798mv100_out/obj/source/boot/product/driver/disp/vdp_v2_0/hal/3798m/inc -I/home/ray/workplace/git_download/HiSTB_origin/HiSTBLinux/source/common/drv/include/hi3798cv200   -c -o /home/ray/workplace/git_download/HiSTB_origin/HiSTBLinux/out/hi3798mv100/hi3798mv100_out/obj/source/boot/product/driver/disp/vdp_v2_0/alg/drv_disp_alg_rgb2yuv.o /home/ray/workplace/git_download/HiSTB_origin/HiSTBLinux/out/hi3798mv100/hi3798mv100_out/obj/source/boot/product/driver/disp/vdp_v2_0/alg/drv_disp_alg_rgb2yuv.c
arm-histbv310-linux-gcc -g -Os -D__KERNEL__ -fno-strict-aliasing -fno-common -ffixed-r8 -nostdinc -isystem /home/ray/workplace/git_download/HiSTB_origin/HiSTBLinux/tools/linux/toolchains/arm-histbv310-linux/bin/../lib/gcc/arm-gcc492_glibc224-linux-gnueabi/4.9.2/include  -fno-builtin -ffreestanding  -pipe -marm  -mabi=aapcs-linux -mfloat-abi=soft -mno-thumb-interwork -Wall -Wstrict-prototypes -fno-stack-protector -I/home/ray/workplace/git_download/HiSTB_origin/HiSTBLinux/out/hi3798mv100/hi3798mv100_out/obj/source/boot/fastboot/include -mcpu=cortex-a7 -Werror -Wall -D_GNU_SOURCE -D_XOPEN_SOURCE=600 -O2 -fPIC -DCHIP_TYPE_hi3798mv100 -DSDK_VERSION="HiSTBLinuxV100R005C00SPC050_20170731" -DHI_LOG_SUPPORT=1 -DHI_LOG_LEVEL=4 -DLOG_NETWORK_SUPPORT -DLOG_UDISK_SUPPORT -DHI_PROC_SUPPORT=1 -DHI_HDMI_SUPPORT_1_4 -DHI_PVR_SUPPORT -DHI_VI_SUPPORT -DHI_VENC_SUPPORT -DHI_PQ_V3_0  -I/home/ray/workplace/git_download/HiSTB_origin/HiSTBLinux/out/hi3798mv100/hi3798mv100_out/obj/source/boot/product/driver/include -I/home/ray/workplace/git_download/HiSTB_origin/HiSTBLinux/out/hi3798mv100/hi3798mv100_out/obj/source/boot/product/driver/include_inc -I/home/ray/workplace/git_download/HiSTB_origin/HiSTBLinux/out/hi3798mv100/hi3798mv100_out/obj/source/boot/product/loader/schedule -I/home/ray/workplace/git_download/HiSTB_origin/HiSTBLinux/out/hi3798mv100/hi3798mv100_out/obj/source/boot/product/logo/include -I/home/ray/workplace/git_download/HiSTB_origin/HiSTBLinux/out/hi3798mv100/hi3798mv100_out/obj/source/boot/product/driver/graphic/include -I/home/ray/workplace/git_download/HiSTB_origin/HiSTBLinux/out/hi3798mv100/hi3798mv100_out/obj/source/boot/product/adp/include -I/home/ray/workplace/git_download/HiSTB_origin/HiSTBLinux/out/hi3798mv100/hi3798mv100_out/obj/source/boot/product/pdm/include -I/home/ray/workplace/git_download/HiSTB_origin/HiSTBLinux/source/common/include -I/home/ray/workplace/git_download/HiSTB_origin/HiSTBLinux/source/common/drv/include -I/home/ray/workplace/git_download/HiSTB_origin/HiSTBLinux/out/hi3798mv100/hi3798mv100_out/obj/source/boot/miniboot/app -DCONFIG_ARM -D__ARM__ -DHI_PM_POWERUP_MODE1_SUPPORT -DHI_AVS_SUPPORT -D__DISP_PLATFORM_BOOT__ -D__DISP_SELF_START__ -D__DISP_D0_FOLLOW_D1__ -DHI_BUILD_IN_BOOT -DHI_VO_VDAC_VIDEO_BUFFER -I/home/ray/workplace/git_download/HiSTB_origin/HiSTBLinux/out/hi3798mv100/hi3798mv100_out/obj/source/boot/product/driver/include -I/home/ray/workplace/git_download/HiSTB_origin/HiSTBLinux/out/hi3798mv100/hi3798mv100_out/obj/source/boot/product/driver/pq/ -I/home/ray/workplace/git_download/HiSTB_origin/HiSTBLinux/out/hi3798mv100/hi3798mv100_out/obj/source/boot/product/driver/include_inc -I/home/ray/workplace/git_download/HiSTB_origin/HiSTBLinux/source/boot/fastboot/arch/arm/include -I/home/ray/workplace/git_download/HiSTB_origin/HiSTBLinux/source/boot/fastboot/include -I/home/ray/workplace/git_download/HiSTB_origin/HiSTBLinux/source/boot/product/driver/include -I/home/ray/workplace/git_download/HiSTB_origin/HiSTBLinux/out/hi3798mv100/hi3798mv100_out/obj/source/boot/product/driver/disp/vdp_v2_0/alg -I/home/ray/workplace/git_download/HiSTB_origin/HiSTBLinux/out/hi3798mv100/hi3798mv100_out/obj/source/boot/product/driver/disp/vdp_v2_0/com -I/home/ray/workplace/git_download/HiSTB_origin/HiSTBLinux/out/hi3798mv100/hi3798mv100_out/obj/source/boot/product/driver/disp/vdp_v2_0/drv -I/home/ray/workplace/git_download/HiSTB_origin/HiSTBLinux/out/hi3798mv100/hi3798mv100_out/obj/source/boot/product/driver/disp/vdp_v2_0/hal/common -I/home/ray/workplace/git_download/HiSTB_origin/HiSTBLinux/out/hi3798mv100/hi3798mv100_out/obj/source/boot/product/driver/disp/vdp_v2_0/hal/3798m -I/home/ray/workplace/git_download/HiSTB_origin/HiSTBLinux/out/hi3798mv100/hi3798mv100_out/obj/source/boot/product/driver/disp/vdp_v2_0/hal/3798m/inc -I/home/ray/workplace/git_download/HiSTB_origin/HiSTBLinux/source/common/drv/include/hi3798cv200   -c -o /home/ray/workplace/git_download/HiSTB_origin/HiSTBLinux/out/hi3798mv100/hi3798mv100_out/obj/source/boot/product/driver/disp/vdp_v2_0/com/drv_disp_osal.o /home/ray/workplace/git_download/HiSTB_origin/HiSTBLinux/out/hi3798mv100/hi3798mv100_out/obj/source/boot/product/driver/disp/vdp_v2_0/com/drv_disp_osal.c
arm-histbv310-linux-gcc -g -Os -D__KERNEL__ -fno-strict-aliasing -fno-common -ffixed-r8 -nostdinc -isystem /home/ray/workplace/git_download/HiSTB_origin/HiSTBLinux/tools/linux/toolchains/arm-histbv310-linux/bin/../lib/gcc/arm-gcc492_glibc224-linux-gnueabi/4.9.2/include  -fno-builtin -ffreestanding  -pipe -marm  -mabi=aapcs-linux -mfloat-abi=soft -mno-thumb-interwork -Wall -Wstrict-prototypes -fno-stack-protector -I/home/ray/workplace/git_download/HiSTB_origin/HiSTBLinux/out/hi3798mv100/hi3798mv100_out/obj/source/boot/fastboot/include -mcpu=cortex-a7 -Werror -Wall -D_GNU_SOURCE -D_XOPEN_SOURCE=600 -O2 -fPIC -DCHIP_TYPE_hi3798mv100 -DSDK_VERSION="HiSTBLinuxV100R005C00SPC050_20170731" -DHI_LOG_SUPPORT=1 -DHI_LOG_LEVEL=4 -DLOG_NETWORK_SUPPORT -DLOG_UDISK_SUPPORT -DHI_PROC_SUPPORT=1 -DHI_HDMI_SUPPORT_1_4 -DHI_PVR_SUPPORT -DHI_VI_SUPPORT -DHI_VENC_SUPPORT -DHI_PQ_V3_0  -I/home/ray/workplace/git_download/HiSTB_origin/HiSTBLinux/out/hi3798mv100/hi3798mv100_out/obj/source/boot/product/driver/include -I/home/ray/workplace/git_download/HiSTB_origin/HiSTBLinux/out/hi3798mv100/hi3798mv100_out/obj/source/boot/product/driver/include_inc -I/home/ray/workplace/git_download/HiSTB_origin/HiSTBLinux/out/hi3798mv100/hi3798mv100_out/obj/source/boot/product/loader/schedule -I/home/ray/workplace/git_download/HiSTB_origin/HiSTBLinux/out/hi3798mv100/hi3798mv100_out/obj/source/boot/product/logo/include -I/home/ray/workplace/git_download/HiSTB_origin/HiSTBLinux/out/hi3798mv100/hi3798mv100_out/obj/source/boot/product/driver/graphic/include -I/home/ray/workplace/git_download/HiSTB_origin/HiSTBLinux/out/hi3798mv100/hi3798mv100_out/obj/source/boot/product/adp/include -I/home/ray/workplace/git_download/HiSTB_origin/HiSTBLinux/out/hi3798mv100/hi3798mv100_out/obj/source/boot/product/pdm/include -I/home/ray/workplace/git_download/HiSTB_origin/HiSTBLinux/source/common/include -I/home/ray/workplace/git_download/HiSTB_origin/HiSTBLinux/source/common/drv/include -I/home/ray/workplace/git_download/HiSTB_origin/HiSTBLinux/out/hi3798mv100/hi3798mv100_out/obj/source/boot/miniboot/app -DCONFIG_ARM -D__ARM__ -DHI_PM_POWERUP_MODE1_SUPPORT -DHI_AVS_SUPPORT -D__DISP_PLATFORM_BOOT__ -D__DISP_SELF_START__ -D__DISP_D0_FOLLOW_D1__ -DHI_BUILD_IN_BOOT -DHI_VO_VDAC_VIDEO_BUFFER -I/home/ray/workplace/git_download/HiSTB_origin/HiSTBLinux/out/hi3798mv100/hi3798mv100_out/obj/source/boot/product/driver/include -I/home/ray/workplace/git_download/HiSTB_origin/HiSTBLinux/out/hi3798mv100/hi3798mv100_out/obj/source/boot/product/driver/pq/ -I/home/ray/workplace/git_download/HiSTB_origin/HiSTBLinux/out/hi3798mv100/hi3798mv100_out/obj/source/boot/product/driver/include_inc -I/home/ray/workplace/git_download/HiSTB_origin/HiSTBLinux/source/boot/fastboot/arch/arm/include -I/home/ray/workplace/git_download/HiSTB_origin/HiSTBLinux/source/boot/fastboot/include -I/home/ray/workplace/git_download/HiSTB_origin/HiSTBLinux/source/boot/product/driver/include -I/home/ray/workplace/git_download/HiSTB_origin/HiSTBLinux/out/hi3798mv100/hi3798mv100_out/obj/source/boot/product/driver/disp/vdp_v2_0/alg -I/home/ray/workplace/git_download/HiSTB_origin/HiSTBLinux/out/hi3798mv100/hi3798mv100_out/obj/source/boot/product/driver/disp/vdp_v2_0/com -I/home/ray/workplace/git_download/HiSTB_origin/HiSTBLinux/out/hi3798mv100/hi3798mv100_out/obj/source/boot/product/driver/disp/vdp_v2_0/drv -I/home/ray/workplace/git_download/HiSTB_origin/HiSTBLinux/out/hi3798mv100/hi3798mv100_out/obj/source/boot/product/driver/disp/vdp_v2_0/hal/common -I/home/ray/workplace/git_download/HiSTB_origin/HiSTBLinux/out/hi3798mv100/hi3798mv100_out/obj/source/boot/product/driver/disp/vdp_v2_0/hal/3798m -I/home/ray/workplace/git_download/HiSTB_origin/HiSTBLinux/out/hi3798mv100/hi3798mv100_out/obj/source/boot/product/driver/disp/vdp_v2_0/hal/3798m/inc -I/home/ray/workplace/git_download/HiSTB_origin/HiSTBLinux/source/common/drv/include/hi3798cv200   -c -o /home/ray/workplace/git_download/HiSTB_origin/HiSTBLinux/out/hi3798mv100/hi3798mv100_out/obj/source/boot/product/driver/disp/vdp_v2_0/hal/common/drv_disp_da.o /home/ray/workplace/git_download/HiSTB_origin/HiSTBLinux/out/hi3798mv100/hi3798mv100_out/obj/source/boot/product/driver/disp/vdp_v2_0/hal/common/drv_disp_da.c
arm-histbv310-linux-gcc -g -Os -D__KERNEL__ -fno-strict-aliasing -fno-common -ffixed-r8 -nostdinc -isystem /home/ray/workplace/git_download/HiSTB_origin/HiSTBLinux/tools/linux/toolchains/arm-histbv310-linux/bin/../lib/gcc/arm-gcc492_glibc224-linux-gnueabi/4.9.2/include  -fno-builtin -ffreestanding  -pipe -marm  -mabi=aapcs-linux -mfloat-abi=soft -mno-thumb-interwork -Wall -Wstrict-prototypes -fno-stack-protector -I/home/ray/workplace/git_download/HiSTB_origin/HiSTBLinux/out/hi3798mv100/hi3798mv100_out/obj/source/boot/fastboot/include -mcpu=cortex-a7 -Werror -Wall -D_GNU_SOURCE -D_XOPEN_SOURCE=600 -O2 -fPIC -DCHIP_TYPE_hi3798mv100 -DSDK_VERSION="HiSTBLinuxV100R005C00SPC050_20170731" -DHI_LOG_SUPPORT=1 -DHI_LOG_LEVEL=4 -DLOG_NETWORK_SUPPORT -DLOG_UDISK_SUPPORT -DHI_PROC_SUPPORT=1 -DHI_HDMI_SUPPORT_1_4 -DHI_PVR_SUPPORT -DHI_VI_SUPPORT -DHI_VENC_SUPPORT -DHI_PQ_V3_0  -I/home/ray/workplace/git_download/HiSTB_origin/HiSTBLinux/out/hi3798mv100/hi3798mv100_out/obj/source/boot/product/driver/include -I/home/ray/workplace/git_download/HiSTB_origin/HiSTBLinux/out/hi3798mv100/hi3798mv100_out/obj/source/boot/product/driver/include_inc -I/home/ray/workplace/git_download/HiSTB_origin/HiSTBLinux/out/hi3798mv100/hi3798mv100_out/obj/source/boot/product/loader/schedule -I/home/ray/workplace/git_download/HiSTB_origin/HiSTBLinux/out/hi3798mv100/hi3798mv100_out/obj/source/boot/product/logo/include -I/home/ray/workplace/git_download/HiSTB_origin/HiSTBLinux/out/hi3798mv100/hi3798mv100_out/obj/source/boot/product/driver/graphic/include -I/home/ray/workplace/git_download/HiSTB_origin/HiSTBLinux/out/hi3798mv100/hi3798mv100_out/obj/source/boot/product/adp/include -I/home/ray/workplace/git_download/HiSTB_origin/HiSTBLinux/out/hi3798mv100/hi3798mv100_out/obj/source/boot/product/pdm/include -I/home/ray/workplace/git_download/HiSTB_origin/HiSTBLinux/source/common/include -I/home/ray/workplace/git_download/HiSTB_origin/HiSTBLinux/source/common/drv/include -I/home/ray/workplace/git_download/HiSTB_origin/HiSTBLinux/out/hi3798mv100/hi3798mv100_out/obj/source/boot/miniboot/app -DCONFIG_ARM -D__ARM__ -DHI_PM_POWERUP_MODE1_SUPPORT -DHI_AVS_SUPPORT -D__DISP_PLATFORM_BOOT__ -D__DISP_SELF_START__ -D__DISP_D0_FOLLOW_D1__ -DHI_BUILD_IN_BOOT -DHI_VO_VDAC_VIDEO_BUFFER -I/home/ray/workplace/git_download/HiSTB_origin/HiSTBLinux/out/hi3798mv100/hi3798mv100_out/obj/source/boot/product/driver/include -I/home/ray/workplace/git_download/HiSTB_origin/HiSTBLinux/out/hi3798mv100/hi3798mv100_out/obj/source/boot/product/driver/pq/ -I/home/ray/workplace/git_download/HiSTB_origin/HiSTBLinux/out/hi3798mv100/hi3798mv100_out/obj/source/boot/product/driver/include_inc -I/home/ray/workplace/git_download/HiSTB_origin/HiSTBLinux/source/boot/fastboot/arch/arm/include -I/home/ray/workplace/git_download/HiSTB_origin/HiSTBLinux/source/boot/fastboot/include -I/home/ray/workplace/git_download/HiSTB_origin/HiSTBLinux/source/boot/product/driver/include -I/home/ray/workplace/git_download/HiSTB_origin/HiSTBLinux/out/hi3798mv100/hi3798mv100_out/obj/source/boot/product/driver/disp/vdp_v2_0/alg -I/home/ray/workplace/git_download/HiSTB_origin/HiSTBLinux/out/hi3798mv100/hi3798mv100_out/obj/source/boot/product/driver/disp/vdp_v2_0/com -I/home/ray/workplace/git_download/HiSTB_origin/HiSTBLinux/out/hi3798mv100/hi3798mv100_out/obj/source/boot/product/driver/disp/vdp_v2_0/drv -I/home/ray/workplace/git_download/HiSTB_origin/HiSTBLinux/out/hi3798mv100/hi3798mv100_out/obj/source/boot/product/driver/disp/vdp_v2_0/hal/common -I/home/ray/workplace/git_download/HiSTB_origin/HiSTBLinux/out/hi3798mv100/hi3798mv100_out/obj/source/boot/product/driver/disp/vdp_v2_0/hal/3798m -I/home/ray/workplace/git_download/HiSTB_origin/HiSTBLinux/out/hi3798mv100/hi3798mv100_out/obj/source/boot/product/driver/disp/vdp_v2_0/hal/3798m/inc -I/home/ray/workplace/git_download/HiSTB_origin/HiSTBLinux/source/common/drv/include/hi3798cv200   -c -o /home/ray/workplace/git_download/HiSTB_origin/HiSTBLinux/out/hi3798mv100/hi3798mv100_out/obj/source/boot/product/driver/disp/vdp_v2_0/hal/common/drv_disp_intf.o /home/ray/workplace/git_download/HiSTB_origin/HiSTBLinux/out/hi3798mv100/hi3798mv100_out/obj/source/boot/product/driver/disp/vdp_v2_0/hal/common/drv_disp_intf.c
arm-histbv310-linux-gcc -g -Os -D__KERNEL__ -fno-strict-aliasing -fno-common -ffixed-r8 -nostdinc -isystem /home/ray/workplace/git_download/HiSTB_origin/HiSTBLinux/tools/linux/toolchains/arm-histbv310-linux/bin/../lib/gcc/arm-gcc492_glibc224-linux-gnueabi/4.9.2/include  -fno-builtin -ffreestanding  -pipe -marm  -mabi=aapcs-linux -mfloat-abi=soft -mno-thumb-interwork -Wall -Wstrict-prototypes -fno-stack-protector -I/home/ray/workplace/git_download/HiSTB_origin/HiSTBLinux/out/hi3798mv100/hi3798mv100_out/obj/source/boot/fastboot/include -mcpu=cortex-a7 -Werror -Wall -D_GNU_SOURCE -D_XOPEN_SOURCE=600 -O2 -fPIC -DCHIP_TYPE_hi3798mv100 -DSDK_VERSION="HiSTBLinuxV100R005C00SPC050_20170731" -DHI_LOG_SUPPORT=1 -DHI_LOG_LEVEL=4 -DLOG_NETWORK_SUPPORT -DLOG_UDISK_SUPPORT -DHI_PROC_SUPPORT=1 -DHI_HDMI_SUPPORT_1_4 -DHI_PVR_SUPPORT -DHI_VI_SUPPORT -DHI_VENC_SUPPORT -DHI_PQ_V3_0  -I/home/ray/workplace/git_download/HiSTB_origin/HiSTBLinux/out/hi3798mv100/hi3798mv100_out/obj/source/boot/product/driver/include -I/home/ray/workplace/git_download/HiSTB_origin/HiSTBLinux/out/hi3798mv100/hi3798mv100_out/obj/source/boot/product/driver/include_inc -I/home/ray/workplace/git_download/HiSTB_origin/HiSTBLinux/out/hi3798mv100/hi3798mv100_out/obj/source/boot/product/loader/schedule -I/home/ray/workplace/git_download/HiSTB_origin/HiSTBLinux/out/hi3798mv100/hi3798mv100_out/obj/source/boot/product/logo/include -I/home/ray/workplace/git_download/HiSTB_origin/HiSTBLinux/out/hi3798mv100/hi3798mv100_out/obj/source/boot/product/driver/graphic/include -I/home/ray/workplace/git_download/HiSTB_origin/HiSTBLinux/out/hi3798mv100/hi3798mv100_out/obj/source/boot/product/adp/include -I/home/ray/workplace/git_download/HiSTB_origin/HiSTBLinux/out/hi3798mv100/hi3798mv100_out/obj/source/boot/product/pdm/include -I/home/ray/workplace/git_download/HiSTB_origin/HiSTBLinux/source/common/include -I/home/ray/workplace/git_download/HiSTB_origin/HiSTBLinux/source/common/drv/include -I/home/ray/workplace/git_download/HiSTB_origin/HiSTBLinux/out/hi3798mv100/hi3798mv100_out/obj/source/boot/miniboot/app -DCONFIG_ARM -D__ARM__ -DHI_PM_POWERUP_MODE1_SUPPORT -DHI_AVS_SUPPORT -D__DISP_PLATFORM_BOOT__ -D__DISP_SELF_START__ -D__DISP_D0_FOLLOW_D1__ -DHI_BUILD_IN_BOOT -DHI_VO_VDAC_VIDEO_BUFFER -I/home/ray/workplace/git_download/HiSTB_origin/HiSTBLinux/out/hi3798mv100/hi3798mv100_out/obj/source/boot/product/driver/include -I/home/ray/workplace/git_download/HiSTB_origin/HiSTBLinux/out/hi3798mv100/hi3798mv100_out/obj/source/boot/product/driver/pq/ -I/home/ray/workplace/git_download/HiSTB_origin/HiSTBLinux/out/hi3798mv100/hi3798mv100_out/obj/source/boot/product/driver/include_inc -I/home/ray/workplace/git_download/HiSTB_origin/HiSTBLinux/source/boot/fastboot/arch/arm/include -I/home/ray/workplace/git_download/HiSTB_origin/HiSTBLinux/source/boot/fastboot/include -I/home/ray/workplace/git_download/HiSTB_origin/HiSTBLinux/source/boot/product/driver/include -I/home/ray/workplace/git_download/HiSTB_origin/HiSTBLinux/out/hi3798mv100/hi3798mv100_out/obj/source/boot/product/driver/disp/vdp_v2_0/alg -I/home/ray/workplace/git_download/HiSTB_origin/HiSTBLinux/out/hi3798mv100/hi3798mv100_out/obj/source/boot/product/driver/disp/vdp_v2_0/com -I/home/ray/workplace/git_download/HiSTB_origin/HiSTBLinux/out/hi3798mv100/hi3798mv100_out/obj/source/boot/product/driver/disp/vdp_v2_0/drv -I/home/ray/workplace/git_download/HiSTB_origin/HiSTBLinux/out/hi3798mv100/hi3798mv100_out/obj/source/boot/product/driver/disp/vdp_v2_0/hal/common -I/home/ray/workplace/git_download/HiSTB_origin/HiSTBLinux/out/hi3798mv100/hi3798mv100_out/obj/source/boot/product/driver/disp/vdp_v2_0/hal/3798m -I/home/ray/workplace/git_download/HiSTB_origin/HiSTBLinux/out/hi3798mv100/hi3798mv100_out/obj/source/boot/product/driver/disp/vdp_v2_0/hal/3798m/inc -I/home/ray/workplace/git_download/HiSTB_origin/HiSTBLinux/source/common/drv/include/hi3798cv200   -c -o /home/ray/workplace/git_download/HiSTB_origin/HiSTBLinux/out/hi3798mv100/hi3798mv100_out/obj/source/boot/product/driver/disp/vdp_v2_0/hal/common/drv_disp_hw.o /home/ray/workplace/git_download/HiSTB_origin/HiSTBLinux/out/hi3798mv100/hi3798mv100_out/obj/source/boot/product/driver/disp/vdp_v2_0/hal/common/drv_disp_hw.c
  CHK     include/config/kernel.release
  GEN     ./Makefile
arm-histbv310-linux-gcc -g -Os -D__KERNEL__ -fno-strict-aliasing -fno-common -ffixed-r8 -nostdinc -isystem /home/ray/workplace/git_download/HiSTB_origin/HiSTBLinux/tools/linux/toolchains/arm-histbv310-linux/bin/../lib/gcc/arm-gcc492_glibc224-linux-gnueabi/4.9.2/include  -fno-builtin -ffreestanding  -pipe -marm  -mabi=aapcs-linux -mfloat-abi=soft -mno-thumb-interwork -Wall -Wstrict-prototypes -fno-stack-protector -I/home/ray/workplace/git_download/HiSTB_origin/HiSTBLinux/out/hi3798mv100/hi3798mv100_out/obj/source/boot/fastboot/include -mcpu=cortex-a7 -Werror -Wall -D_GNU_SOURCE -D_XOPEN_SOURCE=600 -O2 -fPIC -DCHIP_TYPE_hi3798mv100 -DSDK_VERSION="HiSTBLinuxV100R005C00SPC050_20170731" -DHI_LOG_SUPPORT=1 -DHI_LOG_LEVEL=4 -DLOG_NETWORK_SUPPORT -DLOG_UDISK_SUPPORT -DHI_PROC_SUPPORT=1 -DHI_HDMI_SUPPORT_1_4 -DHI_PVR_SUPPORT -DHI_VI_SUPPORT -DHI_VENC_SUPPORT -DHI_PQ_V3_0  -I/home/ray/workplace/git_download/HiSTB_origin/HiSTBLinux/out/hi3798mv100/hi3798mv100_out/obj/source/boot/product/driver/include -I/home/ray/workplace/git_download/HiSTB_origin/HiSTBLinux/out/hi3798mv100/hi3798mv100_out/obj/source/boot/product/driver/include_inc -I/home/ray/workplace/git_download/HiSTB_origin/HiSTBLinux/out/hi3798mv100/hi3798mv100_out/obj/source/boot/product/loader/schedule -I/home/ray/workplace/git_download/HiSTB_origin/HiSTBLinux/out/hi3798mv100/hi3798mv100_out/obj/source/boot/product/logo/include -I/home/ray/workplace/git_download/HiSTB_origin/HiSTBLinux/out/hi3798mv100/hi3798mv100_out/obj/source/boot/product/driver/graphic/include -I/home/ray/workplace/git_download/HiSTB_origin/HiSTBLinux/out/hi3798mv100/hi3798mv100_out/obj/source/boot/product/adp/include -I/home/ray/workplace/git_download/HiSTB_origin/HiSTBLinux/out/hi3798mv100/hi3798mv100_out/obj/source/boot/product/pdm/include -I/home/ray/workplace/git_download/HiSTB_origin/HiSTBLinux/source/common/include -I/home/ray/workplace/git_download/HiSTB_origin/HiSTBLinux/source/common/drv/include -I/home/ray/workplace/git_download/HiSTB_origin/HiSTBLinux/out/hi3798mv100/hi3798mv100_out/obj/source/boot/miniboot/app -DCONFIG_ARM -D__ARM__ -DHI_PM_POWERUP_MODE1_SUPPORT -DHI_AVS_SUPPORT -D__DISP_PLATFORM_BOOT__ -D__DISP_SELF_START__ -D__DISP_D0_FOLLOW_D1__ -DHI_BUILD_IN_BOOT -DHI_VO_VDAC_VIDEO_BUFFER -I/home/ray/workplace/git_download/HiSTB_origin/HiSTBLinux/out/hi3798mv100/hi3798mv100_out/obj/source/boot/product/driver/include -I/home/ray/workplace/git_download/HiSTB_origin/HiSTBLinux/out/hi3798mv100/hi3798mv100_out/obj/source/boot/product/driver/pq/ -I/home/ray/workplace/git_download/HiSTB_origin/HiSTBLinux/out/hi3798mv100/hi3798mv100_out/obj/source/boot/product/driver/include_inc -I/home/ray/workplace/git_download/HiSTB_origin/HiSTBLinux/source/boot/fastboot/arch/arm/include -I/home/ray/workplace/git_download/HiSTB_origin/HiSTBLinux/source/boot/fastboot/include -I/home/ray/workplace/git_download/HiSTB_origin/HiSTBLinux/source/boot/product/driver/include -I/home/ray/workplace/git_download/HiSTB_origin/HiSTBLinux/out/hi3798mv100/hi3798mv100_out/obj/source/boot/product/driver/disp/vdp_v2_0/alg -I/home/ray/workplace/git_download/HiSTB_origin/HiSTBLinux/out/hi3798mv100/hi3798mv100_out/obj/source/boot/product/driver/disp/vdp_v2_0/com -I/home/ray/workplace/git_download/HiSTB_origin/HiSTBLinux/out/hi3798mv100/hi3798mv100_out/obj/source/boot/product/driver/disp/vdp_v2_0/drv -I/home/ray/workplace/git_download/HiSTB_origin/HiSTBLinux/out/hi3798mv100/hi3798mv100_out/obj/source/boot/product/driver/disp/vdp_v2_0/hal/common -I/home/ray/workplace/git_download/HiSTB_origin/HiSTBLinux/out/hi3798mv100/hi3798mv100_out/obj/source/boot/product/driver/disp/vdp_v2_0/hal/3798m -I/home/ray/workplace/git_download/HiSTB_origin/HiSTBLinux/out/hi3798mv100/hi3798mv100_out/obj/source/boot/product/driver/disp/vdp_v2_0/hal/3798m/inc -I/home/ray/workplace/git_download/HiSTB_origin/HiSTBLinux/source/common/drv/include/hi3798cv200   -c -o /home/ray/workplace/git_download/HiSTB_origin/HiSTBLinux/out/hi3798mv100/hi3798mv100_out/obj/source/boot/product/driver/disp/vdp_v2_0/hal/common/drv_disp_hal.o /home/ray/workplace/git_download/HiSTB_origin/HiSTBLinux/out/hi3798mv100/hi3798mv100_out/obj/source/boot/product/driver/disp/vdp_v2_0/hal/common/drv_disp_hal.c
  CHK     include/generated/uapi/linux/version.h
  CHK     include/generated/utsrelease.h
arm-histbv310-linux-gcc -g -Os -D__KERNEL__ -fno-strict-aliasing -fno-common -ffixed-r8 -nostdinc -isystem /home/ray/workplace/git_download/HiSTB_origin/HiSTBLinux/tools/linux/toolchains/arm-histbv310-linux/bin/../lib/gcc/arm-gcc492_glibc224-linux-gnueabi/4.9.2/include  -fno-builtin -ffreestanding  -pipe -marm  -mabi=aapcs-linux -mfloat-abi=soft -mno-thumb-interwork -Wall -Wstrict-prototypes -fno-stack-protector -I/home/ray/workplace/git_download/HiSTB_origin/HiSTBLinux/out/hi3798mv100/hi3798mv100_out/obj/source/boot/fastboot/include -mcpu=cortex-a7 -Werror -Wall -D_GNU_SOURCE -D_XOPEN_SOURCE=600 -O2 -fPIC -DCHIP_TYPE_hi3798mv100 -DSDK_VERSION="HiSTBLinuxV100R005C00SPC050_20170731" -DHI_LOG_SUPPORT=1 -DHI_LOG_LEVEL=4 -DLOG_NETWORK_SUPPORT -DLOG_UDISK_SUPPORT -DHI_PROC_SUPPORT=1 -DHI_HDMI_SUPPORT_1_4 -DHI_PVR_SUPPORT -DHI_VI_SUPPORT -DHI_VENC_SUPPORT -DHI_PQ_V3_0  -I/home/ray/workplace/git_download/HiSTB_origin/HiSTBLinux/out/hi3798mv100/hi3798mv100_out/obj/source/boot/product/driver/include -I/home/ray/workplace/git_download/HiSTB_origin/HiSTBLinux/out/hi3798mv100/hi3798mv100_out/obj/source/boot/product/driver/include_inc -I/home/ray/workplace/git_download/HiSTB_origin/HiSTBLinux/out/hi3798mv100/hi3798mv100_out/obj/source/boot/product/loader/schedule -I/home/ray/workplace/git_download/HiSTB_origin/HiSTBLinux/out/hi3798mv100/hi3798mv100_out/obj/source/boot/product/logo/include -I/home/ray/workplace/git_download/HiSTB_origin/HiSTBLinux/out/hi3798mv100/hi3798mv100_out/obj/source/boot/product/driver/graphic/include -I/home/ray/workplace/git_download/HiSTB_origin/HiSTBLinux/out/hi3798mv100/hi3798mv100_out/obj/source/boot/product/adp/include -I/home/ray/workplace/git_download/HiSTB_origin/HiSTBLinux/out/hi3798mv100/hi3798mv100_out/obj/source/boot/product/pdm/include -I/home/ray/workplace/git_download/HiSTB_origin/HiSTBLinux/source/common/include -I/home/ray/workplace/git_download/HiSTB_origin/HiSTBLinux/source/common/drv/include -I/home/ray/workplace/git_download/HiSTB_origin/HiSTBLinux/out/hi3798mv100/hi3798mv100_out/obj/source/boot/miniboot/app -DCONFIG_ARM -D__ARM__ -DHI_PM_POWERUP_MODE1_SUPPORT -DHI_AVS_SUPPORT -D__DISP_PLATFORM_BOOT__ -D__DISP_SELF_START__ -D__DISP_D0_FOLLOW_D1__ -DHI_BUILD_IN_BOOT -DHI_VO_VDAC_VIDEO_BUFFER -I/home/ray/workplace/git_download/HiSTB_origin/HiSTBLinux/out/hi3798mv100/hi3798mv100_out/obj/source/boot/product/driver/include -I/home/ray/workplace/git_download/HiSTB_origin/HiSTBLinux/out/hi3798mv100/hi3798mv100_out/obj/source/boot/product/driver/pq/ -I/home/ray/workplace/git_download/HiSTB_origin/HiSTBLinux/out/hi3798mv100/hi3798mv100_out/obj/source/boot/product/driver/include_inc -I/home/ray/workplace/git_download/HiSTB_origin/HiSTBLinux/source/boot/fastboot/arch/arm/include -I/home/ray/workplace/git_download/HiSTB_origin/HiSTBLinux/source/boot/fastboot/include -I/home/ray/workplace/git_download/HiSTB_origin/HiSTBLinux/source/boot/product/driver/include -I/home/ray/workplace/git_download/HiSTB_origin/HiSTBLinux/out/hi3798mv100/hi3798mv100_out/obj/source/boot/product/driver/disp/vdp_v2_0/alg -I/home/ray/workplace/git_download/HiSTB_origin/HiSTBLinux/out/hi3798mv100/hi3798mv100_out/obj/source/boot/product/driver/disp/vdp_v2_0/com -I/home/ray/workplace/git_download/HiSTB_origin/HiSTBLinux/out/hi3798mv100/hi3798mv100_out/obj/source/boot/product/driver/disp/vdp_v2_0/drv -I/home/ray/workplace/git_download/HiSTB_origin/HiSTBLinux/out/hi3798mv100/hi3798mv100_out/obj/source/boot/product/driver/disp/vdp_v2_0/hal/common -I/home/ray/workplace/git_download/HiSTB_origin/HiSTBLinux/out/hi3798mv100/hi3798mv100_out/obj/source/boot/product/driver/disp/vdp_v2_0/hal/3798m -I/home/ray/workplace/git_download/HiSTB_origin/HiSTBLinux/out/hi3798mv100/hi3798mv100_out/obj/source/boot/product/driver/disp/vdp_v2_0/hal/3798m/inc -I/home/ray/workplace/git_download/HiSTB_origin/HiSTBLinux/source/common/drv/include/hi3798cv200   -c -o /home/ray/workplace/git_download/HiSTB_origin/HiSTBLinux/out/hi3798mv100/hi3798mv100_out/obj/source/boot/product/driver/disp/vdp_v2_0/hal/common/drv_disp_rwzb.o /home/ray/workplace/git_download/HiSTB_origin/HiSTBLinux/out/hi3798mv100/hi3798mv100_out/obj/source/boot/product/driver/disp/vdp_v2_0/hal/common/drv_disp_rwzb.c
arm-histbv310-linux-gcc -g -Os -D__KERNEL__ -fno-strict-aliasing -fno-common -ffixed-r8 -nostdinc -isystem /home/ray/workplace/git_download/HiSTB_origin/HiSTBLinux/tools/linux/toolchains/arm-histbv310-linux/bin/../lib/gcc/arm-gcc492_glibc224-linux-gnueabi/4.9.2/include  -fno-builtin -ffreestanding  -pipe -marm  -mabi=aapcs-linux -mfloat-abi=soft -mno-thumb-interwork -Wall -Wstrict-prototypes -fno-stack-protector -I/home/ray/workplace/git_download/HiSTB_origin/HiSTBLinux/out/hi3798mv100/hi3798mv100_out/obj/source/boot/fastboot/include -mcpu=cortex-a7 -Werror -Wall -D_GNU_SOURCE -D_XOPEN_SOURCE=600 -O2 -fPIC -DCHIP_TYPE_hi3798mv100 -DSDK_VERSION="HiSTBLinuxV100R005C00SPC050_20170731" -DHI_LOG_SUPPORT=1 -DHI_LOG_LEVEL=4 -DLOG_NETWORK_SUPPORT -DLOG_UDISK_SUPPORT -DHI_PROC_SUPPORT=1 -DHI_HDMI_SUPPORT_1_4 -DHI_PVR_SUPPORT -DHI_VI_SUPPORT -DHI_VENC_SUPPORT -DHI_PQ_V3_0  -I/home/ray/workplace/git_download/HiSTB_origin/HiSTBLinux/out/hi3798mv100/hi3798mv100_out/obj/source/boot/product/driver/include -I/home/ray/workplace/git_download/HiSTB_origin/HiSTBLinux/out/hi3798mv100/hi3798mv100_out/obj/source/boot/product/driver/include_inc -I/home/ray/workplace/git_download/HiSTB_origin/HiSTBLinux/out/hi3798mv100/hi3798mv100_out/obj/source/boot/product/loader/schedule -I/home/ray/workplace/git_download/HiSTB_origin/HiSTBLinux/out/hi3798mv100/hi3798mv100_out/obj/source/boot/product/logo/include -I/home/ray/workplace/git_download/HiSTB_origin/HiSTBLinux/out/hi3798mv100/hi3798mv100_out/obj/source/boot/product/driver/graphic/include -I/home/ray/workplace/git_download/HiSTB_origin/HiSTBLinux/out/hi3798mv100/hi3798mv100_out/obj/source/boot/product/adp/include -I/home/ray/workplace/git_download/HiSTB_origin/HiSTBLinux/out/hi3798mv100/hi3798mv100_out/obj/source/boot/product/pdm/include -I/home/ray/workplace/git_download/HiSTB_origin/HiSTBLinux/source/common/include -I/home/ray/workplace/git_download/HiSTB_origin/HiSTBLinux/source/common/drv/include -I/home/ray/workplace/git_download/HiSTB_origin/HiSTBLinux/out/hi3798mv100/hi3798mv100_out/obj/source/boot/miniboot/app -DCONFIG_ARM -D__ARM__ -DHI_PM_POWERUP_MODE1_SUPPORT -DHI_AVS_SUPPORT -D__DISP_PLATFORM_BOOT__ -D__DISP_SELF_START__ -D__DISP_D0_FOLLOW_D1__ -DHI_BUILD_IN_BOOT -DHI_VO_VDAC_VIDEO_BUFFER -I/home/ray/workplace/git_download/HiSTB_origin/HiSTBLinux/out/hi3798mv100/hi3798mv100_out/obj/source/boot/product/driver/include -I/home/ray/workplace/git_download/HiSTB_origin/HiSTBLinux/out/hi3798mv100/hi3798mv100_out/obj/source/boot/product/driver/pq/ -I/home/ray/workplace/git_download/HiSTB_origin/HiSTBLinux/out/hi3798mv100/hi3798mv100_out/obj/source/boot/product/driver/include_inc -I/home/ray/workplace/git_download/HiSTB_origin/HiSTBLinux/source/boot/fastboot/arch/arm/include -I/home/ray/workplace/git_download/HiSTB_origin/HiSTBLinux/source/boot/fastboot/include -I/home/ray/workplace/git_download/HiSTB_origin/HiSTBLinux/source/boot/product/driver/include -I/home/ray/workplace/git_download/HiSTB_origin/HiSTBLinux/out/hi3798mv100/hi3798mv100_out/obj/source/boot/product/driver/disp/vdp_v2_0/alg -I/home/ray/workplace/git_download/HiSTB_origin/HiSTBLinux/out/hi3798mv100/hi3798mv100_out/obj/source/boot/product/driver/disp/vdp_v2_0/com -I/home/ray/workplace/git_download/HiSTB_origin/HiSTBLinux/out/hi3798mv100/hi3798mv100_out/obj/source/boot/product/driver/disp/vdp_v2_0/drv -I/home/ray/workplace/git_download/HiSTB_origin/HiSTBLinux/out/hi3798mv100/hi3798mv100_out/obj/source/boot/product/driver/disp/vdp_v2_0/hal/common -I/home/ray/workplace/git_download/HiSTB_origin/HiSTBLinux/out/hi3798mv100/hi3798mv100_out/obj/source/boot/product/driver/disp/vdp_v2_0/hal/3798m -I/home/ray/workplace/git_download/HiSTB_origin/HiSTBLinux/out/hi3798mv100/hi3798mv100_out/obj/source/boot/product/driver/disp/vdp_v2_0/hal/3798m/inc -I/home/ray/workplace/git_download/HiSTB_origin/HiSTBLinux/source/common/drv/include/hi3798cv200   -c -o /home/ray/workplace/git_download/HiSTB_origin/HiSTBLinux/out/hi3798mv100/hi3798mv100_out/obj/source/boot/product/driver/disp/vdp_v2_0/hal/3798m/hal_specific_config.o /home/ray/workplace/git_download/HiSTB_origin/HiSTBLinux/out/hi3798mv100/hi3798mv100_out/obj/source/boot/product/driver/disp/vdp_v2_0/hal/3798m/hal_specific_config.c
  Using /home/ray/workplace/git_download/HiSTB_origin/HiSTBLinux/source/kernel/linux-4.4.y as source for kernel
  CC      scripts/mod/empty.o
  CC      scripts/mod/devicetable-offsets.s
arm-histbv310-linux-gcc -g -Os -D__KERNEL__ -fno-strict-aliasing -fno-common -ffixed-r8 -nostdinc -isystem /home/ray/workplace/git_download/HiSTB_origin/HiSTBLinux/tools/linux/toolchains/arm-histbv310-linux/bin/../lib/gcc/arm-gcc492_glibc224-linux-gnueabi/4.9.2/include  -fno-builtin -ffreestanding  -pipe -marm  -mabi=aapcs-linux -mfloat-abi=soft -mno-thumb-interwork -Wall -Wstrict-prototypes -fno-stack-protector -I/home/ray/workplace/git_download/HiSTB_origin/HiSTBLinux/out/hi3798mv100/hi3798mv100_out/obj/source/boot/fastboot/include -mcpu=cortex-a7 -Werror -Wall -D_GNU_SOURCE -D_XOPEN_SOURCE=600 -O2 -fPIC -DCHIP_TYPE_hi3798mv100 -DSDK_VERSION="HiSTBLinuxV100R005C00SPC050_20170731" -DHI_LOG_SUPPORT=1 -DHI_LOG_LEVEL=4 -DLOG_NETWORK_SUPPORT -DLOG_UDISK_SUPPORT -DHI_PROC_SUPPORT=1 -DHI_HDMI_SUPPORT_1_4 -DHI_PVR_SUPPORT -DHI_VI_SUPPORT -DHI_VENC_SUPPORT -DHI_PQ_V3_0  -I/home/ray/workplace/git_download/HiSTB_origin/HiSTBLinux/out/hi3798mv100/hi3798mv100_out/obj/source/boot/product/driver/include -I/home/ray/workplace/git_download/HiSTB_origin/HiSTBLinux/out/hi3798mv100/hi3798mv100_out/obj/source/boot/product/driver/include_inc -I/home/ray/workplace/git_download/HiSTB_origin/HiSTBLinux/out/hi3798mv100/hi3798mv100_out/obj/source/boot/product/loader/schedule -I/home/ray/workplace/git_download/HiSTB_origin/HiSTBLinux/out/hi3798mv100/hi3798mv100_out/obj/source/boot/product/logo/include -I/home/ray/workplace/git_download/HiSTB_origin/HiSTBLinux/out/hi3798mv100/hi3798mv100_out/obj/source/boot/product/driver/graphic/include -I/home/ray/workplace/git_download/HiSTB_origin/HiSTBLinux/out/hi3798mv100/hi3798mv100_out/obj/source/boot/product/adp/include -I/home/ray/workplace/git_download/HiSTB_origin/HiSTBLinux/out/hi3798mv100/hi3798mv100_out/obj/source/boot/product/pdm/include -I/home/ray/workplace/git_download/HiSTB_origin/HiSTBLinux/source/common/include -I/home/ray/workplace/git_download/HiSTB_origin/HiSTBLinux/source/common/drv/include -I/home/ray/workplace/git_download/HiSTB_origin/HiSTBLinux/out/hi3798mv100/hi3798mv100_out/obj/source/boot/miniboot/app -DCONFIG_ARM -D__ARM__ -DHI_PM_POWERUP_MODE1_SUPPORT -DHI_AVS_SUPPORT -D__DISP_PLATFORM_BOOT__ -D__DISP_SELF_START__ -D__DISP_D0_FOLLOW_D1__ -DHI_BUILD_IN_BOOT -DHI_VO_VDAC_VIDEO_BUFFER -I/home/ray/workplace/git_download/HiSTB_origin/HiSTBLinux/out/hi3798mv100/hi3798mv100_out/obj/source/boot/product/driver/include -I/home/ray/workplace/git_download/HiSTB_origin/HiSTBLinux/out/hi3798mv100/hi3798mv100_out/obj/source/boot/product/driver/pq/ -I/home/ray/workplace/git_download/HiSTB_origin/HiSTBLinux/out/hi3798mv100/hi3798mv100_out/obj/source/boot/product/driver/include_inc -I/home/ray/workplace/git_download/HiSTB_origin/HiSTBLinux/source/boot/fastboot/arch/arm/include -I/home/ray/workplace/git_download/HiSTB_origin/HiSTBLinux/source/boot/fastboot/include -I/home/ray/workplace/git_download/HiSTB_origin/HiSTBLinux/source/boot/product/driver/include -I/home/ray/workplace/git_download/HiSTB_origin/HiSTBLinux/out/hi3798mv100/hi3798mv100_out/obj/source/boot/product/driver/disp/vdp_v2_0/alg -I/home/ray/workplace/git_download/HiSTB_origin/HiSTBLinux/out/hi3798mv100/hi3798mv100_out/obj/source/boot/product/driver/disp/vdp_v2_0/com -I/home/ray/workplace/git_download/HiSTB_origin/HiSTBLinux/out/hi3798mv100/hi3798mv100_out/obj/source/boot/product/driver/disp/vdp_v2_0/drv -I/home/ray/workplace/git_download/HiSTB_origin/HiSTBLinux/out/hi3798mv100/hi3798mv100_out/obj/source/boot/product/driver/disp/vdp_v2_0/hal/common -I/home/ray/workplace/git_download/HiSTB_origin/HiSTBLinux/out/hi3798mv100/hi3798mv100_out/obj/source/boot/product/driver/disp/vdp_v2_0/hal/3798m -I/home/ray/workplace/git_download/HiSTB_origin/HiSTBLinux/out/hi3798mv100/hi3798mv100_out/obj/source/boot/product/driver/disp/vdp_v2_0/hal/3798m/inc -I/home/ray/workplace/git_download/HiSTB_origin/HiSTBLinux/source/common/drv/include/hi3798cv200   -c -o /home/ray/workplace/git_download/HiSTB_origin/HiSTBLinux/out/hi3798mv100/hi3798mv100_out/obj/source/boot/product/driver/disp/vdp_v2_0/hal/3798m/vdp_software_selfdefine.o /home/ray/workplace/git_download/HiSTB_origin/HiSTBLinux/out/hi3798mv100/hi3798mv100_out/obj/source/boot/product/driver/disp/vdp_v2_0/hal/3798m/vdp_software_selfdefine.c
  MKELF   scripts/mod/elfconfig.h
  GEN     scripts/mod/devicetable-offsets.h
  HOSTCC  scripts/mod/sumversion.o
grep: include/linux/mali/mali_utgard_uk_types.h: No such file or directory
arm-histbv310-linux-gcc -g -Os -D__KERNEL__ -fno-strict-aliasing -fno-common -ffixed-r8 -nostdinc -isystem /home/ray/workplace/git_download/HiSTB_origin/HiSTBLinux/tools/linux/toolchains/arm-histbv310-linux/bin/../lib/gcc/arm-gcc492_glibc224-linux-gnueabi/4.9.2/include  -fno-builtin -ffreestanding  -pipe -marm  -mabi=aapcs-linux -mfloat-abi=soft -mno-thumb-interwork -Wall -Wstrict-prototypes -fno-stack-protector -I/home/ray/workplace/git_download/HiSTB_origin/HiSTBLinux/out/hi3798mv100/hi3798mv100_out/obj/source/boot/fastboot/include -mcpu=cortex-a7 -Werror -Wall -D_GNU_SOURCE -D_XOPEN_SOURCE=600 -O2 -fPIC -DCHIP_TYPE_hi3798mv100 -DSDK_VERSION="HiSTBLinuxV100R005C00SPC050_20170731" -DHI_LOG_SUPPORT=1 -DHI_LOG_LEVEL=4 -DLOG_NETWORK_SUPPORT -DLOG_UDISK_SUPPORT -DHI_PROC_SUPPORT=1 -DHI_HDMI_SUPPORT_1_4 -DHI_PVR_SUPPORT -DHI_VI_SUPPORT -DHI_VENC_SUPPORT -DHI_PQ_V3_0  -I/home/ray/workplace/git_download/HiSTB_origin/HiSTBLinux/out/hi3798mv100/hi3798mv100_out/obj/source/boot/product/driver/include -I/home/ray/workplace/git_download/HiSTB_origin/HiSTBLinux/out/hi3798mv100/hi3798mv100_out/obj/source/boot/product/driver/include_inc -I/home/ray/workplace/git_download/HiSTB_origin/HiSTBLinux/out/hi3798mv100/hi3798mv100_out/obj/source/boot/product/loader/schedule -I/home/ray/workplace/git_download/HiSTB_origin/HiSTBLinux/out/hi3798mv100/hi3798mv100_out/obj/source/boot/product/logo/include -I/home/ray/workplace/git_download/HiSTB_origin/HiSTBLinux/out/hi3798mv100/hi3798mv100_out/obj/source/boot/product/driver/graphic/include -I/home/ray/workplace/git_download/HiSTB_origin/HiSTBLinux/out/hi3798mv100/hi3798mv100_out/obj/source/boot/product/adp/include -I/home/ray/workplace/git_download/HiSTB_origin/HiSTBLinux/out/hi3798mv100/hi3798mv100_out/obj/source/boot/product/pdm/include -I/home/ray/workplace/git_download/HiSTB_origin/HiSTBLinux/source/common/include -I/home/ray/workplace/git_download/HiSTB_origin/HiSTBLinux/source/common/drv/include -I/home/ray/workplace/git_download/HiSTB_origin/HiSTBLinux/out/hi3798mv100/hi3798mv100_out/obj/source/boot/miniboot/app -DCONFIG_ARM -D__ARM__ -DHI_PM_POWERUP_MODE1_SUPPORT -DHI_AVS_SUPPORT -D__DISP_PLATFORM_BOOT__ -D__DISP_SELF_START__ -D__DISP_D0_FOLLOW_D1__ -DHI_BUILD_IN_BOOT -DHI_VO_VDAC_VIDEO_BUFFER -I/home/ray/workplace/git_download/HiSTB_origin/HiSTBLinux/out/hi3798mv100/hi3798mv100_out/obj/source/boot/product/driver/include -I/home/ray/workplace/git_download/HiSTB_origin/HiSTBLinux/out/hi3798mv100/hi3798mv100_out/obj/source/boot/product/driver/pq/ -I/home/ray/workplace/git_download/HiSTB_origin/HiSTBLinux/out/hi3798mv100/hi3798mv100_out/obj/source/boot/product/driver/include_inc -I/home/ray/workplace/git_download/HiSTB_origin/HiSTBLinux/source/boot/fastboot/arch/arm/include -I/home/ray/workplace/git_download/HiSTB_origin/HiSTBLinux/source/boot/fastboot/include -I/home/ray/workplace/git_download/HiSTB_origin/HiSTBLinux/source/boot/product/driver/include -I/home/ray/workplace/git_download/HiSTB_origin/HiSTBLinux/out/hi3798mv100/hi3798mv100_out/obj/source/boot/product/driver/disp/vdp_v2_0/alg -I/home/ray/workplace/git_download/HiSTB_origin/HiSTBLinux/out/hi3798mv100/hi3798mv100_out/obj/source/boot/product/driver/disp/vdp_v2_0/com -I/home/ray/workplace/git_download/HiSTB_origin/HiSTBLinux/out/hi3798mv100/hi3798mv100_out/obj/source/boot/product/driver/disp/vdp_v2_0/drv -I/home/ray/workplace/git_download/HiSTB_origin/HiSTBLinux/out/hi3798mv100/hi3798mv100_out/obj/source/boot/product/driver/disp/vdp_v2_0/hal/common -I/home/ray/workplace/git_download/HiSTB_origin/HiSTBLinux/out/hi3798mv100/hi3798mv100_out/obj/source/boot/product/driver/disp/vdp_v2_0/hal/3798m -I/home/ray/workplace/git_download/HiSTB_origin/HiSTBLinux/out/hi3798mv100/hi3798mv100_out/obj/source/boot/product/driver/disp/vdp_v2_0/hal/3798m/inc -I/home/ray/workplace/git_download/HiSTB_origin/HiSTBLinux/source/common/drv/include/hi3798cv200   -c -o /home/ray/workplace/git_download/HiSTB_origin/HiSTBLinux/out/hi3798mv100/hi3798mv100_out/obj/source/boot/product/driver/disp/vdp_v2_0/hal/3798m/vdp_driver.o /home/ray/workplace/git_download/HiSTB_origin/HiSTBLinux/out/hi3798mv100/hi3798mv100_out/obj/source/boot/product/driver/disp/vdp_v2_0/hal/3798m/vdp_driver.c
  HOSTCC  scripts/mod/modpost.o
  HOSTCC  scripts/mod/file2alias.o
make[4]: 'include/generated/mach-types.h' is up to date.
  CHK     include/generated/timeconst.h
  CC      kernel/bounds.s
  CHK     include/generated/bounds.h
  CC      arch/arm/kernel/asm-offsets.s
make[4]: Leaving directory '/home/ray/workplace/git_download/HiSTB_origin/HiSTBLinux/out/hi3798mv100/hi3798mv100_out/obj/source/boot/product/driver/disp'
make -C graphic all
make[4]: Entering directory '/home/ray/workplace/git_download/HiSTB_origin/HiSTBLinux/out/hi3798mv100/hi3798mv100_out/obj/source/boot/product/driver/graphic'
  HOSTLD  scripts/mod/modpost
  CHK     include/generated/asm-offsets.h
  CALL    /home/ray/workplace/git_download/HiSTB_origin/HiSTBLinux/source/kernel/linux-4.4.y/scripts/checksyscalls.sh
  CC      arch/arm/vfp/vfpmodule.o
  CC      arch/arm/vfp/vfpsingle.o
  CC      init/main.o
  CC      arch/arm/nwfpe/fpa11.o
  CC      arch/arm/nwfpe/fpa11_cpdo.o
  CC      arch/arm/vdso/vgettimeofday.o
  CC      arch/arm/mm/dma-mapping.o
  CC      arch/arm/nwfpe/fpa11_cpdt.o
  CC      arch/arm/kernel/elf.o
  VDSO    arch/arm/vdso/vdso.so.raw
  MUNGE   arch/arm/vdso/vdso.so.dbg
  OBJCOPY arch/arm/vdso/vdso.so
  CC      arch/arm/nwfpe/fpa11_cprt.o
  AS      arch/arm/vdso/vdso.o
  LD      arch/arm/vdso/built-in.o
  CC      arch/arm/nwfpe/fpmodule.o
  CC      arch/arm/vfp/vfpdouble.o
  CC      arch/arm/kernel/irq.o
  CC      arch/arm/nwfpe/fpopcode.o
  CC      arch/arm/kernel/opcodes.o
  CC      arch/arm/common/firmware.o
  CC      arch/arm/nwfpe/softfloat.o
  CC      arch/arm/nwfpe/single_cpdo.o
  CHK     include/generated/compile.h
  CC      init/do_mounts.o
  CC      init/do_mounts_rd.o
  CC      arch/arm/kernel/process.o
  LD      arch/arm/common/built-in.o
  CC      arch/arm/nwfpe/double_cpdo.o
  LD      arch/arm/vfp/vfp.o
  LD      arch/arm/vfp/built-in.o
  CC      init/do_mounts_initrd.o
  CC      arch/arm/mm/extable.o
  CC      init/noinitramfs.o
  CC      arch/arm/kernel/ptrace.o
  CC      arch/arm/mm/fault.o
  CC      init/initramfs.o
  CC      arch/arm/kernel/reboot.o
  CC      arch/arm/kernel/return_address.o
  CC      init/calibrate.o
  CC      arch/arm/mm/init.o
  CC      arch/arm/mm/iomap.o
  CC      arch/arm/mm/fault-armv.o
  CC      arch/arm/kernel/setup.o
  CC      init/init_task.o
  CC      arch/arm/kernel/signal.o
  CC      arch/arm/nwfpe/extended_cpdo.o
  CC      arch/arm/mm/flush.o
  CC      arch/arm/kernel/stacktrace.o
  LD      arch/arm/nwfpe/nwfpe.o
  LD      arch/arm/nwfpe/built-in.o
  CC      init/version.o
  LD      init/mounts.o
  CC      arch/arm/mm/idmap.o
  CC      arch/arm/mm/ioremap.o
  CC      arch/arm/mm/mmap.o
  LD      init/built-in.o
  CC      arch/arm/mm/pgd.o
  CC      arch/arm/mm/mmu.o
  CC      arch/arm/kernel/sys_arm.o
  CC      arch/arm/mm/pageattr.o
  CC      arch/arm/mm/proc-syms.o
  CC      arch/arm/mm/alignment.o
  CC      arch/arm/mach-hi3798mx/core.o
  CC      arch/arm/mach-hi3798mx/pmu.o
  CC      arch/arm/mach-hi3798mx/platsmp.o
  CC      arch/arm/kernel/time.o
  CC      arch/arm/kernel/traps.o
  CC      arch/arm/mm/highmem.o
  CC      arch/arm/kernel/atags_parse.o
  CC      arch/arm/mach-hi3798mx/hotplug.o
  CC      arch/arm/kernel/cpuidle.o
  CC      arch/arm/kernel/armksyms.o
  CC      kernel/fork.o
  CC      kernel/exec_domain.o
  LD      arch/arm/mach-hi3798mx/built-in.o
  CC      arch/arm/kernel/module.o
  CC      arch/arm/mm/copypage-v6.o
  CC      arch/arm/mm/context.o
  CC      arch/arm/kernel/module-plts.o
  CC      arch/arm/kernel/bios32.o
  CC      arch/arm/kernel/isa.o
  CC      kernel/panic.o
  CC      kernel/cpu.o
  LD      arch/arm/mm/built-in.o
  CC      kernel/exit.o
  CC      kernel/softirq.o
  CC      kernel/resource.o
  CC      arch/arm/kernel/suspend.o
  CC      arch/arm/kernel/smp.o
  CC      arch/arm/kernel/smp_tlb.o
  CC      arch/arm/kernel/arch_timer.o
  CC      kernel/sysctl.o
  CC      kernel/sysctl_binary.o
  CC      arch/arm/kernel/ftrace.o
  CC      arch/arm/kernel/insn.o
  CC      kernel/capability.o
  CC      kernel/ptrace.o
  CC      kernel/user.o
  CC      arch/arm/kernel/sys_oabi-compat.o
  CC      arch/arm/kernel/unwind.o
  CC      arch/arm/kernel/devtree.o
  CC      arch/arm/kernel/swp_emulate.o
  CC      arch/arm/kernel/hw_breakpoint.o
  CC      kernel/signal.o
  CC      kernel/sys.o
  CC      arch/arm/kernel/perf_regs.o
  CC      kernel/kmod.o
  CC      kernel/workqueue.o
  CC      arch/arm/kernel/perf_callchain.o
arm-histbv310-linux-ar -rc libgraphic.a msp/drv/tde/tde_adp.o msp/drv/tde/tde_hal_k.o msp/drv/tde/tde_handle_k.o msp/drv/tde/tde_osictl_k.o msp/drv/tde/tde_osilist_k.o msp/drv/tde/tde_osr.o msp/drv/tde/tde_osr_k.o msp/drv/tde/tde_proc_k.o msp/drv/tde/wmalloc_k.o msp/api/tde/unf_tde.o dec/bmp_decode.o dec/hi_gfx_decode.o dec/hi_gfx_io.o dec/jpeg_decode.o hard-dec/jpeg_drv_dec.o hard-dec/jpeg_drv_harddec.o hard-dec/jpeg_drv_parse.o hard-dec/jpeg_drv_setpara.o hard-dec/jpeg_drv_table.o msp/drv/jpeg/jpeg_drv_hal.o gfx/hi_gfx_layer.o gfx/hi_gfx_mem.o gfx/hi_gfx_show.o gfx/hi_gfx_surface.o tde/hi_gfx_blit.o tde/hi_gfx_list.o msp/drv/hifb/adp/src/drv_hifb_wbc.o msp/drv/hifb/adp/hifb_v1_0/drv_hifb_adp.o msp/drv/hifb/adp/hifb_v1_0/drv_hifb_hal.o msp/drv/hifb/adp/alg/optm_alg_csc.o msp/drv/hifb/adp/alg/optm_alg_gzme.o msp/drv/hifb/adp/alg/optm_alg_gsharp.o msp/drv/hifb/adp/alg/optm_alg_zme_coef.o
make[4]: Leaving directory '/home/ray/workplace/git_download/HiSTB_origin/HiSTBLinux/out/hi3798mv100/hi3798mv100_out/obj/source/boot/product/driver/graphic'
  CC      kernel/pid.o
make -C hdmi all
  CC      arch/arm/kernel/perf_event_xscale.o
make[4]: Entering directory '/home/ray/workplace/git_download/HiSTB_origin/HiSTBLinux/out/hi3798mv100/hi3798mv100_out/obj/source/boot/product/driver/hdmi'
make -C hdmi_1_4 all
make[5]: Entering directory '/home/ray/workplace/git_download/HiSTB_origin/HiSTBLinux/out/hi3798mv100/hi3798mv100_out/obj/source/boot/product/driver/hdmi/hdmi_1_4'
arm-histbv310-linux-gcc -g -Os -D__KERNEL__ -fno-strict-aliasing -fno-common -ffixed-r8 -nostdinc -isystem /home/ray/workplace/git_download/HiSTB_origin/HiSTBLinux/tools/linux/toolchains/arm-histbv310-linux/bin/../lib/gcc/arm-gcc492_glibc224-linux-gnueabi/4.9.2/include  -fno-builtin -ffreestanding  -pipe -marm  -mabi=aapcs-linux -mfloat-abi=soft -mno-thumb-interwork -Wall -Wstrict-prototypes -fno-stack-protector -I/home/ray/workplace/git_download/HiSTB_origin/HiSTBLinux/out/hi3798mv100/hi3798mv100_out/obj/source/boot/fastboot/include -mcpu=cortex-a7 -Werror -Wall -D_GNU_SOURCE -D_XOPEN_SOURCE=600 -O2 -fPIC -DCHIP_TYPE_hi3798mv100 -DSDK_VERSION="HiSTBLinuxV100R005C00SPC050_20170731" -DHI_LOG_SUPPORT=1 -DHI_LOG_LEVEL=4 -DLOG_NETWORK_SUPPORT -DLOG_UDISK_SUPPORT -DHI_PROC_SUPPORT=1 -DHI_HDMI_SUPPORT_1_4 -DHI_PVR_SUPPORT -DHI_VI_SUPPORT -DHI_VENC_SUPPORT -DHI_PQ_V3_0  -I/home/ray/workplace/git_download/HiSTB_origin/HiSTBLinux/out/hi3798mv100/hi3798mv100_out/obj/source/boot/product/driver/include -I/home/ray/workplace/git_download/HiSTB_origin/HiSTBLinux/out/hi3798mv100/hi3798mv100_out/obj/source/boot/product/driver/include_inc -I/home/ray/workplace/git_download/HiSTB_origin/HiSTBLinux/out/hi3798mv100/hi3798mv100_out/obj/source/boot/product/loader/schedule -I/home/ray/workplace/git_download/HiSTB_origin/HiSTBLinux/out/hi3798mv100/hi3798mv100_out/obj/source/boot/product/logo/include -I/home/ray/workplace/git_download/HiSTB_origin/HiSTBLinux/out/hi3798mv100/hi3798mv100_out/obj/source/boot/product/driver/graphic/include -I/home/ray/workplace/git_download/HiSTB_origin/HiSTBLinux/out/hi3798mv100/hi3798mv100_out/obj/source/boot/product/adp/include -I/home/ray/workplace/git_download/HiSTB_origin/HiSTBLinux/out/hi3798mv100/hi3798mv100_out/obj/source/boot/product/pdm/include -I/home/ray/workplace/git_download/HiSTB_origin/HiSTBLinux/source/common/include -I/home/ray/workplace/git_download/HiSTB_origin/HiSTBLinux/source/common/drv/include -I/home/ray/workplace/git_download/HiSTB_origin/HiSTBLinux/out/hi3798mv100/hi3798mv100_out/obj/source/boot/miniboot/app -DCONFIG_ARM -D__ARM__ -DHI_PM_POWERUP_MODE1_SUPPORT -DHI_AVS_SUPPORT -I/home/ray/workplace/git_download/HiSTB_origin/HiSTBLinux/out/hi3798mv100/hi3798mv100_out/obj/source/boot/product/driver/include -I/home/ray/workplace/git_download/HiSTB_origin/HiSTBLinux/out/hi3798mv100/hi3798mv100_out/obj/source/boot/product/driver/include_inc -I/home/ray/workplace/git_download/HiSTB_origin/HiSTBLinux/source/boot/fastboot/arch/arm/include -I/home/ray/workplace/git_download/HiSTB_origin/HiSTBLinux/source/boot/fastboot/include -I/home/ray/workplace/git_download/HiSTB_origin/HiSTBLinux/source/common/include -I/home/ray/workplace/git_download/HiSTB_origin/HiSTBLinux/out/hi3798mv100/hi3798mv100_out/obj/source/boot/product/driver/hdmi -I/home/ray/workplace/git_download/HiSTB_origin/HiSTBLinux/out/hi3798mv100/hi3798mv100_out/obj/source/boot/product/logo/include -I/home/ray/workplace/git_download/HiSTB_origin/HiSTBLinux/out/hi3798mv100/hi3798mv100_out/obj/source/boot/product/driver/graphic/include -DHI_HDMI_4K_SUPPORT   -c -o hdmi.o hdmi.c
  CC      kernel/task_work.o
  CC      arch/arm/kernel/perf_event_v6.o
  CC      arch/arm/kernel/perf_event_v7.o
  CC      kernel/extable.o
arm-histbv310-linux-gcc -g -Os -D__KERNEL__ -fno-strict-aliasing -fno-common -ffixed-r8 -nostdinc -isystem /home/ray/workplace/git_download/HiSTB_origin/HiSTBLinux/tools/linux/toolchains/arm-histbv310-linux/bin/../lib/gcc/arm-gcc492_glibc224-linux-gnueabi/4.9.2/include  -fno-builtin -ffreestanding  -pipe -marm  -mabi=aapcs-linux -mfloat-abi=soft -mno-thumb-interwork -Wall -Wstrict-prototypes -fno-stack-protector -I/home/ray/workplace/git_download/HiSTB_origin/HiSTBLinux/out/hi3798mv100/hi3798mv100_out/obj/source/boot/fastboot/include -mcpu=cortex-a7 -Werror -Wall -D_GNU_SOURCE -D_XOPEN_SOURCE=600 -O2 -fPIC -DCHIP_TYPE_hi3798mv100 -DSDK_VERSION="HiSTBLinuxV100R005C00SPC050_20170731" -DHI_LOG_SUPPORT=1 -DHI_LOG_LEVEL=4 -DLOG_NETWORK_SUPPORT -DLOG_UDISK_SUPPORT -DHI_PROC_SUPPORT=1 -DHI_HDMI_SUPPORT_1_4 -DHI_PVR_SUPPORT -DHI_VI_SUPPORT -DHI_VENC_SUPPORT -DHI_PQ_V3_0  -I/home/ray/workplace/git_download/HiSTB_origin/HiSTBLinux/out/hi3798mv100/hi3798mv100_out/obj/source/boot/product/driver/include -I/home/ray/workplace/git_download/HiSTB_origin/HiSTBLinux/out/hi3798mv100/hi3798mv100_out/obj/source/boot/product/driver/include_inc -I/home/ray/workplace/git_download/HiSTB_origin/HiSTBLinux/out/hi3798mv100/hi3798mv100_out/obj/source/boot/product/loader/schedule -I/home/ray/workplace/git_download/HiSTB_origin/HiSTBLinux/out/hi3798mv100/hi3798mv100_out/obj/source/boot/product/logo/include -I/home/ray/workplace/git_download/HiSTB_origin/HiSTBLinux/out/hi3798mv100/hi3798mv100_out/obj/source/boot/product/driver/graphic/include -I/home/ray/workplace/git_download/HiSTB_origin/HiSTBLinux/out/hi3798mv100/hi3798mv100_out/obj/source/boot/product/adp/include -I/home/ray/workplace/git_download/HiSTB_origin/HiSTBLinux/out/hi3798mv100/hi3798mv100_out/obj/source/boot/product/pdm/include -I/home/ray/workplace/git_download/HiSTB_origin/HiSTBLinux/source/common/include -I/home/ray/workplace/git_download/HiSTB_origin/HiSTBLinux/source/common/drv/include -I/home/ray/workplace/git_download/HiSTB_origin/HiSTBLinux/out/hi3798mv100/hi3798mv100_out/obj/source/boot/miniboot/app -DCONFIG_ARM -D__ARM__ -DHI_PM_POWERUP_MODE1_SUPPORT -DHI_AVS_SUPPORT -I/home/ray/workplace/git_download/HiSTB_origin/HiSTBLinux/out/hi3798mv100/hi3798mv100_out/obj/source/boot/product/driver/include -I/home/ray/workplace/git_download/HiSTB_origin/HiSTBLinux/out/hi3798mv100/hi3798mv100_out/obj/source/boot/product/driver/include_inc -I/home/ray/workplace/git_download/HiSTB_origin/HiSTBLinux/source/boot/fastboot/arch/arm/include -I/home/ray/workplace/git_download/HiSTB_origin/HiSTBLinux/source/boot/fastboot/include -I/home/ray/workplace/git_download/HiSTB_origin/HiSTBLinux/source/common/include -I/home/ray/workplace/git_download/HiSTB_origin/HiSTBLinux/out/hi3798mv100/hi3798mv100_out/obj/source/boot/product/driver/hdmi -I/home/ray/workplace/git_download/HiSTB_origin/HiSTBLinux/out/hi3798mv100/hi3798mv100_out/obj/source/boot/product/logo/include -I/home/ray/workplace/git_download/HiSTB_origin/HiSTBLinux/out/hi3798mv100/hi3798mv100_out/obj/source/boot/product/driver/graphic/include -DHI_HDMI_4K_SUPPORT   -c -o txvidp.o txvidp.c
  CC      arch/arm/kernel/topology.o
arm-histbv310-linux-gcc -g -Os -D__KERNEL__ -fno-strict-aliasing -fno-common -ffixed-r8 -nostdinc -isystem /home/ray/workplace/git_download/HiSTB_origin/HiSTBLinux/tools/linux/toolchains/arm-histbv310-linux/bin/../lib/gcc/arm-gcc492_glibc224-linux-gnueabi/4.9.2/include  -fno-builtin -ffreestanding  -pipe -marm  -mabi=aapcs-linux -mfloat-abi=soft -mno-thumb-interwork -Wall -Wstrict-prototypes -fno-stack-protector -I/home/ray/workplace/git_download/HiSTB_origin/HiSTBLinux/out/hi3798mv100/hi3798mv100_out/obj/source/boot/fastboot/include -mcpu=cortex-a7 -Werror -Wall -D_GNU_SOURCE -D_XOPEN_SOURCE=600 -O2 -fPIC -DCHIP_TYPE_hi3798mv100 -DSDK_VERSION="HiSTBLinuxV100R005C00SPC050_20170731" -DHI_LOG_SUPPORT=1 -DHI_LOG_LEVEL=4 -DLOG_NETWORK_SUPPORT -DLOG_UDISK_SUPPORT -DHI_PROC_SUPPORT=1 -DHI_HDMI_SUPPORT_1_4 -DHI_PVR_SUPPORT -DHI_VI_SUPPORT -DHI_VENC_SUPPORT -DHI_PQ_V3_0  -I/home/ray/workplace/git_download/HiSTB_origin/HiSTBLinux/out/hi3798mv100/hi3798mv100_out/obj/source/boot/product/driver/include -I/home/ray/workplace/git_download/HiSTB_origin/HiSTBLinux/out/hi3798mv100/hi3798mv100_out/obj/source/boot/product/driver/include_inc -I/home/ray/workplace/git_download/HiSTB_origin/HiSTBLinux/out/hi3798mv100/hi3798mv100_out/obj/source/boot/product/loader/schedule -I/home/ray/workplace/git_download/HiSTB_origin/HiSTBLinux/out/hi3798mv100/hi3798mv100_out/obj/source/boot/product/logo/include -I/home/ray/workplace/git_download/HiSTB_origin/HiSTBLinux/out/hi3798mv100/hi3798mv100_out/obj/source/boot/product/driver/graphic/include -I/home/ray/workplace/git_download/HiSTB_origin/HiSTBLinux/out/hi3798mv100/hi3798mv100_out/obj/source/boot/product/adp/include -I/home/ray/workplace/git_download/HiSTB_origin/HiSTBLinux/out/hi3798mv100/hi3798mv100_out/obj/source/boot/product/pdm/include -I/home/ray/workplace/git_download/HiSTB_origin/HiSTBLinux/source/common/include -I/home/ray/workplace/git_download/HiSTB_origin/HiSTBLinux/source/common/drv/include -I/home/ray/workplace/git_download/HiSTB_origin/HiSTBLinux/out/hi3798mv100/hi3798mv100_out/obj/source/boot/miniboot/app -DCONFIG_ARM -D__ARM__ -DHI_PM_POWERUP_MODE1_SUPPORT -DHI_AVS_SUPPORT -I/home/ray/workplace/git_download/HiSTB_origin/HiSTBLinux/out/hi3798mv100/hi3798mv100_out/obj/source/boot/product/driver/include -I/home/ray/workplace/git_download/HiSTB_origin/HiSTBLinux/out/hi3798mv100/hi3798mv100_out/obj/source/boot/product/driver/include_inc -I/home/ray/workplace/git_download/HiSTB_origin/HiSTBLinux/source/boot/fastboot/arch/arm/include -I/home/ray/workplace/git_download/HiSTB_origin/HiSTBLinux/source/boot/fastboot/include -I/home/ray/workplace/git_download/HiSTB_origin/HiSTBLinux/source/common/include -I/home/ray/workplace/git_download/HiSTB_origin/HiSTBLinux/out/hi3798mv100/hi3798mv100_out/obj/source/boot/product/driver/hdmi -I/home/ray/workplace/git_download/HiSTB_origin/HiSTBLinux/out/hi3798mv100/hi3798mv100_out/obj/source/boot/product/logo/include -I/home/ray/workplace/git_download/HiSTB_origin/HiSTBLinux/out/hi3798mv100/hi3798mv100_out/obj/source/boot/product/driver/graphic/include -DHI_HDMI_4K_SUPPORT   -c -o infofrm.o infofrm.c
arm-histbv310-linux-gcc -g -Os -D__KERNEL__ -fno-strict-aliasing -fno-common -ffixed-r8 -nostdinc -isystem /home/ray/workplace/git_download/HiSTB_origin/HiSTBLinux/tools/linux/toolchains/arm-histbv310-linux/bin/../lib/gcc/arm-gcc492_glibc224-linux-gnueabi/4.9.2/include  -fno-builtin -ffreestanding  -pipe -marm  -mabi=aapcs-linux -mfloat-abi=soft -mno-thumb-interwork -Wall -Wstrict-prototypes -fno-stack-protector -I/home/ray/workplace/git_download/HiSTB_origin/HiSTBLinux/out/hi3798mv100/hi3798mv100_out/obj/source/boot/fastboot/include -mcpu=cortex-a7 -Werror -Wall -D_GNU_SOURCE -D_XOPEN_SOURCE=600 -O2 -fPIC -DCHIP_TYPE_hi3798mv100 -DSDK_VERSION="HiSTBLinuxV100R005C00SPC050_20170731" -DHI_LOG_SUPPORT=1 -DHI_LOG_LEVEL=4 -DLOG_NETWORK_SUPPORT -DLOG_UDISK_SUPPORT -DHI_PROC_SUPPORT=1 -DHI_HDMI_SUPPORT_1_4 -DHI_PVR_SUPPORT -DHI_VI_SUPPORT -DHI_VENC_SUPPORT -DHI_PQ_V3_0  -I/home/ray/workplace/git_download/HiSTB_origin/HiSTBLinux/out/hi3798mv100/hi3798mv100_out/obj/source/boot/product/driver/include -I/home/ray/workplace/git_download/HiSTB_origin/HiSTBLinux/out/hi3798mv100/hi3798mv100_out/obj/source/boot/product/driver/include_inc -I/home/ray/workplace/git_download/HiSTB_origin/HiSTBLinux/out/hi3798mv100/hi3798mv100_out/obj/source/boot/product/loader/schedule -I/home/ray/workplace/git_download/HiSTB_origin/HiSTBLinux/out/hi3798mv100/hi3798mv100_out/obj/source/boot/product/logo/include -I/home/ray/workplace/git_download/HiSTB_origin/HiSTBLinux/out/hi3798mv100/hi3798mv100_out/obj/source/boot/product/driver/graphic/include -I/home/ray/workplace/git_download/HiSTB_origin/HiSTBLinux/out/hi3798mv100/hi3798mv100_out/obj/source/boot/product/adp/include -I/home/ray/workplace/git_download/HiSTB_origin/HiSTBLinux/out/hi3798mv100/hi3798mv100_out/obj/source/boot/product/pdm/include -I/home/ray/workplace/git_download/HiSTB_origin/HiSTBLinux/source/common/include -I/home/ray/workplace/git_download/HiSTB_origin/HiSTBLinux/source/common/drv/include -I/home/ray/workplace/git_download/HiSTB_origin/HiSTBLinux/out/hi3798mv100/hi3798mv100_out/obj/source/boot/miniboot/app -DCONFIG_ARM -D__ARM__ -DHI_PM_POWERUP_MODE1_SUPPORT -DHI_AVS_SUPPORT -I/home/ray/workplace/git_download/HiSTB_origin/HiSTBLinux/out/hi3798mv100/hi3798mv100_out/obj/source/boot/product/driver/include -I/home/ray/workplace/git_download/HiSTB_origin/HiSTBLinux/out/hi3798mv100/hi3798mv100_out/obj/source/boot/product/driver/include_inc -I/home/ray/workplace/git_download/HiSTB_origin/HiSTBLinux/source/boot/fastboot/arch/arm/include -I/home/ray/workplace/git_download/HiSTB_origin/HiSTBLinux/source/boot/fastboot/include -I/home/ray/workplace/git_download/HiSTB_origin/HiSTBLinux/source/common/include -I/home/ray/workplace/git_download/HiSTB_origin/HiSTBLinux/out/hi3798mv100/hi3798mv100_out/obj/source/boot/product/driver/hdmi -I/home/ray/workplace/git_download/HiSTB_origin/HiSTBLinux/out/hi3798mv100/hi3798mv100_out/obj/source/boot/product/logo/include -I/home/ray/workplace/git_download/HiSTB_origin/HiSTBLinux/out/hi3798mv100/hi3798mv100_out/obj/source/boot/product/driver/graphic/include -DHI_HDMI_4K_SUPPORT   -c -o hdmitx.o hdmitx.c
  CC      arch/arm/kernel/vdso.o
  CC      arch/arm/kernel/io.o
  CC      kernel/params.o
arm-histbv310-linux-gcc -g -Os -D__KERNEL__ -fno-strict-aliasing -fno-common -ffixed-r8 -nostdinc -isystem /home/ray/workplace/git_download/HiSTB_origin/HiSTBLinux/tools/linux/toolchains/arm-histbv310-linux/bin/../lib/gcc/arm-gcc492_glibc224-linux-gnueabi/4.9.2/include  -fno-builtin -ffreestanding  -pipe -marm  -mabi=aapcs-linux -mfloat-abi=soft -mno-thumb-interwork -Wall -Wstrict-prototypes -fno-stack-protector -I/home/ray/workplace/git_download/HiSTB_origin/HiSTBLinux/out/hi3798mv100/hi3798mv100_out/obj/source/boot/fastboot/include -mcpu=cortex-a7 -Werror -Wall -D_GNU_SOURCE -D_XOPEN_SOURCE=600 -O2 -fPIC -DCHIP_TYPE_hi3798mv100 -DSDK_VERSION="HiSTBLinuxV100R005C00SPC050_20170731" -DHI_LOG_SUPPORT=1 -DHI_LOG_LEVEL=4 -DLOG_NETWORK_SUPPORT -DLOG_UDISK_SUPPORT -DHI_PROC_SUPPORT=1 -DHI_HDMI_SUPPORT_1_4 -DHI_PVR_SUPPORT -DHI_VI_SUPPORT -DHI_VENC_SUPPORT -DHI_PQ_V3_0  -I/home/ray/workplace/git_download/HiSTB_origin/HiSTBLinux/out/hi3798mv100/hi3798mv100_out/obj/source/boot/product/driver/include -I/home/ray/workplace/git_download/HiSTB_origin/HiSTBLinux/out/hi3798mv100/hi3798mv100_out/obj/source/boot/product/driver/include_inc -I/home/ray/workplace/git_download/HiSTB_origin/HiSTBLinux/out/hi3798mv100/hi3798mv100_out/obj/source/boot/product/loader/schedule -I/home/ray/workplace/git_download/HiSTB_origin/HiSTBLinux/out/hi3798mv100/hi3798mv100_out/obj/source/boot/product/logo/include -I/home/ray/workplace/git_download/HiSTB_origin/HiSTBLinux/out/hi3798mv100/hi3798mv100_out/obj/source/boot/product/driver/graphic/include -I/home/ray/workplace/git_download/HiSTB_origin/HiSTBLinux/out/hi3798mv100/hi3798mv100_out/obj/source/boot/product/adp/include -I/home/ray/workplace/git_download/HiSTB_origin/HiSTBLinux/out/hi3798mv100/hi3798mv100_out/obj/source/boot/product/pdm/include -I/home/ray/workplace/git_download/HiSTB_origin/HiSTBLinux/source/common/include -I/home/ray/workplace/git_download/HiSTB_origin/HiSTBLinux/source/common/drv/include -I/home/ray/workplace/git_download/HiSTB_origin/HiSTBLinux/out/hi3798mv100/hi3798mv100_out/obj/source/boot/miniboot/app -DCONFIG_ARM -D__ARM__ -DHI_PM_POWERUP_MODE1_SUPPORT -DHI_AVS_SUPPORT -I/home/ray/workplace/git_download/HiSTB_origin/HiSTBLinux/out/hi3798mv100/hi3798mv100_out/obj/source/boot/product/driver/include -I/home/ray/workplace/git_download/HiSTB_origin/HiSTBLinux/out/hi3798mv100/hi3798mv100_out/obj/source/boot/product/driver/include_inc -I/home/ray/workplace/git_download/HiSTB_origin/HiSTBLinux/source/boot/fastboot/arch/arm/include -I/home/ray/workplace/git_download/HiSTB_origin/HiSTBLinux/source/boot/fastboot/include -I/home/ray/workplace/git_download/HiSTB_origin/HiSTBLinux/source/common/include -I/home/ray/workplace/git_download/HiSTB_origin/HiSTBLinux/out/hi3798mv100/hi3798mv100_out/obj/source/boot/product/driver/hdmi -I/home/ray/workplace/git_download/HiSTB_origin/HiSTBLinux/out/hi3798mv100/hi3798mv100_out/obj/source/boot/product/logo/include -I/home/ray/workplace/git_download/HiSTB_origin/HiSTBLinux/out/hi3798mv100/hi3798mv100_out/obj/source/boot/product/driver/graphic/include -DHI_HDMI_4K_SUPPORT   -c -o drv_hlviic.o drv_hlviic.c
  CC      kernel/kthread.o
  CC      kernel/sys_ni.o
  CC      kernel/nsproxy.o
  CC      arch/arm/kernel/psci_smp.o
arm-histbv310-linux-gcc -g -Os -D__KERNEL__ -fno-strict-aliasing -fno-common -ffixed-r8 -nostdinc -isystem /home/ray/workplace/git_download/HiSTB_origin/HiSTBLinux/tools/linux/toolchains/arm-histbv310-linux/bin/../lib/gcc/arm-gcc492_glibc224-linux-gnueabi/4.9.2/include  -fno-builtin -ffreestanding  -pipe -marm  -mabi=aapcs-linux -mfloat-abi=soft -mno-thumb-interwork -Wall -Wstrict-prototypes -fno-stack-protector -I/home/ray/workplace/git_download/HiSTB_origin/HiSTBLinux/out/hi3798mv100/hi3798mv100_out/obj/source/boot/fastboot/include -mcpu=cortex-a7 -Werror -Wall -D_GNU_SOURCE -D_XOPEN_SOURCE=600 -O2 -fPIC -DCHIP_TYPE_hi3798mv100 -DSDK_VERSION="HiSTBLinuxV100R005C00SPC050_20170731" -DHI_LOG_SUPPORT=1 -DHI_LOG_LEVEL=4 -DLOG_NETWORK_SUPPORT -DLOG_UDISK_SUPPORT -DHI_PROC_SUPPORT=1 -DHI_HDMI_SUPPORT_1_4 -DHI_PVR_SUPPORT -DHI_VI_SUPPORT -DHI_VENC_SUPPORT -DHI_PQ_V3_0  -I/home/ray/workplace/git_download/HiSTB_origin/HiSTBLinux/out/hi3798mv100/hi3798mv100_out/obj/source/boot/product/driver/include -I/home/ray/workplace/git_download/HiSTB_origin/HiSTBLinux/out/hi3798mv100/hi3798mv100_out/obj/source/boot/product/driver/include_inc -I/home/ray/workplace/git_download/HiSTB_origin/HiSTBLinux/out/hi3798mv100/hi3798mv100_out/obj/source/boot/product/loader/schedule -I/home/ray/workplace/git_download/HiSTB_origin/HiSTBLinux/out/hi3798mv100/hi3798mv100_out/obj/source/boot/product/logo/include -I/home/ray/workplace/git_download/HiSTB_origin/HiSTBLinux/out/hi3798mv100/hi3798mv100_out/obj/source/boot/product/driver/graphic/include -I/home/ray/workplace/git_download/HiSTB_origin/HiSTBLinux/out/hi3798mv100/hi3798mv100_out/obj/source/boot/product/adp/include -I/home/ray/workplace/git_download/HiSTB_origin/HiSTBLinux/out/hi3798mv100/hi3798mv100_out/obj/source/boot/product/pdm/include -I/home/ray/workplace/git_download/HiSTB_origin/HiSTBLinux/source/common/include -I/home/ray/workplace/git_download/HiSTB_origin/HiSTBLinux/source/common/drv/include -I/home/ray/workplace/git_download/HiSTB_origin/HiSTBLinux/out/hi3798mv100/hi3798mv100_out/obj/source/boot/miniboot/app -DCONFIG_ARM -D__ARM__ -DHI_PM_POWERUP_MODE1_SUPPORT -DHI_AVS_SUPPORT -I/home/ray/workplace/git_download/HiSTB_origin/HiSTBLinux/out/hi3798mv100/hi3798mv100_out/obj/source/boot/product/driver/include -I/home/ray/workplace/git_download/HiSTB_origin/HiSTBLinux/out/hi3798mv100/hi3798mv100_out/obj/source/boot/product/driver/include_inc -I/home/ray/workplace/git_download/HiSTB_origin/HiSTBLinux/source/boot/fastboot/arch/arm/include -I/home/ray/workplace/git_download/HiSTB_origin/HiSTBLinux/source/boot/fastboot/include -I/home/ray/workplace/git_download/HiSTB_origin/HiSTBLinux/source/common/include -I/home/ray/workplace/git_download/HiSTB_origin/HiSTBLinux/out/hi3798mv100/hi3798mv100_out/obj/source/boot/product/driver/hdmi -I/home/ray/workplace/git_download/HiSTB_origin/HiSTBLinux/out/hi3798mv100/hi3798mv100_out/obj/source/boot/product/logo/include -I/home/ray/workplace/git_download/HiSTB_origin/HiSTBLinux/out/hi3798mv100/hi3798mv100_out/obj/source/boot/product/driver/graphic/include -DHI_HDMI_4K_SUPPORT   -c -o vmtables.o vmtables.c
  CC      kernel/notifier.o
arm-histbv310-linux-gcc -g -Os -D__KERNEL__ -fno-strict-aliasing -fno-common -ffixed-r8 -nostdinc -isystem /home/ray/workplace/git_download/HiSTB_origin/HiSTBLinux/tools/linux/toolchains/arm-histbv310-linux/bin/../lib/gcc/arm-gcc492_glibc224-linux-gnueabi/4.9.2/include  -fno-builtin -ffreestanding  -pipe -marm  -mabi=aapcs-linux -mfloat-abi=soft -mno-thumb-interwork -Wall -Wstrict-prototypes -fno-stack-protector -I/home/ray/workplace/git_download/HiSTB_origin/HiSTBLinux/out/hi3798mv100/hi3798mv100_out/obj/source/boot/fastboot/include -mcpu=cortex-a7 -Werror -Wall -D_GNU_SOURCE -D_XOPEN_SOURCE=600 -O2 -fPIC -DCHIP_TYPE_hi3798mv100 -DSDK_VERSION="HiSTBLinuxV100R005C00SPC050_20170731" -DHI_LOG_SUPPORT=1 -DHI_LOG_LEVEL=4 -DLOG_NETWORK_SUPPORT -DLOG_UDISK_SUPPORT -DHI_PROC_SUPPORT=1 -DHI_HDMI_SUPPORT_1_4 -DHI_PVR_SUPPORT -DHI_VI_SUPPORT -DHI_VENC_SUPPORT -DHI_PQ_V3_0  -I/home/ray/workplace/git_download/HiSTB_origin/HiSTBLinux/out/hi3798mv100/hi3798mv100_out/obj/source/boot/product/driver/include -I/home/ray/workplace/git_download/HiSTB_origin/HiSTBLinux/out/hi3798mv100/hi3798mv100_out/obj/source/boot/product/driver/include_inc -I/home/ray/workplace/git_download/HiSTB_origin/HiSTBLinux/out/hi3798mv100/hi3798mv100_out/obj/source/boot/product/loader/schedule -I/home/ray/workplace/git_download/HiSTB_origin/HiSTBLinux/out/hi3798mv100/hi3798mv100_out/obj/source/boot/product/logo/include -I/home/ray/workplace/git_download/HiSTB_origin/HiSTBLinux/out/hi3798mv100/hi3798mv100_out/obj/source/boot/product/driver/graphic/include -I/home/ray/workplace/git_download/HiSTB_origin/HiSTBLinux/out/hi3798mv100/hi3798mv100_out/obj/source/boot/product/adp/include -I/home/ray/workplace/git_download/HiSTB_origin/HiSTBLinux/out/hi3798mv100/hi3798mv100_out/obj/source/boot/product/pdm/include -I/home/ray/workplace/git_download/HiSTB_origin/HiSTBLinux/source/common/include -I/home/ray/workplace/git_download/HiSTB_origin/HiSTBLinux/source/common/drv/include -I/home/ray/workplace/git_download/HiSTB_origin/HiSTBLinux/out/hi3798mv100/hi3798mv100_out/obj/source/boot/miniboot/app -DCONFIG_ARM -D__ARM__ -DHI_PM_POWERUP_MODE1_SUPPORT -DHI_AVS_SUPPORT -I/home/ray/workplace/git_download/HiSTB_origin/HiSTBLinux/out/hi3798mv100/hi3798mv100_out/obj/source/boot/product/driver/include -I/home/ray/workplace/git_download/HiSTB_origin/HiSTBLinux/out/hi3798mv100/hi3798mv100_out/obj/source/boot/product/driver/include_inc -I/home/ray/workplace/git_download/HiSTB_origin/HiSTBLinux/source/boot/fastboot/arch/arm/include -I/home/ray/workplace/git_download/HiSTB_origin/HiSTBLinux/source/boot/fastboot/include -I/home/ray/workplace/git_download/HiSTB_origin/HiSTBLinux/source/common/include -I/home/ray/workplace/git_download/HiSTB_origin/HiSTBLinux/out/hi3798mv100/hi3798mv100_out/obj/source/boot/product/driver/hdmi -I/home/ray/workplace/git_download/HiSTB_origin/HiSTBLinux/out/hi3798mv100/hi3798mv100_out/obj/source/boot/product/logo/include -I/home/ray/workplace/git_download/HiSTB_origin/HiSTBLinux/out/hi3798mv100/hi3798mv100_out/obj/source/boot/product/driver/graphic/include -DHI_HDMI_4K_SUPPORT   -c -o txvptbl.o txvptbl.c
arm-histbv310-linux-gcc -g -Os -D__KERNEL__ -fno-strict-aliasing -fno-common -ffixed-r8 -nostdinc -isystem /home/ray/workplace/git_download/HiSTB_origin/HiSTBLinux/tools/linux/toolchains/arm-histbv310-linux/bin/../lib/gcc/arm-gcc492_glibc224-linux-gnueabi/4.9.2/include  -fno-builtin -ffreestanding  -pipe -marm  -mabi=aapcs-linux -mfloat-abi=soft -mno-thumb-interwork -Wall -Wstrict-prototypes -fno-stack-protector -I/home/ray/workplace/git_download/HiSTB_origin/HiSTBLinux/out/hi3798mv100/hi3798mv100_out/obj/source/boot/fastboot/include -mcpu=cortex-a7 -Werror -Wall -D_GNU_SOURCE -D_XOPEN_SOURCE=600 -O2 -fPIC -DCHIP_TYPE_hi3798mv100 -DSDK_VERSION="HiSTBLinuxV100R005C00SPC050_20170731" -DHI_LOG_SUPPORT=1 -DHI_LOG_LEVEL=4 -DLOG_NETWORK_SUPPORT -DLOG_UDISK_SUPPORT -DHI_PROC_SUPPORT=1 -DHI_HDMI_SUPPORT_1_4 -DHI_PVR_SUPPORT -DHI_VI_SUPPORT -DHI_VENC_SUPPORT -DHI_PQ_V3_0  -I/home/ray/workplace/git_download/HiSTB_origin/HiSTBLinux/out/hi3798mv100/hi3798mv100_out/obj/source/boot/product/driver/include -I/home/ray/workplace/git_download/HiSTB_origin/HiSTBLinux/out/hi3798mv100/hi3798mv100_out/obj/source/boot/product/driver/include_inc -I/home/ray/workplace/git_download/HiSTB_origin/HiSTBLinux/out/hi3798mv100/hi3798mv100_out/obj/source/boot/product/loader/schedule -I/home/ray/workplace/git_download/HiSTB_origin/HiSTBLinux/out/hi3798mv100/hi3798mv100_out/obj/source/boot/product/logo/include -I/home/ray/workplace/git_download/HiSTB_origin/HiSTBLinux/out/hi3798mv100/hi3798mv100_out/obj/source/boot/product/driver/graphic/include -I/home/ray/workplace/git_download/HiSTB_origin/HiSTBLinux/out/hi3798mv100/hi3798mv100_out/obj/source/boot/product/adp/include -I/home/ray/workplace/git_download/HiSTB_origin/HiSTBLinux/out/hi3798mv100/hi3798mv100_out/obj/source/boot/product/pdm/include -I/home/ray/workplace/git_download/HiSTB_origin/HiSTBLinux/source/common/include -I/home/ray/workplace/git_download/HiSTB_origin/HiSTBLinux/source/common/drv/include -I/home/ray/workplace/git_download/HiSTB_origin/HiSTBLinux/out/hi3798mv100/hi3798mv100_out/obj/source/boot/miniboot/app -DCONFIG_ARM -D__ARM__ -DHI_PM_POWERUP_MODE1_SUPPORT -DHI_AVS_SUPPORT -I/home/ray/workplace/git_download/HiSTB_origin/HiSTBLinux/out/hi3798mv100/hi3798mv100_out/obj/source/boot/product/driver/include -I/home/ray/workplace/git_download/HiSTB_origin/HiSTBLinux/out/hi3798mv100/hi3798mv100_out/obj/source/boot/product/driver/include_inc -I/home/ray/workplace/git_download/HiSTB_origin/HiSTBLinux/source/boot/fastboot/arch/arm/include -I/home/ray/workplace/git_download/HiSTB_origin/HiSTBLinux/source/boot/fastboot/include -I/home/ray/workplace/git_download/HiSTB_origin/HiSTBLinux/source/common/include -I/home/ray/workplace/git_download/HiSTB_origin/HiSTBLinux/out/hi3798mv100/hi3798mv100_out/obj/source/boot/product/driver/hdmi -I/home/ray/workplace/git_download/HiSTB_origin/HiSTBLinux/out/hi3798mv100/hi3798mv100_out/obj/source/boot/product/logo/include -I/home/ray/workplace/git_download/HiSTB_origin/HiSTBLinux/out/hi3798mv100/hi3798mv100_out/obj/source/boot/product/driver/graphic/include -DHI_HDMI_4K_SUPPORT   -c -o phy.o phy.c
  LD      arch/arm/kernel/built-in.o
arm-histbv310-linux-gcc -g -Os -D__KERNEL__ -fno-strict-aliasing -fno-common -ffixed-r8 -nostdinc -isystem /home/ray/workplace/git_download/HiSTB_origin/HiSTBLinux/tools/linux/toolchains/arm-histbv310-linux/bin/../lib/gcc/arm-gcc492_glibc224-linux-gnueabi/4.9.2/include  -fno-builtin -ffreestanding  -pipe -marm  -mabi=aapcs-linux -mfloat-abi=soft -mno-thumb-interwork -Wall -Wstrict-prototypes -fno-stack-protector -I/home/ray/workplace/git_download/HiSTB_origin/HiSTBLinux/out/hi3798mv100/hi3798mv100_out/obj/source/boot/fastboot/include -mcpu=cortex-a7 -Werror -Wall -D_GNU_SOURCE -D_XOPEN_SOURCE=600 -O2 -fPIC -DCHIP_TYPE_hi3798mv100 -DSDK_VERSION="HiSTBLinuxV100R005C00SPC050_20170731" -DHI_LOG_SUPPORT=1 -DHI_LOG_LEVEL=4 -DLOG_NETWORK_SUPPORT -DLOG_UDISK_SUPPORT -DHI_PROC_SUPPORT=1 -DHI_HDMI_SUPPORT_1_4 -DHI_PVR_SUPPORT -DHI_VI_SUPPORT -DHI_VENC_SUPPORT -DHI_PQ_V3_0  -I/home/ray/workplace/git_download/HiSTB_origin/HiSTBLinux/out/hi3798mv100/hi3798mv100_out/obj/source/boot/product/driver/include -I/home/ray/workplace/git_download/HiSTB_origin/HiSTBLinux/out/hi3798mv100/hi3798mv100_out/obj/source/boot/product/driver/include_inc -I/home/ray/workplace/git_download/HiSTB_origin/HiSTBLinux/out/hi3798mv100/hi3798mv100_out/obj/source/boot/product/loader/schedule -I/home/ray/workplace/git_download/HiSTB_origin/HiSTBLinux/out/hi3798mv100/hi3798mv100_out/obj/source/boot/product/logo/include -I/home/ray/workplace/git_download/HiSTB_origin/HiSTBLinux/out/hi3798mv100/hi3798mv100_out/obj/source/boot/product/driver/graphic/include -I/home/ray/workplace/git_download/HiSTB_origin/HiSTBLinux/out/hi3798mv100/hi3798mv100_out/obj/source/boot/product/adp/include -I/home/ray/workplace/git_download/HiSTB_origin/HiSTBLinux/out/hi3798mv100/hi3798mv100_out/obj/source/boot/product/pdm/include -I/home/ray/workplace/git_download/HiSTB_origin/HiSTBLinux/source/common/include -I/home/ray/workplace/git_download/HiSTB_origin/HiSTBLinux/source/common/drv/include -I/home/ray/workplace/git_download/HiSTB_origin/HiSTBLinux/out/hi3798mv100/hi3798mv100_out/obj/source/boot/miniboot/app -DCONFIG_ARM -D__ARM__ -DHI_PM_POWERUP_MODE1_SUPPORT -DHI_AVS_SUPPORT -I/home/ray/workplace/git_download/HiSTB_origin/HiSTBLinux/out/hi3798mv100/hi3798mv100_out/obj/source/boot/product/driver/include -I/home/ray/workplace/git_download/HiSTB_origin/HiSTBLinux/out/hi3798mv100/hi3798mv100_out/obj/source/boot/product/driver/include_inc -I/home/ray/workplace/git_download/HiSTB_origin/HiSTBLinux/source/boot/fastboot/arch/arm/include -I/home/ray/workplace/git_download/HiSTB_origin/HiSTBLinux/source/boot/fastboot/include -I/home/ray/workplace/git_download/HiSTB_origin/HiSTBLinux/source/common/include -I/home/ray/workplace/git_download/HiSTB_origin/HiSTBLinux/out/hi3798mv100/hi3798mv100_out/obj/source/boot/product/driver/hdmi -I/home/ray/workplace/git_download/HiSTB_origin/HiSTBLinux/out/hi3798mv100/hi3798mv100_out/obj/source/boot/product/logo/include -I/home/ray/workplace/git_download/HiSTB_origin/HiSTBLinux/out/hi3798mv100/hi3798mv100_out/obj/source/boot/product/driver/graphic/include -DHI_HDMI_4K_SUPPORT   -c -o timer.o timer.c
  CC      kernel/ksysfs.o
  CC      kernel/cred.o
arm-histbv310-linux-gcc -g -Os -D__KERNEL__ -fno-strict-aliasing -fno-common -ffixed-r8 -nostdinc -isystem /home/ray/workplace/git_download/HiSTB_origin/HiSTBLinux/tools/linux/toolchains/arm-histbv310-linux/bin/../lib/gcc/arm-gcc492_glibc224-linux-gnueabi/4.9.2/include  -fno-builtin -ffreestanding  -pipe -marm  -mabi=aapcs-linux -mfloat-abi=soft -mno-thumb-interwork -Wall -Wstrict-prototypes -fno-stack-protector -I/home/ray/workplace/git_download/HiSTB_origin/HiSTBLinux/out/hi3798mv100/hi3798mv100_out/obj/source/boot/fastboot/include -mcpu=cortex-a7 -Werror -Wall -D_GNU_SOURCE -D_XOPEN_SOURCE=600 -O2 -fPIC -DCHIP_TYPE_hi3798mv100 -DSDK_VERSION="HiSTBLinuxV100R005C00SPC050_20170731" -DHI_LOG_SUPPORT=1 -DHI_LOG_LEVEL=4 -DLOG_NETWORK_SUPPORT -DLOG_UDISK_SUPPORT -DHI_PROC_SUPPORT=1 -DHI_HDMI_SUPPORT_1_4 -DHI_PVR_SUPPORT -DHI_VI_SUPPORT -DHI_VENC_SUPPORT -DHI_PQ_V3_0  -I/home/ray/workplace/git_download/HiSTB_origin/HiSTBLinux/out/hi3798mv100/hi3798mv100_out/obj/source/boot/product/driver/include -I/home/ray/workplace/git_download/HiSTB_origin/HiSTBLinux/out/hi3798mv100/hi3798mv100_out/obj/source/boot/product/driver/include_inc -I/home/ray/workplace/git_download/HiSTB_origin/HiSTBLinux/out/hi3798mv100/hi3798mv100_out/obj/source/boot/product/loader/schedule -I/home/ray/workplace/git_download/HiSTB_origin/HiSTBLinux/out/hi3798mv100/hi3798mv100_out/obj/source/boot/product/logo/include -I/home/ray/workplace/git_download/HiSTB_origin/HiSTBLinux/out/hi3798mv100/hi3798mv100_out/obj/source/boot/product/driver/graphic/include -I/home/ray/workplace/git_download/HiSTB_origin/HiSTBLinux/out/hi3798mv100/hi3798mv100_out/obj/source/boot/product/adp/include -I/home/ray/workplace/git_download/HiSTB_origin/HiSTBLinux/out/hi3798mv100/hi3798mv100_out/obj/source/boot/product/pdm/include -I/home/ray/workplace/git_download/HiSTB_origin/HiSTBLinux/source/common/include -I/home/ray/workplace/git_download/HiSTB_origin/HiSTBLinux/source/common/drv/include -I/home/ray/workplace/git_download/HiSTB_origin/HiSTBLinux/out/hi3798mv100/hi3798mv100_out/obj/source/boot/miniboot/app -DCONFIG_ARM -D__ARM__ -DHI_PM_POWERUP_MODE1_SUPPORT -DHI_AVS_SUPPORT -I/home/ray/workplace/git_download/HiSTB_origin/HiSTBLinux/out/hi3798mv100/hi3798mv100_out/obj/source/boot/product/driver/include -I/home/ray/workplace/git_download/HiSTB_origin/HiSTBLinux/out/hi3798mv100/hi3798mv100_out/obj/source/boot/product/driver/include_inc -I/home/ray/workplace/git_download/HiSTB_origin/HiSTBLinux/source/boot/fastboot/arch/arm/include -I/home/ray/workplace/git_download/HiSTB_origin/HiSTBLinux/source/boot/fastboot/include -I/home/ray/workplace/git_download/HiSTB_origin/HiSTBLinux/source/common/include -I/home/ray/workplace/git_download/HiSTB_origin/HiSTBLinux/out/hi3798mv100/hi3798mv100_out/obj/source/boot/product/driver/hdmi -I/home/ray/workplace/git_download/HiSTB_origin/HiSTBLinux/out/hi3798mv100/hi3798mv100_out/obj/source/boot/product/logo/include -I/home/ray/workplace/git_download/HiSTB_origin/HiSTBLinux/out/hi3798mv100/hi3798mv100_out/obj/source/boot/product/driver/graphic/include -DHI_HDMI_4K_SUPPORT   -c -o si_vmode.o si_vmode.c
arm-histbv310-linux-gcc -g -Os -D__KERNEL__ -fno-strict-aliasing -fno-common -ffixed-r8 -nostdinc -isystem /home/ray/workplace/git_download/HiSTB_origin/HiSTBLinux/tools/linux/toolchains/arm-histbv310-linux/bin/../lib/gcc/arm-gcc492_glibc224-linux-gnueabi/4.9.2/include  -fno-builtin -ffreestanding  -pipe -marm  -mabi=aapcs-linux -mfloat-abi=soft -mno-thumb-interwork -Wall -Wstrict-prototypes -fno-stack-protector -I/home/ray/workplace/git_download/HiSTB_origin/HiSTBLinux/out/hi3798mv100/hi3798mv100_out/obj/source/boot/fastboot/include -mcpu=cortex-a7 -Werror -Wall -D_GNU_SOURCE -D_XOPEN_SOURCE=600 -O2 -fPIC -DCHIP_TYPE_hi3798mv100 -DSDK_VERSION="HiSTBLinuxV100R005C00SPC050_20170731" -DHI_LOG_SUPPORT=1 -DHI_LOG_LEVEL=4 -DLOG_NETWORK_SUPPORT -DLOG_UDISK_SUPPORT -DHI_PROC_SUPPORT=1 -DHI_HDMI_SUPPORT_1_4 -DHI_PVR_SUPPORT -DHI_VI_SUPPORT -DHI_VENC_SUPPORT -DHI_PQ_V3_0  -I/home/ray/workplace/git_download/HiSTB_origin/HiSTBLinux/out/hi3798mv100/hi3798mv100_out/obj/source/boot/product/driver/include -I/home/ray/workplace/git_download/HiSTB_origin/HiSTBLinux/out/hi3798mv100/hi3798mv100_out/obj/source/boot/product/driver/include_inc -I/home/ray/workplace/git_download/HiSTB_origin/HiSTBLinux/out/hi3798mv100/hi3798mv100_out/obj/source/boot/product/loader/schedule -I/home/ray/workplace/git_download/HiSTB_origin/HiSTBLinux/out/hi3798mv100/hi3798mv100_out/obj/source/boot/product/logo/include -I/home/ray/workplace/git_download/HiSTB_origin/HiSTBLinux/out/hi3798mv100/hi3798mv100_out/obj/source/boot/product/driver/graphic/include -I/home/ray/workplace/git_download/HiSTB_origin/HiSTBLinux/out/hi3798mv100/hi3798mv100_out/obj/source/boot/product/adp/include -I/home/ray/workplace/git_download/HiSTB_origin/HiSTBLinux/out/hi3798mv100/hi3798mv100_out/obj/source/boot/product/pdm/include -I/home/ray/workplace/git_download/HiSTB_origin/HiSTBLinux/source/common/include -I/home/ray/workplace/git_download/HiSTB_origin/HiSTBLinux/source/common/drv/include -I/home/ray/workplace/git_download/HiSTB_origin/HiSTBLinux/out/hi3798mv100/hi3798mv100_out/obj/source/boot/miniboot/app -DCONFIG_ARM -D__ARM__ -DHI_PM_POWERUP_MODE1_SUPPORT -DHI_AVS_SUPPORT -I/home/ray/workplace/git_download/HiSTB_origin/HiSTBLinux/out/hi3798mv100/hi3798mv100_out/obj/source/boot/product/driver/include -I/home/ray/workplace/git_download/HiSTB_origin/HiSTBLinux/out/hi3798mv100/hi3798mv100_out/obj/source/boot/product/driver/include_inc -I/home/ray/workplace/git_download/HiSTB_origin/HiSTBLinux/source/boot/fastboot/arch/arm/include -I/home/ray/workplace/git_download/HiSTB_origin/HiSTBLinux/source/boot/fastboot/include -I/home/ray/workplace/git_download/HiSTB_origin/HiSTBLinux/source/common/include -I/home/ray/workplace/git_download/HiSTB_origin/HiSTBLinux/out/hi3798mv100/hi3798mv100_out/obj/source/boot/product/driver/hdmi -I/home/ray/workplace/git_download/HiSTB_origin/HiSTBLinux/out/hi3798mv100/hi3798mv100_out/obj/source/boot/product/logo/include -I/home/ray/workplace/git_download/HiSTB_origin/HiSTBLinux/out/hi3798mv100/hi3798mv100_out/obj/source/boot/product/driver/graphic/include -DHI_HDMI_4K_SUPPORT   -c -o de.o de.c
arm-histbv310-linux-gcc -g -Os -D__KERNEL__ -fno-strict-aliasing -fno-common -ffixed-r8 -nostdinc -isystem /home/ray/workplace/git_download/HiSTB_origin/HiSTBLinux/tools/linux/toolchains/arm-histbv310-linux/bin/../lib/gcc/arm-gcc492_glibc224-linux-gnueabi/4.9.2/include  -fno-builtin -ffreestanding  -pipe -marm  -mabi=aapcs-linux -mfloat-abi=soft -mno-thumb-interwork -Wall -Wstrict-prototypes -fno-stack-protector -I/home/ray/workplace/git_download/HiSTB_origin/HiSTBLinux/out/hi3798mv100/hi3798mv100_out/obj/source/boot/fastboot/include -mcpu=cortex-a7 -Werror -Wall -D_GNU_SOURCE -D_XOPEN_SOURCE=600 -O2 -fPIC -DCHIP_TYPE_hi3798mv100 -DSDK_VERSION="HiSTBLinuxV100R005C00SPC050_20170731" -DHI_LOG_SUPPORT=1 -DHI_LOG_LEVEL=4 -DLOG_NETWORK_SUPPORT -DLOG_UDISK_SUPPORT -DHI_PROC_SUPPORT=1 -DHI_HDMI_SUPPORT_1_4 -DHI_PVR_SUPPORT -DHI_VI_SUPPORT -DHI_VENC_SUPPORT -DHI_PQ_V3_0  -I/home/ray/workplace/git_download/HiSTB_origin/HiSTBLinux/out/hi3798mv100/hi3798mv100_out/obj/source/boot/product/driver/include -I/home/ray/workplace/git_download/HiSTB_origin/HiSTBLinux/out/hi3798mv100/hi3798mv100_out/obj/source/boot/product/driver/include_inc -I/home/ray/workplace/git_download/HiSTB_origin/HiSTBLinux/out/hi3798mv100/hi3798mv100_out/obj/source/boot/product/loader/schedule -I/home/ray/workplace/git_download/HiSTB_origin/HiSTBLinux/out/hi3798mv100/hi3798mv100_out/obj/source/boot/product/logo/include -I/home/ray/workplace/git_download/HiSTB_origin/HiSTBLinux/out/hi3798mv100/hi3798mv100_out/obj/source/boot/product/driver/graphic/include -I/home/ray/workplace/git_download/HiSTB_origin/HiSTBLinux/out/hi3798mv100/hi3798mv100_out/obj/source/boot/product/adp/include -I/home/ray/workplace/git_download/HiSTB_origin/HiSTBLinux/out/hi3798mv100/hi3798mv100_out/obj/source/boot/product/pdm/include -I/home/ray/workplace/git_download/HiSTB_origin/HiSTBLinux/source/common/include -I/home/ray/workplace/git_download/HiSTB_origin/HiSTBLinux/source/common/drv/include -I/home/ray/workplace/git_download/HiSTB_origin/HiSTBLinux/out/hi3798mv100/hi3798mv100_out/obj/source/boot/miniboot/app -DCONFIG_ARM -D__ARM__ -DHI_PM_POWERUP_MODE1_SUPPORT -DHI_AVS_SUPPORT -I/home/ray/workplace/git_download/HiSTB_origin/HiSTBLinux/out/hi3798mv100/hi3798mv100_out/obj/source/boot/product/driver/include -I/home/ray/workplace/git_download/HiSTB_origin/HiSTBLinux/out/hi3798mv100/hi3798mv100_out/obj/source/boot/product/driver/include_inc -I/home/ray/workplace/git_download/HiSTB_origin/HiSTBLinux/source/boot/fastboot/arch/arm/include -I/home/ray/workplace/git_download/HiSTB_origin/HiSTBLinux/source/boot/fastboot/include -I/home/ray/workplace/git_download/HiSTB_origin/HiSTBLinux/source/common/include -I/home/ray/workplace/git_download/HiSTB_origin/HiSTBLinux/out/hi3798mv100/hi3798mv100_out/obj/source/boot/product/driver/hdmi -I/home/ray/workplace/git_download/HiSTB_origin/HiSTBLinux/out/hi3798mv100/hi3798mv100_out/obj/source/boot/product/logo/include -I/home/ray/workplace/git_download/HiSTB_origin/HiSTBLinux/out/hi3798mv100/hi3798mv100_out/obj/source/boot/product/driver/graphic/include -DHI_HDMI_4K_SUPPORT   -c -o vsdb.o vsdb.c
  CC      kernel/reboot.o
  CC      kernel/async.o
make[5]: Leaving directory '/home/ray/workplace/git_download/HiSTB_origin/HiSTBLinux/out/hi3798mv100/hi3798mv100_out/obj/source/boot/product/driver/hdmi/hdmi_1_4'
make[4]: Leaving directory '/home/ray/workplace/git_download/HiSTB_origin/HiSTBLinux/out/hi3798mv100/hi3798mv100_out/obj/source/boot/product/driver/hdmi'
make -C i2c all
make[4]: Entering directory '/home/ray/workplace/git_download/HiSTB_origin/HiSTBLinux/out/hi3798mv100/hi3798mv100_out/obj/source/boot/product/driver/i2c'
arm-histbv310-linux-gcc -g -Os -D__KERNEL__ -fno-strict-aliasing -fno-common -ffixed-r8 -nostdinc -isystem /home/ray/workplace/git_download/HiSTB_origin/HiSTBLinux/tools/linux/toolchains/arm-histbv310-linux/bin/../lib/gcc/arm-gcc492_glibc224-linux-gnueabi/4.9.2/include  -fno-builtin -ffreestanding  -pipe -marm  -mabi=aapcs-linux -mfloat-abi=soft -mno-thumb-interwork -Wall -Wstrict-prototypes -fno-stack-protector -I/home/ray/workplace/git_download/HiSTB_origin/HiSTBLinux/out/hi3798mv100/hi3798mv100_out/obj/source/boot/fastboot/include -mcpu=cortex-a7 -Werror -Wall -D_GNU_SOURCE -D_XOPEN_SOURCE=600 -O2 -fPIC -DCHIP_TYPE_hi3798mv100 -DSDK_VERSION="HiSTBLinuxV100R005C00SPC050_20170731" -DHI_LOG_SUPPORT=1 -DHI_LOG_LEVEL=4 -DLOG_NETWORK_SUPPORT -DLOG_UDISK_SUPPORT -DHI_PROC_SUPPORT=1 -DHI_HDMI_SUPPORT_1_4 -DHI_PVR_SUPPORT -DHI_VI_SUPPORT -DHI_VENC_SUPPORT -DHI_PQ_V3_0  -I/home/ray/workplace/git_download/HiSTB_origin/HiSTBLinux/out/hi3798mv100/hi3798mv100_out/obj/source/boot/product/driver/include -I/home/ray/workplace/git_download/HiSTB_origin/HiSTBLinux/out/hi3798mv100/hi3798mv100_out/obj/source/boot/product/driver/include_inc -I/home/ray/workplace/git_download/HiSTB_origin/HiSTBLinux/out/hi3798mv100/hi3798mv100_out/obj/source/boot/product/loader/schedule -I/home/ray/workplace/git_download/HiSTB_origin/HiSTBLinux/out/hi3798mv100/hi3798mv100_out/obj/source/boot/product/logo/include -I/home/ray/workplace/git_download/HiSTB_origin/HiSTBLinux/out/hi3798mv100/hi3798mv100_out/obj/source/boot/product/driver/graphic/include -I/home/ray/workplace/git_download/HiSTB_origin/HiSTBLinux/out/hi3798mv100/hi3798mv100_out/obj/source/boot/product/adp/include -I/home/ray/workplace/git_download/HiSTB_origin/HiSTBLinux/out/hi3798mv100/hi3798mv100_out/obj/source/boot/product/pdm/include -I/home/ray/workplace/git_download/HiSTB_origin/HiSTBLinux/source/common/include -I/home/ray/workplace/git_download/HiSTB_origin/HiSTBLinux/source/common/drv/include -I/home/ray/workplace/git_download/HiSTB_origin/HiSTBLinux/out/hi3798mv100/hi3798mv100_out/obj/source/boot/miniboot/app -DCONFIG_ARM -D__ARM__ -DHI_PM_POWERUP_MODE1_SUPPORT -DHI_AVS_SUPPORT -I/home/ray/workplace/git_download/HiSTB_origin/HiSTBLinux/out/hi3798mv100/hi3798mv100_out/obj/source/boot/product/driver/include -I/home/ray/workplace/git_download/HiSTB_origin/HiSTBLinux/out/hi3798mv100/hi3798mv100_out/obj/source/boot/product/driver/include_inc -I/home/ray/workplace/git_download/HiSTB_origin/HiSTBLinux/source/common/include -I/home/ray/workplace/git_download/HiSTB_origin/HiSTBLinux/source/boot/fastboot/include   -c -o drv_i2c.o drv_i2c.c
  CC      ipc/util.o
  CC      ipc/msgutil.o
make[4]: Leaving directory '/home/ray/workplace/git_download/HiSTB_origin/HiSTBLinux/out/hi3798mv100/hi3798mv100_out/obj/source/boot/product/driver/i2c'
make -C gpio all
make[4]: Entering directory '/home/ray/workplace/git_download/HiSTB_origin/HiSTBLinux/out/hi3798mv100/hi3798mv100_out/obj/source/boot/product/driver/gpio'
arm-histbv310-linux-gcc -g -Os -D__KERNEL__ -fno-strict-aliasing -fno-common -ffixed-r8 -nostdinc -isystem /home/ray/workplace/git_download/HiSTB_origin/HiSTBLinux/tools/linux/toolchains/arm-histbv310-linux/bin/../lib/gcc/arm-gcc492_glibc224-linux-gnueabi/4.9.2/include  -fno-builtin -ffreestanding  -pipe -marm  -mabi=aapcs-linux -mfloat-abi=soft -mno-thumb-interwork -Wall -Wstrict-prototypes -fno-stack-protector -I/home/ray/workplace/git_download/HiSTB_origin/HiSTBLinux/out/hi3798mv100/hi3798mv100_out/obj/source/boot/fastboot/include -mcpu=cortex-a7 -Werror -Wall -D_GNU_SOURCE -D_XOPEN_SOURCE=600 -O2 -fPIC -DCHIP_TYPE_hi3798mv100 -DSDK_VERSION="HiSTBLinuxV100R005C00SPC050_20170731" -DHI_LOG_SUPPORT=1 -DHI_LOG_LEVEL=4 -DLOG_NETWORK_SUPPORT -DLOG_UDISK_SUPPORT -DHI_PROC_SUPPORT=1 -DHI_HDMI_SUPPORT_1_4 -DHI_PVR_SUPPORT -DHI_VI_SUPPORT -DHI_VENC_SUPPORT -DHI_PQ_V3_0  -I/home/ray/workplace/git_download/HiSTB_origin/HiSTBLinux/out/hi3798mv100/hi3798mv100_out/obj/source/boot/product/driver/include -I/home/ray/workplace/git_download/HiSTB_origin/HiSTBLinux/out/hi3798mv100/hi3798mv100_out/obj/source/boot/product/driver/include_inc -I/home/ray/workplace/git_download/HiSTB_origin/HiSTBLinux/out/hi3798mv100/hi3798mv100_out/obj/source/boot/product/loader/schedule -I/home/ray/workplace/git_download/HiSTB_origin/HiSTBLinux/out/hi3798mv100/hi3798mv100_out/obj/source/boot/product/logo/include -I/home/ray/workplace/git_download/HiSTB_origin/HiSTBLinux/out/hi3798mv100/hi3798mv100_out/obj/source/boot/product/driver/graphic/include -I/home/ray/workplace/git_download/HiSTB_origin/HiSTBLinux/out/hi3798mv100/hi3798mv100_out/obj/source/boot/product/adp/include -I/home/ray/workplace/git_download/HiSTB_origin/HiSTBLinux/out/hi3798mv100/hi3798mv100_out/obj/source/boot/product/pdm/include -I/home/ray/workplace/git_download/HiSTB_origin/HiSTBLinux/source/common/include -I/home/ray/workplace/git_download/HiSTB_origin/HiSTBLinux/source/common/drv/include -I/home/ray/workplace/git_download/HiSTB_origin/HiSTBLinux/out/hi3798mv100/hi3798mv100_out/obj/source/boot/miniboot/app -DCONFIG_ARM -D__ARM__ -DHI_PM_POWERUP_MODE1_SUPPORT -DHI_AVS_SUPPORT -I/home/ray/workplace/git_download/HiSTB_origin/HiSTBLinux/out/hi3798mv100/hi3798mv100_out/obj/source/boot/product/driver/include -I/home/ray/workplace/git_download/HiSTB_origin/HiSTBLinux/out/hi3798mv100/hi3798mv100_out/obj/source/boot/product/driver/include_inc -I/home/ray/workplace/git_download/HiSTB_origin/HiSTBLinux/source/common/include -I/home/ray/workplace/git_download/HiSTB_origin/HiSTBLinux/source/boot/fastboot/include   -c -o drv_gpio.o drv_gpio.c
  CC      mm/filemap.o
  CC      security/integrity/iint.o
make[4]: Leaving directory '/home/ray/workplace/git_download/HiSTB_origin/HiSTBLinux/out/hi3798mv100/hi3798mv100_out/obj/source/boot/product/driver/gpio'
make -C pdm all
make[4]: Entering directory '/home/ray/workplace/git_download/HiSTB_origin/HiSTBLinux/out/hi3798mv100/hi3798mv100_out/obj/source/boot/product/driver/pdm'
arm-histbv310-linux-gcc -g -Os -D__KERNEL__ -fno-strict-aliasing -fno-common -ffixed-r8 -nostdinc -isystem /home/ray/workplace/git_download/HiSTB_origin/HiSTBLinux/tools/linux/toolchains/arm-histbv310-linux/bin/../lib/gcc/arm-gcc492_glibc224-linux-gnueabi/4.9.2/include  -fno-builtin -ffreestanding  -pipe -marm  -mabi=aapcs-linux -mfloat-abi=soft -mno-thumb-interwork -Wall -Wstrict-prototypes -fno-stack-protector -I/home/ray/workplace/git_download/HiSTB_origin/HiSTBLinux/out/hi3798mv100/hi3798mv100_out/obj/source/boot/fastboot/include -mcpu=cortex-a7 -Werror -Wall -D_GNU_SOURCE -D_XOPEN_SOURCE=600 -O2 -fPIC -DCHIP_TYPE_hi3798mv100 -DSDK_VERSION="HiSTBLinuxV100R005C00SPC050_20170731" -DHI_LOG_SUPPORT=1 -DHI_LOG_LEVEL=4 -DLOG_NETWORK_SUPPORT -DLOG_UDISK_SUPPORT -DHI_PROC_SUPPORT=1 -DHI_HDMI_SUPPORT_1_4 -DHI_PVR_SUPPORT -DHI_VI_SUPPORT -DHI_VENC_SUPPORT -DHI_PQ_V3_0  -I/home/ray/workplace/git_download/HiSTB_origin/HiSTBLinux/out/hi3798mv100/hi3798mv100_out/obj/source/boot/product/driver/include -I/home/ray/workplace/git_download/HiSTB_origin/HiSTBLinux/out/hi3798mv100/hi3798mv100_out/obj/source/boot/product/driver/include_inc -I/home/ray/workplace/git_download/HiSTB_origin/HiSTBLinux/out/hi3798mv100/hi3798mv100_out/obj/source/boot/product/loader/schedule -I/home/ray/workplace/git_download/HiSTB_origin/HiSTBLinux/out/hi3798mv100/hi3798mv100_out/obj/source/boot/product/logo/include -I/home/ray/workplace/git_download/HiSTB_origin/HiSTBLinux/out/hi3798mv100/hi3798mv100_out/obj/source/boot/product/driver/graphic/include -I/home/ray/workplace/git_download/HiSTB_origin/HiSTBLinux/out/hi3798mv100/hi3798mv100_out/obj/source/boot/product/adp/include -I/home/ray/workplace/git_download/HiSTB_origin/HiSTBLinux/out/hi3798mv100/hi3798mv100_out/obj/source/boot/product/pdm/include -I/home/ray/workplace/git_download/HiSTB_origin/HiSTBLinux/source/common/include -I/home/ray/workplace/git_download/HiSTB_origin/HiSTBLinux/source/common/drv/include -I/home/ray/workplace/git_download/HiSTB_origin/HiSTBLinux/out/hi3798mv100/hi3798mv100_out/obj/source/boot/miniboot/app -DCONFIG_ARM -D__ARM__ -DHI_PM_POWERUP_MODE1_SUPPORT -DHI_AVS_SUPPORT -I/home/ray/workplace/git_download/HiSTB_origin/HiSTBLinux/out/hi3798mv100/hi3798mv100_out/obj/source/boot/product/driver/include -I/home/ray/workplace/git_download/HiSTB_origin/HiSTBLinux/out/hi3798mv100/hi3798mv100_out/obj/source/boot/product/driver/include_inc -I/home/ray/workplace/git_download/HiSTB_origin/HiSTBLinux/source/boot/fastboot/arch/arm/include -I/home/ray/workplace/git_download/HiSTB_origin/HiSTBLinux/source/boot/fastboot/include -DHI_DAC_CVBS=0 -DHI_SND_MUTECTL_GPIO= -DHI_TSI_port_NUMBER=4 -DHI_TSO_PORT_NUMBER=2 -DHI_IF0_TYPE=2 -DHI_IF0_BIT_SELECTOR=1 -DHI_TSI0_TYPE=2 -DHI_TSI0_CLK_PHASE_REVERSE=0 -DHI_TSI0_BIT_SELECTOR=0 -DHI_TSI0_SERIAL_SHARE_CLK=0x20 -DHI_TSI1_TYPE=2 -DHI_TSI1_CLK_PHASE_REVERSE=0 -DHI_TSI1_BIT_SELECTOR=1 -DHI_TSI1_SERIAL_SHARE_CLK=0x21 -DHI_TSI2_TYPE=2 -DHI_TSI2_CLK_PHASE_REVERSE=0 -DHI_TSI2_BIT_SELECTOR=1 -DHI_TSI2_SERIAL_SHARE_CLK=0x22 -DHI_TSI3_TYPE=2 -DHI_TSI3_CLK_PHASE_REVERSE=0 -DHI_TSI3_BIT_SELECTOR=1 -DHI_TSI3_SERIAL_SHARE_CLK=0x23 -DHI_TSI4_TYPE=2 -DHI_TSI4_CLK_PHASE_REVERSE=0 -DHI_TSI4_BIT_SELECTOR=1 -DHI_TSI4_SERIAL_SHARE_CLK=0x24 -DHI_TSI5_TYPE=2 -DHI_TSI5_CLK_PHASE_REVERSE=0 -DHI_TSI5_BIT_SELECTOR=1 -DHI_TSI5_SERIAL_SHARE_CLK=0x25 -DHI_TSO0_CLK=0 -DHI_TSO0_CLK_MODE=0 -DHI_TSO0_VALID_MODE=0 -DHI_TSO0_SERIAL=1 -DHI_TSO0_BIT_SELECTOR=0 -DHI_TSO1_CLK=0 -DHI_TSO1_CLK_MODE=0 -DHI_TSO1_VALID_MODE=0 -DHI_TSO1_SERIAL=1 -DHI_TSO1_BIT_SELECTOR=0 -DHI_TUNER_NUMBER= -DHI_TUNER0_ID=0 -DHI_TUNER_DEV_ADDR=0xc6 -DHI_DEMOD_DEV_ADDR=0xb6 -DHI_DEMOD_RESET_GPIO=0 -DHI_DEMUX_PORT=0 -DHI_DEMOD_REF_CLOCK=24000 -DHI_TUNER_MAX_LPF=34 -DHI_TUNER_I2C_CLOCK=400 -DHI_LNBCTRL_DEV_ADDR=0x0 -DHI_TER_DEMOD_REF_CLOCK=24000 -DHI_TER_TUNER_MAX_LPF=34 -DHI_TER_TUNER_I2C_CLOCK=400 -DHI_CAB_DEMOD_REF_CLOCK=24000 -DHI_MULTIMODE_DEMOD_TS_COMB_FLAG=0 -DHI_MULTIMODE_DEMOD_TS_TAG0=0 -DHI_MULTIMODE_DEMOD_TS_TAG1=0 -DHI_MULTIMODE_DEMOD_TS_TAG2=0 -DHI_MULTIMODE_DEMOD_TS_TAG3=0 -DHI_TUNER1_ID=1 -DHI_TUNER1_DEV_ADDR=0xc6 -DHI_DEMOD1_DEV_ADDR=0xb6 -DHI_DEMOD1_RESET_GPIO=0 -DHI_DEMUX1_PORT=0 -DHI_DEMOD1_REF_CLOCK=24000 -DHI_TUNER1_MAX_LPF=34 -DHI_TUNER1_I2C_CLOCK=400 -DHI_LNBCTRL1_DEV_ADDR=0x0 -DHI_TER_DEMOD1_REF_CLOCK=24000 -DHI_TER_TUNER1_MAX_LPF=34 -DHI_TER_TUNER1_I2C_CLOCK=400 -DHI_CAB_DEMOD1_REF_CLOCK=24000 -DHI_MULTIMODE_DEMOD1_TS_COMB_FLAG=0 -DHI_MULTIMODE_DEMOD1_TS_TAG0=0 -DHI_MULTIMODE_DEMOD1_TS_TAG1=0 -DHI_MULTIMODE_DEMOD1_TS_TAG2=0 -DHI_MULTIMODE_DEMOD1_TS_TAG3=0 -DHI_TUNER2_ID=2 -DHI_TUNER2_DEV_ADDR=0xc6 -DHI_DEMOD2_DEV_ADDR=0xb6 -DHI_DEMOD2_RESET_GPIO=0 -DHI_DEMUX2_PORT=0 -DHI_DEMOD2_REF_CLOCK=24000 -DHI_TUNER2_MAX_LPF=34 -DHI_TUNER2_I2C_CLOCK=400 -DHI_LNBCTRL2_DEV_ADDR=0x0 -DHI_TER_DEMOD2_REF_CLOCK=24000 -DHI_TER_TUNER2_MAX_LPF=34 -DHI_TER_TUNER2_I2C_CLOCK=400 -DHI_TUNER3_ID=3 -DHI_TUNER3_DEV_ADDR=0xc6 -DHI_DEMOD3_DEV_ADDR=0xb6 -DHI_DEMOD3_RESET_GPIO=0 -DHI_DEMUX3_PORT=0 -DHI_DEMOD3_REF_CLOCK=24000 -DHI_TUNER3_MAX_LPF=34 -DHI_TUNER3_I2C_CLOCK=400 -DHI_LNBCTRL3_DEV_ADDR=0x0 -DHI_TER_DEMOD3_REF_CLOCK=24000 -DHI_TER_TUNER3_MAX_LPF=34 -DHI_TER_TUNER3_I2C_CLOCK=400   -c -o drv_pdm.o drv_pdm.c
  CC      kernel/range.o
  CC      kernel/smpboot.o
  CC      fs/open.o
  CC      ipc/msg.o
  CC      security/integrity/integrity_audit.o
  CC      security/keys/gc.o
  CC      crypto/api.o
  CC      kernel/groups.o
  LD      security/integrity/integrity.o
  LD      security/integrity/built-in.o
  CC      security/keys/key.o
  CC      fs/read_write.o
make[4]: Leaving directory '/home/ray/workplace/git_download/HiSTB_origin/HiSTBLinux/out/hi3798mv100/hi3798mv100_out/obj/source/boot/product/driver/pdm'
make -C gpioi2c all
make[4]: Entering directory '/home/ray/workplace/git_download/HiSTB_origin/HiSTBLinux/out/hi3798mv100/hi3798mv100_out/obj/source/boot/product/driver/gpioi2c'
arm-histbv310-linux-gcc -g -Os -D__KERNEL__ -fno-strict-aliasing -fno-common -ffixed-r8 -nostdinc -isystem /home/ray/workplace/git_download/HiSTB_origin/HiSTBLinux/tools/linux/toolchains/arm-histbv310-linux/bin/../lib/gcc/arm-gcc492_glibc224-linux-gnueabi/4.9.2/include  -fno-builtin -ffreestanding  -pipe -marm  -mabi=aapcs-linux -mfloat-abi=soft -mno-thumb-interwork -Wall -Wstrict-prototypes -fno-stack-protector -I/home/ray/workplace/git_download/HiSTB_origin/HiSTBLinux/out/hi3798mv100/hi3798mv100_out/obj/source/boot/fastboot/include -mcpu=cortex-a7 -Werror -Wall -D_GNU_SOURCE -D_XOPEN_SOURCE=600 -O2 -fPIC -DCHIP_TYPE_hi3798mv100 -DSDK_VERSION="HiSTBLinuxV100R005C00SPC050_20170731" -DHI_LOG_SUPPORT=1 -DHI_LOG_LEVEL=4 -DLOG_NETWORK_SUPPORT -DLOG_UDISK_SUPPORT -DHI_PROC_SUPPORT=1 -DHI_HDMI_SUPPORT_1_4 -DHI_PVR_SUPPORT -DHI_VI_SUPPORT -DHI_VENC_SUPPORT -DHI_PQ_V3_0  -I/home/ray/workplace/git_download/HiSTB_origin/HiSTBLinux/out/hi3798mv100/hi3798mv100_out/obj/source/boot/product/driver/include -I/home/ray/workplace/git_download/HiSTB_origin/HiSTBLinux/out/hi3798mv100/hi3798mv100_out/obj/source/boot/product/driver/include_inc -I/home/ray/workplace/git_download/HiSTB_origin/HiSTBLinux/out/hi3798mv100/hi3798mv100_out/obj/source/boot/product/loader/schedule -I/home/ray/workplace/git_download/HiSTB_origin/HiSTBLinux/out/hi3798mv100/hi3798mv100_out/obj/source/boot/product/logo/include -I/home/ray/workplace/git_download/HiSTB_origin/HiSTBLinux/out/hi3798mv100/hi3798mv100_out/obj/source/boot/product/driver/graphic/include -I/home/ray/workplace/git_download/HiSTB_origin/HiSTBLinux/out/hi3798mv100/hi3798mv100_out/obj/source/boot/product/adp/include -I/home/ray/workplace/git_download/HiSTB_origin/HiSTBLinux/out/hi3798mv100/hi3798mv100_out/obj/source/boot/product/pdm/include -I/home/ray/workplace/git_download/HiSTB_origin/HiSTBLinux/source/common/include -I/home/ray/workplace/git_download/HiSTB_origin/HiSTBLinux/source/common/drv/include -I/home/ray/workplace/git_download/HiSTB_origin/HiSTBLinux/out/hi3798mv100/hi3798mv100_out/obj/source/boot/miniboot/app -DCONFIG_ARM -D__ARM__ -DHI_PM_POWERUP_MODE1_SUPPORT -DHI_AVS_SUPPORT -I/home/ray/workplace/git_download/HiSTB_origin/HiSTBLinux/out/hi3798mv100/hi3798mv100_out/obj/source/boot/product/driver/include -I/home/ray/workplace/git_download/HiSTB_origin/HiSTBLinux/out/hi3798mv100/hi3798mv100_out/obj/source/boot/product/driver/include_inc -I/home/ray/workplace/git_download/HiSTB_origin/HiSTBLinux/source/common/include -I/home/ray/workplace/git_download/HiSTB_origin/HiSTBLinux/source/boot/fastboot/include   -c -o drv_gpio_i2c.o drv_gpio_i2c.c
  CC      ipc/sem.o
  CC      crypto/cipher.o
  CC      kernel/bpf/core.o
  CC      ipc/shm.o
arm-histbv310-linux-gcc -g -Os -D__KERNEL__ -fno-strict-aliasing -fno-common -ffixed-r8 -nostdinc -isystem /home/ray/workplace/git_download/HiSTB_origin/HiSTBLinux/tools/linux/toolchains/arm-histbv310-linux/bin/../lib/gcc/arm-gcc492_glibc224-linux-gnueabi/4.9.2/include  -fno-builtin -ffreestanding  -pipe -marm  -mabi=aapcs-linux -mfloat-abi=soft -mno-thumb-interwork -Wall -Wstrict-prototypes -fno-stack-protector -I/home/ray/workplace/git_download/HiSTB_origin/HiSTBLinux/out/hi3798mv100/hi3798mv100_out/obj/source/boot/fastboot/include -mcpu=cortex-a7 -Werror -Wall -D_GNU_SOURCE -D_XOPEN_SOURCE=600 -O2 -fPIC -DCHIP_TYPE_hi3798mv100 -DSDK_VERSION="HiSTBLinuxV100R005C00SPC050_20170731" -DHI_LOG_SUPPORT=1 -DHI_LOG_LEVEL=4 -DLOG_NETWORK_SUPPORT -DLOG_UDISK_SUPPORT -DHI_PROC_SUPPORT=1 -DHI_HDMI_SUPPORT_1_4 -DHI_PVR_SUPPORT -DHI_VI_SUPPORT -DHI_VENC_SUPPORT -DHI_PQ_V3_0  -I/home/ray/workplace/git_download/HiSTB_origin/HiSTBLinux/out/hi3798mv100/hi3798mv100_out/obj/source/boot/product/driver/include -I/home/ray/workplace/git_download/HiSTB_origin/HiSTBLinux/out/hi3798mv100/hi3798mv100_out/obj/source/boot/product/driver/include_inc -I/home/ray/workplace/git_download/HiSTB_origin/HiSTBLinux/out/hi3798mv100/hi3798mv100_out/obj/source/boot/product/loader/schedule -I/home/ray/workplace/git_download/HiSTB_origin/HiSTBLinux/out/hi3798mv100/hi3798mv100_out/obj/source/boot/product/logo/include -I/home/ray/workplace/git_download/HiSTB_origin/HiSTBLinux/out/hi3798mv100/hi3798mv100_out/obj/source/boot/product/driver/graphic/include -I/home/ray/workplace/git_download/HiSTB_origin/HiSTBLinux/out/hi3798mv100/hi3798mv100_out/obj/source/boot/product/adp/include -I/home/ray/workplace/git_download/HiSTB_origin/HiSTBLinux/out/hi3798mv100/hi3798mv100_out/obj/source/boot/product/pdm/include -I/home/ray/workplace/git_download/HiSTB_origin/HiSTBLinux/source/common/include -I/home/ray/workplace/git_download/HiSTB_origin/HiSTBLinux/source/common/drv/include -I/home/ray/workplace/git_download/HiSTB_origin/HiSTBLinux/out/hi3798mv100/hi3798mv100_out/obj/source/boot/miniboot/app -DCONFIG_ARM -D__ARM__ -DHI_PM_POWERUP_MODE1_SUPPORT -DHI_AVS_SUPPORT -I/home/ray/workplace/git_download/HiSTB_origin/HiSTBLinux/out/hi3798mv100/hi3798mv100_out/obj/source/boot/product/driver/include -I/home/ray/workplace/git_download/HiSTB_origin/HiSTBLinux/out/hi3798mv100/hi3798mv100_out/obj/source/boot/product/driver/include_inc -I/home/ray/workplace/git_download/HiSTB_origin/HiSTBLinux/source/common/include -I/home/ray/workplace/git_download/HiSTB_origin/HiSTBLinux/source/boot/fastboot/include   -c -o unf_i2c.o unf_i2c.c
make[4]: Leaving directory '/home/ray/workplace/git_download/HiSTB_origin/HiSTBLinux/out/hi3798mv100/hi3798mv100_out/obj/source/boot/product/driver/gpioi2c'
make -C pmoc all
make[4]: Entering directory '/home/ray/workplace/git_download/HiSTB_origin/HiSTBLinux/out/hi3798mv100/hi3798mv100_out/obj/source/boot/product/driver/pmoc'
arm-histbv310-linux-gcc -g -Os -D__KERNEL__ -fno-strict-aliasing -fno-common -ffixed-r8 -nostdinc -isystem /home/ray/workplace/git_download/HiSTB_origin/HiSTBLinux/tools/linux/toolchains/arm-histbv310-linux/bin/../lib/gcc/arm-gcc492_glibc224-linux-gnueabi/4.9.2/include  -fno-builtin -ffreestanding  -pipe -marm  -mabi=aapcs-linux -mfloat-abi=soft -mno-thumb-interwork -Wall -Wstrict-prototypes -fno-stack-protector -I/home/ray/workplace/git_download/HiSTB_origin/HiSTBLinux/out/hi3798mv100/hi3798mv100_out/obj/source/boot/fastboot/include -mcpu=cortex-a7 -Werror -Wall -D_GNU_SOURCE -D_XOPEN_SOURCE=600 -O2 -fPIC -DCHIP_TYPE_hi3798mv100 -DSDK_VERSION="HiSTBLinuxV100R005C00SPC050_20170731" -DHI_LOG_SUPPORT=1 -DHI_LOG_LEVEL=4 -DLOG_NETWORK_SUPPORT -DLOG_UDISK_SUPPORT -DHI_PROC_SUPPORT=1 -DHI_HDMI_SUPPORT_1_4 -DHI_PVR_SUPPORT -DHI_VI_SUPPORT -DHI_VENC_SUPPORT -DHI_PQ_V3_0  -I/home/ray/workplace/git_download/HiSTB_origin/HiSTBLinux/out/hi3798mv100/hi3798mv100_out/obj/source/boot/product/driver/include -I/home/ray/workplace/git_download/HiSTB_origin/HiSTBLinux/out/hi3798mv100/hi3798mv100_out/obj/source/boot/product/driver/include_inc -I/home/ray/workplace/git_download/HiSTB_origin/HiSTBLinux/out/hi3798mv100/hi3798mv100_out/obj/source/boot/product/loader/schedule -I/home/ray/workplace/git_download/HiSTB_origin/HiSTBLinux/out/hi3798mv100/hi3798mv100_out/obj/source/boot/product/logo/include -I/home/ray/workplace/git_download/HiSTB_origin/HiSTBLinux/out/hi3798mv100/hi3798mv100_out/obj/source/boot/product/driver/graphic/include -I/home/ray/workplace/git_download/HiSTB_origin/HiSTBLinux/out/hi3798mv100/hi3798mv100_out/obj/source/boot/product/adp/include -I/home/ray/workplace/git_download/HiSTB_origin/HiSTBLinux/out/hi3798mv100/hi3798mv100_out/obj/source/boot/product/pdm/include -I/home/ray/workplace/git_download/HiSTB_origin/HiSTBLinux/source/common/include -I/home/ray/workplace/git_download/HiSTB_origin/HiSTBLinux/source/common/drv/include -I/home/ray/workplace/git_download/HiSTB_origin/HiSTBLinux/out/hi3798mv100/hi3798mv100_out/obj/source/boot/miniboot/app -DCONFIG_ARM -D__ARM__ -DHI_PM_POWERUP_MODE1_SUPPORT -DHI_AVS_SUPPORT -I/home/ray/workplace/git_download/HiSTB_origin/HiSTBLinux/out/hi3798mv100/hi3798mv100_out/obj/source/boot/product/driver/include -I/home/ray/workplace/git_download/HiSTB_origin/HiSTBLinux/source/boot/fastboot/arch/arm/include -I/home/ray/workplace/git_download/HiSTB_origin/HiSTBLinux/source/boot/fastboot/include -I/home/ray/workplace/git_download/HiSTB_origin/HiSTBLinux/source/component/pm/c51   -c -o drv_c51.o drv_c51.c
  CC      security/keys/keyring.o
  CC      mm/mempool.o
make[4]: Leaving directory '/home/ray/workplace/git_download/HiSTB_origin/HiSTBLinux/out/hi3798mv100/hi3798mv100_out/obj/source/boot/product/driver/pmoc'
make -C otp all
make[4]: Entering directory '/home/ray/workplace/git_download/HiSTB_origin/HiSTBLinux/out/hi3798mv100/hi3798mv100_out/obj/source/boot/product/driver/otp'
arm-histbv310-linux-gcc -g -Os -D__KERNEL__ -fno-strict-aliasing -fno-common -ffixed-r8 -nostdinc -isystem /home/ray/workplace/git_download/HiSTB_origin/HiSTBLinux/tools/linux/toolchains/arm-histbv310-linux/bin/../lib/gcc/arm-gcc492_glibc224-linux-gnueabi/4.9.2/include  -fno-builtin -ffreestanding  -pipe -marm  -mabi=aapcs-linux -mfloat-abi=soft -mno-thumb-interwork -Wall -Wstrict-prototypes -fno-stack-protector -I/home/ray/workplace/git_download/HiSTB_origin/HiSTBLinux/out/hi3798mv100/hi3798mv100_out/obj/source/boot/fastboot/include -mcpu=cortex-a7 -Werror -Wall -D_GNU_SOURCE -D_XOPEN_SOURCE=600 -O2 -fPIC -DCHIP_TYPE_hi3798mv100 -DSDK_VERSION="HiSTBLinuxV100R005C00SPC050_20170731" -DHI_LOG_SUPPORT=1 -DHI_LOG_LEVEL=4 -DLOG_NETWORK_SUPPORT -DLOG_UDISK_SUPPORT -DHI_PROC_SUPPORT=1 -DHI_HDMI_SUPPORT_1_4 -DHI_PVR_SUPPORT -DHI_VI_SUPPORT -DHI_VENC_SUPPORT -DHI_PQ_V3_0  -I/home/ray/workplace/git_download/HiSTB_origin/HiSTBLinux/out/hi3798mv100/hi3798mv100_out/obj/source/boot/product/driver/include -I/home/ray/workplace/git_download/HiSTB_origin/HiSTBLinux/out/hi3798mv100/hi3798mv100_out/obj/source/boot/product/driver/include_inc -I/home/ray/workplace/git_download/HiSTB_origin/HiSTBLinux/out/hi3798mv100/hi3798mv100_out/obj/source/boot/product/loader/schedule -I/home/ray/workplace/git_download/HiSTB_origin/HiSTBLinux/out/hi3798mv100/hi3798mv100_out/obj/source/boot/product/logo/include -I/home/ray/workplace/git_download/HiSTB_origin/HiSTBLinux/out/hi3798mv100/hi3798mv100_out/obj/source/boot/product/driver/graphic/include -I/home/ray/workplace/git_download/HiSTB_origin/HiSTBLinux/out/hi3798mv100/hi3798mv100_out/obj/source/boot/product/adp/include -I/home/ray/workplace/git_download/HiSTB_origin/HiSTBLinux/out/hi3798mv100/hi3798mv100_out/obj/source/boot/product/pdm/include -I/home/ray/workplace/git_download/HiSTB_origin/HiSTBLinux/source/common/include -I/home/ray/workplace/git_download/HiSTB_origin/HiSTBLinux/source/common/drv/include -I/home/ray/workplace/git_download/HiSTB_origin/HiSTBLinux/out/hi3798mv100/hi3798mv100_out/obj/source/boot/miniboot/app -DCONFIG_ARM -D__ARM__ -DHI_PM_POWERUP_MODE1_SUPPORT -DHI_AVS_SUPPORT -I/home/ray/workplace/git_download/HiSTB_origin/HiSTBLinux/out/hi3798mv100/hi3798mv100_out/obj/source/boot/product/driver/include -I/home/ray/workplace/git_download/HiSTB_origin/HiSTBLinux/out/hi3798mv100/hi3798mv100_out/obj/source/boot/product/driver/otp/include -I/home/ray/workplace/git_download/HiSTB_origin/HiSTBLinux/out/hi3798mv100/hi3798mv100_out/obj/source/boot/product/driver/include_inc -I/home/ray/workplace/git_download/HiSTB_origin/HiSTBLinux/source/boot/fastboot/arch/arm/include -I/home/ray/workplace/git_download/HiSTB_origin/HiSTBLinux/source/boot/fastboot/include -I/home/ray/workplace/git_download/HiSTB_origin/HiSTBLinux/source/boot/fastboot/include/linux -DCHIP_TYPE_hi3798mv100 -DOTP_CMD_TEST   -c -o cmd_otp.o cmd_otp.c
  CC      crypto/compress.o
  CC      fs/file_table.o
arm-histbv310-linux-gcc -g -Os -D__KERNEL__ -fno-strict-aliasing -fno-common -ffixed-r8 -nostdinc -isystem /home/ray/workplace/git_download/HiSTB_origin/HiSTBLinux/tools/linux/toolchains/arm-histbv310-linux/bin/../lib/gcc/arm-gcc492_glibc224-linux-gnueabi/4.9.2/include  -fno-builtin -ffreestanding  -pipe -marm  -mabi=aapcs-linux -mfloat-abi=soft -mno-thumb-interwork -Wall -Wstrict-prototypes -fno-stack-protector -I/home/ray/workplace/git_download/HiSTB_origin/HiSTBLinux/out/hi3798mv100/hi3798mv100_out/obj/source/boot/fastboot/include -mcpu=cortex-a7 -Werror -Wall -D_GNU_SOURCE -D_XOPEN_SOURCE=600 -O2 -fPIC -DCHIP_TYPE_hi3798mv100 -DSDK_VERSION="HiSTBLinuxV100R005C00SPC050_20170731" -DHI_LOG_SUPPORT=1 -DHI_LOG_LEVEL=4 -DLOG_NETWORK_SUPPORT -DLOG_UDISK_SUPPORT -DHI_PROC_SUPPORT=1 -DHI_HDMI_SUPPORT_1_4 -DHI_PVR_SUPPORT -DHI_VI_SUPPORT -DHI_VENC_SUPPORT -DHI_PQ_V3_0  -I/home/ray/workplace/git_download/HiSTB_origin/HiSTBLinux/out/hi3798mv100/hi3798mv100_out/obj/source/boot/product/driver/include -I/home/ray/workplace/git_download/HiSTB_origin/HiSTBLinux/out/hi3798mv100/hi3798mv100_out/obj/source/boot/product/driver/include_inc -I/home/ray/workplace/git_download/HiSTB_origin/HiSTBLinux/out/hi3798mv100/hi3798mv100_out/obj/source/boot/product/loader/schedule -I/home/ray/workplace/git_download/HiSTB_origin/HiSTBLinux/out/hi3798mv100/hi3798mv100_out/obj/source/boot/product/logo/include -I/home/ray/workplace/git_download/HiSTB_origin/HiSTBLinux/out/hi3798mv100/hi3798mv100_out/obj/source/boot/product/driver/graphic/include -I/home/ray/workplace/git_download/HiSTB_origin/HiSTBLinux/out/hi3798mv100/hi3798mv100_out/obj/source/boot/product/adp/include -I/home/ray/workplace/git_download/HiSTB_origin/HiSTBLinux/out/hi3798mv100/hi3798mv100_out/obj/source/boot/product/pdm/include -I/home/ray/workplace/git_download/HiSTB_origin/HiSTBLinux/source/common/include -I/home/ray/workplace/git_download/HiSTB_origin/HiSTBLinux/source/common/drv/include -I/home/ray/workplace/git_download/HiSTB_origin/HiSTBLinux/out/hi3798mv100/hi3798mv100_out/obj/source/boot/miniboot/app -DCONFIG_ARM -D__ARM__ -DHI_PM_POWERUP_MODE1_SUPPORT -DHI_AVS_SUPPORT -I/home/ray/workplace/git_download/HiSTB_origin/HiSTBLinux/out/hi3798mv100/hi3798mv100_out/obj/source/boot/product/driver/include -I/home/ray/workplace/git_download/HiSTB_origin/HiSTBLinux/out/hi3798mv100/hi3798mv100_out/obj/source/boot/product/driver/otp/include -I/home/ray/workplace/git_download/HiSTB_origin/HiSTBLinux/out/hi3798mv100/hi3798mv100_out/obj/source/boot/product/driver/include_inc -I/home/ray/workplace/git_download/HiSTB_origin/HiSTBLinux/source/boot/fastboot/arch/arm/include -I/home/ray/workplace/git_download/HiSTB_origin/HiSTBLinux/source/boot/fastboot/include -I/home/ray/workplace/git_download/HiSTB_origin/HiSTBLinux/source/boot/fastboot/include/linux -DCHIP_TYPE_hi3798mv100 -DOTP_CMD_TEST   -c -o unf_otp.o unf_otp.c
arm-histbv310-linux-gcc -g -Os -D__KERNEL__ -fno-strict-aliasing -fno-common -ffixed-r8 -nostdinc -isystem /home/ray/workplace/git_download/HiSTB_origin/HiSTBLinux/tools/linux/toolchains/arm-histbv310-linux/bin/../lib/gcc/arm-gcc492_glibc224-linux-gnueabi/4.9.2/include  -fno-builtin -ffreestanding  -pipe -marm  -mabi=aapcs-linux -mfloat-abi=soft -mno-thumb-interwork -Wall -Wstrict-prototypes -fno-stack-protector -I/home/ray/workplace/git_download/HiSTB_origin/HiSTBLinux/out/hi3798mv100/hi3798mv100_out/obj/source/boot/fastboot/include -mcpu=cortex-a7 -Werror -Wall -D_GNU_SOURCE -D_XOPEN_SOURCE=600 -O2 -fPIC -DCHIP_TYPE_hi3798mv100 -DSDK_VERSION="HiSTBLinuxV100R005C00SPC050_20170731" -DHI_LOG_SUPPORT=1 -DHI_LOG_LEVEL=4 -DLOG_NETWORK_SUPPORT -DLOG_UDISK_SUPPORT -DHI_PROC_SUPPORT=1 -DHI_HDMI_SUPPORT_1_4 -DHI_PVR_SUPPORT -DHI_VI_SUPPORT -DHI_VENC_SUPPORT -DHI_PQ_V3_0  -I/home/ray/workplace/git_download/HiSTB_origin/HiSTBLinux/out/hi3798mv100/hi3798mv100_out/obj/source/boot/product/driver/include -I/home/ray/workplace/git_download/HiSTB_origin/HiSTBLinux/out/hi3798mv100/hi3798mv100_out/obj/source/boot/product/driver/include_inc -I/home/ray/workplace/git_download/HiSTB_origin/HiSTBLinux/out/hi3798mv100/hi3798mv100_out/obj/source/boot/product/loader/schedule -I/home/ray/workplace/git_download/HiSTB_origin/HiSTBLinux/out/hi3798mv100/hi3798mv100_out/obj/source/boot/product/logo/include -I/home/ray/workplace/git_download/HiSTB_origin/HiSTBLinux/out/hi3798mv100/hi3798mv100_out/obj/source/boot/product/driver/graphic/include -I/home/ray/workplace/git_download/HiSTB_origin/HiSTBLinux/out/hi3798mv100/hi3798mv100_out/obj/source/boot/product/adp/include -I/home/ray/workplace/git_download/HiSTB_origin/HiSTBLinux/out/hi3798mv100/hi3798mv100_out/obj/source/boot/product/pdm/include -I/home/ray/workplace/git_download/HiSTB_origin/HiSTBLinux/source/common/include -I/home/ray/workplace/git_download/HiSTB_origin/HiSTBLinux/source/common/drv/include -I/home/ray/workplace/git_download/HiSTB_origin/HiSTBLinux/out/hi3798mv100/hi3798mv100_out/obj/source/boot/miniboot/app -DCONFIG_ARM -D__ARM__ -DHI_PM_POWERUP_MODE1_SUPPORT -DHI_AVS_SUPPORT -I/home/ray/workplace/git_download/HiSTB_origin/HiSTBLinux/out/hi3798mv100/hi3798mv100_out/obj/source/boot/product/driver/include -I/home/ray/workplace/git_download/HiSTB_origin/HiSTBLinux/out/hi3798mv100/hi3798mv100_out/obj/source/boot/product/driver/otp/include -I/home/ray/workplace/git_download/HiSTB_origin/HiSTBLinux/out/hi3798mv100/hi3798mv100_out/obj/source/boot/product/driver/include_inc -I/home/ray/workplace/git_download/HiSTB_origin/HiSTBLinux/source/boot/fastboot/arch/arm/include -I/home/ray/workplace/git_download/HiSTB_origin/HiSTBLinux/source/boot/fastboot/include -I/home/ray/workplace/git_download/HiSTB_origin/HiSTBLinux/source/boot/fastboot/include/linux -DCHIP_TYPE_hi3798mv100 -DOTP_CMD_TEST   -c -o v100/drv_otp.o v100/drv_otp.c
  CC      mm/oom_kill.o
arm-histbv310-linux-gcc -g -Os -D__KERNEL__ -fno-strict-aliasing -fno-common -ffixed-r8 -nostdinc -isystem /home/ray/workplace/git_download/HiSTB_origin/HiSTBLinux/tools/linux/toolchains/arm-histbv310-linux/bin/../lib/gcc/arm-gcc492_glibc224-linux-gnueabi/4.9.2/include  -fno-builtin -ffreestanding  -pipe -marm  -mabi=aapcs-linux -mfloat-abi=soft -mno-thumb-interwork -Wall -Wstrict-prototypes -fno-stack-protector -I/home/ray/workplace/git_download/HiSTB_origin/HiSTBLinux/out/hi3798mv100/hi3798mv100_out/obj/source/boot/fastboot/include -mcpu=cortex-a7 -Werror -Wall -D_GNU_SOURCE -D_XOPEN_SOURCE=600 -O2 -fPIC -DCHIP_TYPE_hi3798mv100 -DSDK_VERSION="HiSTBLinuxV100R005C00SPC050_20170731" -DHI_LOG_SUPPORT=1 -DHI_LOG_LEVEL=4 -DLOG_NETWORK_SUPPORT -DLOG_UDISK_SUPPORT -DHI_PROC_SUPPORT=1 -DHI_HDMI_SUPPORT_1_4 -DHI_PVR_SUPPORT -DHI_VI_SUPPORT -DHI_VENC_SUPPORT -DHI_PQ_V3_0  -I/home/ray/workplace/git_download/HiSTB_origin/HiSTBLinux/out/hi3798mv100/hi3798mv100_out/obj/source/boot/product/driver/include -I/home/ray/workplace/git_download/HiSTB_origin/HiSTBLinux/out/hi3798mv100/hi3798mv100_out/obj/source/boot/product/driver/include_inc -I/home/ray/workplace/git_download/HiSTB_origin/HiSTBLinux/out/hi3798mv100/hi3798mv100_out/obj/source/boot/product/loader/schedule -I/home/ray/workplace/git_download/HiSTB_origin/HiSTBLinux/out/hi3798mv100/hi3798mv100_out/obj/source/boot/product/logo/include -I/home/ray/workplace/git_download/HiSTB_origin/HiSTBLinux/out/hi3798mv100/hi3798mv100_out/obj/source/boot/product/driver/graphic/include -I/home/ray/workplace/git_download/HiSTB_origin/HiSTBLinux/out/hi3798mv100/hi3798mv100_out/obj/source/boot/product/adp/include -I/home/ray/workplace/git_download/HiSTB_origin/HiSTBLinux/out/hi3798mv100/hi3798mv100_out/obj/source/boot/product/pdm/include -I/home/ray/workplace/git_download/HiSTB_origin/HiSTBLinux/source/common/include -I/home/ray/workplace/git_download/HiSTB_origin/HiSTBLinux/source/common/drv/include -I/home/ray/workplace/git_download/HiSTB_origin/HiSTBLinux/out/hi3798mv100/hi3798mv100_out/obj/source/boot/miniboot/app -DCONFIG_ARM -D__ARM__ -DHI_PM_POWERUP_MODE1_SUPPORT -DHI_AVS_SUPPORT -I/home/ray/workplace/git_download/HiSTB_origin/HiSTBLinux/out/hi3798mv100/hi3798mv100_out/obj/source/boot/product/driver/include -I/home/ray/workplace/git_download/HiSTB_origin/HiSTBLinux/out/hi3798mv100/hi3798mv100_out/obj/source/boot/product/driver/otp/include -I/home/ray/workplace/git_download/HiSTB_origin/HiSTBLinux/out/hi3798mv100/hi3798mv100_out/obj/source/boot/product/driver/include_inc -I/home/ray/workplace/git_download/HiSTB_origin/HiSTBLinux/source/boot/fastboot/arch/arm/include -I/home/ray/workplace/git_download/HiSTB_origin/HiSTBLinux/source/boot/fastboot/include -I/home/ray/workplace/git_download/HiSTB_origin/HiSTBLinux/source/boot/fastboot/include/linux -DCHIP_TYPE_hi3798mv100 -DOTP_CMD_TEST   -c -o v100/hal_otp.o v100/hal_otp.c
  CC      kernel/events/core.o
  CC      crypto/memneq.o
  CC      security/keys/keyctl.o
  CC      ipc/syscall.o
  LD      kernel/bpf/built-in.o
  CC      crypto/crypto_wq.o
  CC      fs/super.o
make[4]: Leaving directory '/home/ray/workplace/git_download/HiSTB_origin/HiSTBLinux/out/hi3798mv100/hi3798mv100_out/obj/source/boot/product/driver/otp'
make[3]: Leaving directory '/home/ray/workplace/git_download/HiSTB_origin/HiSTBLinux/out/hi3798mv100/hi3798mv100_out/obj/source/boot/product/driver'
arm-histbv310-linux-gcc -g -Os -D__KERNEL__ -fno-strict-aliasing -fno-common -ffixed-r8 -nostdinc -isystem /home/ray/workplace/git_download/HiSTB_origin/HiSTBLinux/tools/linux/toolchains/arm-histbv310-linux/bin/../lib/gcc/arm-gcc492_glibc224-linux-gnueabi/4.9.2/include  -fno-builtin -ffreestanding  -pipe -marm  -mabi=aapcs-linux -mfloat-abi=soft -mno-thumb-interwork -Wall -Wstrict-prototypes -fno-stack-protector -I/home/ray/workplace/git_download/HiSTB_origin/HiSTBLinux/out/hi3798mv100/hi3798mv100_out/obj/source/boot/fastboot/include -mcpu=cortex-a7 -Werror -Wall -D_GNU_SOURCE -D_XOPEN_SOURCE=600 -O2 -fPIC -DCHIP_TYPE_hi3798mv100 -DSDK_VERSION="HiSTBLinuxV100R005C00SPC050_20170731" -DHI_LOG_SUPPORT=1 -DHI_LOG_LEVEL=4 -DLOG_NETWORK_SUPPORT -DLOG_UDISK_SUPPORT -DHI_PROC_SUPPORT=1 -DHI_HDMI_SUPPORT_1_4 -DHI_PVR_SUPPORT -DHI_VI_SUPPORT -DHI_VENC_SUPPORT -DHI_PQ_V3_0  -I/home/ray/workplace/git_download/HiSTB_origin/HiSTBLinux/out/hi3798mv100/hi3798mv100_out/obj/source/boot/product/driver/include -I/home/ray/workplace/git_download/HiSTB_origin/HiSTBLinux/out/hi3798mv100/hi3798mv100_out/obj/source/boot/product/driver/include_inc -I/home/ray/workplace/git_download/HiSTB_origin/HiSTBLinux/out/hi3798mv100/hi3798mv100_out/obj/source/boot/product/loader/schedule -I/home/ray/workplace/git_download/HiSTB_origin/HiSTBLinux/out/hi3798mv100/hi3798mv100_out/obj/source/boot/product/logo/include -I/home/ray/workplace/git_download/HiSTB_origin/HiSTBLinux/out/hi3798mv100/hi3798mv100_out/obj/source/boot/product/driver/graphic/include -I/home/ray/workplace/git_download/HiSTB_origin/HiSTBLinux/out/hi3798mv100/hi3798mv100_out/obj/source/boot/product/adp/include -I/home/ray/workplace/git_download/HiSTB_origin/HiSTBLinux/out/hi3798mv100/hi3798mv100_out/obj/source/boot/product/pdm/include -I/home/ray/workplace/git_download/HiSTB_origin/HiSTBLinux/source/common/include -I/home/ray/workplace/git_download/HiSTB_origin/HiSTBLinux/source/common/drv/include -I/home/ray/workplace/git_download/HiSTB_origin/HiSTBLinux/out/hi3798mv100/hi3798mv100_out/obj/source/boot/miniboot/app -DCONFIG_ARM -D__ARM__ -DHI_PM_POWERUP_MODE1_SUPPORT -DHI_AVS_SUPPORT   -c -o main.o main.c
  CC      kernel/events/ring_buffer.o
  CC      crypto/algapi.o
  CC      ipc/ipc_sysctl.o
make[2]: Leaving directory '/home/ray/workplace/git_download/HiSTB_origin/HiSTBLinux/out/hi3798mv100/hi3798mv100_out/obj/source/boot/product'
make -C /home/ray/workplace/git_download/HiSTB_origin/HiSTBLinux/out/hi3798mv100/hi3798mv100_out/obj/source/boot/fastboot ARCH=arm CROSS_COMPILE=arm-histbv310-linux- LIBSPRODUCT=/home/ray/workplace/git_download/HiSTB_origin/HiSTBLinux/out/hi3798mv100/hi3798mv100_out/obj/source/boot/product/libproduct.a CONFIG_COMPRESS_BOOT= O= CONFIG_MERGE_IMAGE= CHIP_TYPE=hi3798mv100 hi3798mx
make[2]: Entering directory '/home/ray/workplace/git_download/HiSTB_origin/HiSTBLinux/source/boot'
make[2]: warning: jobserver unavailable: using -j1.  Add '+' to parent make rule.
  CC      mm/maccess.o
  CC      ipc/mqueue.o
  CC      security/keys/permission.o
  CC      mm/page_alloc.o
  CC      crypto/scatterwalk.o
Generating include/autoconf.mk
  CC      fs/char_dev.o
  CC      security/keys/process_keys.o
Generating include/autoconf.mk.dep
make[2]: warning: jobserver unavailable: using -j1.  Add '+' to parent make rule.
  CC      mm/page-writeback.o
  CC      crypto/proc.o
  CC      fs/stat.o
  CC      security/keys/request_key.o
  CC      ipc/namespace.o
  CC      crypto/aead.o
Configuring for hi3798mx board...
make
  CC      security/keys/request_key_auth.o
make[3]: Entering directory '/home/ray/workplace/git_download/HiSTB_origin/HiSTBLinux/out/hi3798mv100/hi3798mv100_out/obj/source/boot/fastboot'
  CC      ipc/mq_sysctl.o
  CC      fs/exec.o
  LD      ipc/built-in.o
  CC      security/keys/user_defined.o
  CC      kernel/events/callchain.o
  CC      crypto/ablkcipher.o
Generating include/autoconf.mk
  CC      security/keys/proc.o
  CC      fs/pipe.o
  CC      mm/readahead.o
Generating include/autoconf.mk.dep
  CC      kernel/events/hw_breakpoint.o
  CC      security/keys/sysctl.o
  CC      crypto/blkcipher.o
  CC      security/commoncap.o
  LD      security/keys/built-in.o
  CC      mm/swap.o
fatal: No names found, cannot describe anything.
  CC      fs/namei.o
  LD      kernel/events/built-in.o
  CC      block/bio.o
  CC      kernel/irq/irqdesc.o
  CC      drivers/amba/bus.o
  CC      crypto/skcipher.o
  CC      security/min_addr.o
for dir in tools arch/arm/cpu/hi3798mx /home/ray/workplace/git_download/HiSTB_origin/HiSTBLinux/out/hi3798mv100/hi3798mv100_out/obj/source/boot/fastboot/arch/arm/cpu/hi3798mx/ ; do \
		make -C $dir _depend ; done
  CC      mm/truncate.o
  CC      kernel/irq/handle.o
  CC      security/security.o
make[4]: Entering directory '/home/ray/workplace/git_download/HiSTB_origin/HiSTBLinux/out/hi3798mv100/hi3798mv100_out/obj/source/boot/fastboot/tools'
  LD      drivers/amba/built-in.o
  CC      crypto/chainiv.o
  CC      drivers/base/component.o
  CC      kernel/irq/manage.o
  CC      mm/vmscan.o
  CC      crypto/eseqiv.o
  CC      drivers/base/core.o
  CC      block/elevator.o
  CC      crypto/ahash.o
  CC      kernel/irq/spurious.o
make[4]: Nothing to be done for '_depend'.
make[4]: Leaving directory '/home/ray/workplace/git_download/HiSTB_origin/HiSTBLinux/out/hi3798mv100/hi3798mv100_out/obj/source/boot/fastboot/tools'
make[4]: Entering directory '/home/ray/workplace/git_download/HiSTB_origin/HiSTBLinux/out/hi3798mv100/hi3798mv100_out/obj/source/boot/fastboot/arch/arm/cpu/hi3798mx'
  CC      fs/fcntl.o
  CC      security/lsm_audit.o
  CC      kernel/irq/resend.o
  CC      block/blk-core.o
  CC      crypto/shash.o
  CC      kernel/irq/chip.o
  CC      drivers/base/bus.o
  CC      fs/ioctl.o
make[4]: Nothing to be done for '_depend'.
make[4]: Leaving directory '/home/ray/workplace/git_download/HiSTB_origin/HiSTBLinux/out/hi3798mv100/hi3798mv100_out/obj/source/boot/fastboot/arch/arm/cpu/hi3798mx'
make[4]: Entering directory '/home/ray/workplace/git_download/HiSTB_origin/HiSTBLinux/out/hi3798mv100/hi3798mv100_out/obj/source/boot/fastboot/arch/arm/cpu/hi3798mx'
  CC      security/device_cgroup.o
  CC      crypto/pcompress.o
make[4]: Nothing to be done for '_depend'.
make[4]: Leaving directory '/home/ray/workplace/git_download/HiSTB_origin/HiSTBLinux/out/hi3798mv100/hi3798mv100_out/obj/source/boot/fastboot/arch/arm/cpu/hi3798mx'
make -C tools all
  CC      kernel/irq/dummychip.o
  CC      drivers/base/dd.o
make[4]: Entering directory '/home/ray/workplace/git_download/HiSTB_origin/HiSTBLinux/out/hi3798mv100/hi3798mv100_out/obj/source/boot/fastboot/tools'
  CC      fs/readdir.o
  CC      mm/shmem.o
  CC      kernel/irq/devres.o
  LD      security/built-in.o
  CC      drivers/base/syscore.o
  CC      crypto/akcipher.o
gcc -Wall -Wstrict-prototypes -O2 -fomit-frame-pointer -idirafter /home/ray/workplace/git_download/HiSTB_origin/HiSTBLinux/out/hi3798mv100/hi3798mv100_out/obj/source/boot/fastboot/include -idirafter /home/ray/workplace/git_download/HiSTB_origin/HiSTBLinux/out/hi3798mv100/hi3798mv100_out/obj/source/boot/fastboot/include2 -idirafter /home/ray/workplace/git_download/HiSTB_origin/HiSTBLinux/out/hi3798mv100/hi3798mv100_out/obj/source/boot/fastboot/include -I /home/ray/workplace/git_download/HiSTB_origin/HiSTBLinux/out/hi3798mv100/hi3798mv100_out/obj/source/boot/fastboot/lib/libfdt -I /home/ray/workplace/git_download/HiSTB_origin/HiSTBLinux/out/hi3798mv100/hi3798mv100_out/obj/source/boot/fastboot/tools -DTEXT_BASE=0x00c00000 -DUSE_HOSTCC -D__KERNEL_STRICT_NAMES -pedantic   -o gen_eth_addr.o gen_eth_addr.c -c
  CC      kernel/irq/autoprobe.o
  CC      crypto/algboss.o
gcc -Wall -Wstrict-prototypes -O2 -fomit-frame-pointer -idirafter /home/ray/workplace/git_download/HiSTB_origin/HiSTBLinux/out/hi3798mv100/hi3798mv100_out/obj/source/boot/fastboot/include -idirafter /home/ray/workplace/git_download/HiSTB_origin/HiSTBLinux/out/hi3798mv100/hi3798mv100_out/obj/source/boot/fastboot/include2 -idirafter /home/ray/workplace/git_download/HiSTB_origin/HiSTBLinux/out/hi3798mv100/hi3798mv100_out/obj/source/boot/fastboot/include -I /home/ray/workplace/git_download/HiSTB_origin/HiSTBLinux/out/hi3798mv100/hi3798mv100_out/obj/source/boot/fastboot/lib/libfdt -I /home/ray/workplace/git_download/HiSTB_origin/HiSTBLinux/out/hi3798mv100/hi3798mv100_out/obj/source/boot/fastboot/tools -DTEXT_BASE=0x00c00000 -DUSE_HOSTCC -D__KERNEL_STRICT_NAMES -pedantic  -o gen_eth_addr gen_eth_addr.o
  CC      fs/select.o
  CC      fs/dcache.o
strip gen_eth_addr
  CC      kernel/irq/irqdomain.o
gcc -g -Wall -Wstrict-prototypes -O2 -fomit-frame-pointer -idirafter /home/ray/workplace/git_download/HiSTB_origin/HiSTBLinux/out/hi3798mv100/hi3798mv100_out/obj/source/boot/fastboot/include -idirafter /home/ray/workplace/git_download/HiSTB_origin/HiSTBLinux/out/hi3798mv100/hi3798mv100_out/obj/source/boot/fastboot/include2 -idirafter /home/ray/workplace/git_download/HiSTB_origin/HiSTBLinux/out/hi3798mv100/hi3798mv100_out/obj/source/boot/fastboot/include -I /home/ray/workplace/git_download/HiSTB_origin/HiSTBLinux/out/hi3798mv100/hi3798mv100_out/obj/source/boot/fastboot/lib/libfdt -I /home/ray/workplace/git_download/HiSTB_origin/HiSTBLinux/out/hi3798mv100/hi3798mv100_out/obj/source/boot/fastboot/tools -DTEXT_BASE=0x00c00000 -DUSE_HOSTCC -D__KERNEL_STRICT_NAMES -pedantic -c -o crc32.o /home/ray/workplace/git_download/HiSTB_origin/HiSTBLinux/out/hi3798mv100/hi3798mv100_out/obj/source/boot/fastboot/lib/crc32.c
  CC      drivers/base/driver.o
gcc -Wall -Wstrict-prototypes -O2 -fomit-frame-pointer -idirafter /home/ray/workplace/git_download/HiSTB_origin/HiSTBLinux/out/hi3798mv100/hi3798mv100_out/obj/source/boot/fastboot/include -idirafter /home/ray/workplace/git_download/HiSTB_origin/HiSTBLinux/out/hi3798mv100/hi3798mv100_out/obj/source/boot/fastboot/include2 -idirafter /home/ray/workplace/git_download/HiSTB_origin/HiSTBLinux/out/hi3798mv100/hi3798mv100_out/obj/source/boot/fastboot/include -I /home/ray/workplace/git_download/HiSTB_origin/HiSTBLinux/out/hi3798mv100/hi3798mv100_out/obj/source/boot/fastboot/lib/libfdt -I /home/ray/workplace/git_download/HiSTB_origin/HiSTBLinux/out/hi3798mv100/hi3798mv100_out/obj/source/boot/fastboot/tools -DTEXT_BASE=0x00c00000 -DUSE_HOSTCC -D__KERNEL_STRICT_NAMES   -o default_image.o default_image.c -c
  CC      crypto/testmgr.o
  CC      drivers/base/class.o
gcc -g -Wall -Wstrict-prototypes -O2 -fomit-frame-pointer -idirafter /home/ray/workplace/git_download/HiSTB_origin/HiSTBLinux/out/hi3798mv100/hi3798mv100_out/obj/source/boot/fastboot/include -idirafter /home/ray/workplace/git_download/HiSTB_origin/HiSTBLinux/out/hi3798mv100/hi3798mv100_out/obj/source/boot/fastboot/include2 -idirafter /home/ray/workplace/git_download/HiSTB_origin/HiSTBLinux/out/hi3798mv100/hi3798mv100_out/obj/source/boot/fastboot/include -I /home/ray/workplace/git_download/HiSTB_origin/HiSTBLinux/out/hi3798mv100/hi3798mv100_out/obj/source/boot/fastboot/lib/libfdt -I /home/ray/workplace/git_download/HiSTB_origin/HiSTBLinux/out/hi3798mv100/hi3798mv100_out/obj/source/boot/fastboot/tools -DTEXT_BASE=0x00c00000 -DUSE_HOSTCC -D__KERNEL_STRICT_NAMES -c -o image.o /home/ray/workplace/git_download/HiSTB_origin/HiSTBLinux/out/hi3798mv100/hi3798mv100_out/obj/source/boot/fastboot/common/image.c
  CC      kernel/irq/proc.o
  CC      crypto/cmac.o
  CC      drivers/base/platform.o
  CC      block/blk-tag.o
gcc -Wall -Wstrict-prototypes -O2 -fomit-frame-pointer -idirafter /home/ray/workplace/git_download/HiSTB_origin/HiSTBLinux/out/hi3798mv100/hi3798mv100_out/obj/source/boot/fastboot/include -idirafter /home/ray/workplace/git_download/HiSTB_origin/HiSTBLinux/out/hi3798mv100/hi3798mv100_out/obj/source/boot/fastboot/include2 -idirafter /home/ray/workplace/git_download/HiSTB_origin/HiSTBLinux/out/hi3798mv100/hi3798mv100_out/obj/source/boot/fastboot/include -I /home/ray/workplace/git_download/HiSTB_origin/HiSTBLinux/out/hi3798mv100/hi3798mv100_out/obj/source/boot/fastboot/lib/libfdt -I /home/ray/workplace/git_download/HiSTB_origin/HiSTBLinux/out/hi3798mv100/hi3798mv100_out/obj/source/boot/fastboot/tools -DTEXT_BASE=0x00c00000 -DUSE_HOSTCC -D__KERNEL_STRICT_NAMES   -o mkimage.o mkimage.c -c
  CC      mm/util.o
  CC      mm/mmzone.o
  CC      kernel/irq/pm.o
  CC      crypto/hmac.o
gcc -Wall -Wstrict-prototypes -O2 -fomit-frame-pointer -idirafter /home/ray/workplace/git_download/HiSTB_origin/HiSTBLinux/out/hi3798mv100/hi3798mv100_out/obj/source/boot/fastboot/include -idirafter /home/ray/workplace/git_download/HiSTB_origin/HiSTBLinux/out/hi3798mv100/hi3798mv100_out/obj/source/boot/fastboot/include2 -idirafter /home/ray/workplace/git_download/HiSTB_origin/HiSTBLinux/out/hi3798mv100/hi3798mv100_out/obj/source/boot/fastboot/include -I /home/ray/workplace/git_download/HiSTB_origin/HiSTBLinux/out/hi3798mv100/hi3798mv100_out/obj/source/boot/fastboot/lib/libfdt -I /home/ray/workplace/git_download/HiSTB_origin/HiSTBLinux/out/hi3798mv100/hi3798mv100_out/obj/source/boot/fastboot/tools -DTEXT_BASE=0x00c00000 -DUSE_HOSTCC -D__KERNEL_STRICT_NAMES   -o os_support.o os_support.c -c
  CC      block/blk-sysfs.o
  CC      fs/inode.o
gcc -g -Wall -Wstrict-prototypes -O2 -fomit-frame-pointer -idirafter /home/ray/workplace/git_download/HiSTB_origin/HiSTBLinux/out/hi3798mv100/hi3798mv100_out/obj/source/boot/fastboot/include -idirafter /home/ray/workplace/git_download/HiSTB_origin/HiSTBLinux/out/hi3798mv100/hi3798mv100_out/obj/source/boot/fastboot/include2 -idirafter /home/ray/workplace/git_download/HiSTB_origin/HiSTBLinux/out/hi3798mv100/hi3798mv100_out/obj/source/boot/fastboot/include -I /home/ray/workplace/git_download/HiSTB_origin/HiSTBLinux/out/hi3798mv100/hi3798mv100_out/obj/source/boot/fastboot/lib/libfdt -I /home/ray/workplace/git_download/HiSTB_origin/HiSTBLinux/out/hi3798mv100/hi3798mv100_out/obj/source/boot/fastboot/tools -DTEXT_BASE=0x00c00000 -DUSE_HOSTCC -D__KERNEL_STRICT_NAMES -c -o fdt.o /home/ray/workplace/git_download/HiSTB_origin/HiSTBLinux/out/hi3798mv100/hi3798mv100_out/obj/source/boot/fastboot/lib/libfdt/fdt.c
  CC      mm/vmstat.o
  CC      drivers/base/cpu.o
  LD      kernel/irq/built-in.o
  CC      sound/sound_core.o
  CC      crypto/crypto_null.o
  CC      kernel/locking/mutex.o
gcc -g -Wall -Wstrict-prototypes -O2 -fomit-frame-pointer -idirafter /home/ray/workplace/git_download/HiSTB_origin/HiSTBLinux/out/hi3798mv100/hi3798mv100_out/obj/source/boot/fastboot/include -idirafter /home/ray/workplace/git_download/HiSTB_origin/HiSTBLinux/out/hi3798mv100/hi3798mv100_out/obj/source/boot/fastboot/include2 -idirafter /home/ray/workplace/git_download/HiSTB_origin/HiSTBLinux/out/hi3798mv100/hi3798mv100_out/obj/source/boot/fastboot/include -I /home/ray/workplace/git_download/HiSTB_origin/HiSTBLinux/out/hi3798mv100/hi3798mv100_out/obj/source/boot/fastboot/lib/libfdt -I /home/ray/workplace/git_download/HiSTB_origin/HiSTBLinux/out/hi3798mv100/hi3798mv100_out/obj/source/boot/fastboot/tools -DTEXT_BASE=0x00c00000 -DUSE_HOSTCC -D__KERNEL_STRICT_NAMES -c -o fdt_ro.o /home/ray/workplace/git_download/HiSTB_origin/HiSTBLinux/out/hi3798mv100/hi3798mv100_out/obj/source/boot/fastboot/lib/libfdt/fdt_ro.c
  CC      drivers/base/firmware.o
  CC      block/blk-flush.o
  CC      sound/sound_firmware.o
  CC      crypto/md4.o
  CC      drivers/base/init.o
gcc -g -Wall -Wstrict-prototypes -O2 -fomit-frame-pointer -idirafter /home/ray/workplace/git_download/HiSTB_origin/HiSTBLinux/out/hi3798mv100/hi3798mv100_out/obj/source/boot/fastboot/include -idirafter /home/ray/workplace/git_download/HiSTB_origin/HiSTBLinux/out/hi3798mv100/hi3798mv100_out/obj/source/boot/fastboot/include2 -idirafter /home/ray/workplace/git_download/HiSTB_origin/HiSTBLinux/out/hi3798mv100/hi3798mv100_out/obj/source/boot/fastboot/include -I /home/ray/workplace/git_download/HiSTB_origin/HiSTBLinux/out/hi3798mv100/hi3798mv100_out/obj/source/boot/fastboot/lib/libfdt -I /home/ray/workplace/git_download/HiSTB_origin/HiSTBLinux/out/hi3798mv100/hi3798mv100_out/obj/source/boot/fastboot/tools -DTEXT_BASE=0x00c00000 -DUSE_HOSTCC -D__KERNEL_STRICT_NAMES -c -o fdt_rw.o /home/ray/workplace/git_download/HiSTB_origin/HiSTBLinux/out/hi3798mv100/hi3798mv100_out/obj/source/boot/fastboot/lib/libfdt/fdt_rw.c
  CC      kernel/locking/semaphore.o
  CC      drivers/base/map.o
  CC      mm/backing-dev.o
  CC      block/blk-settings.o
  CC      fs/attr.o
  CC      crypto/md5.o
  CC      kernel/locking/rwsem.o
  CC      drivers/base/devres.o
gcc -g -Wall -Wstrict-prototypes -O2 -fomit-frame-pointer -idirafter /home/ray/workplace/git_download/HiSTB_origin/HiSTBLinux/out/hi3798mv100/hi3798mv100_out/obj/source/boot/fastboot/include -idirafter /home/ray/workplace/git_download/HiSTB_origin/HiSTBLinux/out/hi3798mv100/hi3798mv100_out/obj/source/boot/fastboot/include2 -idirafter /home/ray/workplace/git_download/HiSTB_origin/HiSTBLinux/out/hi3798mv100/hi3798mv100_out/obj/source/boot/fastboot/include -I /home/ray/workplace/git_download/HiSTB_origin/HiSTBLinux/out/hi3798mv100/hi3798mv100_out/obj/source/boot/fastboot/lib/libfdt -I /home/ray/workplace/git_download/HiSTB_origin/HiSTBLinux/out/hi3798mv100/hi3798mv100_out/obj/source/boot/fastboot/tools -DTEXT_BASE=0x00c00000 -DUSE_HOSTCC -D__KERNEL_STRICT_NAMES -c -o fdt_strerror.o /home/ray/workplace/git_download/HiSTB_origin/HiSTBLinux/out/hi3798mv100/hi3798mv100_out/obj/source/boot/fastboot/lib/libfdt/fdt_strerror.c
  CC      sound/core/sound.o
gcc -g -Wall -Wstrict-prototypes -O2 -fomit-frame-pointer -idirafter /home/ray/workplace/git_download/HiSTB_origin/HiSTBLinux/out/hi3798mv100/hi3798mv100_out/obj/source/boot/fastboot/include -idirafter /home/ray/workplace/git_download/HiSTB_origin/HiSTBLinux/out/hi3798mv100/hi3798mv100_out/obj/source/boot/fastboot/include2 -idirafter /home/ray/workplace/git_download/HiSTB_origin/HiSTBLinux/out/hi3798mv100/hi3798mv100_out/obj/source/boot/fastboot/include -I /home/ray/workplace/git_download/HiSTB_origin/HiSTBLinux/out/hi3798mv100/hi3798mv100_out/obj/source/boot/fastboot/lib/libfdt -I /home/ray/workplace/git_download/HiSTB_origin/HiSTBLinux/out/hi3798mv100/hi3798mv100_out/obj/source/boot/fastboot/tools -DTEXT_BASE=0x00c00000 -DUSE_HOSTCC -D__KERNEL_STRICT_NAMES -c -o fdt_wip.o /home/ray/workplace/git_download/HiSTB_origin/HiSTBLinux/out/hi3798mv100/hi3798mv100_out/obj/source/boot/fastboot/lib/libfdt/fdt_wip.c
  CC      kernel/locking/percpu-rwsem.o
  CC      fs/bad_inode.o
  CC      crypto/sha1_generic.o
  CC      drivers/base/attribute_container.o
  CC      sound/core/init.o
gcc -Wall -Wstrict-prototypes -O2 -fomit-frame-pointer -idirafter /home/ray/workplace/git_download/HiSTB_origin/HiSTBLinux/out/hi3798mv100/hi3798mv100_out/obj/source/boot/fastboot/include -idirafter /home/ray/workplace/git_download/HiSTB_origin/HiSTBLinux/out/hi3798mv100/hi3798mv100_out/obj/source/boot/fastboot/include2 -idirafter /home/ray/workplace/git_download/HiSTB_origin/HiSTBLinux/out/hi3798mv100/hi3798mv100_out/obj/source/boot/fastboot/include -I /home/ray/workplace/git_download/HiSTB_origin/HiSTBLinux/out/hi3798mv100/hi3798mv100_out/obj/source/boot/fastboot/lib/libfdt -I /home/ray/workplace/git_download/HiSTB_origin/HiSTBLinux/out/hi3798mv100/hi3798mv100_out/obj/source/boot/fastboot/tools -DTEXT_BASE=0x00c00000 -DUSE_HOSTCC -D__KERNEL_STRICT_NAMES -pedantic  -o mkimage crc32.o default_image.o image.o mkimage.o os_support.o fdt.o fdt_ro.o fdt_rw.o fdt_strerror.o fdt_wip.o
  CC      block/blk-ioc.o
  CC      kernel/locking/spinlock.o
  CC      fs/file.o
  CC      mm/mm_init.o
strip mkimage
make[4]: Leaving directory '/home/ray/workplace/git_download/HiSTB_origin/HiSTBLinux/out/hi3798mv100/hi3798mv100_out/obj/source/boot/fastboot/tools'
make -C arch/arm/cpu/hi3798mx start.o
  CC      drivers/base/transport_class.o
  CC      crypto/sha256_generic.o
make[4]: Entering directory '/home/ray/workplace/git_download/HiSTB_origin/HiSTBLinux/out/hi3798mv100/hi3798mv100_out/obj/source/boot/fastboot/arch/arm/cpu/hi3798mx'
  CC      kernel/locking/osq_lock.o
  CC      drivers/base/topology.o
  CC      mm/mmu_context.o
  CC      block/blk-map.o
  CC      sound/core/memory.o
arm-histbv310-linux-gcc   -D__ASSEMBLY__ -g  -Os  -fno-strict-aliasing -fno-common -ffixed-r8   -D__KERNEL__ -DTEXT_BASE=0x00c00000 -I/home/ray/workplace/git_download/HiSTB_origin/HiSTBLinux/out/hi3798mv100/hi3798mv100_out/obj/source/boot/fastboot/include -I/home/ray/workplace/git_download/HiSTB_origin/HiSTBLinux/out/hi3798mv100/hi3798mv100_out/obj/source/boot/fastboot -fno-builtin -ffreestanding -nostdinc -mfloat-abi=soft -isystem /home/ray/workplace/git_download/HiSTB_origin/HiSTBLinux/tools/linux/toolchains/arm-histbv310-linux/bin/../lib/gcc/arm-gcc492_glibc224-linux-gnueabi/4.9.2/include -pipe -DCONFIG_ARM -D__ARM__ -marm -mno-thumb-interwork  -mabi=aapcs-linux -march=armv7-a -DVERSION=3 -DPATCHLEVEL=3 -DSUBLEVEL=0 -DCONFIG_AUXIMAGE=\"/home/ray/workplace/git_download/HiSTB_origin/HiSTBLinux/out/hi3798mv100/hi3798mv100_out/obj/source/boot/fastboot/auxcode_sign.img\"   -DVERSION=3 -DPATCHLEVEL=3 -DSUBLEVEL=0 -DCONFIG_AUXIMAGE=\"/home/ray/workplace/git_download/HiSTB_origin/HiSTBLinux/out/hi3798mv100/hi3798mv100_out/obj/source/boot/fastboot/auxcode_sign.img\"     \
	-o start.o start.S -c
  CC      kernel/locking/lglock.o
make[4]: Leaving directory '/home/ray/workplace/git_download/HiSTB_origin/HiSTBLinux/out/hi3798mv100/hi3798mv100_out/obj/source/boot/fastboot/arch/arm/cpu/hi3798mx'
if [ sslib/libgeneric.a != ss/home/ray/workplace/git_download/HiSTB_origin/HiSTBLinux/out/hi3798mv100/hi3798mv100_out/obj/source/boot/product/libproduct.a ]; then ( \
	make -C lib/; \
) fi
  CC      drivers/base/container.o
  CC      mm/percpu.o
/home/ray/workplace/git_download/HiSTB_origin/HiSTBLinux/source/kernel/linux-4.4.y/block/blk-map.c: In function 'blk_rq_map_user_iov':
/home/ray/workplace/git_download/HiSTB_origin/HiSTBLinux/source/kernel/linux-4.4.y/block/blk-map.c:93:21: warning: passing argument 1 of 'iter_is_iovec' discards 'const' qualifier from pointer target type
  if (!iter_is_iovec(iter))
                     ^
In file included from /home/ray/workplace/git_download/HiSTB_origin/HiSTBLinux/source/kernel/linux-4.4.y/block/blk-map.c:8:0:
/home/ray/workplace/git_download/HiSTB_origin/HiSTBLinux/source/kernel/linux-4.4.y/include/linux/uio.h:109:20: note: expected 'struct iov_iter *' but argument is of type 'const struct iov_iter *'
 static inline bool iter_is_iovec(struct iov_iter *i)
                    ^
  CC      sound/core/control.o
  CC      kernel/locking/rtmutex.o
make[4]: Entering directory '/home/ray/workplace/git_download/HiSTB_origin/HiSTBLinux/out/hi3798mv100/hi3798mv100_out/obj/source/boot/fastboot/lib'
  CC      fs/filesystems.o
  CC      block/blk-exec.o
  CC      drivers/base/property.o
  CC      crypto/ecb.o
  CC      fs/namespace.o
  CC      block/blk-merge.o
  CC      kernel/locking/rwsem-xadd.o
  CC      crypto/cbc.o
  CC      drivers/base/cacheinfo.o
  LD      kernel/locking/built-in.o
  CC      kernel/power/qos.o
  CC      sound/core/misc.o
  CC      mm/slab_common.o
  CC      crypto/des_generic.o
  CC      drivers/base/devtmpfs.o
arm-histbv310-linux-gcc  -g  -Os  -fno-strict-aliasing -fno-common -ffixed-r8   -D__KERNEL__ -DTEXT_BASE=0x00c00000 -I/home/ray/workplace/git_download/HiSTB_origin/HiSTBLinux/out/hi3798mv100/hi3798mv100_out/obj/source/boot/fastboot/include -I/home/ray/workplace/git_download/HiSTB_origin/HiSTBLinux/out/hi3798mv100/hi3798mv100_out/obj/source/boot/fastboot -fno-builtin -ffreestanding -nostdinc -mfloat-abi=soft -isystem /home/ray/workplace/git_download/HiSTB_origin/HiSTBLinux/tools/linux/toolchains/arm-histbv310-linux/bin/../lib/gcc/arm-gcc492_glibc224-linux-gnueabi/4.9.2/include -pipe -DCONFIG_ARM -D__ARM__ -marm -mno-thumb-interwork  -mabi=aapcs-linux -march=armv7-a -DVERSION=3 -DPATCHLEVEL=3 -DSUBLEVEL=0 -DCONFIG_AUXIMAGE=\"/home/ray/workplace/git_download/HiSTB_origin/HiSTBLinux/out/hi3798mv100/hi3798mv100_out/obj/source/boot/fastboot/auxcode_sign.img\"   -DVERSION=3 -DPATCHLEVEL=3 -DSUBLEVEL=0 -DCONFIG_AUXIMAGE=\"/home/ray/workplace/git_download/HiSTB_origin/HiSTBLinux/out/hi3798mv100/hi3798mv100_out/obj/source/boot/fastboot/auxcode_sign.img\"   -Wall -Wstrict-prototypes -fno-stack-protector   \
	-o crc16.o crc16.c -c
  CC      sound/core/device.o
  CC      block/blk-softirq.o
arm-histbv310-linux-gcc  -g  -Os  -fno-strict-aliasing -fno-common -ffixed-r8   -D__KERNEL__ -DTEXT_BASE=0x00c00000 -I/home/ray/workplace/git_download/HiSTB_origin/HiSTBLinux/out/hi3798mv100/hi3798mv100_out/obj/source/boot/fastboot/include -I/home/ray/workplace/git_download/HiSTB_origin/HiSTBLinux/out/hi3798mv100/hi3798mv100_out/obj/source/boot/fastboot -fno-builtin -ffreestanding -nostdinc -mfloat-abi=soft -isystem /home/ray/workplace/git_download/HiSTB_origin/HiSTBLinux/tools/linux/toolchains/arm-histbv310-linux/bin/../lib/gcc/arm-gcc492_glibc224-linux-gnueabi/4.9.2/include -pipe -DCONFIG_ARM -D__ARM__ -marm -mno-thumb-interwork  -mabi=aapcs-linux -march=armv7-a -DVERSION=3 -DPATCHLEVEL=3 -DSUBLEVEL=0 -DCONFIG_AUXIMAGE=\"/home/ray/workplace/git_download/HiSTB_origin/HiSTBLinux/out/hi3798mv100/hi3798mv100_out/obj/source/boot/fastboot/auxcode_sign.img\"   -DVERSION=3 -DPATCHLEVEL=3 -DSUBLEVEL=0 -DCONFIG_AUXIMAGE=\"/home/ray/workplace/git_download/HiSTB_origin/HiSTBLinux/out/hi3798mv100/hi3798mv100_out/obj/source/boot/fastboot/auxcode_sign.img\"   -Wall -Wstrict-prototypes -fno-stack-protector   \
	-o strmhz.o strmhz.c -c
  CC      kernel/power/main.o
arm-histbv310-linux-gcc  -g  -Os  -fno-strict-aliasing -fno-common -ffixed-r8   -D__KERNEL__ -DTEXT_BASE=0x00c00000 -I/home/ray/workplace/git_download/HiSTB_origin/HiSTBLinux/out/hi3798mv100/hi3798mv100_out/obj/source/boot/fastboot/include -I/home/ray/workplace/git_download/HiSTB_origin/HiSTBLinux/out/hi3798mv100/hi3798mv100_out/obj/source/boot/fastboot -fno-builtin -ffreestanding -nostdinc -mfloat-abi=soft -isystem /home/ray/workplace/git_download/HiSTB_origin/HiSTBLinux/tools/linux/toolchains/arm-histbv310-linux/bin/../lib/gcc/arm-gcc492_glibc224-linux-gnueabi/4.9.2/include -pipe -DCONFIG_ARM -D__ARM__ -marm -mno-thumb-interwork  -mabi=aapcs-linux -march=armv7-a -DVERSION=3 -DPATCHLEVEL=3 -DSUBLEVEL=0 -DCONFIG_AUXIMAGE=\"/home/ray/workplace/git_download/HiSTB_origin/HiSTBLinux/out/hi3798mv100/hi3798mv100_out/obj/source/boot/fastboot/auxcode_sign.img\"   -DVERSION=3 -DPATCHLEVEL=3 -DSUBLEVEL=0 -DCONFIG_AUXIMAGE=\"/home/ray/workplace/git_download/HiSTB_origin/HiSTBLinux/out/hi3798mv100/hi3798mv100_out/obj/source/boot/fastboot/auxcode_sign.img\"   -Wall -Wstrict-prototypes -fno-stack-protector   \
	-o crc32.o crc32.c -c
  CC      sound/core/info.o
  CC      drivers/base/dma-contiguous.o
  CC      crypto/blowfish_generic.o
  CC      block/blk-timeout.o
arm-histbv310-linux-gcc  -g  -Os  -fno-strict-aliasing -fno-common -ffixed-r8   -D__KERNEL__ -DTEXT_BASE=0x00c00000 -I/home/ray/workplace/git_download/HiSTB_origin/HiSTBLinux/out/hi3798mv100/hi3798mv100_out/obj/source/boot/fastboot/include -I/home/ray/workplace/git_download/HiSTB_origin/HiSTBLinux/out/hi3798mv100/hi3798mv100_out/obj/source/boot/fastboot -fno-builtin -ffreestanding -nostdinc -mfloat-abi=soft -isystem /home/ray/workplace/git_download/HiSTB_origin/HiSTBLinux/tools/linux/toolchains/arm-histbv310-linux/bin/../lib/gcc/arm-gcc492_glibc224-linux-gnueabi/4.9.2/include -pipe -DCONFIG_ARM -D__ARM__ -marm -mno-thumb-interwork  -mabi=aapcs-linux -march=armv7-a -DVERSION=3 -DPATCHLEVEL=3 -DSUBLEVEL=0 -DCONFIG_AUXIMAGE=\"/home/ray/workplace/git_download/HiSTB_origin/HiSTBLinux/out/hi3798mv100/hi3798mv100_out/obj/source/boot/fastboot/auxcode_sign.img\"   -DVERSION=3 -DPATCHLEVEL=3 -DSUBLEVEL=0 -DCONFIG_AUXIMAGE=\"/home/ray/workplace/git_download/HiSTB_origin/HiSTBLinux/out/hi3798mv100/hi3798mv100_out/obj/source/boot/fastboot/auxcode_sign.img\"   -Wall -Wstrict-prototypes -fno-stack-protector   \
	-o ctype.o ctype.c -c
arm-histbv310-linux-gcc  -g  -Os  -fno-strict-aliasing -fno-common -ffixed-r8   -D__KERNEL__ -DTEXT_BASE=0x00c00000 -I/home/ray/workplace/git_download/HiSTB_origin/HiSTBLinux/out/hi3798mv100/hi3798mv100_out/obj/source/boot/fastboot/include -I/home/ray/workplace/git_download/HiSTB_origin/HiSTBLinux/out/hi3798mv100/hi3798mv100_out/obj/source/boot/fastboot -fno-builtin -ffreestanding -nostdinc -mfloat-abi=soft -isystem /home/ray/workplace/git_download/HiSTB_origin/HiSTBLinux/tools/linux/toolchains/arm-histbv310-linux/bin/../lib/gcc/arm-gcc492_glibc224-linux-gnueabi/4.9.2/include -pipe -DCONFIG_ARM -D__ARM__ -marm -mno-thumb-interwork  -mabi=aapcs-linux -march=armv7-a -DVERSION=3 -DPATCHLEVEL=3 -DSUBLEVEL=0 -DCONFIG_AUXIMAGE=\"/home/ray/workplace/git_download/HiSTB_origin/HiSTBLinux/out/hi3798mv100/hi3798mv100_out/obj/source/boot/fastboot/auxcode_sign.img\"   -DVERSION=3 -DPATCHLEVEL=3 -DSUBLEVEL=0 -DCONFIG_AUXIMAGE=\"/home/ray/workplace/git_download/HiSTB_origin/HiSTBLinux/out/hi3798mv100/hi3798mv100_out/obj/source/boot/fastboot/auxcode_sign.img\"   -Wall -Wstrict-prototypes -fno-stack-protector   \
	-o display_options.o display_options.c -c
  CC      kernel/power/console.o
  CC      fs/seq_file.o
  CC      drivers/base/power/sysfs.o
  CC      crypto/blowfish_common.o
  CC      mm/compaction.o
arm-histbv310-linux-gcc  -g  -Os  -fno-strict-aliasing -fno-common -ffixed-r8   -D__KERNEL__ -DTEXT_BASE=0x00c00000 -I/home/ray/workplace/git_download/HiSTB_origin/HiSTBLinux/out/hi3798mv100/hi3798mv100_out/obj/source/boot/fastboot/include -I/home/ray/workplace/git_download/HiSTB_origin/HiSTBLinux/out/hi3798mv100/hi3798mv100_out/obj/source/boot/fastboot -fno-builtin -ffreestanding -nostdinc -mfloat-abi=soft -isystem /home/ray/workplace/git_download/HiSTB_origin/HiSTBLinux/tools/linux/toolchains/arm-histbv310-linux/bin/../lib/gcc/arm-gcc492_glibc224-linux-gnueabi/4.9.2/include -pipe -DCONFIG_ARM -D__ARM__ -marm -mno-thumb-interwork  -mabi=aapcs-linux -march=armv7-a -DVERSION=3 -DPATCHLEVEL=3 -DSUBLEVEL=0 -DCONFIG_AUXIMAGE=\"/home/ray/workplace/git_download/HiSTB_origin/HiSTBLinux/out/hi3798mv100/hi3798mv100_out/obj/source/boot/fastboot/auxcode_sign.img\"   -DVERSION=3 -DPATCHLEVEL=3 -DSUBLEVEL=0 -DCONFIG_AUXIMAGE=\"/home/ray/workplace/git_download/HiSTB_origin/HiSTBLinux/out/hi3798mv100/hi3798mv100_out/obj/source/boot/fastboot/auxcode_sign.img\"   -Wall -Wstrict-prototypes -fno-stack-protector   \
	-o div64.o div64.c -c
  CC      block/blk-iopoll.o
  CC      sound/core/ctljack.o
arm-histbv310-linux-gcc  -g  -Os  -fno-strict-aliasing -fno-common -ffixed-r8   -D__KERNEL__ -DTEXT_BASE=0x00c00000 -I/home/ray/workplace/git_download/HiSTB_origin/HiSTBLinux/out/hi3798mv100/hi3798mv100_out/obj/source/boot/fastboot/include -I/home/ray/workplace/git_download/HiSTB_origin/HiSTBLinux/out/hi3798mv100/hi3798mv100_out/obj/source/boot/fastboot -fno-builtin -ffreestanding -nostdinc -mfloat-abi=soft -isystem /home/ray/workplace/git_download/HiSTB_origin/HiSTBLinux/tools/linux/toolchains/arm-histbv310-linux/bin/../lib/gcc/arm-gcc492_glibc224-linux-gnueabi/4.9.2/include -pipe -DCONFIG_ARM -D__ARM__ -marm -mno-thumb-interwork  -mabi=aapcs-linux -march=armv7-a -DVERSION=3 -DPATCHLEVEL=3 -DSUBLEVEL=0 -DCONFIG_AUXIMAGE=\"/home/ray/workplace/git_download/HiSTB_origin/HiSTBLinux/out/hi3798mv100/hi3798mv100_out/obj/source/boot/fastboot/auxcode_sign.img\"   -DVERSION=3 -DPATCHLEVEL=3 -DSUBLEVEL=0 -DCONFIG_AUXIMAGE=\"/home/ray/workplace/git_download/HiSTB_origin/HiSTBLinux/out/hi3798mv100/hi3798mv100_out/obj/source/boot/fastboot/auxcode_sign.img\"   -Wall -Wstrict-prototypes -fno-stack-protector   \
	-o gunzip.o gunzip.c -c
  CC      drivers/base/power/generic_ops.o
  CC      crypto/aes_generic.o
  CC      kernel/power/process.o
  CC      sound/core/jack.o
arm-histbv310-linux-gcc  -g  -Os  -fno-strict-aliasing -fno-common -ffixed-r8   -D__KERNEL__ -DTEXT_BASE=0x00c00000 -I/home/ray/workplace/git_download/HiSTB_origin/HiSTBLinux/out/hi3798mv100/hi3798mv100_out/obj/source/boot/fastboot/include -I/home/ray/workplace/git_download/HiSTB_origin/HiSTBLinux/out/hi3798mv100/hi3798mv100_out/obj/source/boot/fastboot -fno-builtin -ffreestanding -nostdinc -mfloat-abi=soft -isystem /home/ray/workplace/git_download/HiSTB_origin/HiSTBLinux/tools/linux/toolchains/arm-histbv310-linux/bin/../lib/gcc/arm-gcc492_glibc224-linux-gnueabi/4.9.2/include -pipe -DCONFIG_ARM -D__ARM__ -marm -mno-thumb-interwork  -mabi=aapcs-linux -march=armv7-a -DVERSION=3 -DPATCHLEVEL=3 -DSUBLEVEL=0 -DCONFIG_AUXIMAGE=\"/home/ray/workplace/git_download/HiSTB_origin/HiSTBLinux/out/hi3798mv100/hi3798mv100_out/obj/source/boot/fastboot/auxcode_sign.img\"   -DVERSION=3 -DPATCHLEVEL=3 -DSUBLEVEL=0 -DCONFIG_AUXIMAGE=\"/home/ray/workplace/git_download/HiSTB_origin/HiSTBLinux/out/hi3798mv100/hi3798mv100_out/obj/source/boot/fastboot/auxcode_sign.img\"   -Wall -Wstrict-prototypes -fno-stack-protector   \
	-o ldiv.o ldiv.c -c
  CC      block/blk-lib.o
arm-histbv310-linux-gcc  -g  -Os  -fno-strict-aliasing -fno-common -ffixed-r8   -D__KERNEL__ -DTEXT_BASE=0x00c00000 -I/home/ray/workplace/git_download/HiSTB_origin/HiSTBLinux/out/hi3798mv100/hi3798mv100_out/obj/source/boot/fastboot/include -I/home/ray/workplace/git_download/HiSTB_origin/HiSTBLinux/out/hi3798mv100/hi3798mv100_out/obj/source/boot/fastboot -fno-builtin -ffreestanding -nostdinc -mfloat-abi=soft -isystem /home/ray/workplace/git_download/HiSTB_origin/HiSTBLinux/tools/linux/toolchains/arm-histbv310-linux/bin/../lib/gcc/arm-gcc492_glibc224-linux-gnueabi/4.9.2/include -pipe -DCONFIG_ARM -D__ARM__ -marm -mno-thumb-interwork  -mabi=aapcs-linux -march=armv7-a -DVERSION=3 -DPATCHLEVEL=3 -DSUBLEVEL=0 -DCONFIG_AUXIMAGE=\"/home/ray/workplace/git_download/HiSTB_origin/HiSTBLinux/out/hi3798mv100/hi3798mv100_out/obj/source/boot/fastboot/auxcode_sign.img\"   -DVERSION=3 -DPATCHLEVEL=3 -DSUBLEVEL=0 -DCONFIG_AUXIMAGE=\"/home/ray/workplace/git_download/HiSTB_origin/HiSTBLinux/out/hi3798mv100/hi3798mv100_out/obj/source/boot/fastboot/auxcode_sign.img\"   -Wall -Wstrict-prototypes -fno-stack-protector   \
	-o net_utils.o net_utils.c -c
  CC      fs/xattr.o
arm-histbv310-linux-gcc  -g  -Os  -fno-strict-aliasing -fno-common -ffixed-r8   -D__KERNEL__ -DTEXT_BASE=0x00c00000 -I/home/ray/workplace/git_download/HiSTB_origin/HiSTBLinux/out/hi3798mv100/hi3798mv100_out/obj/source/boot/fastboot/include -I/home/ray/workplace/git_download/HiSTB_origin/HiSTBLinux/out/hi3798mv100/hi3798mv100_out/obj/source/boot/fastboot -fno-builtin -ffreestanding -nostdinc -mfloat-abi=soft -isystem /home/ray/workplace/git_download/HiSTB_origin/HiSTBLinux/tools/linux/toolchains/arm-histbv310-linux/bin/../lib/gcc/arm-gcc492_glibc224-linux-gnueabi/4.9.2/include -pipe -DCONFIG_ARM -D__ARM__ -marm -mno-thumb-interwork  -mabi=aapcs-linux -march=armv7-a -DVERSION=3 -DPATCHLEVEL=3 -DSUBLEVEL=0 -DCONFIG_AUXIMAGE=\"/home/ray/workplace/git_download/HiSTB_origin/HiSTBLinux/out/hi3798mv100/hi3798mv100_out/obj/source/boot/fastboot/auxcode_sign.img\"   -DVERSION=3 -DPATCHLEVEL=3 -DSUBLEVEL=0 -DCONFIG_AUXIMAGE=\"/home/ray/workplace/git_download/HiSTB_origin/HiSTBLinux/out/hi3798mv100/hi3798mv100_out/obj/source/boot/fastboot/auxcode_sign.img\"   -Wall -Wstrict-prototypes -fno-stack-protector   \
	-o string.o string.c -c
  CC      sound/core/hwdep.o
  CC      drivers/base/power/common.o
  CC      kernel/power/suspend.o
  CC      block/blk-mq.o
arm-histbv310-linux-gcc  -g  -Os  -fno-strict-aliasing -fno-common -ffixed-r8   -D__KERNEL__ -DTEXT_BASE=0x00c00000 -I/home/ray/workplace/git_download/HiSTB_origin/HiSTBLinux/out/hi3798mv100/hi3798mv100_out/obj/source/boot/fastboot/include -I/home/ray/workplace/git_download/HiSTB_origin/HiSTBLinux/out/hi3798mv100/hi3798mv100_out/obj/source/boot/fastboot -fno-builtin -ffreestanding -nostdinc -mfloat-abi=soft -isystem /home/ray/workplace/git_download/HiSTB_origin/HiSTBLinux/tools/linux/toolchains/arm-histbv310-linux/bin/../lib/gcc/arm-gcc492_glibc224-linux-gnueabi/4.9.2/include -pipe -DCONFIG_ARM -D__ARM__ -marm -mno-thumb-interwork  -mabi=aapcs-linux -march=armv7-a -DVERSION=3 -DPATCHLEVEL=3 -DSUBLEVEL=0 -DCONFIG_AUXIMAGE=\"/home/ray/workplace/git_download/HiSTB_origin/HiSTBLinux/out/hi3798mv100/hi3798mv100_out/obj/source/boot/fastboot/auxcode_sign.img\"   -DVERSION=3 -DPATCHLEVEL=3 -DSUBLEVEL=0 -DCONFIG_AUXIMAGE=\"/home/ray/workplace/git_download/HiSTB_origin/HiSTBLinux/out/hi3798mv100/hi3798mv100_out/obj/source/boot/fastboot/auxcode_sign.img\"   -Wall -Wstrict-prototypes -fno-stack-protector   \
	-o time.o time.c -c
  CC      drivers/base/power/qos.o
  CC      crypto/arc4.o
arm-histbv310-linux-gcc  -g  -Os  -fno-strict-aliasing -fno-common -ffixed-r8   -D__KERNEL__ -DTEXT_BASE=0x00c00000 -I/home/ray/workplace/git_download/HiSTB_origin/HiSTBLinux/out/hi3798mv100/hi3798mv100_out/obj/source/boot/fastboot/include -I/home/ray/workplace/git_download/HiSTB_origin/HiSTBLinux/out/hi3798mv100/hi3798mv100_out/obj/source/boot/fastboot -fno-builtin -ffreestanding -nostdinc -mfloat-abi=soft -isystem /home/ray/workplace/git_download/HiSTB_origin/HiSTBLinux/tools/linux/toolchains/arm-histbv310-linux/bin/../lib/gcc/arm-gcc492_glibc224-linux-gnueabi/4.9.2/include -pipe -DCONFIG_ARM -D__ARM__ -marm -mno-thumb-interwork  -mabi=aapcs-linux -march=armv7-a -DVERSION=3 -DPATCHLEVEL=3 -DSUBLEVEL=0 -DCONFIG_AUXIMAGE=\"/home/ray/workplace/git_download/HiSTB_origin/HiSTBLinux/out/hi3798mv100/hi3798mv100_out/obj/source/boot/fastboot/auxcode_sign.img\"   -DVERSION=3 -DPATCHLEVEL=3 -DSUBLEVEL=0 -DCONFIG_AUXIMAGE=\"/home/ray/workplace/git_download/HiSTB_origin/HiSTBLinux/out/hi3798mv100/hi3798mv100_out/obj/source/boot/fastboot/auxcode_sign.img\"   -Wall -Wstrict-prototypes -fno-stack-protector   \
	-o vsprintf.o vsprintf.c -c
  CC      sound/core/timer.o
  CC      mm/vmacache.o
  CC      fs/libfs.o
  CC      kernel/power/wakelock.o
  CC      crypto/deflate.o
  CC      mm/interval_tree.o
arm-histbv310-linux-gcc  -g  -Os  -fno-strict-aliasing -fno-common -ffixed-r8   -D__KERNEL__ -DTEXT_BASE=0x00c00000 -I/home/ray/workplace/git_download/HiSTB_origin/HiSTBLinux/out/hi3798mv100/hi3798mv100_out/obj/source/boot/fastboot/include -I/home/ray/workplace/git_download/HiSTB_origin/HiSTBLinux/out/hi3798mv100/hi3798mv100_out/obj/source/boot/fastboot -fno-builtin -ffreestanding -nostdinc -mfloat-abi=soft -isystem /home/ray/workplace/git_download/HiSTB_origin/HiSTBLinux/tools/linux/toolchains/arm-histbv310-linux/bin/../lib/gcc/arm-gcc492_glibc224-linux-gnueabi/4.9.2/include -pipe -DCONFIG_ARM -D__ARM__ -marm -mno-thumb-interwork  -mabi=aapcs-linux -march=armv7-a -DVERSION=3 -DPATCHLEVEL=3 -DSUBLEVEL=0 -DCONFIG_AUXIMAGE=\"/home/ray/workplace/git_download/HiSTB_origin/HiSTBLinux/out/hi3798mv100/hi3798mv100_out/obj/source/boot/fastboot/auxcode_sign.img\"   -DVERSION=3 -DPATCHLEVEL=3 -DSUBLEVEL=0 -DCONFIG_AUXIMAGE=\"/home/ray/workplace/git_download/HiSTB_origin/HiSTBLinux/out/hi3798mv100/hi3798mv100_out/obj/source/boot/fastboot/auxcode_sign.img\"   -Wall -Wstrict-prototypes -fno-stack-protector   \
	-o vsnprintf.o vsnprintf.c -c
  CC      drivers/base/power/runtime.o
  CC      crypto/zlib.o
  CC      kernel/power/poweroff.o
arm-histbv310-linux-gcc  -g  -Os  -fno-strict-aliasing -fno-common -ffixed-r8   -D__KERNEL__ -DTEXT_BASE=0x00c00000 -I/home/ray/workplace/git_download/HiSTB_origin/HiSTBLinux/out/hi3798mv100/hi3798mv100_out/obj/source/boot/fastboot/include -I/home/ray/workplace/git_download/HiSTB_origin/HiSTBLinux/out/hi3798mv100/hi3798mv100_out/obj/source/boot/fastboot -fno-builtin -ffreestanding -nostdinc -mfloat-abi=soft -isystem /home/ray/workplace/git_download/HiSTB_origin/HiSTBLinux/tools/linux/toolchains/arm-histbv310-linux/bin/../lib/gcc/arm-gcc492_glibc224-linux-gnueabi/4.9.2/include -pipe -DCONFIG_ARM -D__ARM__ -marm -mno-thumb-interwork  -mabi=aapcs-linux -march=armv7-a -DVERSION=3 -DPATCHLEVEL=3 -DSUBLEVEL=0 -DCONFIG_AUXIMAGE=\"/home/ray/workplace/git_download/HiSTB_origin/HiSTBLinux/out/hi3798mv100/hi3798mv100_out/obj/source/boot/fastboot/auxcode_sign.img\"   -DVERSION=3 -DPATCHLEVEL=3 -DSUBLEVEL=0 -DCONFIG_AUXIMAGE=\"/home/ray/workplace/git_download/HiSTB_origin/HiSTBLinux/out/hi3798mv100/hi3798mv100_out/obj/source/boot/fastboot/auxcode_sign.img\"   -Wall -Wstrict-prototypes -fno-stack-protector   \
	-o rand.o rand.c -c
  CC      mm/list_lru.o
  CC      kernel/power/wakeup_reason.o
  CC      fs/fs-writeback.o
arm-histbv310-linux-gcc  -g  -Os  -fno-strict-aliasing -fno-common -ffixed-r8   -D__KERNEL__ -DTEXT_BASE=0x00c00000 -I/home/ray/workplace/git_download/HiSTB_origin/HiSTBLinux/out/hi3798mv100/hi3798mv100_out/obj/source/boot/fastboot/include -I/home/ray/workplace/git_download/HiSTB_origin/HiSTBLinux/out/hi3798mv100/hi3798mv100_out/obj/source/boot/fastboot -fno-builtin -ffreestanding -nostdinc -mfloat-abi=soft -isystem /home/ray/workplace/git_download/HiSTB_origin/HiSTBLinux/tools/linux/toolchains/arm-histbv310-linux/bin/../lib/gcc/arm-gcc492_glibc224-linux-gnueabi/4.9.2/include -pipe -DCONFIG_ARM -D__ARM__ -marm -mno-thumb-interwork  -mabi=aapcs-linux -march=armv7-a -DVERSION=3 -DPATCHLEVEL=3 -DSUBLEVEL=0 -DCONFIG_AUXIMAGE=\"/home/ray/workplace/git_download/HiSTB_origin/HiSTBLinux/out/hi3798mv100/hi3798mv100_out/obj/source/boot/fastboot/auxcode_sign.img\"   -DVERSION=3 -DPATCHLEVEL=3 -DSUBLEVEL=0 -DCONFIG_AUXIMAGE=\"/home/ray/workplace/git_download/HiSTB_origin/HiSTBLinux/out/hi3798mv100/hi3798mv100_out/obj/source/boot/fastboot/auxcode_sign.img\"   -Wall -Wstrict-prototypes -fno-stack-protector   \
	-o zlib.o zlib.c -c
  CC      sound/core/pcm.o
  CC      crypto/crc32c_generic.o
  CC      block/blk-mq-tag.o
  CC      drivers/base/power/wakeirq.o
  LD      kernel/power/built-in.o
  CC      mm/workingset.o
  CC      kernel/printk/printk.o
  CC      crypto/authenc.o
  CC      drivers/base/power/main.o
  CC      block/blk-mq-sysfs.o
  CC      sound/core/pcm_native.o
arm-histbv310-linux-gcc  -g  -Os  -fno-strict-aliasing -fno-common -ffixed-r8   -D__KERNEL__ -DTEXT_BASE=0x00c00000 -I/home/ray/workplace/git_download/HiSTB_origin/HiSTBLinux/out/hi3798mv100/hi3798mv100_out/obj/source/boot/fastboot/include -I/home/ray/workplace/git_download/HiSTB_origin/HiSTBLinux/out/hi3798mv100/hi3798mv100_out/obj/source/boot/fastboot -fno-builtin -ffreestanding -nostdinc -mfloat-abi=soft -isystem /home/ray/workplace/git_download/HiSTB_origin/HiSTBLinux/tools/linux/toolchains/arm-histbv310-linux/bin/../lib/gcc/arm-gcc492_glibc224-linux-gnueabi/4.9.2/include -pipe -DCONFIG_ARM -D__ARM__ -marm -mno-thumb-interwork  -mabi=aapcs-linux -march=armv7-a -DVERSION=3 -DPATCHLEVEL=3 -DSUBLEVEL=0 -DCONFIG_AUXIMAGE=\"/home/ray/workplace/git_download/HiSTB_origin/HiSTBLinux/out/hi3798mv100/hi3798mv100_out/obj/source/boot/fastboot/auxcode_sign.img\"   -DVERSION=3 -DPATCHLEVEL=3 -DSUBLEVEL=0 -DCONFIG_AUXIMAGE=\"/home/ray/workplace/git_download/HiSTB_origin/HiSTBLinux/out/hi3798mv100/hi3798mv100_out/obj/source/boot/fastboot/auxcode_sign.img\"   -Wall -Wstrict-prototypes -fno-stack-protector   \
	-o reserve_mem.o reserve_mem.c -c
  CC      mm/debug.o
arm-histbv310-linux-gcc  -g  -Os  -fno-strict-aliasing -fno-common -ffixed-r8   -D__KERNEL__ -DTEXT_BASE=0x00c00000 -I/home/ray/workplace/git_download/HiSTB_origin/HiSTBLinux/out/hi3798mv100/hi3798mv100_out/obj/source/boot/fastboot/include -I/home/ray/workplace/git_download/HiSTB_origin/HiSTBLinux/out/hi3798mv100/hi3798mv100_out/obj/source/boot/fastboot -fno-builtin -ffreestanding -nostdinc -mfloat-abi=soft -isystem /home/ray/workplace/git_download/HiSTB_origin/HiSTBLinux/tools/linux/toolchains/arm-histbv310-linux/bin/../lib/gcc/arm-gcc492_glibc224-linux-gnueabi/4.9.2/include -pipe -DCONFIG_ARM -D__ARM__ -marm -mno-thumb-interwork  -mabi=aapcs-linux -march=armv7-a -DVERSION=3 -DPATCHLEVEL=3 -DSUBLEVEL=0 -DCONFIG_AUXIMAGE=\"/home/ray/workplace/git_download/HiSTB_origin/HiSTBLinux/out/hi3798mv100/hi3798mv100_out/obj/source/boot/fastboot/auxcode_sign.img\"   -DVERSION=3 -DPATCHLEVEL=3 -DSUBLEVEL=0 -DCONFIG_AUXIMAGE=\"/home/ray/workplace/git_download/HiSTB_origin/HiSTBLinux/out/hi3798mv100/hi3798mv100_out/obj/source/boot/fastboot/auxcode_sign.img\"   -Wall -Wstrict-prototypes -fno-stack-protector   \
	-o parse_bootargs.o parse_bootargs.c -c
  CC      crypto/authencesn.o
  CC      mm/gup.o
  CC      block/blk-mq-cpu.o
arm-histbv310-linux-gcc  -g  -Os  -fno-strict-aliasing -fno-common -ffixed-r8   -D__KERNEL__ -DTEXT_BASE=0x00c00000 -I/home/ray/workplace/git_download/HiSTB_origin/HiSTBLinux/out/hi3798mv100/hi3798mv100_out/obj/source/boot/fastboot/include -I/home/ray/workplace/git_download/HiSTB_origin/HiSTBLinux/out/hi3798mv100/hi3798mv100_out/obj/source/boot/fastboot -fno-builtin -ffreestanding -nostdinc -mfloat-abi=soft -isystem /home/ray/workplace/git_download/HiSTB_origin/HiSTBLinux/tools/linux/toolchains/arm-histbv310-linux/bin/../lib/gcc/arm-gcc492_glibc224-linux-gnueabi/4.9.2/include -pipe -DCONFIG_ARM -D__ARM__ -marm -mno-thumb-interwork  -mabi=aapcs-linux -march=armv7-a -DVERSION=3 -DPATCHLEVEL=3 -DSUBLEVEL=0 -DCONFIG_AUXIMAGE=\"/home/ray/workplace/git_download/HiSTB_origin/HiSTBLinux/out/hi3798mv100/hi3798mv100_out/obj/source/boot/fastboot/auxcode_sign.img\"   -DVERSION=3 -DPATCHLEVEL=3 -DSUBLEVEL=0 -DCONFIG_AUXIMAGE=\"/home/ray/workplace/git_download/HiSTB_origin/HiSTBLinux/out/hi3798mv100/hi3798mv100_out/obj/source/boot/fastboot/auxcode_sign.img\"   -Wall -Wstrict-prototypes -fno-stack-protector   \
	-o match_table.o match_table.c -c
arm-histbv310-linux-gcc  -g  -Os  -fno-strict-aliasing -fno-common -ffixed-r8   -D__KERNEL__ -DTEXT_BASE=0x00c00000 -I/home/ray/workplace/git_download/HiSTB_origin/HiSTBLinux/out/hi3798mv100/hi3798mv100_out/obj/source/boot/fastboot/include -I/home/ray/workplace/git_download/HiSTB_origin/HiSTBLinux/out/hi3798mv100/hi3798mv100_out/obj/source/boot/fastboot -fno-builtin -ffreestanding -nostdinc -mfloat-abi=soft -isystem /home/ray/workplace/git_download/HiSTB_origin/HiSTBLinux/tools/linux/toolchains/arm-histbv310-linux/bin/../lib/gcc/arm-gcc492_glibc224-linux-gnueabi/4.9.2/include -pipe -DCONFIG_ARM -D__ARM__ -marm -mno-thumb-interwork  -mabi=aapcs-linux -march=armv7-a -DVERSION=3 -DPATCHLEVEL=3 -DSUBLEVEL=0 -DCONFIG_AUXIMAGE=\"/home/ray/workplace/git_download/HiSTB_origin/HiSTBLinux/out/hi3798mv100/hi3798mv100_out/obj/source/boot/fastboot/auxcode_sign.img\"   -DVERSION=3 -DPATCHLEVEL=3 -DSUBLEVEL=0 -DCONFIG_AUXIMAGE=\"/home/ray/workplace/git_download/HiSTB_origin/HiSTBLinux/out/hi3798mv100/hi3798mv100_out/obj/source/boot/fastboot/auxcode_sign.img\"   -Wall -Wstrict-prototypes -fno-stack-protector   \
	-o bootimg.o bootimg.c -c
arm-histbv310-linux-ar crv libgeneric.a crc16.o strmhz.o crc32.o ctype.o display_options.o div64.o gunzip.o ldiv.o net_utils.o string.o time.o vsprintf.o vsnprintf.o rand.o zlib.o reserve_mem.o parse_bootargs.o match_table.o bootimg.o
  CC      drivers/base/power/wakeup.o
  CC      block/blk-mq-cpumap.o
r - crc16.o
r - strmhz.o
r - crc32.o
r - ctype.o
r - display_options.o
r - div64.o
r - gunzip.o
r - ldiv.o
r - net_utils.o
r - string.o
r - time.o
r - vsprintf.o
r - vsnprintf.o
r - rand.o
r - zlib.o
r - reserve_mem.o
r - parse_bootargs.o
r - match_table.o
r - bootimg.o
  LD      kernel/printk/built-in.o
make[4]: Leaving directory '/home/ray/workplace/git_download/HiSTB_origin/HiSTBLinux/out/hi3798mv100/hi3798mv100_out/obj/source/boot/fastboot/lib'
if [ sslib/lzma/liblzma.a != ss/home/ray/workplace/git_download/HiSTB_origin/HiSTBLinux/out/hi3798mv100/hi3798mv100_out/obj/source/boot/product/libproduct.a ]; then ( \
	make -C lib/lzma/; \
) fi
  CC      crypto/lzo.o
  CC      kernel/rcu/update.o
  CC      mm/highmem.o
make[4]: Entering directory '/home/ray/workplace/git_download/HiSTB_origin/HiSTBLinux/out/hi3798mv100/hi3798mv100_out/obj/source/boot/fastboot/lib/lzma'
  CC      block/ioctl.o
  CC      crypto/lz4.o
  CC      fs/pnode.o
arm-histbv310-linux-ar crv liblzma.a 
  CC      kernel/rcu/sync.o
  CC      mm/memory.o
make[4]: Leaving directory '/home/ray/workplace/git_download/HiSTB_origin/HiSTBLinux/out/hi3798mv100/hi3798mv100_out/obj/source/boot/fastboot/lib/lzma'
if [ sslib/lzo/liblzo.a != ss/home/ray/workplace/git_download/HiSTB_origin/HiSTBLinux/out/hi3798mv100/hi3798mv100_out/obj/source/boot/product/libproduct.a ]; then ( \
	make -C lib/lzo/; \
) fi
  CC      crypto/rng.o
  CC      drivers/base/power/opp/core.o
  CC      sound/core/pcm_lib.o
make[4]: Entering directory '/home/ray/workplace/git_download/HiSTB_origin/HiSTBLinux/out/hi3798mv100/hi3798mv100_out/obj/source/boot/fastboot/lib/lzo'
  CC      kernel/rcu/srcu.o
  CC      fs/splice.o
  CC      block/genhd.o
  CC      crypto/ansi_cprng.o
arm-histbv310-linux-ar crv liblzo.a 
  CC      kernel/rcu/tree.o
make[4]: Leaving directory '/home/ray/workplace/git_download/HiSTB_origin/HiSTBLinux/out/hi3798mv100/hi3798mv100_out/obj/source/boot/fastboot/lib/lzo'
if [ ssarch/arm/cpu/hi3798mx/libhi3798mx.a != ss/home/ray/workplace/git_download/HiSTB_origin/HiSTBLinux/out/hi3798mv100/hi3798mv100_out/obj/source/boot/product/libproduct.a ]; then ( \
	make -C arch/arm/cpu/hi3798mx/; \
) fi
  CC      drivers/base/power/opp/cpu.o
make[4]: Entering directory '/home/ray/workplace/git_download/HiSTB_origin/HiSTBLinux/out/hi3798mv100/hi3798mv100_out/obj/source/boot/fastboot/arch/arm/cpu/hi3798mx'
  CC      drivers/base/power/opp/debugfs.o
  CC      crypto/af_alg.o
arm-histbv310-linux-gcc   -D__ASSEMBLY__ -g  -Os  -fno-strict-aliasing -fno-common -ffixed-r8   -D__KERNEL__ -DTEXT_BASE=0x00c00000 -I/home/ray/workplace/git_download/HiSTB_origin/HiSTBLinux/out/hi3798mv100/hi3798mv100_out/obj/source/boot/fastboot/include -I/home/ray/workplace/git_download/HiSTB_origin/HiSTBLinux/out/hi3798mv100/hi3798mv100_out/obj/source/boot/fastboot -fno-builtin -ffreestanding -nostdinc -mfloat-abi=soft -isystem /home/ray/workplace/git_download/HiSTB_origin/HiSTBLinux/tools/linux/toolchains/arm-histbv310-linux/bin/../lib/gcc/arm-gcc492_glibc224-linux-gnueabi/4.9.2/include -pipe -DCONFIG_ARM -D__ARM__ -marm -mno-thumb-interwork  -mabi=aapcs-linux -march=armv7-a -DVERSION=3 -DPATCHLEVEL=3 -DSUBLEVEL=0 -DCONFIG_AUXIMAGE=\"/home/ray/workplace/git_download/HiSTB_origin/HiSTBLinux/out/hi3798mv100/hi3798mv100_out/obj/source/boot/fastboot/auxcode_sign.img\"   -DVERSION=3 -DPATCHLEVEL=3 -DSUBLEVEL=0 -DCONFIG_AUXIMAGE=\"/home/ray/workplace/git_download/HiSTB_origin/HiSTBLinux/out/hi3798mv100/hi3798mv100_out/obj/source/boot/fastboot/auxcode_sign.img\"     \
	-o uart.o uart.S -c
arm-histbv310-linux-gcc   -D__ASSEMBLY__ -g  -Os  -fno-strict-aliasing -fno-common -ffixed-r8   -D__KERNEL__ -DTEXT_BASE=0x00c00000 -I/home/ray/workplace/git_download/HiSTB_origin/HiSTBLinux/out/hi3798mv100/hi3798mv100_out/obj/source/boot/fastboot/include -I/home/ray/workplace/git_download/HiSTB_origin/HiSTBLinux/out/hi3798mv100/hi3798mv100_out/obj/source/boot/fastboot -fno-builtin -ffreestanding -nostdinc -mfloat-abi=soft -isystem /home/ray/workplace/git_download/HiSTB_origin/HiSTBLinux/tools/linux/toolchains/arm-histbv310-linux/bin/../lib/gcc/arm-gcc492_glibc224-linux-gnueabi/4.9.2/include -pipe -DCONFIG_ARM -D__ARM__ -marm -mno-thumb-interwork  -mabi=aapcs-linux -march=armv7-a -DVERSION=3 -DPATCHLEVEL=3 -DSUBLEVEL=0 -DCONFIG_AUXIMAGE=\"/home/ray/workplace/git_download/HiSTB_origin/HiSTBLinux/out/hi3798mv100/hi3798mv100_out/obj/source/boot/fastboot/auxcode_sign.img\"   -DVERSION=3 -DPATCHLEVEL=3 -DSUBLEVEL=0 -DCONFIG_AUXIMAGE=\"/home/ray/workplace/git_download/HiSTB_origin/HiSTBLinux/out/hi3798mv100/hi3798mv100_out/obj/source/boot/fastboot/auxcode_sign.img\"     \
	-o arm_exception.o arm_exception.S -c
  CC      fs/sync.o
  LD      drivers/base/power/opp/built-in.o
  CC      drivers/base/power/clock_ops.o
arm-histbv310-linux-gcc   -D__ASSEMBLY__ -g  -Os  -fno-strict-aliasing -fno-common -ffixed-r8   -D__KERNEL__ -DTEXT_BASE=0x00c00000 -I/home/ray/workplace/git_download/HiSTB_origin/HiSTBLinux/out/hi3798mv100/hi3798mv100_out/obj/source/boot/fastboot/include -I/home/ray/workplace/git_download/HiSTB_origin/HiSTBLinux/out/hi3798mv100/hi3798mv100_out/obj/source/boot/fastboot -fno-builtin -ffreestanding -nostdinc -mfloat-abi=soft -isystem /home/ray/workplace/git_download/HiSTB_origin/HiSTBLinux/tools/linux/toolchains/arm-histbv310-linux/bin/../lib/gcc/arm-gcc492_glibc224-linux-gnueabi/4.9.2/include -pipe -DCONFIG_ARM -D__ARM__ -marm -mno-thumb-interwork  -mabi=aapcs-linux -march=armv7-a -DVERSION=3 -DPATCHLEVEL=3 -DSUBLEVEL=0 -DCONFIG_AUXIMAGE=\"/home/ray/workplace/git_download/HiSTB_origin/HiSTBLinux/out/hi3798mv100/hi3798mv100_out/obj/source/boot/fastboot/auxcode_sign.img\"   -DVERSION=3 -DPATCHLEVEL=3 -DSUBLEVEL=0 -DCONFIG_AUXIMAGE=\"/home/ray/workplace/git_download/HiSTB_origin/HiSTBLinux/out/hi3798mv100/hi3798mv100_out/obj/source/boot/fastboot/auxcode_sign.img\"     \
	-o slave_bootup.o slave_bootup.S -c
  CC      sound/core/pcm_misc.o
  CC      block/scsi_ioctl.o
arm-histbv310-linux-gcc  -g  -Os  -fno-strict-aliasing -fno-common -ffixed-r8   -D__KERNEL__ -DTEXT_BASE=0x00c00000 -I/home/ray/workplace/git_download/HiSTB_origin/HiSTBLinux/out/hi3798mv100/hi3798mv100_out/obj/source/boot/fastboot/include -I/home/ray/workplace/git_download/HiSTB_origin/HiSTBLinux/out/hi3798mv100/hi3798mv100_out/obj/source/boot/fastboot -fno-builtin -ffreestanding -nostdinc -mfloat-abi=soft -isystem /home/ray/workplace/git_download/HiSTB_origin/HiSTBLinux/tools/linux/toolchains/arm-histbv310-linux/bin/../lib/gcc/arm-gcc492_glibc224-linux-gnueabi/4.9.2/include -pipe -DCONFIG_ARM -D__ARM__ -marm -mno-thumb-interwork  -mabi=aapcs-linux -march=armv7-a -DVERSION=3 -DPATCHLEVEL=3 -DSUBLEVEL=0 -DCONFIG_AUXIMAGE=\"/home/ray/workplace/git_download/HiSTB_origin/HiSTBLinux/out/hi3798mv100/hi3798mv100_out/obj/source/boot/fastboot/auxcode_sign.img\"   -DVERSION=3 -DPATCHLEVEL=3 -DSUBLEVEL=0 -DCONFIG_AUXIMAGE=\"/home/ray/workplace/git_download/HiSTB_origin/HiSTBLinux/out/hi3798mv100/hi3798mv100_out/obj/source/boot/fastboot/auxcode_sign.img\"   -Wall -Wstrict-prototypes -fno-stack-protector   \
	-o chip.o chip.c -c
  CC      mm/mincore.o
chip.c: In function 'set_core_voltage':
chip.c:36:69: warning: unused variable 'delay_count' [-Wunused-variable]
  unsigned int regval, hpm_code, hpm_code_average, cpu_volt_reg_val, delay_count, core_volt_reg_val, corner_type;
                                                                     ^
chip.c: In function 'reset_cpu':
chip.c:145:2: warning: implicit declaration of function 'printf' [-Wimplicit-function-declaration]
  printf("*** CPU will be reset by WDG0 now\n");
  ^
In file included from /home/ray/workplace/git_download/HiSTB_origin/HiSTBLinux/out/hi3798mv100/hi3798mv100_out/obj/source/boot/fastboot/include/configs/hi3798mx.h:24:0,
                 from /home/ray/workplace/git_download/HiSTB_origin/HiSTBLinux/out/hi3798mv100/hi3798mv100_out/obj/source/boot/fastboot/include/config.h:4,
                 from chip.c:9:
chip.c: In function 'check_bootfromsd':
/home/ray/workplace/git_download/HiSTB_origin/HiSTBLinux/out/hi3798mv100/hi3798mv100_out/obj/source/boot/fastboot/include/asm/arch/platform.h:112:41: warning: passing argument 1 of 'reg_read_write' makes pointer from integer without a cast
 #define REG_IOSHARE_EBI_DQ7             (REG_BASE_IOSHARE + 0x000)
                                         ^
chip.c:192:18: note: in expansion of macro 'REG_IOSHARE_EBI_DQ7'
   reg_read_write(REG_IOSHARE_EBI_DQ7, 0x0, 0x3);
                  ^
chip.c:24:6: note: expected 'volatile unsigned int *' but argument is of type 'unsigned int'
 void reg_read_write(volatile unsigned int *reg_addr, unsigned int val, unsigned int mask)
      ^
In file included from /home/ray/workplace/git_download/HiSTB_origin/HiSTBLinux/out/hi3798mv100/hi3798mv100_out/obj/source/boot/fastboot/include/configs/hi3798mx.h:24:0,
                 from /home/ray/workplace/git_download/HiSTB_origin/HiSTBLinux/out/hi3798mv100/hi3798mv100_out/obj/source/boot/fastboot/include/config.h:4,
                 from chip.c:9:
/home/ray/workplace/git_download/HiSTB_origin/HiSTBLinux/out/hi3798mv100/hi3798mv100_out/obj/source/boot/fastboot/include/asm/arch/platform.h:113:41: warning: passing argument 1 of 'reg_read_write' makes pointer from integer without a cast
 #define REG_IOSHARE_EBI_DQ6             (REG_BASE_IOSHARE + 0x004)
                                         ^
chip.c:193:18: note: in expansion of macro 'REG_IOSHARE_EBI_DQ6'
   reg_read_write(REG_IOSHARE_EBI_DQ6, 0x0, 0x1);
                  ^
chip.c:24:6: note: expected 'volatile unsigned int *' but argument is of type 'unsigned int'
 void reg_read_write(volatile unsigned int *reg_addr, unsigned int val, unsigned int mask)
      ^
In file included from /home/ray/workplace/git_download/HiSTB_origin/HiSTBLinux/out/hi3798mv100/hi3798mv100_out/obj/source/boot/fastboot/include/configs/hi3798mx.h:24:0,
                 from /home/ray/workplace/git_download/HiSTB_origin/HiSTBLinux/out/hi3798mv100/hi3798mv100_out/obj/source/boot/fastboot/include/config.h:4,
                 from chip.c:9:
/home/ray/workplace/git_download/HiSTB_origin/HiSTBLinux/out/hi3798mv100/hi3798mv100_out/obj/source/boot/fastboot/include/asm/arch/platform.h:114:41: warning: passing argument 1 of 'reg_read_write' makes pointer from integer without a cast
 #define REG_IOSHARE_EBI_DQ5             (REG_BASE_IOSHARE + 0x008)
                                         ^
chip.c:194:18: note: in expansion of macro 'REG_IOSHARE_EBI_DQ5'
   reg_read_write(REG_IOSHARE_EBI_DQ5, 0x0, 0x1);
                  ^
chip.c:24:6: note: expected 'volatile unsigned int *' but argument is of type 'unsigned int'
 void reg_read_write(volatile unsigned int *reg_addr, unsigned int val, unsigned int mask)
      ^
In file included from /home/ray/workplace/git_download/HiSTB_origin/HiSTBLinux/out/hi3798mv100/hi3798mv100_out/obj/source/boot/fastboot/include/configs/hi3798mx.h:24:0,
                 from /home/ray/workplace/git_download/HiSTB_origin/HiSTBLinux/out/hi3798mv100/hi3798mv100_out/obj/source/boot/fastboot/include/config.h:4,
                 from chip.c:9:
/home/ray/workplace/git_download/HiSTB_origin/HiSTBLinux/out/hi3798mv100/hi3798mv100_out/obj/source/boot/fastboot/include/asm/arch/platform.h:115:41: warning: passing argument 1 of 'reg_read_write' makes pointer from integer without a cast
 #define REG_IOSHARE_EBI_DQ4             (REG_BASE_IOSHARE + 0x00C)
                                         ^
chip.c:195:18: note: in expansion of macro 'REG_IOSHARE_EBI_DQ4'
   reg_read_write(REG_IOSHARE_EBI_DQ4, 0x0, 0x1);
                  ^
chip.c:24:6: note: expected 'volatile unsigned int *' but argument is of type 'unsigned int'
 void reg_read_write(volatile unsigned int *reg_addr, unsigned int val, unsigned int mask)
      ^
arm-histbv310-linux-gcc  -g  -Os  -fno-strict-aliasing -fno-common -ffixed-r8   -D__KERNEL__ -DTEXT_BASE=0x00c00000 -I/home/ray/workplace/git_download/HiSTB_origin/HiSTBLinux/out/hi3798mv100/hi3798mv100_out/obj/source/boot/fastboot/include -I/home/ray/workplace/git_download/HiSTB_origin/HiSTBLinux/out/hi3798mv100/hi3798mv100_out/obj/source/boot/fastboot -fno-builtin -ffreestanding -nostdinc -mfloat-abi=soft -isystem /home/ray/workplace/git_download/HiSTB_origin/HiSTBLinux/tools/linux/toolchains/arm-histbv310-linux/bin/../lib/gcc/arm-gcc492_glibc224-linux-gnueabi/4.9.2/include -pipe -DCONFIG_ARM -D__ARM__ -marm -mno-thumb-interwork  -mabi=aapcs-linux -march=armv7-a -DVERSION=3 -DPATCHLEVEL=3 -DSUBLEVEL=0 -DCONFIG_AUXIMAGE=\"/home/ray/workplace/git_download/HiSTB_origin/HiSTBLinux/out/hi3798mv100/hi3798mv100_out/obj/source/boot/fastboot/auxcode_sign.img\"   -DVERSION=3 -DPATCHLEVEL=3 -DSUBLEVEL=0 -DCONFIG_AUXIMAGE=\"/home/ray/workplace/git_download/HiSTB_origin/HiSTBLinux/out/hi3798mv100/hi3798mv100_out/obj/source/boot/fastboot/auxcode_sign.img\"   -Wall -Wstrict-prototypes -fno-stack-protector   \
	-o lowlevel_init.o lowlevel_init.c -c
  LD      drivers/base/power/built-in.o
  CC      drivers/base/regmap/regmap.o
  CC      fs/utimes.o
  CC      crypto/algif_hash.o
  CC      sound/core/pcm_memory.o
arm-histbv310-linux-gcc  -g  -Os  -fno-strict-aliasing -fno-common -ffixed-r8   -D__KERNEL__ -DTEXT_BASE=0x00c00000 -I/home/ray/workplace/git_download/HiSTB_origin/HiSTBLinux/out/hi3798mv100/hi3798mv100_out/obj/source/boot/fastboot/include -I/home/ray/workplace/git_download/HiSTB_origin/HiSTBLinux/out/hi3798mv100/hi3798mv100_out/obj/source/boot/fastboot -fno-builtin -ffreestanding -nostdinc -mfloat-abi=soft -isystem /home/ray/workplace/git_download/HiSTB_origin/HiSTBLinux/tools/linux/toolchains/arm-histbv310-linux/bin/../lib/gcc/arm-gcc492_glibc224-linux-gnueabi/4.9.2/include -pipe -DCONFIG_ARM -D__ARM__ -marm -mno-thumb-interwork  -mabi=aapcs-linux -march=armv7-a -DVERSION=3 -DPATCHLEVEL=3 -DSUBLEVEL=0 -DCONFIG_AUXIMAGE=\"/home/ray/workplace/git_download/HiSTB_origin/HiSTBLinux/out/hi3798mv100/hi3798mv100_out/obj/source/boot/fastboot/auxcode_sign.img\"   -DVERSION=3 -DPATCHLEVEL=3 -DSUBLEVEL=0 -DCONFIG_AUXIMAGE=\"/home/ray/workplace/git_download/HiSTB_origin/HiSTBLinux/out/hi3798mv100/hi3798mv100_out/obj/source/boot/fastboot/auxcode_sign.img\"   -Wall -Wstrict-prototypes -fno-stack-protector   \
	-o emmc_boot.o emmc_boot.c -c
  CC      mm/mlock.o
arm-histbv310-linux-gcc  -g  -Os  -fno-strict-aliasing -fno-common -ffixed-r8   -D__KERNEL__ -DTEXT_BASE=0x00c00000 -I/home/ray/workplace/git_download/HiSTB_origin/HiSTBLinux/out/hi3798mv100/hi3798mv100_out/obj/source/boot/fastboot/include -I/home/ray/workplace/git_download/HiSTB_origin/HiSTBLinux/out/hi3798mv100/hi3798mv100_out/obj/source/boot/fastboot -fno-builtin -ffreestanding -nostdinc -mfloat-abi=soft -isystem /home/ray/workplace/git_download/HiSTB_origin/HiSTBLinux/tools/linux/toolchains/arm-histbv310-linux/bin/../lib/gcc/arm-gcc492_glibc224-linux-gnueabi/4.9.2/include -pipe -DCONFIG_ARM -D__ARM__ -marm -mno-thumb-interwork  -mabi=aapcs-linux -march=armv7-a -DVERSION=3 -DPATCHLEVEL=3 -DSUBLEVEL=0 -DCONFIG_AUXIMAGE=\"/home/ray/workplace/git_download/HiSTB_origin/HiSTBLinux/out/hi3798mv100/hi3798mv100_out/obj/source/boot/fastboot/auxcode_sign.img\"   -DVERSION=3 -DPATCHLEVEL=3 -DSUBLEVEL=0 -DCONFIG_AUXIMAGE=\"/home/ray/workplace/git_download/HiSTB_origin/HiSTBLinux/out/hi3798mv100/hi3798mv100_out/obj/source/boot/fastboot/auxcode_sign.img\"   -Wall -Wstrict-prototypes -fno-stack-protector   \
	-o cpu.o cpu.c -c
  CC      block/partition-generic.o
  CC      fs/stack.o
arm-histbv310-linux-gcc  -g  -Os  -fno-strict-aliasing -fno-common -ffixed-r8   -D__KERNEL__ -DTEXT_BASE=0x00c00000 -I/home/ray/workplace/git_download/HiSTB_origin/HiSTBLinux/out/hi3798mv100/hi3798mv100_out/obj/source/boot/fastboot/include -I/home/ray/workplace/git_download/HiSTB_origin/HiSTBLinux/out/hi3798mv100/hi3798mv100_out/obj/source/boot/fastboot -fno-builtin -ffreestanding -nostdinc -mfloat-abi=soft -isystem /home/ray/workplace/git_download/HiSTB_origin/HiSTBLinux/tools/linux/toolchains/arm-histbv310-linux/bin/../lib/gcc/arm-gcc492_glibc224-linux-gnueabi/4.9.2/include -pipe -DCONFIG_ARM -D__ARM__ -marm -mno-thumb-interwork  -mabi=aapcs-linux -march=armv7-a -DVERSION=3 -DPATCHLEVEL=3 -DSUBLEVEL=0 -DCONFIG_AUXIMAGE=\"/home/ray/workplace/git_download/HiSTB_origin/HiSTBLinux/out/hi3798mv100/hi3798mv100_out/obj/source/boot/fastboot/auxcode_sign.img\"   -DVERSION=3 -DPATCHLEVEL=3 -DSUBLEVEL=0 -DCONFIG_AUXIMAGE=\"/home/ray/workplace/git_download/HiSTB_origin/HiSTBLinux/out/hi3798mv100/hi3798mv100_out/obj/source/boot/fastboot/auxcode_sign.img\"   -Wall -Wstrict-prototypes -fno-stack-protector   \
	-o timer.o timer.c -c
  CC      sound/core/memalloc.o
  CC      fs/fs_struct.o
arm-histbv310-linux-gcc  -g  -Os  -fno-strict-aliasing -fno-common -ffixed-r8   -D__KERNEL__ -DTEXT_BASE=0x00c00000 -I/home/ray/workplace/git_download/HiSTB_origin/HiSTBLinux/out/hi3798mv100/hi3798mv100_out/obj/source/boot/fastboot/include -I/home/ray/workplace/git_download/HiSTB_origin/HiSTBLinux/out/hi3798mv100/hi3798mv100_out/obj/source/boot/fastboot -fno-builtin -ffreestanding -nostdinc -mfloat-abi=soft -isystem /home/ray/workplace/git_download/HiSTB_origin/HiSTBLinux/tools/linux/toolchains/arm-histbv310-linux/bin/../lib/gcc/arm-gcc492_glibc224-linux-gnueabi/4.9.2/include -pipe -DCONFIG_ARM -D__ARM__ -marm -mno-thumb-interwork  -mabi=aapcs-linux -march=armv7-a -DVERSION=3 -DPATCHLEVEL=3 -DSUBLEVEL=0 -DCONFIG_AUXIMAGE=\"/home/ray/workplace/git_download/HiSTB_origin/HiSTBLinux/out/hi3798mv100/hi3798mv100_out/obj/source/boot/fastboot/auxcode_sign.img\"   -DVERSION=3 -DPATCHLEVEL=3 -DSUBLEVEL=0 -DCONFIG_AUXIMAGE=\"/home/ray/workplace/git_download/HiSTB_origin/HiSTBLinux/out/hi3798mv100/hi3798mv100_out/obj/source/boot/fastboot/auxcode_sign.img\"   -Wall -Wstrict-prototypes -fno-stack-protector   \
	-o usb.o usb.c -c
  CC [M]  crypto/seqiv.o
  CC      mm/mmap.o
  LD      kernel/rcu/built-in.o
arm-histbv310-linux-ar crv libhi3798mx.a uart.o arm_exception.o slave_bootup.o chip.o lowlevel_init.o emmc_boot.o cpu.o timer.o usb.o
  CC      sound/core/pcm_timer.o
  CC      block/ioprio.o
r - uart.o
r - arm_exception.o
r - slave_bootup.o
r - chip.o
r - lowlevel_init.o
r - emmc_boot.o
r - cpu.o
r - timer.o
r - usb.o
make[4]: Leaving directory '/home/ray/workplace/git_download/HiSTB_origin/HiSTBLinux/out/hi3798mv100/hi3798mv100_out/obj/source/boot/fastboot/arch/arm/cpu/hi3798mx'
if [ ssarch/arm/lib/libarm.a != ss/home/ray/workplace/git_download/HiSTB_origin/HiSTBLinux/out/hi3798mv100/hi3798mv100_out/obj/source/boot/product/libproduct.a ]; then ( \
	make -C arch/arm/lib/; \
) fi
  CC      fs/statfs.o
  CC      kernel/sched/core.o
make[4]: Entering directory '/home/ray/workplace/git_download/HiSTB_origin/HiSTBLinux/out/hi3798mv100/hi3798mv100_out/obj/source/boot/fastboot/arch/arm/lib'
  CC [M]  crypto/echainiv.o
  CC      sound/core/rawmidi.o
  CC      fs/fs_pin.o
  CC      block/partitions/check.o
  CC      drivers/base/regmap/regcache.o
  CC [M]  crypto/gf128mul.o
  CC      fs/nsfs.o
  CC      block/partitions/cmdline.o
  CC      fs/buffer.o
  CC [M]  crypto/ctr.o
  CC      mm/mprotect.o
  LD      sound/core/snd.o
  LD      sound/core/snd-hwdep.o
  LD      sound/core/snd-timer.o
  CC      drivers/base/regmap/regcache-rbtree.o
  LD      sound/core/snd-pcm.o
  LD      sound/core/snd-rawmidi.o
  LD      sound/core/built-in.o
  CC      block/partitions/msdos.o
  CC [M]  crypto/gcm.o
  CC      drivers/base/regmap/regcache-lzo.o
  CC      mm/mremap.o
arm-histbv310-linux-gcc   -D__ASSEMBLY__ -g  -Os  -fno-strict-aliasing -fno-common -ffixed-r8   -D__KERNEL__ -DTEXT_BASE=0x00c00000 -I/home/ray/workplace/git_download/HiSTB_origin/HiSTBLinux/out/hi3798mv100/hi3798mv100_out/obj/source/boot/fastboot/include -I/home/ray/workplace/git_download/HiSTB_origin/HiSTBLinux/out/hi3798mv100/hi3798mv100_out/obj/source/boot/fastboot -fno-builtin -ffreestanding -nostdinc -mfloat-abi=soft -isystem /home/ray/workplace/git_download/HiSTB_origin/HiSTBLinux/tools/linux/toolchains/arm-histbv310-linux/bin/../lib/gcc/arm-gcc492_glibc224-linux-gnueabi/4.9.2/include -pipe -DCONFIG_ARM -D__ARM__ -marm -mno-thumb-interwork  -mabi=aapcs-linux -march=armv7-a -DVERSION=3 -DPATCHLEVEL=3 -DSUBLEVEL=0 -DCONFIG_AUXIMAGE=\"/home/ray/workplace/git_download/HiSTB_origin/HiSTBLinux/out/hi3798mv100/hi3798mv100_out/obj/source/boot/fastboot/auxcode_sign.img\"   -DVERSION=3 -DPATCHLEVEL=3 -DSUBLEVEL=0 -DCONFIG_AUXIMAGE=\"/home/ray/workplace/git_download/HiSTB_origin/HiSTBLinux/out/hi3798mv100/hi3798mv100_out/obj/source/boot/fastboot/auxcode_sign.img\"     \
	-o mmu.o mmu.S -c
  CC      block/partitions/efi.o
arm-histbv310-linux-gcc  -g  -Os  -fno-strict-aliasing -fno-common -ffixed-r8   -D__KERNEL__ -DTEXT_BASE=0x00c00000 -I/home/ray/workplace/git_download/HiSTB_origin/HiSTBLinux/out/hi3798mv100/hi3798mv100_out/obj/source/boot/fastboot/include -I/home/ray/workplace/git_download/HiSTB_origin/HiSTBLinux/out/hi3798mv100/hi3798mv100_out/obj/source/boot/fastboot -fno-builtin -ffreestanding -nostdinc -mfloat-abi=soft -isystem /home/ray/workplace/git_download/HiSTB_origin/HiSTBLinux/tools/linux/toolchains/arm-histbv310-linux/bin/../lib/gcc/arm-gcc492_glibc224-linux-gnueabi/4.9.2/include -pipe -DCONFIG_ARM -D__ARM__ -marm -mno-thumb-interwork  -mabi=aapcs-linux -march=armv7-a -DVERSION=3 -DPATCHLEVEL=3 -DSUBLEVEL=0 -DCONFIG_AUXIMAGE=\"/home/ray/workplace/git_download/HiSTB_origin/HiSTBLinux/out/hi3798mv100/hi3798mv100_out/obj/source/boot/fastboot/auxcode_sign.img\"   -DVERSION=3 -DPATCHLEVEL=3 -DSUBLEVEL=0 -DCONFIG_AUXIMAGE=\"/home/ray/workplace/git_download/HiSTB_origin/HiSTBLinux/out/hi3798mv100/hi3798mv100_out/obj/source/boot/fastboot/auxcode_sign.img\"   -Wall -Wstrict-prototypes -fno-stack-protector   \
	-o board.o board.c -c
  CC      drivers/base/regmap/regcache-flat.o
arm-histbv310-linux-gcc  -g  -Os  -fno-strict-aliasing -fno-common -ffixed-r8   -D__KERNEL__ -DTEXT_BASE=0x00c00000 -I/home/ray/workplace/git_download/HiSTB_origin/HiSTBLinux/out/hi3798mv100/hi3798mv100_out/obj/source/boot/fastboot/include -I/home/ray/workplace/git_download/HiSTB_origin/HiSTBLinux/out/hi3798mv100/hi3798mv100_out/obj/source/boot/fastboot -fno-builtin -ffreestanding -nostdinc -mfloat-abi=soft -isystem /home/ray/workplace/git_download/HiSTB_origin/HiSTBLinux/tools/linux/toolchains/arm-histbv310-linux/bin/../lib/gcc/arm-gcc492_glibc224-linux-gnueabi/4.9.2/include -pipe -DCONFIG_ARM -D__ARM__ -marm -mno-thumb-interwork  -mabi=aapcs-linux -march=armv7-a -DVERSION=3 -DPATCHLEVEL=3 -DSUBLEVEL=0 -DCONFIG_AUXIMAGE=\"/home/ray/workplace/git_download/HiSTB_origin/HiSTBLinux/out/hi3798mv100/hi3798mv100_out/obj/source/boot/fastboot/auxcode_sign.img\"   -DVERSION=3 -DPATCHLEVEL=3 -DSUBLEVEL=0 -DCONFIG_AUXIMAGE=\"/home/ray/workplace/git_download/HiSTB_origin/HiSTBLinux/out/hi3798mv100/hi3798mv100_out/obj/source/boot/fastboot/auxcode_sign.img\"   -Wall -Wstrict-prototypes -fno-stack-protector   \
	-o bootm.o bootm.c -c
  CC      drivers/base/regmap/regmap-debugfs.o
bootm.c: In function 'do_bootm_linux':
bootm.c:325:6: warning: unused variable 'notee' [-Wunused-variable]
  int notee = 0;
      ^
  CC      mm/msync.o
arm-histbv310-linux-gcc  -g  -Os  -fno-strict-aliasing -fno-common -ffixed-r8   -D__KERNEL__ -DTEXT_BASE=0x00c00000 -I/home/ray/workplace/git_download/HiSTB_origin/HiSTBLinux/out/hi3798mv100/hi3798mv100_out/obj/source/boot/fastboot/include -I/home/ray/workplace/git_download/HiSTB_origin/HiSTBLinux/out/hi3798mv100/hi3798mv100_out/obj/source/boot/fastboot -fno-builtin -ffreestanding -nostdinc -mfloat-abi=soft -isystem /home/ray/workplace/git_download/HiSTB_origin/HiSTBLinux/tools/linux/toolchains/arm-histbv310-linux/bin/../lib/gcc/arm-gcc492_glibc224-linux-gnueabi/4.9.2/include -pipe -DCONFIG_ARM -D__ARM__ -marm -mno-thumb-interwork  -mabi=aapcs-linux -march=armv7-a -DVERSION=3 -DPATCHLEVEL=3 -DSUBLEVEL=0 -DCONFIG_AUXIMAGE=\"/home/ray/workplace/git_download/HiSTB_origin/HiSTBLinux/out/hi3798mv100/hi3798mv100_out/obj/source/boot/fastboot/auxcode_sign.img\"   -DVERSION=3 -DPATCHLEVEL=3 -DSUBLEVEL=0 -DCONFIG_AUXIMAGE=\"/home/ray/workplace/git_download/HiSTB_origin/HiSTBLinux/out/hi3798mv100/hi3798mv100_out/obj/source/boot/fastboot/auxcode_sign.img\"   -Wall -Wstrict-prototypes -fno-stack-protector   \
	-o tags.o tags.c -c
  CC [M]  crypto/ccm.o
arm-histbv310-linux-gcc  -g  -Os  -fno-strict-aliasing -fno-common -ffixed-r8   -D__KERNEL__ -DTEXT_BASE=0x00c00000 -I/home/ray/workplace/git_download/HiSTB_origin/HiSTBLinux/out/hi3798mv100/hi3798mv100_out/obj/source/boot/fastboot/include -I/home/ray/workplace/git_download/HiSTB_origin/HiSTBLinux/out/hi3798mv100/hi3798mv100_out/obj/source/boot/fastboot -fno-builtin -ffreestanding -nostdinc -mfloat-abi=soft -isystem /home/ray/workplace/git_download/HiSTB_origin/HiSTBLinux/tools/linux/toolchains/arm-histbv310-linux/bin/../lib/gcc/arm-gcc492_glibc224-linux-gnueabi/4.9.2/include -pipe -DCONFIG_ARM -D__ARM__ -marm -mno-thumb-interwork  -mabi=aapcs-linux -march=armv7-a -DVERSION=3 -DPATCHLEVEL=3 -DSUBLEVEL=0 -DCONFIG_AUXIMAGE=\"/home/ray/workplace/git_download/HiSTB_origin/HiSTBLinux/out/hi3798mv100/hi3798mv100_out/obj/source/boot/fastboot/auxcode_sign.img\"   -DVERSION=3 -DPATCHLEVEL=3 -DSUBLEVEL=0 -DCONFIG_AUXIMAGE=\"/home/ray/workplace/git_download/HiSTB_origin/HiSTBLinux/out/hi3798mv100/hi3798mv100_out/obj/source/boot/fastboot/auxcode_sign.img\"   -Wall -Wstrict-prototypes -fno-stack-protector   \
	-o cache.o cache.c -c
  LD      block/partitions/built-in.o
  CC      block/bounce.o
  CC      mm/rmap.o
  CC      fs/block_dev.o
arm-histbv310-linux-gcc  -g  -Os  -fno-strict-aliasing -fno-common -ffixed-r8   -D__KERNEL__ -DTEXT_BASE=0x00c00000 -I/home/ray/workplace/git_download/HiSTB_origin/HiSTBLinux/out/hi3798mv100/hi3798mv100_out/obj/source/boot/fastboot/include -I/home/ray/workplace/git_download/HiSTB_origin/HiSTBLinux/out/hi3798mv100/hi3798mv100_out/obj/source/boot/fastboot -fno-builtin -ffreestanding -nostdinc -mfloat-abi=soft -isystem /home/ray/workplace/git_download/HiSTB_origin/HiSTBLinux/tools/linux/toolchains/arm-histbv310-linux/bin/../lib/gcc/arm-gcc492_glibc224-linux-gnueabi/4.9.2/include -pipe -DCONFIG_ARM -D__ARM__ -marm -mno-thumb-interwork  -mabi=aapcs-linux -march=armv7-a -DVERSION=3 -DPATCHLEVEL=3 -DSUBLEVEL=0 -DCONFIG_AUXIMAGE=\"/home/ray/workplace/git_download/HiSTB_origin/HiSTBLinux/out/hi3798mv100/hi3798mv100_out/obj/source/boot/fastboot/auxcode_sign.img\"   -DVERSION=3 -DPATCHLEVEL=3 -DSUBLEVEL=0 -DCONFIG_AUXIMAGE=\"/home/ray/workplace/git_download/HiSTB_origin/HiSTBLinux/out/hi3798mv100/hi3798mv100_out/obj/source/boot/fastboot/auxcode_sign.img\"   -Wall -Wstrict-prototypes -fno-stack-protector   \
	-o cache_v7.o cache_v7.c -c
  CC      drivers/base/regmap/regmap-i2c.o
arm-histbv310-linux-gcc  -g  -Os  -fno-strict-aliasing -fno-common -ffixed-r8   -D__KERNEL__ -DTEXT_BASE=0x00c00000 -I/home/ray/workplace/git_download/HiSTB_origin/HiSTBLinux/out/hi3798mv100/hi3798mv100_out/obj/source/boot/fastboot/include -I/home/ray/workplace/git_download/HiSTB_origin/HiSTBLinux/out/hi3798mv100/hi3798mv100_out/obj/source/boot/fastboot -fno-builtin -ffreestanding -nostdinc -mfloat-abi=soft -isystem /home/ray/workplace/git_download/HiSTB_origin/HiSTBLinux/tools/linux/toolchains/arm-histbv310-linux/bin/../lib/gcc/arm-gcc492_glibc224-linux-gnueabi/4.9.2/include -pipe -DCONFIG_ARM -D__ARM__ -marm -mno-thumb-interwork  -mabi=aapcs-linux -march=armv7-a -DVERSION=3 -DPATCHLEVEL=3 -DSUBLEVEL=0 -DCONFIG_AUXIMAGE=\"/home/ray/workplace/git_download/HiSTB_origin/HiSTBLinux/out/hi3798mv100/hi3798mv100_out/obj/source/boot/fastboot/auxcode_sign.img\"   -DVERSION=3 -DPATCHLEVEL=3 -DSUBLEVEL=0 -DCONFIG_AUXIMAGE=\"/home/ray/workplace/git_download/HiSTB_origin/HiSTBLinux/out/hi3798mv100/hi3798mv100_out/obj/source/boot/fastboot/auxcode_sign.img\"   -Wall -Wstrict-prototypes -fno-stack-protector   \
	-o process.o process.c -c
  CC      sound/soc/soc-core.o
arm-histbv310-linux-gcc  -g  -Os  -fno-strict-aliasing -fno-common -ffixed-r8   -D__KERNEL__ -DTEXT_BASE=0x00c00000 -I/home/ray/workplace/git_download/HiSTB_origin/HiSTBLinux/out/hi3798mv100/hi3798mv100_out/obj/source/boot/fastboot/include -I/home/ray/workplace/git_download/HiSTB_origin/HiSTBLinux/out/hi3798mv100/hi3798mv100_out/obj/source/boot/fastboot -fno-builtin -ffreestanding -nostdinc -mfloat-abi=soft -isystem /home/ray/workplace/git_download/HiSTB_origin/HiSTBLinux/tools/linux/toolchains/arm-histbv310-linux/bin/../lib/gcc/arm-gcc492_glibc224-linux-gnueabi/4.9.2/include -pipe -DCONFIG_ARM -D__ARM__ -marm -mno-thumb-interwork  -mabi=aapcs-linux -march=armv7-a -DVERSION=3 -DPATCHLEVEL=3 -DSUBLEVEL=0 -DCONFIG_AUXIMAGE=\"/home/ray/workplace/git_download/HiSTB_origin/HiSTBLinux/out/hi3798mv100/hi3798mv100_out/obj/source/boot/fastboot/auxcode_sign.img\"   -DVERSION=3 -DPATCHLEVEL=3 -DSUBLEVEL=0 -DCONFIG_AUXIMAGE=\"/home/ray/workplace/git_download/HiSTB_origin/HiSTBLinux/out/hi3798mv100/hi3798mv100_out/obj/source/boot/fastboot/auxcode_sign.img\"   -Wall -Wstrict-prototypes -fno-stack-protector   \
	-o cache-cp15.o cache-cp15.c -c
  CC      drivers/base/regmap/regmap-spi.o
  CC      block/bsg.o
  CC [M]  crypto/drbg.o
arm-histbv310-linux-gcc  -g  -Os  -fno-strict-aliasing -fno-common -ffixed-r8   -D__KERNEL__ -DTEXT_BASE=0x00c00000 -I/home/ray/workplace/git_download/HiSTB_origin/HiSTBLinux/out/hi3798mv100/hi3798mv100_out/obj/source/boot/fastboot/include -I/home/ray/workplace/git_download/HiSTB_origin/HiSTBLinux/out/hi3798mv100/hi3798mv100_out/obj/source/boot/fastboot -fno-builtin -ffreestanding -nostdinc -mfloat-abi=soft -isystem /home/ray/workplace/git_download/HiSTB_origin/HiSTBLinux/tools/linux/toolchains/arm-histbv310-linux/bin/../lib/gcc/arm-gcc492_glibc224-linux-gnueabi/4.9.2/include -pipe -DCONFIG_ARM -D__ARM__ -marm -mno-thumb-interwork  -mabi=aapcs-linux -march=armv7-a -DVERSION=3 -DPATCHLEVEL=3 -DSUBLEVEL=0 -DCONFIG_AUXIMAGE=\"/home/ray/workplace/git_download/HiSTB_origin/HiSTBLinux/out/hi3798mv100/hi3798mv100_out/obj/source/boot/fastboot/auxcode_sign.img\"   -DVERSION=3 -DPATCHLEVEL=3 -DSUBLEVEL=0 -DCONFIG_AUXIMAGE=\"/home/ray/workplace/git_download/HiSTB_origin/HiSTBLinux/out/hi3798mv100/hi3798mv100_out/obj/source/boot/fastboot/auxcode_sign.img\"   -Wall -Wstrict-prototypes -fno-stack-protector   \
	-o interrupts.o interrupts.c -c
  CC      mm/vmalloc.o
arm-histbv310-linux-gcc  -g  -Os  -fno-strict-aliasing -fno-common -ffixed-r8   -D__KERNEL__ -DTEXT_BASE=0x00c00000 -I/home/ray/workplace/git_download/HiSTB_origin/HiSTBLinux/out/hi3798mv100/hi3798mv100_out/obj/source/boot/fastboot/include -I/home/ray/workplace/git_download/HiSTB_origin/HiSTBLinux/out/hi3798mv100/hi3798mv100_out/obj/source/boot/fastboot -fno-builtin -ffreestanding -nostdinc -mfloat-abi=soft -isystem /home/ray/workplace/git_download/HiSTB_origin/HiSTBLinux/tools/linux/toolchains/arm-histbv310-linux/bin/../lib/gcc/arm-gcc492_glibc224-linux-gnueabi/4.9.2/include -pipe -DCONFIG_ARM -D__ARM__ -marm -mno-thumb-interwork  -mabi=aapcs-linux -march=armv7-a -DVERSION=3 -DPATCHLEVEL=3 -DSUBLEVEL=0 -DCONFIG_AUXIMAGE=\"/home/ray/workplace/git_download/HiSTB_origin/HiSTBLinux/out/hi3798mv100/hi3798mv100_out/obj/source/boot/fastboot/auxcode_sign.img\"   -DVERSION=3 -DPATCHLEVEL=3 -DSUBLEVEL=0 -DCONFIG_AUXIMAGE=\"/home/ray/workplace/git_download/HiSTB_origin/HiSTBLinux/out/hi3798mv100/hi3798mv100_out/obj/source/boot/fastboot/auxcode_sign.img\"   -Wall -Wstrict-prototypes -fno-stack-protector   \
	-o reset.o reset.c -c
  LD      drivers/base/regmap/built-in.o
  CC      drivers/base/dma-mapping.o
arm-histbv310-linux-gcc  -g  -Os  -fno-strict-aliasing -fno-common -ffixed-r8   -D__KERNEL__ -DTEXT_BASE=0x00c00000 -I/home/ray/workplace/git_download/HiSTB_origin/HiSTBLinux/out/hi3798mv100/hi3798mv100_out/obj/source/boot/fastboot/include -I/home/ray/workplace/git_download/HiSTB_origin/HiSTBLinux/out/hi3798mv100/hi3798mv100_out/obj/source/boot/fastboot -fno-builtin -ffreestanding -nostdinc -mfloat-abi=soft -isystem /home/ray/workplace/git_download/HiSTB_origin/HiSTBLinux/tools/linux/toolchains/arm-histbv310-linux/bin/../lib/gcc/arm-gcc492_glibc224-linux-gnueabi/4.9.2/include -pipe -DCONFIG_ARM -D__ARM__ -marm -mno-thumb-interwork  -mabi=aapcs-linux -march=armv7-a -DVERSION=3 -DPATCHLEVEL=3 -DSUBLEVEL=0 -DCONFIG_AUXIMAGE=\"/home/ray/workplace/git_download/HiSTB_origin/HiSTBLinux/out/hi3798mv100/hi3798mv100_out/obj/source/boot/fastboot/auxcode_sign.img\"   -DVERSION=3 -DPATCHLEVEL=3 -DSUBLEVEL=0 -DCONFIG_AUXIMAGE=\"/home/ray/workplace/git_download/HiSTB_origin/HiSTBLinux/out/hi3798mv100/hi3798mv100_out/obj/source/boot/fastboot/auxcode_sign.img\"   -Wall -Wstrict-prototypes -fno-stack-protector   \
	-o ddr_layout.o ddr_layout.c -c
  CC      fs/direct-io.o
  CC [M]  crypto/jitterentropy.o
  CC      block/blk-cgroup.o
arm-histbv310-linux-gcc  -g  -Os  -fno-strict-aliasing -fno-common -ffixed-r8   -D__KERNEL__ -DTEXT_BASE=0x00c00000 -I/home/ray/workplace/git_download/HiSTB_origin/HiSTBLinux/out/hi3798mv100/hi3798mv100_out/obj/source/boot/fastboot/include -I/home/ray/workplace/git_download/HiSTB_origin/HiSTBLinux/out/hi3798mv100/hi3798mv100_out/obj/source/boot/fastboot -fno-builtin -ffreestanding -nostdinc -mfloat-abi=soft -isystem /home/ray/workplace/git_download/HiSTB_origin/HiSTBLinux/tools/linux/toolchains/arm-histbv310-linux/bin/../lib/gcc/arm-gcc492_glibc224-linux-gnueabi/4.9.2/include -pipe -DCONFIG_ARM -D__ARM__ -marm -mno-thumb-interwork  -mabi=aapcs-linux -march=armv7-a -DVERSION=3 -DPATCHLEVEL=3 -DSUBLEVEL=0 -DCONFIG_AUXIMAGE=\"/home/ray/workplace/git_download/HiSTB_origin/HiSTBLinux/out/hi3798mv100/hi3798mv100_out/obj/source/boot/fastboot/auxcode_sign.img\"   -DVERSION=3 -DPATCHLEVEL=3 -DSUBLEVEL=0 -DCONFIG_AUXIMAGE=\"/home/ray/workplace/git_download/HiSTB_origin/HiSTBLinux/out/hi3798mv100/hi3798mv100_out/obj/source/boot/fastboot/auxcode_sign.img\"   -Wall -Wstrict-prototypes -fno-stack-protector   \
	-o ddr_size.o ddr_size.c -c
  CC [M]  crypto/jitterentropy-kcapi.o
  CC      drivers/base/dma-coherent.o
arm-histbv310-linux-gcc  -g  -Os  -fno-strict-aliasing -fno-common -ffixed-r8   -D__KERNEL__ -DTEXT_BASE=0x00c00000 -I/home/ray/workplace/git_download/HiSTB_origin/HiSTBLinux/out/hi3798mv100/hi3798mv100_out/obj/source/boot/fastboot/include -I/home/ray/workplace/git_download/HiSTB_origin/HiSTBLinux/out/hi3798mv100/hi3798mv100_out/obj/source/boot/fastboot -fno-builtin -ffreestanding -nostdinc -mfloat-abi=soft -isystem /home/ray/workplace/git_download/HiSTB_origin/HiSTBLinux/tools/linux/toolchains/arm-histbv310-linux/bin/../lib/gcc/arm-gcc492_glibc224-linux-gnueabi/4.9.2/include -pipe -DCONFIG_ARM -D__ARM__ -marm -mno-thumb-interwork  -mabi=aapcs-linux -march=armv7-a -DVERSION=3 -DPATCHLEVEL=3 -DSUBLEVEL=0 -DCONFIG_AUXIMAGE=\"/home/ray/workplace/git_download/HiSTB_origin/HiSTBLinux/out/hi3798mv100/hi3798mv100_out/obj/source/boot/fastboot/auxcode_sign.img\"   -DVERSION=3 -DPATCHLEVEL=3 -DSUBLEVEL=0 -DCONFIG_AUXIMAGE=\"/home/ray/workplace/git_download/HiSTB_origin/HiSTBLinux/out/hi3798mv100/hi3798mv100_out/obj/source/boot/fastboot/auxcode_sign.img\"   -Wall -Wstrict-prototypes -fno-stack-protector   \
	-o cpu_info.o cpu_info.c -c
arm-histbv310-linux-gcc  -g  -Os  -fno-strict-aliasing -fno-common -ffixed-r8   -D__KERNEL__ -DTEXT_BASE=0x00c00000 -I/home/ray/workplace/git_download/HiSTB_origin/HiSTBLinux/out/hi3798mv100/hi3798mv100_out/obj/source/boot/fastboot/include -I/home/ray/workplace/git_download/HiSTB_origin/HiSTBLinux/out/hi3798mv100/hi3798mv100_out/obj/source/boot/fastboot -fno-builtin -ffreestanding -nostdinc -mfloat-abi=soft -isystem /home/ray/workplace/git_download/HiSTB_origin/HiSTBLinux/tools/linux/toolchains/arm-histbv310-linux/bin/../lib/gcc/arm-gcc492_glibc224-linux-gnueabi/4.9.2/include -pipe -DCONFIG_ARM -D__ARM__ -marm -mno-thumb-interwork  -mabi=aapcs-linux -march=armv7-a -DVERSION=3 -DPATCHLEVEL=3 -DSUBLEVEL=0 -DCONFIG_AUXIMAGE=\"/home/ray/workplace/git_download/HiSTB_origin/HiSTBLinux/out/hi3798mv100/hi3798mv100_out/obj/source/boot/fastboot/auxcode_sign.img\"   -DVERSION=3 -DPATCHLEVEL=3 -DSUBLEVEL=0 -DCONFIG_AUXIMAGE=\"/home/ray/workplace/git_download/HiSTB_origin/HiSTBLinux/out/hi3798mv100/hi3798mv100_out/obj/source/boot/fastboot/auxcode_sign.img\"   -Wall -Wstrict-prototypes -fno-stack-protector   \
	-o params.o params.c -c
  CC [M]  crypto/ghash-generic.o
  CC      kernel/sched/loadavg.o
  CC      drivers/base/firmware_class.o
arm-histbv310-linux-gcc  -g  -Os  -fno-strict-aliasing -fno-common -ffixed-r8   -D__KERNEL__ -DTEXT_BASE=0x00c00000 -I/home/ray/workplace/git_download/HiSTB_origin/HiSTBLinux/out/hi3798mv100/hi3798mv100_out/obj/source/boot/fastboot/include -I/home/ray/workplace/git_download/HiSTB_origin/HiSTBLinux/out/hi3798mv100/hi3798mv100_out/obj/source/boot/fastboot -fno-builtin -ffreestanding -nostdinc -mfloat-abi=soft -isystem /home/ray/workplace/git_download/HiSTB_origin/HiSTBLinux/tools/linux/toolchains/arm-histbv310-linux/bin/../lib/gcc/arm-gcc492_glibc224-linux-gnueabi/4.9.2/include -pipe -DCONFIG_ARM -D__ARM__ -marm -mno-thumb-interwork  -mabi=aapcs-linux -march=armv7-a -DVERSION=3 -DPATCHLEVEL=3 -DSUBLEVEL=0 -DCONFIG_AUXIMAGE=\"/home/ray/workplace/git_download/HiSTB_origin/HiSTBLinux/out/hi3798mv100/hi3798mv100_out/obj/source/boot/fastboot/auxcode_sign.img\"   -DVERSION=3 -DPATCHLEVEL=3 -DSUBLEVEL=0 -DCONFIG_AUXIMAGE=\"/home/ray/workplace/git_download/HiSTB_origin/HiSTBLinux/out/hi3798mv100/hi3798mv100_out/obj/source/boot/fastboot/auxcode_sign.img\"   -Wall -Wstrict-prototypes -fno-stack-protector   \
	-o smc.o smc.c -c
  CC      mm/pagewalk.o
arm-histbv310-linux-gcc  -g  -Os  -fno-strict-aliasing -fno-common -ffixed-r8   -D__KERNEL__ -DTEXT_BASE=0x00c00000 -I/home/ray/workplace/git_download/HiSTB_origin/HiSTBLinux/out/hi3798mv100/hi3798mv100_out/obj/source/boot/fastboot/include -I/home/ray/workplace/git_download/HiSTB_origin/HiSTBLinux/out/hi3798mv100/hi3798mv100_out/obj/source/boot/fastboot -fno-builtin -ffreestanding -nostdinc -mfloat-abi=soft -isystem /home/ray/workplace/git_download/HiSTB_origin/HiSTBLinux/tools/linux/toolchains/arm-histbv310-linux/bin/../lib/gcc/arm-gcc492_glibc224-linux-gnueabi/4.9.2/include -pipe -DCONFIG_ARM -D__ARM__ -marm -mno-thumb-interwork  -mabi=aapcs-linux -march=armv7-a -DVERSION=3 -DPATCHLEVEL=3 -DSUBLEVEL=0 -DCONFIG_AUXIMAGE=\"/home/ray/workplace/git_download/HiSTB_origin/HiSTBLinux/out/hi3798mv100/hi3798mv100_out/obj/source/boot/fastboot/auxcode_sign.img\"   -DVERSION=3 -DPATCHLEVEL=3 -DSUBLEVEL=0 -DCONFIG_AUXIMAGE=\"/home/ray/workplace/git_download/HiSTB_origin/HiSTBLinux/out/hi3798mv100/hi3798mv100_out/obj/source/boot/fastboot/auxcode_sign.img\"   -Wall -Wstrict-prototypes -fno-stack-protector   \
	-o mailbox.o mailbox.c -c
  LD      crypto/crypto.o
  LD      crypto/crypto_algapi.o
  LD      crypto/crypto_blkcipher.o
  LD      crypto/crypto_hash.o
  CC      kernel/sched/clock.o
  LD      crypto/cryptomgr.o
  LD [M]  crypto/jitterentropy_rng.o
  LD      crypto/built-in.o
  CC      block/noop-iosched.o
  CC      fs/mpage.o
arm-histbv310-linux-ar crv libarm.a mmu.o board.o bootm.o tags.o cache.o cache_v7.o process.o cache-cp15.o interrupts.o reset.o ddr_layout.o ddr_size.o cpu_info.o params.o smc.o mailbox.o
  CC      sound/soc/soc-dapm.o
  CC      kernel/sched/cputime.o
  CC      mm/pgtable-generic.o
r - mmu.o
r - board.o
r - bootm.o
r - tags.o
r - cache.o
r - cache_v7.o
r - process.o
r - cache-cp15.o
r - interrupts.o
r - reset.o
r - ddr_layout.o
r - ddr_size.o
r - cpu_info.o
r - params.o
r - smc.o
r - mailbox.o
arm-histbv310-linux-gcc   -D__ASSEMBLY__ -g  -Os  -fno-strict-aliasing -fno-common -ffixed-r8   -D__KERNEL__ -DTEXT_BASE=0x00c00000 -I/home/ray/workplace/git_download/HiSTB_origin/HiSTBLinux/out/hi3798mv100/hi3798mv100_out/obj/source/boot/fastboot/include -I/home/ray/workplace/git_download/HiSTB_origin/HiSTBLinux/out/hi3798mv100/hi3798mv100_out/obj/source/boot/fastboot -fno-builtin -ffreestanding -nostdinc -mfloat-abi=soft -isystem /home/ray/workplace/git_download/HiSTB_origin/HiSTBLinux/tools/linux/toolchains/arm-histbv310-linux/bin/../lib/gcc/arm-gcc492_glibc224-linux-gnueabi/4.9.2/include -pipe -DCONFIG_ARM -D__ARM__ -marm -mno-thumb-interwork  -mabi=aapcs-linux -march=armv7-a -DVERSION=3 -DPATCHLEVEL=3 -DSUBLEVEL=0 -DCONFIG_AUXIMAGE=\"/home/ray/workplace/git_download/HiSTB_origin/HiSTBLinux/out/hi3798mv100/hi3798mv100_out/obj/source/boot/fastboot/auxcode_sign.img\"   -DVERSION=3 -DPATCHLEVEL=3 -DSUBLEVEL=0 -DCONFIG_AUXIMAGE=\"/home/ray/workplace/git_download/HiSTB_origin/HiSTBLinux/out/hi3798mv100/hi3798mv100_out/obj/source/boot/fastboot/auxcode_sign.img\"     \
	-o _ashldi3.o _ashldi3.S -c
  CC      drivers/base/module.o
arm-histbv310-linux-gcc   -D__ASSEMBLY__ -g  -Os  -fno-strict-aliasing -fno-common -ffixed-r8   -D__KERNEL__ -DTEXT_BASE=0x00c00000 -I/home/ray/workplace/git_download/HiSTB_origin/HiSTBLinux/out/hi3798mv100/hi3798mv100_out/obj/source/boot/fastboot/include -I/home/ray/workplace/git_download/HiSTB_origin/HiSTBLinux/out/hi3798mv100/hi3798mv100_out/obj/source/boot/fastboot -fno-builtin -ffreestanding -nostdinc -mfloat-abi=soft -isystem /home/ray/workplace/git_download/HiSTB_origin/HiSTBLinux/tools/linux/toolchains/arm-histbv310-linux/bin/../lib/gcc/arm-gcc492_glibc224-linux-gnueabi/4.9.2/include -pipe -DCONFIG_ARM -D__ARM__ -marm -mno-thumb-interwork  -mabi=aapcs-linux -march=armv7-a -DVERSION=3 -DPATCHLEVEL=3 -DSUBLEVEL=0 -DCONFIG_AUXIMAGE=\"/home/ray/workplace/git_download/HiSTB_origin/HiSTBLinux/out/hi3798mv100/hi3798mv100_out/obj/source/boot/fastboot/auxcode_sign.img\"   -DVERSION=3 -DPATCHLEVEL=3 -DSUBLEVEL=0 -DCONFIG_AUXIMAGE=\"/home/ray/workplace/git_download/HiSTB_origin/HiSTBLinux/out/hi3798mv100/hi3798mv100_out/obj/source/boot/fastboot/auxcode_sign.img\"     \
	-o _ashrdi3.o _ashrdi3.S -c
  CC      block/deadline-iosched.o
arm-histbv310-linux-gcc   -D__ASSEMBLY__ -g  -Os  -fno-strict-aliasing -fno-common -ffixed-r8   -D__KERNEL__ -DTEXT_BASE=0x00c00000 -I/home/ray/workplace/git_download/HiSTB_origin/HiSTBLinux/out/hi3798mv100/hi3798mv100_out/obj/source/boot/fastboot/include -I/home/ray/workplace/git_download/HiSTB_origin/HiSTBLinux/out/hi3798mv100/hi3798mv100_out/obj/source/boot/fastboot -fno-builtin -ffreestanding -nostdinc -mfloat-abi=soft -isystem /home/ray/workplace/git_download/HiSTB_origin/HiSTBLinux/tools/linux/toolchains/arm-histbv310-linux/bin/../lib/gcc/arm-gcc492_glibc224-linux-gnueabi/4.9.2/include -pipe -DCONFIG_ARM -D__ARM__ -marm -mno-thumb-interwork  -mabi=aapcs-linux -march=armv7-a -DVERSION=3 -DPATCHLEVEL=3 -DSUBLEVEL=0 -DCONFIG_AUXIMAGE=\"/home/ray/workplace/git_download/HiSTB_origin/HiSTBLinux/out/hi3798mv100/hi3798mv100_out/obj/source/boot/fastboot/auxcode_sign.img\"   -DVERSION=3 -DPATCHLEVEL=3 -DSUBLEVEL=0 -DCONFIG_AUXIMAGE=\"/home/ray/workplace/git_download/HiSTB_origin/HiSTBLinux/out/hi3798mv100/hi3798mv100_out/obj/source/boot/fastboot/auxcode_sign.img\"     \
	-o _divsi3.o _divsi3.S -c
  LD      drivers/base/built-in.o
  CC      mm/process_vm_access.o
arm-histbv310-linux-gcc   -D__ASSEMBLY__ -g  -Os  -fno-strict-aliasing -fno-common -ffixed-r8   -D__KERNEL__ -DTEXT_BASE=0x00c00000 -I/home/ray/workplace/git_download/HiSTB_origin/HiSTBLinux/out/hi3798mv100/hi3798mv100_out/obj/source/boot/fastboot/include -I/home/ray/workplace/git_download/HiSTB_origin/HiSTBLinux/out/hi3798mv100/hi3798mv100_out/obj/source/boot/fastboot -fno-builtin -ffreestanding -nostdinc -mfloat-abi=soft -isystem /home/ray/workplace/git_download/HiSTB_origin/HiSTBLinux/tools/linux/toolchains/arm-histbv310-linux/bin/../lib/gcc/arm-gcc492_glibc224-linux-gnueabi/4.9.2/include -pipe -DCONFIG_ARM -D__ARM__ -marm -mno-thumb-interwork  -mabi=aapcs-linux -march=armv7-a -DVERSION=3 -DPATCHLEVEL=3 -DSUBLEVEL=0 -DCONFIG_AUXIMAGE=\"/home/ray/workplace/git_download/HiSTB_origin/HiSTBLinux/out/hi3798mv100/hi3798mv100_out/obj/source/boot/fastboot/auxcode_sign.img\"   -DVERSION=3 -DPATCHLEVEL=3 -DSUBLEVEL=0 -DCONFIG_AUXIMAGE=\"/home/ray/workplace/git_download/HiSTB_origin/HiSTBLinux/out/hi3798mv100/hi3798mv100_out/obj/source/boot/fastboot/auxcode_sign.img\"     \
	-o _lshrdi3.o _lshrdi3.S -c
  CC      mm/init-mm.o
  CC      drivers/block/brd.o
arm-histbv310-linux-gcc   -D__ASSEMBLY__ -g  -Os  -fno-strict-aliasing -fno-common -ffixed-r8   -D__KERNEL__ -DTEXT_BASE=0x00c00000 -I/home/ray/workplace/git_download/HiSTB_origin/HiSTBLinux/out/hi3798mv100/hi3798mv100_out/obj/source/boot/fastboot/include -I/home/ray/workplace/git_download/HiSTB_origin/HiSTBLinux/out/hi3798mv100/hi3798mv100_out/obj/source/boot/fastboot -fno-builtin -ffreestanding -nostdinc -mfloat-abi=soft -isystem /home/ray/workplace/git_download/HiSTB_origin/HiSTBLinux/tools/linux/toolchains/arm-histbv310-linux/bin/../lib/gcc/arm-gcc492_glibc224-linux-gnueabi/4.9.2/include -pipe -DCONFIG_ARM -D__ARM__ -marm -mno-thumb-interwork  -mabi=aapcs-linux -march=armv7-a -DVERSION=3 -DPATCHLEVEL=3 -DSUBLEVEL=0 -DCONFIG_AUXIMAGE=\"/home/ray/workplace/git_download/HiSTB_origin/HiSTBLinux/out/hi3798mv100/hi3798mv100_out/obj/source/boot/fastboot/auxcode_sign.img\"   -DVERSION=3 -DPATCHLEVEL=3 -DSUBLEVEL=0 -DCONFIG_AUXIMAGE=\"/home/ray/workplace/git_download/HiSTB_origin/HiSTBLinux/out/hi3798mv100/hi3798mv100_out/obj/source/boot/fastboot/auxcode_sign.img\"     \
	-o _modsi3.o _modsi3.S -c
  CC      kernel/sched/idle_task.o
  CC      kernel/sched/fair.o
arm-histbv310-linux-gcc   -D__ASSEMBLY__ -g  -Os  -fno-strict-aliasing -fno-common -ffixed-r8   -D__KERNEL__ -DTEXT_BASE=0x00c00000 -I/home/ray/workplace/git_download/HiSTB_origin/HiSTBLinux/out/hi3798mv100/hi3798mv100_out/obj/source/boot/fastboot/include -I/home/ray/workplace/git_download/HiSTB_origin/HiSTBLinux/out/hi3798mv100/hi3798mv100_out/obj/source/boot/fastboot -fno-builtin -ffreestanding -nostdinc -mfloat-abi=soft -isystem /home/ray/workplace/git_download/HiSTB_origin/HiSTBLinux/tools/linux/toolchains/arm-histbv310-linux/bin/../lib/gcc/arm-gcc492_glibc224-linux-gnueabi/4.9.2/include -pipe -DCONFIG_ARM -D__ARM__ -marm -mno-thumb-interwork  -mabi=aapcs-linux -march=armv7-a -DVERSION=3 -DPATCHLEVEL=3 -DSUBLEVEL=0 -DCONFIG_AUXIMAGE=\"/home/ray/workplace/git_download/HiSTB_origin/HiSTBLinux/out/hi3798mv100/hi3798mv100_out/obj/source/boot/fastboot/auxcode_sign.img\"   -DVERSION=3 -DPATCHLEVEL=3 -DSUBLEVEL=0 -DCONFIG_AUXIMAGE=\"/home/ray/workplace/git_download/HiSTB_origin/HiSTBLinux/out/hi3798mv100/hi3798mv100_out/obj/source/boot/fastboot/auxcode_sign.img\"     \
	-o _udivsi3.o _udivsi3.S -c
  CC      fs/proc_namespace.o
  CC      block/cfq-iosched.o
arm-histbv310-linux-gcc   -D__ASSEMBLY__ -g  -Os  -fno-strict-aliasing -fno-common -ffixed-r8   -D__KERNEL__ -DTEXT_BASE=0x00c00000 -I/home/ray/workplace/git_download/HiSTB_origin/HiSTBLinux/out/hi3798mv100/hi3798mv100_out/obj/source/boot/fastboot/include -I/home/ray/workplace/git_download/HiSTB_origin/HiSTBLinux/out/hi3798mv100/hi3798mv100_out/obj/source/boot/fastboot -fno-builtin -ffreestanding -nostdinc -mfloat-abi=soft -isystem /home/ray/workplace/git_download/HiSTB_origin/HiSTBLinux/tools/linux/toolchains/arm-histbv310-linux/bin/../lib/gcc/arm-gcc492_glibc224-linux-gnueabi/4.9.2/include -pipe -DCONFIG_ARM -D__ARM__ -marm -mno-thumb-interwork  -mabi=aapcs-linux -march=armv7-a -DVERSION=3 -DPATCHLEVEL=3 -DSUBLEVEL=0 -DCONFIG_AUXIMAGE=\"/home/ray/workplace/git_download/HiSTB_origin/HiSTBLinux/out/hi3798mv100/hi3798mv100_out/obj/source/boot/fastboot/auxcode_sign.img\"   -DVERSION=3 -DPATCHLEVEL=3 -DSUBLEVEL=0 -DCONFIG_AUXIMAGE=\"/home/ray/workplace/git_download/HiSTB_origin/HiSTBLinux/out/hi3798mv100/hi3798mv100_out/obj/source/boot/fastboot/auxcode_sign.img\"     \
	-o _umodsi3.o _umodsi3.S -c
  CC      block/cmdline-parser.o
  CC      mm/nobootmem.o
arm-histbv310-linux-gcc   -D__ASSEMBLY__ -g  -Os  -fno-strict-aliasing -fno-common -ffixed-r8   -D__KERNEL__ -DTEXT_BASE=0x00c00000 -I/home/ray/workplace/git_download/HiSTB_origin/HiSTBLinux/out/hi3798mv100/hi3798mv100_out/obj/source/boot/fastboot/include -I/home/ray/workplace/git_download/HiSTB_origin/HiSTBLinux/out/hi3798mv100/hi3798mv100_out/obj/source/boot/fastboot -fno-builtin -ffreestanding -nostdinc -mfloat-abi=soft -isystem /home/ray/workplace/git_download/HiSTB_origin/HiSTBLinux/tools/linux/toolchains/arm-histbv310-linux/bin/../lib/gcc/arm-gcc492_glibc224-linux-gnueabi/4.9.2/include -pipe -DCONFIG_ARM -D__ARM__ -marm -mno-thumb-interwork  -mabi=aapcs-linux -march=armv7-a -DVERSION=3 -DPATCHLEVEL=3 -DSUBLEVEL=0 -DCONFIG_AUXIMAGE=\"/home/ray/workplace/git_download/HiSTB_origin/HiSTBLinux/out/hi3798mv100/hi3798mv100_out/obj/source/boot/fastboot/auxcode_sign.img\"   -DVERSION=3 -DPATCHLEVEL=3 -DSUBLEVEL=0 -DCONFIG_AUXIMAGE=\"/home/ray/workplace/git_download/HiSTB_origin/HiSTBLinux/out/hi3798mv100/hi3798mv100_out/obj/source/boot/fastboot/auxcode_sign.img\"     \
	-o aeabi_uldivmod.o aeabi_uldivmod.S -c
  CC      drivers/block/loop.o
arm-histbv310-linux-gcc  -g  -Os  -fno-strict-aliasing -fno-common -ffixed-r8   -D__KERNEL__ -DTEXT_BASE=0x00c00000 -I/home/ray/workplace/git_download/HiSTB_origin/HiSTBLinux/out/hi3798mv100/hi3798mv100_out/obj/source/boot/fastboot/include -I/home/ray/workplace/git_download/HiSTB_origin/HiSTBLinux/out/hi3798mv100/hi3798mv100_out/obj/source/boot/fastboot -fno-builtin -ffreestanding -nostdinc -mfloat-abi=soft -isystem /home/ray/workplace/git_download/HiSTB_origin/HiSTBLinux/tools/linux/toolchains/arm-histbv310-linux/bin/../lib/gcc/arm-gcc492_glibc224-linux-gnueabi/4.9.2/include -pipe -DCONFIG_ARM -D__ARM__ -marm -mno-thumb-interwork  -mabi=aapcs-linux -march=armv7-a -DVERSION=3 -DPATCHLEVEL=3 -DSUBLEVEL=0 -DCONFIG_AUXIMAGE=\"/home/ray/workplace/git_download/HiSTB_origin/HiSTBLinux/out/hi3798mv100/hi3798mv100_out/obj/source/boot/fastboot/auxcode_sign.img\"   -DVERSION=3 -DPATCHLEVEL=3 -DSUBLEVEL=0 -DCONFIG_AUXIMAGE=\"/home/ray/workplace/git_download/HiSTB_origin/HiSTBLinux/out/hi3798mv100/hi3798mv100_out/obj/source/boot/fastboot/auxcode_sign.img\"   -Wall -Wstrict-prototypes -fno-stack-protector   \
	-o udivmoddi4.o udivmoddi4.c -c
  CC [M]  fs/autofs4/init.o
arm-histbv310-linux-gcc  -g  -Os  -fno-strict-aliasing -fno-common -ffixed-r8   -D__KERNEL__ -DTEXT_BASE=0x00c00000 -I/home/ray/workplace/git_download/HiSTB_origin/HiSTBLinux/out/hi3798mv100/hi3798mv100_out/obj/source/boot/fastboot/include -I/home/ray/workplace/git_download/HiSTB_origin/HiSTBLinux/out/hi3798mv100/hi3798mv100_out/obj/source/boot/fastboot -fno-builtin -ffreestanding -nostdinc -mfloat-abi=soft -isystem /home/ray/workplace/git_download/HiSTB_origin/HiSTBLinux/tools/linux/toolchains/arm-histbv310-linux/bin/../lib/gcc/arm-gcc492_glibc224-linux-gnueabi/4.9.2/include -pipe -DCONFIG_ARM -D__ARM__ -marm -mno-thumb-interwork  -mabi=aapcs-linux -march=armv7-a -DVERSION=3 -DPATCHLEVEL=3 -DSUBLEVEL=0 -DCONFIG_AUXIMAGE=\"/home/ray/workplace/git_download/HiSTB_origin/HiSTBLinux/out/hi3798mv100/hi3798mv100_out/obj/source/boot/fastboot/auxcode_sign.img\"   -DVERSION=3 -DPATCHLEVEL=3 -DSUBLEVEL=0 -DCONFIG_AUXIMAGE=\"/home/ray/workplace/git_download/HiSTB_origin/HiSTBLinux/out/hi3798mv100/hi3798mv100_out/obj/source/boot/fastboot/auxcode_sign.img\"   -Wall -Wstrict-prototypes -fno-stack-protector   \
	-o div0.o div0.c -c
arm-histbv310-linux-ar crv libgcc.a _ashldi3.o _ashrdi3.o _divsi3.o _lshrdi3.o _modsi3.o _udivsi3.o _umodsi3.o aeabi_uldivmod.o udivmoddi4.o div0.o
  CC      mm/fadvise.o
  CC      fs/cachefiles/bind.o
r - _ashldi3.o
r - _ashrdi3.o
r - _divsi3.o
r - _lshrdi3.o
r - _modsi3.o
r - _udivsi3.o
r - _umodsi3.o
r - aeabi_uldivmod.o
r - udivmoddi4.o
r - div0.o
arm-histbv310-linux-gcc  -g  -Os  -fno-strict-aliasing -fno-common -ffixed-r8   -D__KERNEL__ -DTEXT_BASE=0x00c00000 -I/home/ray/workplace/git_download/HiSTB_origin/HiSTBLinux/out/hi3798mv100/hi3798mv100_out/obj/source/boot/fastboot/include -I/home/ray/workplace/git_download/HiSTB_origin/HiSTBLinux/out/hi3798mv100/hi3798mv100_out/obj/source/boot/fastboot -fno-builtin -ffreestanding -nostdinc -mfloat-abi=soft -isystem /home/ray/workplace/git_download/HiSTB_origin/HiSTBLinux/tools/linux/toolchains/arm-histbv310-linux/bin/../lib/gcc/arm-gcc492_glibc224-linux-gnueabi/4.9.2/include -pipe -DCONFIG_ARM -D__ARM__ -marm -mno-thumb-interwork  -mabi=aapcs-linux -march=armv7-a -DVERSION=3 -DPATCHLEVEL=3 -DSUBLEVEL=0 -DCONFIG_AUXIMAGE=\"/home/ray/workplace/git_download/HiSTB_origin/HiSTBLinux/out/hi3798mv100/hi3798mv100_out/obj/source/boot/fastboot/auxcode_sign.img\"   -DVERSION=3 -DPATCHLEVEL=3 -DSUBLEVEL=0 -DCONFIG_AUXIMAGE=\"/home/ray/workplace/git_download/HiSTB_origin/HiSTBLinux/out/hi3798mv100/hi3798mv100_out/obj/source/boot/fastboot/auxcode_sign.img\"   -Wall -Wstrict-prototypes -fno-stack-protector   \
	-o eabi_compat.o eabi_compat.c -c
  CC [M]  fs/autofs4/inode.o
make[4]: Leaving directory '/home/ray/workplace/git_download/HiSTB_origin/HiSTBLinux/out/hi3798mv100/hi3798mv100_out/obj/source/boot/fastboot/arch/arm/lib'
if [ ssnet/libnet.a != ss/home/ray/workplace/git_download/HiSTB_origin/HiSTBLinux/out/hi3798mv100/hi3798mv100_out/obj/source/boot/product/libproduct.a ]; then ( \
	make -C net/; \
) fi
  CC      sound/soc/soc-jack.o
make[4]: Entering directory '/home/ray/workplace/git_download/HiSTB_origin/HiSTBLinux/out/hi3798mv100/hi3798mv100_out/obj/source/boot/fastboot/net'
  CC      mm/madvise.o
  CC      fs/cachefiles/daemon.o
  CC [M]  fs/autofs4/root.o
  LD      drivers/block/built-in.o
  CC      drivers/bluetooth/btusb.o
  CC      sound/soc/soc-cache.o
  CC      mm/memblock.o
  CC      fs/cachefiles/interface.o
  CC [M]  fs/autofs4/symlink.o
arm-histbv310-linux-gcc  -g  -Os  -fno-strict-aliasing -fno-common -ffixed-r8   -D__KERNEL__ -DTEXT_BASE=0x00c00000 -I/home/ray/workplace/git_download/HiSTB_origin/HiSTBLinux/out/hi3798mv100/hi3798mv100_out/obj/source/boot/fastboot/include -I/home/ray/workplace/git_download/HiSTB_origin/HiSTBLinux/out/hi3798mv100/hi3798mv100_out/obj/source/boot/fastboot -fno-builtin -ffreestanding -nostdinc -mfloat-abi=soft -isystem /home/ray/workplace/git_download/HiSTB_origin/HiSTBLinux/tools/linux/toolchains/arm-histbv310-linux/bin/../lib/gcc/arm-gcc492_glibc224-linux-gnueabi/4.9.2/include -pipe -DCONFIG_ARM -D__ARM__ -marm -mno-thumb-interwork  -mabi=aapcs-linux -march=armv7-a -DVERSION=3 -DPATCHLEVEL=3 -DSUBLEVEL=0 -DCONFIG_AUXIMAGE=\"/home/ray/workplace/git_download/HiSTB_origin/HiSTBLinux/out/hi3798mv100/hi3798mv100_out/obj/source/boot/fastboot/auxcode_sign.img\"   -DVERSION=3 -DPATCHLEVEL=3 -DSUBLEVEL=0 -DCONFIG_AUXIMAGE=\"/home/ray/workplace/git_download/HiSTB_origin/HiSTBLinux/out/hi3798mv100/hi3798mv100_out/obj/source/boot/fastboot/auxcode_sign.img\"   -Wall -Wstrict-prototypes -fno-stack-protector   \
	-o bootp.o bootp.c -c
  CC      sound/soc/soc-utils.o
  CC [M]  fs/autofs4/waitq.o
  LD      block/built-in.o
arm-histbv310-linux-gcc  -g  -Os  -fno-strict-aliasing -fno-common -ffixed-r8   -D__KERNEL__ -DTEXT_BASE=0x00c00000 -I/home/ray/workplace/git_download/HiSTB_origin/HiSTBLinux/out/hi3798mv100/hi3798mv100_out/obj/source/boot/fastboot/include -I/home/ray/workplace/git_download/HiSTB_origin/HiSTBLinux/out/hi3798mv100/hi3798mv100_out/obj/source/boot/fastboot -fno-builtin -ffreestanding -nostdinc -mfloat-abi=soft -isystem /home/ray/workplace/git_download/HiSTB_origin/HiSTBLinux/tools/linux/toolchains/arm-histbv310-linux/bin/../lib/gcc/arm-gcc492_glibc224-linux-gnueabi/4.9.2/include -pipe -DCONFIG_ARM -D__ARM__ -marm -mno-thumb-interwork  -mabi=aapcs-linux -march=armv7-a -DVERSION=3 -DPATCHLEVEL=3 -DSUBLEVEL=0 -DCONFIG_AUXIMAGE=\"/home/ray/workplace/git_download/HiSTB_origin/HiSTBLinux/out/hi3798mv100/hi3798mv100_out/obj/source/boot/fastboot/auxcode_sign.img\"   -DVERSION=3 -DPATCHLEVEL=3 -DSUBLEVEL=0 -DCONFIG_AUXIMAGE=\"/home/ray/workplace/git_download/HiSTB_origin/HiSTBLinux/out/hi3798mv100/hi3798mv100_out/obj/source/boot/fastboot/auxcode_sign.img\"   -Wall -Wstrict-prototypes -fno-stack-protector   \
	-o eth.o eth.c -c
  CC      mm/dmapool.o
  CC      fs/cachefiles/key.o
  CC      sound/soc/soc-pcm.o
  CC      fs/cachefiles/main.o
arm-histbv310-linux-gcc  -g  -Os  -fno-strict-aliasing -fno-common -ffixed-r8   -D__KERNEL__ -DTEXT_BASE=0x00c00000 -I/home/ray/workplace/git_download/HiSTB_origin/HiSTBLinux/out/hi3798mv100/hi3798mv100_out/obj/source/boot/fastboot/include -I/home/ray/workplace/git_download/HiSTB_origin/HiSTBLinux/out/hi3798mv100/hi3798mv100_out/obj/source/boot/fastboot -fno-builtin -ffreestanding -nostdinc -mfloat-abi=soft -isystem /home/ray/workplace/git_download/HiSTB_origin/HiSTBLinux/tools/linux/toolchains/arm-histbv310-linux/bin/../lib/gcc/arm-gcc492_glibc224-linux-gnueabi/4.9.2/include -pipe -DCONFIG_ARM -D__ARM__ -marm -mno-thumb-interwork  -mabi=aapcs-linux -march=armv7-a -DVERSION=3 -DPATCHLEVEL=3 -DSUBLEVEL=0 -DCONFIG_AUXIMAGE=\"/home/ray/workplace/git_download/HiSTB_origin/HiSTBLinux/out/hi3798mv100/hi3798mv100_out/obj/source/boot/fastboot/auxcode_sign.img\"   -DVERSION=3 -DPATCHLEVEL=3 -DSUBLEVEL=0 -DCONFIG_AUXIMAGE=\"/home/ray/workplace/git_download/HiSTB_origin/HiSTBLinux/out/hi3798mv100/hi3798mv100_out/obj/source/boot/fastboot/auxcode_sign.img\"   -Wall -Wstrict-prototypes -fno-stack-protector   \
	-o net.o net.c -c
  CC [M]  fs/autofs4/expire.o
  CC      mm/ksm.o
  CC      fs/cachefiles/namei.o
  CC      kernel/sched/rt.o
arm-histbv310-linux-gcc  -g  -Os  -fno-strict-aliasing -fno-common -ffixed-r8   -D__KERNEL__ -DTEXT_BASE=0x00c00000 -I/home/ray/workplace/git_download/HiSTB_origin/HiSTBLinux/out/hi3798mv100/hi3798mv100_out/obj/source/boot/fastboot/include -I/home/ray/workplace/git_download/HiSTB_origin/HiSTBLinux/out/hi3798mv100/hi3798mv100_out/obj/source/boot/fastboot -fno-builtin -ffreestanding -nostdinc -mfloat-abi=soft -isystem /home/ray/workplace/git_download/HiSTB_origin/HiSTBLinux/tools/linux/toolchains/arm-histbv310-linux/bin/../lib/gcc/arm-gcc492_glibc224-linux-gnueabi/4.9.2/include -pipe -DCONFIG_ARM -D__ARM__ -marm -mno-thumb-interwork  -mabi=aapcs-linux -march=armv7-a -DVERSION=3 -DPATCHLEVEL=3 -DSUBLEVEL=0 -DCONFIG_AUXIMAGE=\"/home/ray/workplace/git_download/HiSTB_origin/HiSTBLinux/out/hi3798mv100/hi3798mv100_out/obj/source/boot/fastboot/auxcode_sign.img\"   -DVERSION=3 -DPATCHLEVEL=3 -DSUBLEVEL=0 -DCONFIG_AUXIMAGE=\"/home/ray/workplace/git_download/HiSTB_origin/HiSTBLinux/out/hi3798mv100/hi3798mv100_out/obj/source/boot/fastboot/auxcode_sign.img\"   -Wall -Wstrict-prototypes -fno-stack-protector   \
	-o rarp.o rarp.c -c
  CC      drivers/bluetooth/btintel.o
  CC [M]  fs/autofs4/dev-ioctl.o
arm-histbv310-linux-gcc  -g  -Os  -fno-strict-aliasing -fno-common -ffixed-r8   -D__KERNEL__ -DTEXT_BASE=0x00c00000 -I/home/ray/workplace/git_download/HiSTB_origin/HiSTBLinux/out/hi3798mv100/hi3798mv100_out/obj/source/boot/fastboot/include -I/home/ray/workplace/git_download/HiSTB_origin/HiSTBLinux/out/hi3798mv100/hi3798mv100_out/obj/source/boot/fastboot -fno-builtin -ffreestanding -nostdinc -mfloat-abi=soft -isystem /home/ray/workplace/git_download/HiSTB_origin/HiSTBLinux/tools/linux/toolchains/arm-histbv310-linux/bin/../lib/gcc/arm-gcc492_glibc224-linux-gnueabi/4.9.2/include -pipe -DCONFIG_ARM -D__ARM__ -marm -mno-thumb-interwork  -mabi=aapcs-linux -march=armv7-a -DVERSION=3 -DPATCHLEVEL=3 -DSUBLEVEL=0 -DCONFIG_AUXIMAGE=\"/home/ray/workplace/git_download/HiSTB_origin/HiSTBLinux/out/hi3798mv100/hi3798mv100_out/obj/source/boot/fastboot/auxcode_sign.img\"   -DVERSION=3 -DPATCHLEVEL=3 -DSUBLEVEL=0 -DCONFIG_AUXIMAGE=\"/home/ray/workplace/git_download/HiSTB_origin/HiSTBLinux/out/hi3798mv100/hi3798mv100_out/obj/source/boot/fastboot/auxcode_sign.img\"   -Wall -Wstrict-prototypes -fno-stack-protector   \
	-o tftp.o tftp.c -c
  CC      fs/cachefiles/rdwr.o
arm-histbv310-linux-ar crv libnet.a bootp.o eth.o net.o rarp.o tftp.o
r - bootp.o
r - eth.o
r - net.o
r - rarp.o
r - tftp.o
make[4]: Leaving directory '/home/ray/workplace/git_download/HiSTB_origin/HiSTBLinux/out/hi3798mv100/hi3798mv100_out/obj/source/boot/fastboot/net'
if [ ssdrivers/mmc/libmmc.a != ss/home/ray/workplace/git_download/HiSTB_origin/HiSTBLinux/out/hi3798mv100/hi3798mv100_out/obj/source/boot/product/libproduct.a ]; then ( \
	make -C drivers/mmc/; \
) fi
  CC      mm/slub.o
  LD [M]  fs/autofs4/autofs4.o
  LD      drivers/bluetooth/built-in.o
  CC      mm/migrate.o
make[4]: Entering directory '/home/ray/workplace/git_download/HiSTB_origin/HiSTBLinux/out/hi3798mv100/hi3798mv100_out/obj/source/boot/fastboot/drivers/mmc'
  CC      drivers/char/mem.o
  CC      drivers/clk/clk-devres.o
  CC      sound/soc/soc-io.o
  CC      fs/cachefiles/security.o
  CC      drivers/clk/clkdev.o
  CC      kernel/sched/deadline.o
  CC      sound/soc/soc-devres.o
  CC      fs/cachefiles/xattr.o
  CC      drivers/char/random.o
  CC      drivers/clk/clk.o
arm-histbv310-linux-gcc  -g  -Os  -fno-strict-aliasing -fno-common -ffixed-r8   -D__KERNEL__ -DTEXT_BASE=0x00c00000 -I/home/ray/workplace/git_download/HiSTB_origin/HiSTBLinux/out/hi3798mv100/hi3798mv100_out/obj/source/boot/fastboot/include -I/home/ray/workplace/git_download/HiSTB_origin/HiSTBLinux/out/hi3798mv100/hi3798mv100_out/obj/source/boot/fastboot -fno-builtin -ffreestanding -nostdinc -mfloat-abi=soft -isystem /home/ray/workplace/git_download/HiSTB_origin/HiSTBLinux/tools/linux/toolchains/arm-histbv310-linux/bin/../lib/gcc/arm-gcc492_glibc224-linux-gnueabi/4.9.2/include -pipe -DCONFIG_ARM -D__ARM__ -marm -mno-thumb-interwork  -mabi=aapcs-linux -march=armv7-a -DVERSION=3 -DPATCHLEVEL=3 -DSUBLEVEL=0 -DCONFIG_AUXIMAGE=\"/home/ray/workplace/git_download/HiSTB_origin/HiSTBLinux/out/hi3798mv100/hi3798mv100_out/obj/source/boot/fastboot/auxcode_sign.img\"   -DVERSION=3 -DPATCHLEVEL=3 -DSUBLEVEL=0 -DCONFIG_AUXIMAGE=\"/home/ray/workplace/git_download/HiSTB_origin/HiSTBLinux/out/hi3798mv100/hi3798mv100_out/obj/source/boot/fastboot/auxcode_sign.img\"   -Wall -Wstrict-prototypes -fno-stack-protector   \
	-o mmc.o mmc.c -c
  CC      drivers/clk/clk-divider.o
  CC      sound/soc/soc-ops.o
  LD      fs/cachefiles/cachefiles.o
  LD      fs/cachefiles/built-in.o
  CC      kernel/sched/stop_task.o
  CC      mm/page_counter.o
arm-histbv310-linux-gcc  -g  -Os  -fno-strict-aliasing -fno-common -ffixed-r8   -D__KERNEL__ -DTEXT_BASE=0x00c00000 -I/home/ray/workplace/git_download/HiSTB_origin/HiSTBLinux/out/hi3798mv100/hi3798mv100_out/obj/source/boot/fastboot/include -I/home/ray/workplace/git_download/HiSTB_origin/HiSTBLinux/out/hi3798mv100/hi3798mv100_out/obj/source/boot/fastboot -fno-builtin -ffreestanding -nostdinc -mfloat-abi=soft -isystem /home/ray/workplace/git_download/HiSTB_origin/HiSTBLinux/tools/linux/toolchains/arm-histbv310-linux/bin/../lib/gcc/arm-gcc492_glibc224-linux-gnueabi/4.9.2/include -pipe -DCONFIG_ARM -D__ARM__ -marm -mno-thumb-interwork  -mabi=aapcs-linux -march=armv7-a -DVERSION=3 -DPATCHLEVEL=3 -DSUBLEVEL=0 -DCONFIG_AUXIMAGE=\"/home/ray/workplace/git_download/HiSTB_origin/HiSTBLinux/out/hi3798mv100/hi3798mv100_out/obj/source/boot/fastboot/auxcode_sign.img\"   -DVERSION=3 -DPATCHLEVEL=3 -DSUBLEVEL=0 -DCONFIG_AUXIMAGE=\"/home/ray/workplace/git_download/HiSTB_origin/HiSTBLinux/out/hi3798mv100/hi3798mv100_out/obj/source/boot/fastboot/auxcode_sign.img\"   -Wall -Wstrict-prototypes -fno-stack-protector   \
	-o himciv200.o himciv200.c -c
  CC      fs/cifs/cifsfs.o
In file included from himciv200.c:7:0:
himciv200.c: In function 'hi_mci_execute_tuning':
/home/ray/workplace/git_download/HiSTB_origin/HiSTBLinux/out/hi3798mv100/hi3798mv100_out/obj/source/boot/fastboot/include/asm/io.h:72:28: warning: 'reg_addr' may be used uninitialized in this function [-Wmaybe-uninitialized]
 #define __arch_getl(a)   (*(volatile unsigned int *)(a))
                            ^
himciv200.c:827:41: note: 'reg_addr' was declared here
  unsigned int index,min,max,mask,offset,reg_addr;
                                         ^
himciv200.c:904:15: warning: 'max' is used uninitialized in this function [-Wuninitialized]
    fall_point = max-1;
               ^
himciv200.c:907:17: warning: 'min' is used uninitialized in this function [-Wuninitialized]
    value = (max + raise_point + fall_point) / 2;
                 ^
himciv200.c:862:14: warning: 'mask' may be used uninitialized in this function [-Wmaybe-uninitialized]
   tmp_reg &= ~mask;
              ^
himciv200.c:863:21: warning: 'offset' may be used uninitialized in this function [-Wmaybe-uninitialized]
   tmp_reg |= (value << offset);
                     ^
  CC      drivers/clk/clk-fixed-factor.o
  CC      kernel/sched/wait.o
arm-histbv310-linux-gcc  -g  -Os  -fno-strict-aliasing -fno-common -ffixed-r8   -D__KERNEL__ -DTEXT_BASE=0x00c00000 -I/home/ray/workplace/git_download/HiSTB_origin/HiSTBLinux/out/hi3798mv100/hi3798mv100_out/obj/source/boot/fastboot/include -I/home/ray/workplace/git_download/HiSTB_origin/HiSTBLinux/out/hi3798mv100/hi3798mv100_out/obj/source/boot/fastboot -fno-builtin -ffreestanding -nostdinc -mfloat-abi=soft -isystem /home/ray/workplace/git_download/HiSTB_origin/HiSTBLinux/tools/linux/toolchains/arm-histbv310-linux/bin/../lib/gcc/arm-gcc492_glibc224-linux-gnueabi/4.9.2/include -pipe -DCONFIG_ARM -D__ARM__ -marm -mno-thumb-interwork  -mabi=aapcs-linux -march=armv7-a -DVERSION=3 -DPATCHLEVEL=3 -DSUBLEVEL=0 -DCONFIG_AUXIMAGE=\"/home/ray/workplace/git_download/HiSTB_origin/HiSTBLinux/out/hi3798mv100/hi3798mv100_out/obj/source/boot/fastboot/auxcode_sign.img\"   -DVERSION=3 -DPATCHLEVEL=3 -DSUBLEVEL=0 -DCONFIG_AUXIMAGE=\"/home/ray/workplace/git_download/HiSTB_origin/HiSTBLinux/out/hi3798mv100/hi3798mv100_out/obj/source/boot/fastboot/auxcode_sign.img\"   -Wall -Wstrict-prototypes -fno-stack-protector   \
	-o himciv200_dbg_boot_read.o himciv200_dbg_boot_read.c -c
  CC      mm/memcontrol.o
arm-histbv310-linux-gcc  -g  -Os  -fno-strict-aliasing -fno-common -ffixed-r8   -D__KERNEL__ -DTEXT_BASE=0x00c00000 -I/home/ray/workplace/git_download/HiSTB_origin/HiSTBLinux/out/hi3798mv100/hi3798mv100_out/obj/source/boot/fastboot/include -I/home/ray/workplace/git_download/HiSTB_origin/HiSTBLinux/out/hi3798mv100/hi3798mv100_out/obj/source/boot/fastboot -fno-builtin -ffreestanding -nostdinc -mfloat-abi=soft -isystem /home/ray/workplace/git_download/HiSTB_origin/HiSTBLinux/tools/linux/toolchains/arm-histbv310-linux/bin/../lib/gcc/arm-gcc492_glibc224-linux-gnueabi/4.9.2/include -pipe -DCONFIG_ARM -D__ARM__ -marm -mno-thumb-interwork  -mabi=aapcs-linux -march=armv7-a -DVERSION=3 -DPATCHLEVEL=3 -DSUBLEVEL=0 -DCONFIG_AUXIMAGE=\"/home/ray/workplace/git_download/HiSTB_origin/HiSTBLinux/out/hi3798mv100/hi3798mv100_out/obj/source/boot/fastboot/auxcode_sign.img\"   -DVERSION=3 -DPATCHLEVEL=3 -DSUBLEVEL=0 -DCONFIG_AUXIMAGE=\"/home/ray/workplace/git_download/HiSTB_origin/HiSTBLinux/out/hi3798mv100/hi3798mv100_out/obj/source/boot/fastboot/auxcode_sign.img\"   -Wall -Wstrict-prototypes -fno-stack-protector   \
	-o himci_mmc_test.o himci_mmc_test.c -c
  CC      drivers/char/misc.o
  CC      kernel/sched/completion.o
  LD      sound/soc/snd-soc-core.o
  CC      kernel/sched/idle.o
arm-histbv310-linux-ar crv libmmc.a mmc.o himciv200.o himciv200_dbg_boot_read.o himci_mmc_test.o
  LD      sound/soc/built-in.o
  CC      drivers/clk/clk-fixed-rate.o
r - mmc.o
r - himciv200.o
r - himciv200_dbg_boot_read.o
r - himci_mmc_test.o
make[4]: Leaving directory '/home/ray/workplace/git_download/HiSTB_origin/HiSTBLinux/out/hi3798mv100/hi3798mv100_out/obj/source/boot/fastboot/drivers/mmc'
if [ ssfs/ext4/libext4.a != ss/home/ray/workplace/git_download/HiSTB_origin/HiSTBLinux/out/hi3798mv100/hi3798mv100_out/obj/source/boot/product/libproduct.a ]; then ( \
	make -C fs/ext4/; \
) fi
  CC      fs/cifs/cifssmb.o
  CC      drivers/char/apm-emulation.o
  CC      drivers/clk/clk-gate.o
/home/ray/workplace/git_download/HiSTB_origin/HiSTBLinux/source/kernel/linux-4.4.y/mm/memcontrol.c:5355:12: warning: initialization from incompatible pointer type
  .attach = mem_cgroup_move_task,
            ^
/home/ray/workplace/git_download/HiSTB_origin/HiSTBLinux/source/kernel/linux-4.4.y/mm/memcontrol.c:5355:12: warning: (near initialization for 'memory_cgrp_subsys.attach')
/home/ray/workplace/git_download/HiSTB_origin/HiSTBLinux/source/kernel/linux-4.4.y/mm/memcontrol.c:4153:27: warning: 'mem_cgroup_id_get_online' defined but not used [-Wunused-function]
 static struct mem_cgroup *mem_cgroup_id_get_online(struct mem_cgroup *memcg)
                           ^
make[4]: Entering directory '/home/ray/workplace/git_download/HiSTB_origin/HiSTBLinux/out/hi3798mv100/hi3798mv100_out/obj/source/boot/fastboot/fs/ext4'
  CC      sound/usb/card.o
  CC      fs/cifs/cifs_debug.o
  CC      drivers/clk/clk-multiplier.o
  CC      kernel/sched/cpupri.o
  CC      drivers/clk/clk-mux.o
  LD      drivers/char/built-in.o
  CC      kernel/sched/cpudeadline.o
arm-histbv310-linux-gcc  -g  -Os  -fno-strict-aliasing -fno-common -ffixed-r8   -D__KERNEL__ -DTEXT_BASE=0x00c00000 -I/home/ray/workplace/git_download/HiSTB_origin/HiSTBLinux/out/hi3798mv100/hi3798mv100_out/obj/source/boot/fastboot/include -I/home/ray/workplace/git_download/HiSTB_origin/HiSTBLinux/out/hi3798mv100/hi3798mv100_out/obj/source/boot/fastboot -fno-builtin -ffreestanding -nostdinc -mfloat-abi=soft -isystem /home/ray/workplace/git_download/HiSTB_origin/HiSTBLinux/tools/linux/toolchains/arm-histbv310-linux/bin/../lib/gcc/arm-gcc492_glibc224-linux-gnueabi/4.9.2/include -pipe -DCONFIG_ARM -D__ARM__ -marm -mno-thumb-interwork  -mabi=aapcs-linux -march=armv7-a -DVERSION=3 -DPATCHLEVEL=3 -DSUBLEVEL=0 -DCONFIG_AUXIMAGE=\"/home/ray/workplace/git_download/HiSTB_origin/HiSTBLinux/out/hi3798mv100/hi3798mv100_out/obj/source/boot/fastboot/auxcode_sign.img\"   -DVERSION=3 -DPATCHLEVEL=3 -DSUBLEVEL=0 -DCONFIG_AUXIMAGE=\"/home/ray/workplace/git_download/HiSTB_origin/HiSTBLinux/out/hi3798mv100/hi3798mv100_out/obj/source/boot/fastboot/auxcode_sign.img\"   -Wall -Wstrict-prototypes -fno-stack-protector   \
	-o unsparse.o unsparse.c -c
  CC      arch/arm/oprofile/../../../drivers/oprofile/oprof.o
  CC      drivers/clk/clk-composite.o
  CC      sound/usb/clock.o
  CC      drivers/clk/clk-fractional-divider.o
  CC      kernel/sched/energy.o
arm-histbv310-linux-ar crv libext4.a unsparse.o
  CC      sound/usb/endpoint.o
r - unsparse.o
make[4]: Leaving directory '/home/ray/workplace/git_download/HiSTB_origin/HiSTBLinux/out/hi3798mv100/hi3798mv100_out/obj/source/boot/fastboot/fs/ext4'
if [ ssdrivers/mtd/libmtd.a != ss/home/ray/workplace/git_download/HiSTB_origin/HiSTBLinux/out/hi3798mv100/hi3798mv100_out/obj/source/boot/product/libproduct.a ]; then ( \
	make -C drivers/mtd/; \
) fi
  CC      arch/arm/oprofile/../../../drivers/oprofile/cpu_buffer.o
  CC      kernel/sched/auto_group.o
  CC      drivers/clk/clk-gpio.o
make[4]: Entering directory '/home/ray/workplace/git_download/HiSTB_origin/HiSTBLinux/out/hi3798mv100/hi3798mv100_out/obj/source/boot/fastboot/drivers/mtd'
  CC      drivers/clocksource/clksrc-probe.o
  CC      drivers/clk/clk-conf.o
  CC      arch/arm/oprofile/../../../drivers/oprofile/buffer_sync.o
arm-histbv310-linux-ar crv libmtd.a 
  CC      drivers/clocksource/mmio.o
  CC      kernel/sched/cpuacct.o
make[4]: Leaving directory '/home/ray/workplace/git_download/HiSTB_origin/HiSTBLinux/out/hi3798mv100/hi3798mv100_out/obj/source/boot/fastboot/drivers/mtd'
if [ ssdrivers/mtd/spi/libspi_flash.a != ss/home/ray/workplace/git_download/HiSTB_origin/HiSTBLinux/out/hi3798mv100/hi3798mv100_out/obj/source/boot/product/libproduct.a ]; then ( \
	make -C drivers/mtd/spi/; \
) fi
  CC      sound/usb/format.o
  LD      drivers/clk/built-in.o
  CC      mm/vmpressure.o
  CC      drivers/clocksource/arm_arch_timer.o
make[4]: Entering directory '/home/ray/workplace/git_download/HiSTB_origin/HiSTBLinux/out/hi3798mv100/hi3798mv100_out/obj/source/boot/fastboot/drivers/mtd/spi'
  CC      arch/arm/oprofile/../../../drivers/oprofile/event_buffer.o
  CC [M]  drivers/common/himedia/himedia_base.o
  LD      kernel/sched/built-in.o
  CC      mm/cleancache.o
  CC      sound/usb/helper.o
  CC      arch/arm/oprofile/../../../drivers/oprofile/oprofile_files.o
  CC      drivers/clocksource/timer-sp804.o
  CC      kernel/time/time.o
  CC      arch/arm/oprofile/../../../drivers/oprofile/oprofilefs.o
  CC [M]  drivers/common/himedia/himedia.o
arm-histbv310-linux-gcc  -g  -Os  -fno-strict-aliasing -fno-common -ffixed-r8   -D__KERNEL__ -DTEXT_BASE=0x00c00000 -I/home/ray/workplace/git_download/HiSTB_origin/HiSTBLinux/out/hi3798mv100/hi3798mv100_out/obj/source/boot/fastboot/include -I/home/ray/workplace/git_download/HiSTB_origin/HiSTBLinux/out/hi3798mv100/hi3798mv100_out/obj/source/boot/fastboot -fno-builtin -ffreestanding -nostdinc -mfloat-abi=soft -isystem /home/ray/workplace/git_download/HiSTB_origin/HiSTBLinux/tools/linux/toolchains/arm-histbv310-linux/bin/../lib/gcc/arm-gcc492_glibc224-linux-gnueabi/4.9.2/include -pipe -DCONFIG_ARM -D__ARM__ -marm -mno-thumb-interwork  -mabi=aapcs-linux -march=armv7-a -DVERSION=3 -DPATCHLEVEL=3 -DSUBLEVEL=0 -DCONFIG_AUXIMAGE=\"/home/ray/workplace/git_download/HiSTB_origin/HiSTBLinux/out/hi3798mv100/hi3798mv100_out/obj/source/boot/fastboot/auxcode_sign.img\"   -DVERSION=3 -DPATCHLEVEL=3 -DSUBLEVEL=0 -DCONFIG_AUXIMAGE=\"/home/ray/workplace/git_download/HiSTB_origin/HiSTBLinux/out/hi3798mv100/hi3798mv100_out/obj/source/boot/fastboot/auxcode_sign.img\"   -Wall -Wstrict-prototypes -fno-stack-protector   \
	-o spi_compatible.o spi_compatible.c -c
  CC      mm/page_isolation.o
  CC      sound/usb/mixer.o
  CC      drivers/clocksource/dummy_timer.o
  CC      fs/cifs/connect.o
spi_compatible.c: In function 'spi_flash_probe':
spi_compatible.c:42:6: warning: variable 'devs' set but not used [-Wunused-but-set-variable]
  int devs;
      ^
spi_compatible.c: In function 'get_spiflash_info':
spi_compatible.c:70:6: warning: variable 'devs' set but not used [-Wunused-but-set-variable]
  int devs;
      ^
arm-histbv310-linux-gcc  -g  -Os  -fno-strict-aliasing -fno-common -ffixed-r8   -D__KERNEL__ -DTEXT_BASE=0x00c00000 -I/home/ray/workplace/git_download/HiSTB_origin/HiSTBLinux/out/hi3798mv100/hi3798mv100_out/obj/source/boot/fastboot/include -I/home/ray/workplace/git_download/HiSTB_origin/HiSTBLinux/out/hi3798mv100/hi3798mv100_out/obj/source/boot/fastboot -fno-builtin -ffreestanding -nostdinc -mfloat-abi=soft -isystem /home/ray/workplace/git_download/HiSTB_origin/HiSTBLinux/tools/linux/toolchains/arm-histbv310-linux/bin/../lib/gcc/arm-gcc492_glibc224-linux-gnueabi/4.9.2/include -pipe -DCONFIG_ARM -D__ARM__ -marm -mno-thumb-interwork  -mabi=aapcs-linux -march=armv7-a -DVERSION=3 -DPATCHLEVEL=3 -DSUBLEVEL=0 -DCONFIG_AUXIMAGE=\"/home/ray/workplace/git_download/HiSTB_origin/HiSTBLinux/out/hi3798mv100/hi3798mv100_out/obj/source/boot/fastboot/auxcode_sign.img\"   -DVERSION=3 -DPATCHLEVEL=3 -DSUBLEVEL=0 -DCONFIG_AUXIMAGE=\"/home/ray/workplace/git_download/HiSTB_origin/HiSTBLinux/out/hi3798mv100/hi3798mv100_out/obj/source/boot/fastboot/auxcode_sign.img\"   -Wall -Wstrict-prototypes -fno-stack-protector   \
	-o spi_ids.o spi_ids.c -c
  LD      drivers/clocksource/built-in.o
  CC [M]  drivers/common/mmz/drv_mmz_ext_k.o
  CC      arch/arm/oprofile/../../../drivers/oprofile/oprofile_stats.o
  CC      kernel/time/timer.o
  CC      sound/usb/mixer_quirks.o
arm-histbv310-linux-ar crv libspi_flash.a spi_compatible.o spi_ids.o
  CC      mm/zpool.o
r - spi_compatible.o
r - spi_ids.o
make[4]: Leaving directory '/home/ray/workplace/git_download/HiSTB_origin/HiSTBLinux/out/hi3798mv100/hi3798mv100_out/obj/source/boot/fastboot/drivers/mtd/spi'
if [ ssdrivers/net/libnet.a != ss/home/ray/workplace/git_download/HiSTB_origin/HiSTBLinux/out/hi3798mv100/hi3798mv100_out/obj/source/boot/product/libproduct.a ]; then ( \
	make -C drivers/net/; \
) fi
  CC      arch/arm/oprofile/../../../drivers/oprofile/timer_int.o
make[4]: Entering directory '/home/ray/workplace/git_download/HiSTB_origin/HiSTBLinux/out/hi3798mv100/hi3798mv100_out/obj/source/boot/fastboot/drivers/net'
  CC [M]  drivers/common/mmz/drv_mmz_intf.o
  CC      mm/zsmalloc.o
  CC      arch/arm/oprofile/../../../drivers/oprofile/oprofile_perf.o
arm-histbv310-linux-ar crv libnet.a 
make[4]: Leaving directory '/home/ray/workplace/git_download/HiSTB_origin/HiSTBLinux/out/hi3798mv100/hi3798mv100_out/obj/source/boot/fastboot/drivers/net'
if [ ssdrivers/net/phy/libphy.a != ss/home/ray/workplace/git_download/HiSTB_origin/HiSTBLinux/out/hi3798mv100/hi3798mv100_out/obj/source/boot/product/libproduct.a ]; then ( \
	make -C drivers/net/phy/; \
) fi
  CC      arch/arm/oprofile/common.o
  CC      sound/usb/mixer_scarlett.o
  CC [M]  drivers/common/mmz/drv_tzsmmu.o
make[4]: Entering directory '/home/ray/workplace/git_download/HiSTB_origin/HiSTBLinux/out/hi3798mv100/hi3798mv100_out/obj/source/boot/fastboot/drivers/net/phy'
  CC      drivers/connector/cn_queue.o
  LD      arch/arm/oprofile/oprofile.o
  LD      arch/arm/oprofile/built-in.o
  CC      drivers/connector/connector.o
arm-histbv310-linux-ar crv libphy.a 
  CC      mm/cma.o
  CC [M]  drivers/common/mmz/drv_mmz_userdev.o
  CC      sound/usb/pcm.o
make[4]: Leaving directory '/home/ray/workplace/git_download/HiSTB_origin/HiSTBLinux/out/hi3798mv100/hi3798mv100_out/obj/source/boot/fastboot/drivers/net/phy'
if [ ssdrivers/net/hisfv300/libhisfv300.a != ss/home/ray/workplace/git_download/HiSTB_origin/HiSTBLinux/out/hi3798mv100/hi3798mv100_out/obj/source/boot/product/libproduct.a ]; then ( \
	make -C drivers/net/hisfv300/; \
) fi
  CC      kernel/time/hrtimer.o
make[4]: Entering directory '/home/ray/workplace/git_download/HiSTB_origin/HiSTBLinux/out/hi3798mv100/hi3798mv100_out/obj/source/boot/fastboot/drivers/net/hisfv300'
  CC      fs/cifs/dir.o
  CC      sound/usb/proc.o
  LD      drivers/connector/cn.o
  LD      drivers/connector/built-in.o
  CC      mm/page_ext.o
  CC      drivers/cpufreq/cpufreq.o
  CC [M]  drivers/common/mmz/drv_media_mem.o
  CC      drivers/cpuidle/cpuidle.o
  CC      mm/page_idle.o
  CC      sound/usb/quirks.o
  CC      kernel/time/itimer.o
  CC      fs/cifs/file.o
arm-histbv310-linux-gcc  -g  -Os  -fno-strict-aliasing -fno-common -ffixed-r8   -D__KERNEL__ -DTEXT_BASE=0x00c00000 -I/home/ray/workplace/git_download/HiSTB_origin/HiSTBLinux/out/hi3798mv100/hi3798mv100_out/obj/source/boot/fastboot/include -I/home/ray/workplace/git_download/HiSTB_origin/HiSTBLinux/out/hi3798mv100/hi3798mv100_out/obj/source/boot/fastboot -fno-builtin -ffreestanding -nostdinc -mfloat-abi=soft -isystem /home/ray/workplace/git_download/HiSTB_origin/HiSTBLinux/tools/linux/toolchains/arm-histbv310-linux/bin/../lib/gcc/arm-gcc492_glibc224-linux-gnueabi/4.9.2/include -pipe -DCONFIG_ARM -D__ARM__ -marm -mno-thumb-interwork  -mabi=aapcs-linux -march=armv7-a -DVERSION=3 -DPATCHLEVEL=3 -DSUBLEVEL=0 -DCONFIG_AUXIMAGE=\"/home/ray/workplace/git_download/HiSTB_origin/HiSTBLinux/out/hi3798mv100/hi3798mv100_out/obj/source/boot/fastboot/auxcode_sign.img\"   -DVERSION=3 -DPATCHLEVEL=3 -DSUBLEVEL=0 -DCONFIG_AUXIMAGE=\"/home/ray/workplace/git_download/HiSTB_origin/HiSTBLinux/out/hi3798mv100/hi3798mv100_out/obj/source/boot/fastboot/auxcode_sign.img\"   -Wall -Wstrict-prototypes -fno-stack-protector   \
	-o net-drv.o net-drv.c -c
  CC      mm/frame_vector.o
  CC      drivers/cpuidle/driver.o
  CC      kernel/time/posix-timers.o
  CC      sound/usb/stream.o
arm-histbv310-linux-gcc  -g  -Os  -fno-strict-aliasing -fno-common -ffixed-r8   -D__KERNEL__ -DTEXT_BASE=0x00c00000 -I/home/ray/workplace/git_download/HiSTB_origin/HiSTBLinux/out/hi3798mv100/hi3798mv100_out/obj/source/boot/fastboot/include -I/home/ray/workplace/git_download/HiSTB_origin/HiSTBLinux/out/hi3798mv100/hi3798mv100_out/obj/source/boot/fastboot -fno-builtin -ffreestanding -nostdinc -mfloat-abi=soft -isystem /home/ray/workplace/git_download/HiSTB_origin/HiSTBLinux/tools/linux/toolchains/arm-histbv310-linux/bin/../lib/gcc/arm-gcc492_glibc224-linux-gnueabi/4.9.2/include -pipe -DCONFIG_ARM -D__ARM__ -marm -mno-thumb-interwork  -mabi=aapcs-linux -march=armv7-a -DVERSION=3 -DPATCHLEVEL=3 -DSUBLEVEL=0 -DCONFIG_AUXIMAGE=\"/home/ray/workplace/git_download/HiSTB_origin/HiSTBLinux/out/hi3798mv100/hi3798mv100_out/obj/source/boot/fastboot/auxcode_sign.img\"   -DVERSION=3 -DPATCHLEVEL=3 -DSUBLEVEL=0 -DCONFIG_AUXIMAGE=\"/home/ray/workplace/git_download/HiSTB_origin/HiSTBLinux/out/hi3798mv100/hi3798mv100_out/obj/source/boot/fastboot/auxcode_sign.img\"   -Wall -Wstrict-prototypes -fno-stack-protector   \
	-o mii-drv.o mii-drv.c -c
  CC [M]  drivers/common/sys/drv_base_ext_k.o
  LD      mm/built-in.o
  CC      drivers/cpuidle/governor.o
  CC      drivers/cpuidle/sysfs.o
arm-histbv310-linux-gcc  -g  -Os  -fno-strict-aliasing -fno-common -ffixed-r8   -D__KERNEL__ -DTEXT_BASE=0x00c00000 -I/home/ray/workplace/git_download/HiSTB_origin/HiSTBLinux/out/hi3798mv100/hi3798mv100_out/obj/source/boot/fastboot/include -I/home/ray/workplace/git_download/HiSTB_origin/HiSTBLinux/out/hi3798mv100/hi3798mv100_out/obj/source/boot/fastboot -fno-builtin -ffreestanding -nostdinc -mfloat-abi=soft -isystem /home/ray/workplace/git_download/HiSTB_origin/HiSTBLinux/tools/linux/toolchains/arm-histbv310-linux/bin/../lib/gcc/arm-gcc492_glibc224-linux-gnueabi/4.9.2/include -pipe -DCONFIG_ARM -D__ARM__ -marm -mno-thumb-interwork  -mabi=aapcs-linux -march=armv7-a -DVERSION=3 -DPATCHLEVEL=3 -DSUBLEVEL=0 -DCONFIG_AUXIMAGE=\"/home/ray/workplace/git_download/HiSTB_origin/HiSTBLinux/out/hi3798mv100/hi3798mv100_out/obj/source/boot/fastboot/auxcode_sign.img\"   -DVERSION=3 -DPATCHLEVEL=3 -DSUBLEVEL=0 -DCONFIG_AUXIMAGE=\"/home/ray/workplace/git_download/HiSTB_origin/HiSTBLinux/out/hi3798mv100/hi3798mv100_out/obj/source/boot/fastboot/auxcode_sign.img\"   -Wall -Wstrict-prototypes -fno-stack-protector   \
	-o ctrl.o ctrl.c -c
  CC      kernel/time/posix-cpu-timers.o
arm-histbv310-linux-gcc  -g  -Os  -fno-strict-aliasing -fno-common -ffixed-r8   -D__KERNEL__ -DTEXT_BASE=0x00c00000 -I/home/ray/workplace/git_download/HiSTB_origin/HiSTBLinux/out/hi3798mv100/hi3798mv100_out/obj/source/boot/fastboot/include -I/home/ray/workplace/git_download/HiSTB_origin/HiSTBLinux/out/hi3798mv100/hi3798mv100_out/obj/source/boot/fastboot -fno-builtin -ffreestanding -nostdinc -mfloat-abi=soft -isystem /home/ray/workplace/git_download/HiSTB_origin/HiSTBLinux/tools/linux/toolchains/arm-histbv310-linux/bin/../lib/gcc/arm-gcc492_glibc224-linux-gnueabi/4.9.2/include -pipe -DCONFIG_ARM -D__ARM__ -marm -mno-thumb-interwork  -mabi=aapcs-linux -march=armv7-a -DVERSION=3 -DPATCHLEVEL=3 -DSUBLEVEL=0 -DCONFIG_AUXIMAGE=\"/home/ray/workplace/git_download/HiSTB_origin/HiSTBLinux/out/hi3798mv100/hi3798mv100_out/obj/source/boot/fastboot/auxcode_sign.img\"   -DVERSION=3 -DPATCHLEVEL=3 -DSUBLEVEL=0 -DCONFIG_AUXIMAGE=\"/home/ray/workplace/git_download/HiSTB_origin/HiSTBLinux/out/hi3798mv100/hi3798mv100_out/obj/source/boot/fastboot/auxcode_sign.img\"   -Wall -Wstrict-prototypes -fno-stack-protector   \
	-o glb.o glb.c -c
  CC      drivers/cpufreq/freq_table.o
  CC [M]  drivers/common/sys/drv_sys_ext_k.o
  CC      drivers/cpuidle/governors/ladder.o
arm-histbv310-linux-gcc  -g  -Os  -fno-strict-aliasing -fno-common -ffixed-r8   -D__KERNEL__ -DTEXT_BASE=0x00c00000 -I/home/ray/workplace/git_download/HiSTB_origin/HiSTBLinux/out/hi3798mv100/hi3798mv100_out/obj/source/boot/fastboot/include -I/home/ray/workplace/git_download/HiSTB_origin/HiSTBLinux/out/hi3798mv100/hi3798mv100_out/obj/source/boot/fastboot -fno-builtin -ffreestanding -nostdinc -mfloat-abi=soft -isystem /home/ray/workplace/git_download/HiSTB_origin/HiSTBLinux/tools/linux/toolchains/arm-histbv310-linux/bin/../lib/gcc/arm-gcc492_glibc224-linux-gnueabi/4.9.2/include -pipe -DCONFIG_ARM -D__ARM__ -marm -mno-thumb-interwork  -mabi=aapcs-linux -march=armv7-a -DVERSION=3 -DPATCHLEVEL=3 -DSUBLEVEL=0 -DCONFIG_AUXIMAGE=\"/home/ray/workplace/git_download/HiSTB_origin/HiSTBLinux/out/hi3798mv100/hi3798mv100_out/obj/source/boot/fastboot/auxcode_sign.img\"   -DVERSION=3 -DPATCHLEVEL=3 -DSUBLEVEL=0 -DCONFIG_AUXIMAGE=\"/home/ray/workplace/git_download/HiSTB_origin/HiSTBLinux/out/hi3798mv100/hi3798mv100_out/obj/source/boot/fastboot/auxcode_sign.img\"   -Wall -Wstrict-prototypes -fno-stack-protector   \
	-o mac.o mac.c -c
  CC      sound/usb/midi.o
  CC      drivers/cpuidle/governors/menu.o
  CC      drivers/cpufreq/cpufreq_stats.o
  CC      drivers/cpufreq/cpufreq_performance.o
arm-histbv310-linux-gcc  -g  -Os  -fno-strict-aliasing -fno-common -ffixed-r8   -D__KERNEL__ -DTEXT_BASE=0x00c00000 -I/home/ray/workplace/git_download/HiSTB_origin/HiSTBLinux/out/hi3798mv100/hi3798mv100_out/obj/source/boot/fastboot/include -I/home/ray/workplace/git_download/HiSTB_origin/HiSTBLinux/out/hi3798mv100/hi3798mv100_out/obj/source/boot/fastboot -fno-builtin -ffreestanding -nostdinc -mfloat-abi=soft -isystem /home/ray/workplace/git_download/HiSTB_origin/HiSTBLinux/tools/linux/toolchains/arm-histbv310-linux/bin/../lib/gcc/arm-gcc492_glibc224-linux-gnueabi/4.9.2/include -pipe -DCONFIG_ARM -D__ARM__ -marm -mno-thumb-interwork  -mabi=aapcs-linux -march=armv7-a -DVERSION=3 -DPATCHLEVEL=3 -DSUBLEVEL=0 -DCONFIG_AUXIMAGE=\"/home/ray/workplace/git_download/HiSTB_origin/HiSTBLinux/out/hi3798mv100/hi3798mv100_out/obj/source/boot/fastboot/auxcode_sign.img\"   -DVERSION=3 -DPATCHLEVEL=3 -DSUBLEVEL=0 -DCONFIG_AUXIMAGE=\"/home/ray/workplace/git_download/HiSTB_origin/HiSTBLinux/out/hi3798mv100/hi3798mv100_out/obj/source/boot/fastboot/auxcode_sign.img\"   -Wall -Wstrict-prototypes -fno-stack-protector   \
	-o mdio.o mdio.c -c
  CC [M]  drivers/common/dev/drv_dev_ext_k.o
  CC      drivers/cpuidle/dt_idle_states.o
  LD      drivers/cpuidle/governors/built-in.o
  CC      fs/cifs/inode.o
  CC      drivers/cpufreq/cpufreq_powersave.o
  CC      kernel/time/timekeeping.o
arm-histbv310-linux-gcc  -g  -Os  -fno-strict-aliasing -fno-common -ffixed-r8   -D__KERNEL__ -DTEXT_BASE=0x00c00000 -I/home/ray/workplace/git_download/HiSTB_origin/HiSTBLinux/out/hi3798mv100/hi3798mv100_out/obj/source/boot/fastboot/include -I/home/ray/workplace/git_download/HiSTB_origin/HiSTBLinux/out/hi3798mv100/hi3798mv100_out/obj/source/boot/fastboot -fno-builtin -ffreestanding -nostdinc -mfloat-abi=soft -isystem /home/ray/workplace/git_download/HiSTB_origin/HiSTBLinux/tools/linux/toolchains/arm-histbv310-linux/bin/../lib/gcc/arm-gcc492_glibc224-linux-gnueabi/4.9.2/include -pipe -DCONFIG_ARM -D__ARM__ -marm -mno-thumb-interwork  -mabi=aapcs-linux -march=armv7-a -DVERSION=3 -DPATCHLEVEL=3 -DSUBLEVEL=0 -DCONFIG_AUXIMAGE=\"/home/ray/workplace/git_download/HiSTB_origin/HiSTBLinux/out/hi3798mv100/hi3798mv100_out/obj/source/boot/fastboot/auxcode_sign.img\"   -DVERSION=3 -DPATCHLEVEL=3 -DSUBLEVEL=0 -DCONFIG_AUXIMAGE=\"/home/ray/workplace/git_download/HiSTB_origin/HiSTBLinux/out/hi3798mv100/hi3798mv100_out/obj/source/boot/fastboot/auxcode_sign.img\"   -Wall -Wstrict-prototypes -fno-stack-protector   \
	-o sys.o sys.c -c
  CC      drivers/cpufreq/cpufreq_userspace.o
  CC [M]  drivers/common/stat/drv_stat_ext_k.o
  CC      drivers/cpuidle/cpuidle-arm.o
arm-histbv310-linux-gcc  -g  -Os  -fno-strict-aliasing -fno-common -ffixed-r8   -D__KERNEL__ -DTEXT_BASE=0x00c00000 -I/home/ray/workplace/git_download/HiSTB_origin/HiSTBLinux/out/hi3798mv100/hi3798mv100_out/obj/source/boot/fastboot/include -I/home/ray/workplace/git_download/HiSTB_origin/HiSTBLinux/out/hi3798mv100/hi3798mv100_out/obj/source/boot/fastboot -fno-builtin -ffreestanding -nostdinc -mfloat-abi=soft -isystem /home/ray/workplace/git_download/HiSTB_origin/HiSTBLinux/tools/linux/toolchains/arm-histbv310-linux/bin/../lib/gcc/arm-gcc492_glibc224-linux-gnueabi/4.9.2/include -pipe -DCONFIG_ARM -D__ARM__ -marm -mno-thumb-interwork  -mabi=aapcs-linux -march=armv7-a -DVERSION=3 -DPATCHLEVEL=3 -DSUBLEVEL=0 -DCONFIG_AUXIMAGE=\"/home/ray/workplace/git_download/HiSTB_origin/HiSTBLinux/out/hi3798mv100/hi3798mv100_out/obj/source/boot/fastboot/auxcode_sign.img\"   -DVERSION=3 -DPATCHLEVEL=3 -DSUBLEVEL=0 -DCONFIG_AUXIMAGE=\"/home/ray/workplace/git_download/HiSTB_origin/HiSTBLinux/out/hi3798mv100/hi3798mv100_out/obj/source/boot/fastboot/auxcode_sign.img\"   -Wall -Wstrict-prototypes -fno-stack-protector   \
	-o phy_fix.o phy_fix.c -c
  CC      drivers/cpufreq/cpufreq_ondemand.o
arm-histbv310-linux-ar crv libhisfv300.a net-drv.o mii-drv.o ctrl.o glb.o mac.o mdio.o sys.o phy_fix.o
  CC [M]  drivers/common/proc/drv_proc_ext_k.o
  LD      drivers/cpuidle/built-in.o
  CC      drivers/cpufreq/cpufreq_conservative.o
r - net-drv.o
r - mii-drv.o
r - ctrl.o
r - glb.o
r - mac.o
r - mdio.o
r - sys.o
r - phy_fix.o
make[4]: Leaving directory '/home/ray/workplace/git_download/HiSTB_origin/HiSTBLinux/out/hi3798mv100/hi3798mv100_out/obj/source/boot/fastboot/drivers/net/hisfv300'
if [ ssdrivers/net/higmac/libhigmac.a != ss/home/ray/workplace/git_download/HiSTB_origin/HiSTBLinux/out/hi3798mv100/hi3798mv100_out/obj/source/boot/product/libproduct.a ]; then ( \
	make -C drivers/net/higmac/; \
) fi
  CC      drivers/devfreq/devfreq.o
make[4]: Entering directory '/home/ray/workplace/git_download/HiSTB_origin/HiSTBLinux/out/hi3798mv100/hi3798mv100_out/obj/source/boot/fastboot/drivers/net/higmac'
  CC [M]  drivers/common/log/drv_log_ext_k.o
  LD      sound/usb/snd-usb-audio.o
  LD      sound/usb/snd-usbmidi-lib.o
  LD      sound/usb/built-in.o
  CC      sound/last.o
  CC      kernel/time/ntp.o
  CC      drivers/cpufreq/cpufreq_interactive.o
  CC [M]  drivers/common/sys/drv_base_ext.o
arm-histbv310-linux-ar crv libhigmac.a 
  LD      sound/soundcore.o
  LD      sound/built-in.o
make[4]: Leaving directory '/home/ray/workplace/git_download/HiSTB_origin/HiSTBLinux/out/hi3798mv100/hi3798mv100_out/obj/source/boot/fastboot/drivers/net/higmac'
if [ ssdrivers/net/stmmac/libstmmac.a != ss/home/ray/workplace/git_download/HiSTB_origin/HiSTBLinux/out/hi3798mv100/hi3798mv100_out/obj/source/boot/product/libproduct.a ]; then ( \
	make -C drivers/net/stmmac/; \
) fi
  CC      drivers/cpufreq/cpufreq_governor.o
  CC      drivers/devfreq/devfreq-event.o
  CC      fs/cifs/link.o
make[4]: Entering directory '/home/ray/workplace/git_download/HiSTB_origin/HiSTBLinux/out/hi3798mv100/hi3798mv100_out/obj/source/boot/fastboot/drivers/net/stmmac'
  CC      kernel/time/clocksource.o
  CC      fs/cifs/misc.o
  CC [M]  drivers/common/sys/drv_sys_ext.o
  CC      drivers/devfreq/governor_simpleondemand.o
arm-histbv310-linux-ar crv libstmmac.a 
  CC      net/socket.o
make[4]: Leaving directory '/home/ray/workplace/git_download/HiSTB_origin/HiSTBLinux/out/hi3798mv100/hi3798mv100_out/obj/source/boot/fastboot/drivers/net/stmmac'
if [ ssdrivers/serial/libserial.a != ss/home/ray/workplace/git_download/HiSTB_origin/HiSTBLinux/out/hi3798mv100/hi3798mv100_out/obj/source/boot/product/libproduct.a ]; then ( \
	make -C drivers/serial/; \
) fi
  CC      kernel/time/jiffies.o
  CC [M]  drivers/common/sys/drv_reg_common.o
  CC      drivers/devfreq/governor_performance.o
make[4]: Entering directory '/home/ray/workplace/git_download/HiSTB_origin/HiSTBLinux/out/hi3798mv100/hi3798mv100_out/obj/source/boot/fastboot/drivers/serial'
  CC      kernel/time/timer_list.o
  CC [M]  drivers/common/stat/drv_stat_ext.o
  CC      drivers/devfreq/governor_powersave.o
  LD      drivers/cpufreq/built-in.o
  CC [M]  drivers/common/mem/drv_mutils.o
  CC      net/802/p8022.o
  CC      fs/cifs/netmisc.o
  CC      drivers/devfreq/governor_userspace.o
  CC      net/8021q/vlan_core.o
  CC      kernel/time/timeconv.o
  LD      drivers/devfreq/built-in.o
  CC [M]  drivers/common/module/drv_module_ext.o
arm-histbv310-linux-gcc  -g  -Os  -fno-strict-aliasing -fno-common -ffixed-r8   -D__KERNEL__ -DTEXT_BASE=0x00c00000 -I/home/ray/workplace/git_download/HiSTB_origin/HiSTBLinux/out/hi3798mv100/hi3798mv100_out/obj/source/boot/fastboot/include -I/home/ray/workplace/git_download/HiSTB_origin/HiSTBLinux/out/hi3798mv100/hi3798mv100_out/obj/source/boot/fastboot -fno-builtin -ffreestanding -nostdinc -mfloat-abi=soft -isystem /home/ray/workplace/git_download/HiSTB_origin/HiSTBLinux/tools/linux/toolchains/arm-histbv310-linux/bin/../lib/gcc/arm-gcc492_glibc224-linux-gnueabi/4.9.2/include -pipe -DCONFIG_ARM -D__ARM__ -marm -mno-thumb-interwork  -mabi=aapcs-linux -march=armv7-a -DVERSION=3 -DPATCHLEVEL=3 -DSUBLEVEL=0 -DCONFIG_AUXIMAGE=\"/home/ray/workplace/git_download/HiSTB_origin/HiSTBLinux/out/hi3798mv100/hi3798mv100_out/obj/source/boot/fastboot/auxcode_sign.img\"   -DVERSION=3 -DPATCHLEVEL=3 -DSUBLEVEL=0 -DCONFIG_AUXIMAGE=\"/home/ray/workplace/git_download/HiSTB_origin/HiSTBLinux/out/hi3798mv100/hi3798mv100_out/obj/source/boot/fastboot/auxcode_sign.img\"   -Wall -Wstrict-prototypes -fno-stack-protector   \
	-o serial_pl01x.o serial_pl01x.c -c
  CC      drivers/dma/dmaengine.o
  CC      kernel/time/timecounter.o
  CC      net/802/psnap.o
  CC      kernel/time/posix-clock.o
arm-histbv310-linux-ar crv libserial.a serial_pl01x.o
  CC      fs/cifs/smbencrypt.o
r - serial_pl01x.o
make[4]: Leaving directory '/home/ray/workplace/git_download/HiSTB_origin/HiSTBLinux/out/hi3798mv100/hi3798mv100_out/obj/source/boot/fastboot/drivers/serial'
if [ ssdrivers/usb/host/libusb_host.a != ss/home/ray/workplace/git_download/HiSTB_origin/HiSTBLinux/out/hi3798mv100/hi3798mv100_out/obj/source/boot/product/libproduct.a ]; then ( \
	make -C drivers/usb/host/; \
) fi
  CC [M]  drivers/common/file/drv_file_ext.o
  CC      net/8021q/vlan.o
make[4]: Entering directory '/home/ray/workplace/git_download/HiSTB_origin/HiSTBLinux/out/hi3798mv100/hi3798mv100_out/obj/source/boot/fastboot/drivers/usb/host'
  CC      net/802/stp.o
  CC      kernel/time/alarmtimer.o
  CC      drivers/dma/of-dma.o
  CC [M]  drivers/common/proc/drv_proc_ext.o
  CC      fs/cifs/transport.o
  CC      net/bluetooth/af_bluetooth.o
  LD      drivers/dma/built-in.o
  LD      net/802/built-in.o
  CC      kernel/time/clockevents.o
  CC      kernel/time/tick-common.o
  CC [M]  drivers/common/log/drv_log_ext.o
  CC      net/8021q/vlan_dev.o
  CC      kernel/time/tick-broadcast.o
arm-histbv310-linux-gcc  -g  -Os  -fno-strict-aliasing -fno-common -ffixed-r8   -D__KERNEL__ -DTEXT_BASE=0x00c00000 -I/home/ray/workplace/git_download/HiSTB_origin/HiSTBLinux/out/hi3798mv100/hi3798mv100_out/obj/source/boot/fastboot/include -I/home/ray/workplace/git_download/HiSTB_origin/HiSTBLinux/out/hi3798mv100/hi3798mv100_out/obj/source/boot/fastboot -fno-builtin -ffreestanding -nostdinc -mfloat-abi=soft -isystem /home/ray/workplace/git_download/HiSTB_origin/HiSTBLinux/tools/linux/toolchains/arm-histbv310-linux/bin/../lib/gcc/arm-gcc492_glibc224-linux-gnueabi/4.9.2/include -pipe -DCONFIG_ARM -D__ARM__ -marm -mno-thumb-interwork  -mabi=aapcs-linux -march=armv7-a -DVERSION=3 -DPATCHLEVEL=3 -DSUBLEVEL=0 -DCONFIG_AUXIMAGE=\"/home/ray/workplace/git_download/HiSTB_origin/HiSTBLinux/out/hi3798mv100/hi3798mv100_out/obj/source/boot/fastboot/auxcode_sign.img\"   -DVERSION=3 -DPATCHLEVEL=3 -DSUBLEVEL=0 -DCONFIG_AUXIMAGE=\"/home/ray/workplace/git_download/HiSTB_origin/HiSTBLinux/out/hi3798mv100/hi3798mv100_out/obj/source/boot/fastboot/auxcode_sign.img\"   -Wall -Wstrict-prototypes -fno-stack-protector   \
	-o ehci-hcd.o ehci-hcd.c -c
In file included from ehci-hcd.c:41:0:
hiusb-hi3798mx.c: In function 'usb0_cpu_init':
hiusb-hi3798mx.c:61:2: warning: implicit declaration of function 'get_chipid_reg' [-Wimplicit-function-declaration]
  unsigned long long chipid = get_chipid_reg();
  ^
  CC [M]  drivers/common/memdev/drv_memdev.o
  CC      drivers/dma-buf/dma-buf.o
arm-histbv310-linux-gcc  -g  -Os  -fno-strict-aliasing -fno-common -ffixed-r8   -D__KERNEL__ -DTEXT_BASE=0x00c00000 -I/home/ray/workplace/git_download/HiSTB_origin/HiSTBLinux/out/hi3798mv100/hi3798mv100_out/obj/source/boot/fastboot/include -I/home/ray/workplace/git_download/HiSTB_origin/HiSTBLinux/out/hi3798mv100/hi3798mv100_out/obj/source/boot/fastboot -fno-builtin -ffreestanding -nostdinc -mfloat-abi=soft -isystem /home/ray/workplace/git_download/HiSTB_origin/HiSTBLinux/tools/linux/toolchains/arm-histbv310-linux/bin/../lib/gcc/arm-gcc492_glibc224-linux-gnueabi/4.9.2/include -pipe -DCONFIG_ARM -D__ARM__ -marm -mno-thumb-interwork  -mabi=aapcs-linux -march=armv7-a -DVERSION=3 -DPATCHLEVEL=3 -DSUBLEVEL=0 -DCONFIG_AUXIMAGE=\"/home/ray/workplace/git_download/HiSTB_origin/HiSTBLinux/out/hi3798mv100/hi3798mv100_out/obj/source/boot/fastboot/auxcode_sign.img\"   -DVERSION=3 -DPATCHLEVEL=3 -DSUBLEVEL=0 -DCONFIG_AUXIMAGE=\"/home/ray/workplace/git_download/HiSTB_origin/HiSTBLinux/out/hi3798mv100/hi3798mv100_out/obj/source/boot/fastboot/auxcode_sign.img\"   -Wall -Wstrict-prototypes -fno-stack-protector   \
	-o xhci.o xhci.c -c
  CC      kernel/time/tick-broadcast-hrtimer.o
  CC      fs/configfs/inode.o
  CC [M]  drivers/common/userproc/drv_userproc.o
  CC      net/bluetooth/hci_core.o
  CC      net/8021q/vlan_netlink.o
  CC      fs/cifs/asn1.o
  CC      kernel/time/sched_clock.o
arm-histbv310-linux-gcc  -g  -Os  -fno-strict-aliasing -fno-common -ffixed-r8   -D__KERNEL__ -DTEXT_BASE=0x00c00000 -I/home/ray/workplace/git_download/HiSTB_origin/HiSTBLinux/out/hi3798mv100/hi3798mv100_out/obj/source/boot/fastboot/include -I/home/ray/workplace/git_download/HiSTB_origin/HiSTBLinux/out/hi3798mv100/hi3798mv100_out/obj/source/boot/fastboot -fno-builtin -ffreestanding -nostdinc -mfloat-abi=soft -isystem /home/ray/workplace/git_download/HiSTB_origin/HiSTBLinux/tools/linux/toolchains/arm-histbv310-linux/bin/../lib/gcc/arm-gcc492_glibc224-linux-gnueabi/4.9.2/include -pipe -DCONFIG_ARM -D__ARM__ -marm -mno-thumb-interwork  -mabi=aapcs-linux -march=armv7-a -DVERSION=3 -DPATCHLEVEL=3 -DSUBLEVEL=0 -DCONFIG_AUXIMAGE=\"/home/ray/workplace/git_download/HiSTB_origin/HiSTBLinux/out/hi3798mv100/hi3798mv100_out/obj/source/boot/fastboot/auxcode_sign.img\"   -DVERSION=3 -DPATCHLEVEL=3 -DSUBLEVEL=0 -DCONFIG_AUXIMAGE=\"/home/ray/workplace/git_download/HiSTB_origin/HiSTBLinux/out/hi3798mv100/hi3798mv100_out/obj/source/boot/fastboot/auxcode_sign.img\"   -Wall -Wstrict-prototypes -fno-stack-protector   \
	-o xhci-mem.o xhci-mem.c -c
  CC      fs/configfs/file.o
  CC      drivers/dma-buf/fence.o
  CC      kernel/time/tick-oneshot.o
arm-histbv310-linux-gcc  -g  -Os  -fno-strict-aliasing -fno-common -ffixed-r8   -D__KERNEL__ -DTEXT_BASE=0x00c00000 -I/home/ray/workplace/git_download/HiSTB_origin/HiSTBLinux/out/hi3798mv100/hi3798mv100_out/obj/source/boot/fastboot/include -I/home/ray/workplace/git_download/HiSTB_origin/HiSTBLinux/out/hi3798mv100/hi3798mv100_out/obj/source/boot/fastboot -fno-builtin -ffreestanding -nostdinc -mfloat-abi=soft -isystem /home/ray/workplace/git_download/HiSTB_origin/HiSTBLinux/tools/linux/toolchains/arm-histbv310-linux/bin/../lib/gcc/arm-gcc492_glibc224-linux-gnueabi/4.9.2/include -pipe -DCONFIG_ARM -D__ARM__ -marm -mno-thumb-interwork  -mabi=aapcs-linux -march=armv7-a -DVERSION=3 -DPATCHLEVEL=3 -DSUBLEVEL=0 -DCONFIG_AUXIMAGE=\"/home/ray/workplace/git_download/HiSTB_origin/HiSTBLinux/out/hi3798mv100/hi3798mv100_out/obj/source/boot/fastboot/auxcode_sign.img\"   -DVERSION=3 -DPATCHLEVEL=3 -DSUBLEVEL=0 -DCONFIG_AUXIMAGE=\"/home/ray/workplace/git_download/HiSTB_origin/HiSTBLinux/out/hi3798mv100/hi3798mv100_out/obj/source/boot/fastboot/auxcode_sign.img\"   -Wall -Wstrict-prototypes -fno-stack-protector   \
	-o xhci-ring.o xhci-ring.c -c
  CC      net/8021q/vlanproc.o
  CC [M]  drivers/common/osal/drv_osal.o
  CC      fs/configfs/dir.o
  CC      kernel/time/tick-sched.o
  CC      fs/cifs/cifs_unicode.o
arm-histbv310-linux-ar crv libusb_host.a ehci-hcd.o xhci.o xhci-mem.o xhci-ring.o
r - ehci-hcd.o
r - xhci.o
r - xhci-mem.o
r - xhci-ring.o
make[4]: Leaving directory '/home/ray/workplace/git_download/HiSTB_origin/HiSTBLinux/out/hi3798mv100/hi3798mv100_out/obj/source/boot/fastboot/drivers/usb/host'
if [ ssfs/fat/libfat.a != ss/home/ray/workplace/git_download/HiSTB_origin/HiSTBLinux/out/hi3798mv100/hi3798mv100_out/obj/source/boot/product/libproduct.a ]; then ( \
	make -C fs/fat/; \
) fi
  LD [M]  drivers/common/hi_media.o
  LD [M]  drivers/common/hi_mmz.o
  LD [M]  drivers/common/hi_common.o
  CC      fs/cifs/nterr.o
  LD      net/8021q/8021q.o
  CC      drivers/dma-buf/reservation.o
  LD      net/8021q/built-in.o
  CC      drivers/dma-buf/seqno-fence.o
make[4]: Entering directory '/home/ray/workplace/git_download/HiSTB_origin/HiSTBLinux/out/hi3798mv100/hi3798mv100_out/obj/source/boot/fastboot/fs/fat'
  CC      net/bluetooth/hci_conn.o
  CC      fs/configfs/symlink.o
  CC      kernel/time/timekeeping_debug.o
  CC      net/bluetooth/hci_event.o
  LD      drivers/dma-buf/built-in.o
  CC      fs/cifs/xattr.o
  CC      drivers/extcon/extcon.o
  CC      fs/configfs/mount.o
  LD      kernel/time/built-in.o
arm-histbv310-linux-gcc  -g  -Os  -fno-strict-aliasing -fno-common -ffixed-r8   -D__KERNEL__ -DTEXT_BASE=0x00c00000 -I/home/ray/workplace/git_download/HiSTB_origin/HiSTBLinux/out/hi3798mv100/hi3798mv100_out/obj/source/boot/fastboot/include -I/home/ray/workplace/git_download/HiSTB_origin/HiSTBLinux/out/hi3798mv100/hi3798mv100_out/obj/source/boot/fastboot -fno-builtin -ffreestanding -nostdinc -mfloat-abi=soft -isystem /home/ray/workplace/git_download/HiSTB_origin/HiSTBLinux/tools/linux/toolchains/arm-histbv310-linux/bin/../lib/gcc/arm-gcc492_glibc224-linux-gnueabi/4.9.2/include -pipe -DCONFIG_ARM -D__ARM__ -marm -mno-thumb-interwork  -mabi=aapcs-linux -march=armv7-a -DVERSION=3 -DPATCHLEVEL=3 -DSUBLEVEL=0 -DCONFIG_AUXIMAGE=\"/home/ray/workplace/git_download/HiSTB_origin/HiSTBLinux/out/hi3798mv100/hi3798mv100_out/obj/source/boot/fastboot/auxcode_sign.img\"   -DVERSION=3 -DPATCHLEVEL=3 -DSUBLEVEL=0 -DCONFIG_AUXIMAGE=\"/home/ray/workplace/git_download/HiSTB_origin/HiSTBLinux/out/hi3798mv100/hi3798mv100_out/obj/source/boot/fastboot/auxcode_sign.img\"   -Wall -Wstrict-prototypes -fno-stack-protector   \
	-o fat.o fat.c -c
  CC      kernel/trace/trace_clock.o
  CC      fs/configfs/item.o
  CC      fs/cifs/cifsencrypt.o
  CC      kernel/trace/ftrace.o
  CC      drivers/extcon/extcon-gpio.o
  LD      fs/configfs/configfs.o
  LD      fs/configfs/built-in.o
  CC      drivers/extcon/extcon-usb-gpio.o
arm-histbv310-linux-gcc  -g  -Os  -fno-strict-aliasing -fno-common -ffixed-r8   -D__KERNEL__ -DTEXT_BASE=0x00c00000 -I/home/ray/workplace/git_download/HiSTB_origin/HiSTBLinux/out/hi3798mv100/hi3798mv100_out/obj/source/boot/fastboot/include -I/home/ray/workplace/git_download/HiSTB_origin/HiSTBLinux/out/hi3798mv100/hi3798mv100_out/obj/source/boot/fastboot -fno-builtin -ffreestanding -nostdinc -mfloat-abi=soft -isystem /home/ray/workplace/git_download/HiSTB_origin/HiSTBLinux/tools/linux/toolchains/arm-histbv310-linux/bin/../lib/gcc/arm-gcc492_glibc224-linux-gnueabi/4.9.2/include -pipe -DCONFIG_ARM -D__ARM__ -marm -mno-thumb-interwork  -mabi=aapcs-linux -march=armv7-a -DVERSION=3 -DPATCHLEVEL=3 -DSUBLEVEL=0 -DCONFIG_AUXIMAGE=\"/home/ray/workplace/git_download/HiSTB_origin/HiSTBLinux/out/hi3798mv100/hi3798mv100_out/obj/source/boot/fastboot/auxcode_sign.img\"   -DVERSION=3 -DPATCHLEVEL=3 -DSUBLEVEL=0 -DCONFIG_AUXIMAGE=\"/home/ray/workplace/git_download/HiSTB_origin/HiSTBLinux/out/hi3798mv100/hi3798mv100_out/obj/source/boot/fastboot/auxcode_sign.img\"   -Wall -Wstrict-prototypes -fno-stack-protector   \
	-o file.o file.c -c
  CC      fs/cifs/readdir.o
  CC      net/bridge/br.o
  LD      drivers/extcon/built-in.o
arm-histbv310-linux-ar crv libfat.a fat.o file.o
  CC      drivers/firmware/psci.o
r - fat.o
r - file.o
make[4]: Leaving directory '/home/ray/workplace/git_download/HiSTB_origin/HiSTBLinux/out/hi3798mv100/hi3798mv100_out/obj/source/boot/fastboot/fs/fat'
if [ ssdisk/libdisk.a != ss/home/ray/workplace/git_download/HiSTB_origin/HiSTBLinux/out/hi3798mv100/hi3798mv100_out/obj/source/boot/product/libproduct.a ]; then ( \
	make -C disk/; \
) fi
  CC      net/core/sock.o
make[4]: Entering directory '/home/ray/workplace/git_download/HiSTB_origin/HiSTBLinux/out/hi3798mv100/hi3798mv100_out/obj/source/boot/fastboot/disk'
  CC      net/dcb/dcbnl.o
  CC      net/bridge/br_device.o
  LD      drivers/firmware/built-in.o
  CC      fs/cifs/ioctl.o
  CC      drivers/gpio/devres.o
arm-histbv310-linux-gcc  -g  -Os  -fno-strict-aliasing -fno-common -ffixed-r8   -D__KERNEL__ -DTEXT_BASE=0x00c00000 -I/home/ray/workplace/git_download/HiSTB_origin/HiSTBLinux/out/hi3798mv100/hi3798mv100_out/obj/source/boot/fastboot/include -I/home/ray/workplace/git_download/HiSTB_origin/HiSTBLinux/out/hi3798mv100/hi3798mv100_out/obj/source/boot/fastboot -fno-builtin -ffreestanding -nostdinc -mfloat-abi=soft -isystem /home/ray/workplace/git_download/HiSTB_origin/HiSTBLinux/tools/linux/toolchains/arm-histbv310-linux/bin/../lib/gcc/arm-gcc492_glibc224-linux-gnueabi/4.9.2/include -pipe -DCONFIG_ARM -D__ARM__ -marm -mno-thumb-interwork  -mabi=aapcs-linux -march=armv7-a -DVERSION=3 -DPATCHLEVEL=3 -DSUBLEVEL=0 -DCONFIG_AUXIMAGE=\"/home/ray/workplace/git_download/HiSTB_origin/HiSTBLinux/out/hi3798mv100/hi3798mv100_out/obj/source/boot/fastboot/auxcode_sign.img\"   -DVERSION=3 -DPATCHLEVEL=3 -DSUBLEVEL=0 -DCONFIG_AUXIMAGE=\"/home/ray/workplace/git_download/HiSTB_origin/HiSTBLinux/out/hi3798mv100/hi3798mv100_out/obj/source/boot/fastboot/auxcode_sign.img\"   -Wall -Wstrict-prototypes -fno-stack-protector   \
	-o part.o part.c -c
  CC      drivers/gpio/gpiolib.o
arm-histbv310-linux-gcc  -g  -Os  -fno-strict-aliasing -fno-common -ffixed-r8   -D__KERNEL__ -DTEXT_BASE=0x00c00000 -I/home/ray/workplace/git_download/HiSTB_origin/HiSTBLinux/out/hi3798mv100/hi3798mv100_out/obj/source/boot/fastboot/include -I/home/ray/workplace/git_download/HiSTB_origin/HiSTBLinux/out/hi3798mv100/hi3798mv100_out/obj/source/boot/fastboot -fno-builtin -ffreestanding -nostdinc -mfloat-abi=soft -isystem /home/ray/workplace/git_download/HiSTB_origin/HiSTBLinux/tools/linux/toolchains/arm-histbv310-linux/bin/../lib/gcc/arm-gcc492_glibc224-linux-gnueabi/4.9.2/include -pipe -DCONFIG_ARM -D__ARM__ -marm -mno-thumb-interwork  -mabi=aapcs-linux -march=armv7-a -DVERSION=3 -DPATCHLEVEL=3 -DSUBLEVEL=0 -DCONFIG_AUXIMAGE=\"/home/ray/workplace/git_download/HiSTB_origin/HiSTBLinux/out/hi3798mv100/hi3798mv100_out/obj/source/boot/fastboot/auxcode_sign.img\"   -DVERSION=3 -DPATCHLEVEL=3 -DSUBLEVEL=0 -DCONFIG_AUXIMAGE=\"/home/ray/workplace/git_download/HiSTB_origin/HiSTBLinux/out/hi3798mv100/hi3798mv100_out/obj/source/boot/fastboot/auxcode_sign.img\"   -Wall -Wstrict-prototypes -fno-stack-protector   \
	-o part_dos.o part_dos.c -c
  CC      net/bridge/br_fdb.o
  CC      fs/cifs/sess.o
arm-histbv310-linux-ar crv libdisk.a part.o part_dos.o
  CC      kernel/trace/ring_buffer.o
r - part.o
r - part_dos.o
make[4]: Leaving directory '/home/ray/workplace/git_download/HiSTB_origin/HiSTBLinux/out/hi3798mv100/hi3798mv100_out/obj/source/boot/fastboot/disk'
if [ ssdrivers/ddr/hi3798mx/libddr.a != ss/home/ray/workplace/git_download/HiSTB_origin/HiSTBLinux/out/hi3798mv100/hi3798mv100_out/obj/source/boot/product/libproduct.a ]; then ( \
	make -C drivers/ddr/hi3798mx/; \
) fi
  CC      net/dcb/dcbevent.o
make[4]: Entering directory '/home/ray/workplace/git_download/HiSTB_origin/HiSTBLinux/out/hi3798mv100/hi3798mv100_out/obj/source/boot/fastboot/drivers/ddr/hi3798mx'
  CC      net/core/request_sock.o
make -C cmd_bin TOPDIR=/home/ray/workplace/git_download/HiSTB_origin/HiSTBLinux/out/hi3798mv100/hi3798mv100_out/obj/source/boot/fastboot CROSS_COMPILE=arm-histbv310-linux-
  CC      net/bluetooth/mgmt.o
make[5]: Entering directory '/home/ray/workplace/git_download/HiSTB_origin/HiSTBLinux/out/hi3798mv100/hi3798mv100_out/obj/source/boot/fastboot/drivers/ddr/hi3798mx/cmd_bin'
  LD      net/dcb/built-in.o
set -e; arm-histbv310-linux-gcc -Os -pipe -DCMD_TEXT_BASE=0xFFFF0C00 -DSTACK_POINT=0xFFFF0C00 -fno-builtin -ffreestanding -I./ -I/home/ray/workplace/git_download/HiSTB_origin/HiSTBLinux/out/hi3798mv100/hi3798mv100_out/obj/source/boot/fastboot/include -I../ -DDDR_TRAINING_CMD -I/home/ray/workplace/git_download/HiSTB_origin/HiSTBLinux/out/hi3798mv100/hi3798mv100_out/obj/source/boot/fastboot/drivers/ddr/hi3798mx/ -fno-strict-aliasing -fno-common -ffixed-r8   -DCONFIG_ARM -D__ARM__ -marm -mno-thumb-interwork  -mabi=aapcs-linux -march=armv7-a -DCONFIG_ARM -D__ARM__    -MM cmd_entry.S | sed 's,cmd_entry.o:,cmd_entry.o cmd_entry.d:,g' > cmd_entry.d
  CC      kernel/trace/trace.o
ln -sf ../ddr_training_ctl.c ddr_training_ctl.c
ln -sf /home/ray/workplace/git_download/HiSTB_origin/HiSTBLinux/out/hi3798mv100/hi3798mv100_out/obj/source/boot/fastboot/arch/arm/cpu/hi3798mx/uart.S uart.S
ln -sf /home/ray/workplace/git_download/HiSTB_origin/HiSTBLinux/out/hi3798mv100/hi3798mv100_out/obj/source/boot/fastboot/drivers/ddr/hi3798mx/ddr_training_custom.c ddr_training_custom.c
set -e; arm-histbv310-linux-gcc -Os -pipe -DCMD_TEXT_BASE=0xFFFF0C00 -DSTACK_POINT=0xFFFF0C00 -fno-builtin -ffreestanding -I./ -I/home/ray/workplace/git_download/HiSTB_origin/HiSTBLinux/out/hi3798mv100/hi3798mv100_out/obj/source/boot/fastboot/include -I../ -DDDR_TRAINING_CMD -I/home/ray/workplace/git_download/HiSTB_origin/HiSTBLinux/out/hi3798mv100/hi3798mv100_out/obj/source/boot/fastboot/drivers/ddr/hi3798mx/ -fno-strict-aliasing -fno-common -ffixed-r8   -DCONFIG_ARM -D__ARM__ -marm -mno-thumb-interwork  -mabi=aapcs-linux -march=armv7-a -DCONFIG_ARM -D__ARM__    -MM ddr_training_ctl.c | sed 's,ddr_training_ctl.o:,ddr_training_ctl.o ddr_training_ctl.d:,g' > ddr_training_ctl.d
ln -sf ../ddr_training_impl.c ddr_training_impl.c
ln -sf /home/ray/workplace/git_download/HiSTB_origin/HiSTBLinux/out/hi3798mv100/hi3798mv100_out/obj/source/boot/fastboot/arch/arm/cpu/hi3798mx/uart.S uart.S
ln -sf /home/ray/workplace/git_download/HiSTB_origin/HiSTBLinux/out/hi3798mv100/hi3798mv100_out/obj/source/boot/fastboot/drivers/ddr/hi3798mx/ddr_training_custom.c ddr_training_custom.c
set -e; arm-histbv310-linux-gcc -Os -pipe -DCMD_TEXT_BASE=0xFFFF0C00 -DSTACK_POINT=0xFFFF0C00 -fno-builtin -ffreestanding -I./ -I/home/ray/workplace/git_download/HiSTB_origin/HiSTBLinux/out/hi3798mv100/hi3798mv100_out/obj/source/boot/fastboot/include -I../ -DDDR_TRAINING_CMD -I/home/ray/workplace/git_download/HiSTB_origin/HiSTBLinux/out/hi3798mv100/hi3798mv100_out/obj/source/boot/fastboot/drivers/ddr/hi3798mx/ -fno-strict-aliasing -fno-common -ffixed-r8   -DCONFIG_ARM -D__ARM__ -marm -mno-thumb-interwork  -mabi=aapcs-linux -march=armv7-a -DCONFIG_ARM -D__ARM__    -MM ddr_training_impl.c | sed 's,ddr_training_impl.o:,ddr_training_impl.o ddr_training_impl.d:,g' > ddr_training_impl.d
set -e; arm-histbv310-linux-gcc -Os -pipe -DCMD_TEXT_BASE=0xFFFF0C00 -DSTACK_POINT=0xFFFF0C00 -fno-builtin -ffreestanding -I./ -I/home/ray/workplace/git_download/HiSTB_origin/HiSTBLinux/out/hi3798mv100/hi3798mv100_out/obj/source/boot/fastboot/include -I../ -DDDR_TRAINING_CMD -I/home/ray/workplace/git_download/HiSTB_origin/HiSTBLinux/out/hi3798mv100/hi3798mv100_out/obj/source/boot/fastboot/drivers/ddr/hi3798mx/ -fno-strict-aliasing -fno-common -ffixed-r8   -DCONFIG_ARM -D__ARM__ -marm -mno-thumb-interwork  -mabi=aapcs-linux -march=armv7-a -DCONFIG_ARM -D__ARM__    -MM ddr_training_cmd.c | sed 's,ddr_training_cmd.o:,ddr_training_cmd.o ddr_training_cmd.d:,g' > ddr_training_cmd.d
  CC      drivers/gpio/gpiolib-legacy.o
set -e; arm-histbv310-linux-gcc -Os -pipe -DCMD_TEXT_BASE=0xFFFF0C00 -DSTACK_POINT=0xFFFF0C00 -fno-builtin -ffreestanding -I./ -I/home/ray/workplace/git_download/HiSTB_origin/HiSTBLinux/out/hi3798mv100/hi3798mv100_out/obj/source/boot/fastboot/include -I../ -DDDR_TRAINING_CMD -I/home/ray/workplace/git_download/HiSTB_origin/HiSTBLinux/out/hi3798mv100/hi3798mv100_out/obj/source/boot/fastboot/drivers/ddr/hi3798mx/ -fno-strict-aliasing -fno-common -ffixed-r8   -DCONFIG_ARM -D__ARM__ -marm -mno-thumb-interwork  -mabi=aapcs-linux -march=armv7-a -DCONFIG_ARM -D__ARM__    -MM ddr_training_custom.c | sed 's,ddr_training_custom.o:,ddr_training_custom.o ddr_training_custom.d:,g' > ddr_training_custom.d
set -e; arm-histbv310-linux-gcc -Os -pipe -DCMD_TEXT_BASE=0xFFFF0C00 -DSTACK_POINT=0xFFFF0C00 -fno-builtin -ffreestanding -I./ -I/home/ray/workplace/git_download/HiSTB_origin/HiSTBLinux/out/hi3798mv100/hi3798mv100_out/obj/source/boot/fastboot/include -I../ -DDDR_TRAINING_CMD -I/home/ray/workplace/git_download/HiSTB_origin/HiSTBLinux/out/hi3798mv100/hi3798mv100_out/obj/source/boot/fastboot/drivers/ddr/hi3798mx/ -fno-strict-aliasing -fno-common -ffixed-r8   -DCONFIG_ARM -D__ARM__ -marm -mno-thumb-interwork  -mabi=aapcs-linux -march=armv7-a -DCONFIG_ARM -D__ARM__    -MM uart.S | sed 's,uart.o:,uart.o uart.d:,g' > uart.d
arm-histbv310-linux-gcc -D__ASSEMBLY__ -Os -pipe -DCMD_TEXT_BASE=0xFFFF0C00 -DSTACK_POINT=0xFFFF0C00 -fno-builtin -ffreestanding -I./ -I/home/ray/workplace/git_download/HiSTB_origin/HiSTBLinux/out/hi3798mv100/hi3798mv100_out/obj/source/boot/fastboot/include -I../ -DDDR_TRAINING_CMD -I/home/ray/workplace/git_download/HiSTB_origin/HiSTBLinux/out/hi3798mv100/hi3798mv100_out/obj/source/boot/fastboot/drivers/ddr/hi3798mx/ -fno-strict-aliasing -fno-common -ffixed-r8   -DCONFIG_ARM -D__ARM__ -marm -mno-thumb-interwork  -mabi=aapcs-linux -march=armv7-a -DCONFIG_ARM -D__ARM__    -o cmd_entry.o -c cmd_entry.S
arm-histbv310-linux-gcc -D__ASSEMBLY__ -Os -pipe -DCMD_TEXT_BASE=0xFFFF0C00 -DSTACK_POINT=0xFFFF0C00 -fno-builtin -ffreestanding -I./ -I/home/ray/workplace/git_download/HiSTB_origin/HiSTBLinux/out/hi3798mv100/hi3798mv100_out/obj/source/boot/fastboot/include -I../ -DDDR_TRAINING_CMD -I/home/ray/workplace/git_download/HiSTB_origin/HiSTBLinux/out/hi3798mv100/hi3798mv100_out/obj/source/boot/fastboot/drivers/ddr/hi3798mx/ -fno-strict-aliasing -fno-common -ffixed-r8   -DCONFIG_ARM -D__ARM__ -marm -mno-thumb-interwork  -mabi=aapcs-linux -march=armv7-a -DCONFIG_ARM -D__ARM__    -o uart.o -c uart.S
  CC      fs/cifs/export.o
arm-histbv310-linux-gcc -Os -pipe -DCMD_TEXT_BASE=0xFFFF0C00 -DSTACK_POINT=0xFFFF0C00 -fno-builtin -ffreestanding -I./ -I/home/ray/workplace/git_download/HiSTB_origin/HiSTBLinux/out/hi3798mv100/hi3798mv100_out/obj/source/boot/fastboot/include -I../ -DDDR_TRAINING_CMD -I/home/ray/workplace/git_download/HiSTB_origin/HiSTBLinux/out/hi3798mv100/hi3798mv100_out/obj/source/boot/fastboot/drivers/ddr/hi3798mx/ -fno-strict-aliasing -fno-common -ffixed-r8   -DCONFIG_ARM -D__ARM__ -marm -mno-thumb-interwork  -mabi=aapcs-linux -march=armv7-a -DCONFIG_ARM -D__ARM__    -Wall -Wstrict-prototypes -fno-stack-protector \
	-o ddr_training_custom.o -c ddr_training_custom.c
arm-histbv310-linux-gcc -Os -pipe -DCMD_TEXT_BASE=0xFFFF0C00 -DSTACK_POINT=0xFFFF0C00 -fno-builtin -ffreestanding -I./ -I/home/ray/workplace/git_download/HiSTB_origin/HiSTBLinux/out/hi3798mv100/hi3798mv100_out/obj/source/boot/fastboot/include -I../ -DDDR_TRAINING_CMD -I/home/ray/workplace/git_download/HiSTB_origin/HiSTBLinux/out/hi3798mv100/hi3798mv100_out/obj/source/boot/fastboot/drivers/ddr/hi3798mx/ -fno-strict-aliasing -fno-common -ffixed-r8   -DCONFIG_ARM -D__ARM__ -marm -mno-thumb-interwork  -mabi=aapcs-linux -march=armv7-a -DCONFIG_ARM -D__ARM__    -Wall -Wstrict-prototypes -fno-stack-protector \
	-o ddr_training_cmd.o -c ddr_training_cmd.c
  CC      net/bridge/br_forward.o
  CC      drivers/gpio/gpiolib-of.o
arm-histbv310-linux-gcc -Os -pipe -DCMD_TEXT_BASE=0xFFFF0C00 -DSTACK_POINT=0xFFFF0C00 -fno-builtin -ffreestanding -I./ -I/home/ray/workplace/git_download/HiSTB_origin/HiSTBLinux/out/hi3798mv100/hi3798mv100_out/obj/source/boot/fastboot/include -I../ -DDDR_TRAINING_CMD -I/home/ray/workplace/git_download/HiSTB_origin/HiSTBLinux/out/hi3798mv100/hi3798mv100_out/obj/source/boot/fastboot/drivers/ddr/hi3798mx/ -fno-strict-aliasing -fno-common -ffixed-r8   -DCONFIG_ARM -D__ARM__ -marm -mno-thumb-interwork  -mabi=aapcs-linux -march=armv7-a -DCONFIG_ARM -D__ARM__    -Wall -Wstrict-prototypes -fno-stack-protector \
	-o ddr_training_impl.o -c ddr_training_impl.c
  CC      net/core/skbuff.o
  CC      drivers/gpio/gpiolib-sysfs.o
arm-histbv310-linux-gcc -Os -pipe -DCMD_TEXT_BASE=0xFFFF0C00 -DSTACK_POINT=0xFFFF0C00 -fno-builtin -ffreestanding -I./ -I/home/ray/workplace/git_download/HiSTB_origin/HiSTBLinux/out/hi3798mv100/hi3798mv100_out/obj/source/boot/fastboot/include -I../ -DDDR_TRAINING_CMD -I/home/ray/workplace/git_download/HiSTB_origin/HiSTBLinux/out/hi3798mv100/hi3798mv100_out/obj/source/boot/fastboot/drivers/ddr/hi3798mx/ -fno-strict-aliasing -fno-common -ffixed-r8   -DCONFIG_ARM -D__ARM__ -marm -mno-thumb-interwork  -mabi=aapcs-linux -march=armv7-a -DCONFIG_ARM -D__ARM__    -Wall -Wstrict-prototypes -fno-stack-protector \
	-o ddr_training_ctl.o -c ddr_training_ctl.c
#@echo CMD_TEXT_BASE=0xFFFF0C00
  CC      fs/cifs/smb1ops.o
arm-histbv310-linux-ld -Bstatic -T ddr_cmd.lds -Ttext 0xFFFF0C00 cmd_entry.o \
	uart.o ddr_training_custom.o ddr_training_cmd.o ddr_training_impl.o ddr_training_ctl.o  -Map ddr_cmd.map -o ddr_cmd.elf
arm-histbv310-linux-objcopy -O srec /home/ray/workplace/git_download/HiSTB_origin/HiSTBLinux/out/hi3798mv100/hi3798mv100_out/obj/source/boot/fastboot/drivers/ddr/hi3798mx/cmd_bin/ddr_cmd.elf ddr_cmd.srec
arm-histbv310-linux-objcopy --gap-fill=0xff -O binary /home/ray/workplace/git_download/HiSTB_origin/HiSTBLinux/out/hi3798mv100/hi3798mv100_out/obj/source/boot/fastboot/drivers/ddr/hi3798mx/cmd_bin/ddr_cmd.elf ddr_cmd.bin
#remove soft link files
make[5]: Leaving directory '/home/ray/workplace/git_download/HiSTB_origin/HiSTBLinux/out/hi3798mv100/hi3798mv100_out/obj/source/boot/fastboot/drivers/ddr/hi3798mx/cmd_bin'
arm-histbv310-linux-gcc   -D__ASSEMBLY__ -g  -Os  -fno-strict-aliasing -fno-common -ffixed-r8   -D__KERNEL__ -DTEXT_BASE=0x00c00000 -I/home/ray/workplace/git_download/HiSTB_origin/HiSTBLinux/out/hi3798mv100/hi3798mv100_out/obj/source/boot/fastboot/include -I/home/ray/workplace/git_download/HiSTB_origin/HiSTBLinux/out/hi3798mv100/hi3798mv100_out/obj/source/boot/fastboot -fno-builtin -ffreestanding -nostdinc -mfloat-abi=soft -isystem /home/ray/workplace/git_download/HiSTB_origin/HiSTBLinux/tools/linux/toolchains/arm-histbv310-linux/bin/../lib/gcc/arm-gcc492_glibc224-linux-gnueabi/4.9.2/include -pipe -DCONFIG_ARM -D__ARM__ -marm -mno-thumb-interwork  -mabi=aapcs-linux -march=armv7-a -DVERSION=3 -DPATCHLEVEL=3 -DSUBLEVEL=0 -DCONFIG_AUXIMAGE=\"/home/ray/workplace/git_download/HiSTB_origin/HiSTBLinux/out/hi3798mv100/hi3798mv100_out/obj/source/boot/fastboot/auxcode_sign.img\"   -DVERSION=3 -DPATCHLEVEL=3 -DSUBLEVEL=0 -DCONFIG_AUXIMAGE=\"/home/ray/workplace/git_download/HiSTB_origin/HiSTBLinux/out/hi3798mv100/hi3798mv100_out/obj/source/boot/fastboot/auxcode_sign.img\"     \
	-o ddr_cmd_loc.o ddr_cmd_loc.S -c
  CC      net/bridge/br_if.o
  CC      net/core/datagram.o
arm-histbv310-linux-gcc  -g  -Os  -fno-strict-aliasing -fno-common -ffixed-r8   -D__KERNEL__ -DTEXT_BASE=0x00c00000 -I/home/ray/workplace/git_download/HiSTB_origin/HiSTBLinux/out/hi3798mv100/hi3798mv100_out/obj/source/boot/fastboot/include -I/home/ray/workplace/git_download/HiSTB_origin/HiSTBLinux/out/hi3798mv100/hi3798mv100_out/obj/source/boot/fastboot -fno-builtin -ffreestanding -nostdinc -mfloat-abi=soft -isystem /home/ray/workplace/git_download/HiSTB_origin/HiSTBLinux/tools/linux/toolchains/arm-histbv310-linux/bin/../lib/gcc/arm-gcc492_glibc224-linux-gnueabi/4.9.2/include -pipe -DCONFIG_ARM -D__ARM__ -marm -mno-thumb-interwork  -mabi=aapcs-linux -march=armv7-a -DVERSION=3 -DPATCHLEVEL=3 -DSUBLEVEL=0 -DCONFIG_AUXIMAGE=\"/home/ray/workplace/git_download/HiSTB_origin/HiSTBLinux/out/hi3798mv100/hi3798mv100_out/obj/source/boot/fastboot/auxcode_sign.img\"   -DVERSION=3 -DPATCHLEVEL=3 -DSUBLEVEL=0 -DCONFIG_AUXIMAGE=\"/home/ray/workplace/git_download/HiSTB_origin/HiSTBLinux/out/hi3798mv100/hi3798mv100_out/obj/source/boot/fastboot/auxcode_sign.img\"   -Wall -Wstrict-prototypes -fno-stack-protector   \
	-o ddr_cmd_ctl.o ddr_cmd_ctl.c -c
  CC      drivers/gpio/gpio-generic.o
arm-histbv310-linux-gcc  -g  -Os  -fno-strict-aliasing -fno-common -ffixed-r8   -D__KERNEL__ -DTEXT_BASE=0x00c00000 -I/home/ray/workplace/git_download/HiSTB_origin/HiSTBLinux/out/hi3798mv100/hi3798mv100_out/obj/source/boot/fastboot/include -I/home/ray/workplace/git_download/HiSTB_origin/HiSTBLinux/out/hi3798mv100/hi3798mv100_out/obj/source/boot/fastboot -fno-builtin -ffreestanding -nostdinc -mfloat-abi=soft -isystem /home/ray/workplace/git_download/HiSTB_origin/HiSTBLinux/tools/linux/toolchains/arm-histbv310-linux/bin/../lib/gcc/arm-gcc492_glibc224-linux-gnueabi/4.9.2/include -pipe -DCONFIG_ARM -D__ARM__ -marm -mno-thumb-interwork  -mabi=aapcs-linux -march=armv7-a -DVERSION=3 -DPATCHLEVEL=3 -DSUBLEVEL=0 -DCONFIG_AUXIMAGE=\"/home/ray/workplace/git_download/HiSTB_origin/HiSTBLinux/out/hi3798mv100/hi3798mv100_out/obj/source/boot/fastboot/auxcode_sign.img\"   -DVERSION=3 -DPATCHLEVEL=3 -DSUBLEVEL=0 -DCONFIG_AUXIMAGE=\"/home/ray/workplace/git_download/HiSTB_origin/HiSTBLinux/out/hi3798mv100/hi3798mv100_out/obj/source/boot/fastboot/auxcode_sign.img\"   -Wall -Wstrict-prototypes -fno-stack-protector   \
	-o ddr_training_impl.o ddr_training_impl.c -c
  CC      drivers/gpio/gpio-pl061.o
  CC      fs/cifs/winucase.o
  CC      net/bridge/br_input.o
  CC      fs/cifs/smb2ops.o
arm-histbv310-linux-gcc  -g  -Os  -fno-strict-aliasing -fno-common -ffixed-r8   -D__KERNEL__ -DTEXT_BASE=0x00c00000 -I/home/ray/workplace/git_download/HiSTB_origin/HiSTBLinux/out/hi3798mv100/hi3798mv100_out/obj/source/boot/fastboot/include -I/home/ray/workplace/git_download/HiSTB_origin/HiSTBLinux/out/hi3798mv100/hi3798mv100_out/obj/source/boot/fastboot -fno-builtin -ffreestanding -nostdinc -mfloat-abi=soft -isystem /home/ray/workplace/git_download/HiSTB_origin/HiSTBLinux/tools/linux/toolchains/arm-histbv310-linux/bin/../lib/gcc/arm-gcc492_glibc224-linux-gnueabi/4.9.2/include -pipe -DCONFIG_ARM -D__ARM__ -marm -mno-thumb-interwork  -mabi=aapcs-linux -march=armv7-a -DVERSION=3 -DPATCHLEVEL=3 -DSUBLEVEL=0 -DCONFIG_AUXIMAGE=\"/home/ray/workplace/git_download/HiSTB_origin/HiSTBLinux/out/hi3798mv100/hi3798mv100_out/obj/source/boot/fastboot/auxcode_sign.img\"   -DVERSION=3 -DPATCHLEVEL=3 -DSUBLEVEL=0 -DCONFIG_AUXIMAGE=\"/home/ray/workplace/git_download/HiSTB_origin/HiSTBLinux/out/hi3798mv100/hi3798mv100_out/obj/source/boot/fastboot/auxcode_sign.img\"   -Wall -Wstrict-prototypes -fno-stack-protector   \
	-o ddr_training_ctl.o ddr_training_ctl.c -c
  CC      fs/cifs/smb2maperror.o
  LD      drivers/gpio/built-in.o
arm-histbv310-linux-gcc  -g  -Os  -fno-strict-aliasing -fno-common -ffixed-r8   -D__KERNEL__ -DTEXT_BASE=0x00c00000 -I/home/ray/workplace/git_download/HiSTB_origin/HiSTBLinux/out/hi3798mv100/hi3798mv100_out/obj/source/boot/fastboot/include -I/home/ray/workplace/git_download/HiSTB_origin/HiSTBLinux/out/hi3798mv100/hi3798mv100_out/obj/source/boot/fastboot -fno-builtin -ffreestanding -nostdinc -mfloat-abi=soft -isystem /home/ray/workplace/git_download/HiSTB_origin/HiSTBLinux/tools/linux/toolchains/arm-histbv310-linux/bin/../lib/gcc/arm-gcc492_glibc224-linux-gnueabi/4.9.2/include -pipe -DCONFIG_ARM -D__ARM__ -marm -mno-thumb-interwork  -mabi=aapcs-linux -march=armv7-a -DVERSION=3 -DPATCHLEVEL=3 -DSUBLEVEL=0 -DCONFIG_AUXIMAGE=\"/home/ray/workplace/git_download/HiSTB_origin/HiSTBLinux/out/hi3798mv100/hi3798mv100_out/obj/source/boot/fastboot/auxcode_sign.img\"   -DVERSION=3 -DPATCHLEVEL=3 -DSUBLEVEL=0 -DCONFIG_AUXIMAGE=\"/home/ray/workplace/git_download/HiSTB_origin/HiSTBLinux/out/hi3798mv100/hi3798mv100_out/obj/source/boot/fastboot/auxcode_sign.img\"   -Wall -Wstrict-prototypes -fno-stack-protector   \
	-o ddr_training_boot.o ddr_training_boot.c -c
arm-histbv310-linux-gcc  -g  -Os  -fno-strict-aliasing -fno-common -ffixed-r8   -D__KERNEL__ -DTEXT_BASE=0x00c00000 -I/home/ray/workplace/git_download/HiSTB_origin/HiSTBLinux/out/hi3798mv100/hi3798mv100_out/obj/source/boot/fastboot/include -I/home/ray/workplace/git_download/HiSTB_origin/HiSTBLinux/out/hi3798mv100/hi3798mv100_out/obj/source/boot/fastboot -fno-builtin -ffreestanding -nostdinc -mfloat-abi=soft -isystem /home/ray/workplace/git_download/HiSTB_origin/HiSTBLinux/tools/linux/toolchains/arm-histbv310-linux/bin/../lib/gcc/arm-gcc492_glibc224-linux-gnueabi/4.9.2/include -pipe -DCONFIG_ARM -D__ARM__ -marm -mno-thumb-interwork  -mabi=aapcs-linux -march=armv7-a -DVERSION=3 -DPATCHLEVEL=3 -DSUBLEVEL=0 -DCONFIG_AUXIMAGE=\"/home/ray/workplace/git_download/HiSTB_origin/HiSTBLinux/out/hi3798mv100/hi3798mv100_out/obj/source/boot/fastboot/auxcode_sign.img\"   -DVERSION=3 -DPATCHLEVEL=3 -DSUBLEVEL=0 -DCONFIG_AUXIMAGE=\"/home/ray/workplace/git_download/HiSTB_origin/HiSTBLinux/out/hi3798mv100/hi3798mv100_out/obj/source/boot/fastboot/auxcode_sign.img\"   -Wall -Wstrict-prototypes -fno-stack-protector   \
	-o ddr_training_custom.o ddr_training_custom.c -c
arm-histbv310-linux-gcc  -g  -Os  -fno-strict-aliasing -fno-common -ffixed-r8   -D__KERNEL__ -DTEXT_BASE=0x00c00000 -I/home/ray/workplace/git_download/HiSTB_origin/HiSTBLinux/out/hi3798mv100/hi3798mv100_out/obj/source/boot/fastboot/include -I/home/ray/workplace/git_download/HiSTB_origin/HiSTBLinux/out/hi3798mv100/hi3798mv100_out/obj/source/boot/fastboot -fno-builtin -ffreestanding -nostdinc -mfloat-abi=soft -isystem /home/ray/workplace/git_download/HiSTB_origin/HiSTBLinux/tools/linux/toolchains/arm-histbv310-linux/bin/../lib/gcc/arm-gcc492_glibc224-linux-gnueabi/4.9.2/include -pipe -DCONFIG_ARM -D__ARM__ -marm -mno-thumb-interwork  -mabi=aapcs-linux -march=armv7-a -DVERSION=3 -DPATCHLEVEL=3 -DSUBLEVEL=0 -DCONFIG_AUXIMAGE=\"/home/ray/workplace/git_download/HiSTB_origin/HiSTBLinux/out/hi3798mv100/hi3798mv100_out/obj/source/boot/fastboot/auxcode_sign.img\"   -DVERSION=3 -DPATCHLEVEL=3 -DSUBLEVEL=0 -DCONFIG_AUXIMAGE=\"/home/ray/workplace/git_download/HiSTB_origin/HiSTBLinux/out/hi3798mv100/hi3798mv100_out/obj/source/boot/fastboot/auxcode_sign.img\"   -Wall -Wstrict-prototypes -fno-stack-protector   \
	-o cmd_ddr_training_v2.o cmd_ddr_training_v2.c -c
  CC      drivers/gpu/drm/drm_auth.o
  CC      kernel/trace/trace_output.o
  CC      net/bridge/br_ioctl.o
arm-histbv310-linux-ar crv libddr.a ddr_cmd_loc.o ddr_cmd_ctl.o ddr_training_impl.o ddr_training_ctl.o ddr_training_boot.o ddr_training_custom.o cmd_ddr_training_v2.o
  CC      net/core/stream.o
r - ddr_cmd_loc.o
r - ddr_cmd_ctl.o
r - ddr_training_impl.o
r - ddr_training_ctl.o
r - ddr_training_boot.o
r - ddr_training_custom.o
r - cmd_ddr_training_v2.o
make[4]: Leaving directory '/home/ray/workplace/git_download/HiSTB_origin/HiSTBLinux/out/hi3798mv100/hi3798mv100_out/obj/source/boot/fastboot/drivers/ddr/hi3798mx'
if [ sscommon/libcommon.a != ss/home/ray/workplace/git_download/HiSTB_origin/HiSTBLinux/out/hi3798mv100/hi3798mv100_out/obj/source/boot/product/libproduct.a ]; then ( \
	make -C common/; \
) fi
  CC      drivers/gpu/vga/vgaarb.o
make[4]: Entering directory '/home/ray/workplace/git_download/HiSTB_origin/HiSTBLinux/out/hi3798mv100/hi3798mv100_out/obj/source/boot/fastboot/common'
  CC      drivers/gpu/drm/drm_bufs.o
  CC      fs/cifs/smb2transport.o
  CC      net/bridge/br_stp.o
  CC      net/core/scm.o
  CC      kernel/trace/trace_seq.o
  LD      drivers/gpu/vga/built-in.o
  CC      kernel/trace/trace_stat.o
  CC      net/bridge/br_stp_bpdu.o
  CC      net/bluetooth/hci_sock.o
  CC      fs/cifs/smb2misc.o
  CC      kernel/trace/trace_printk.o
  CC      net/core/gen_stats.o
  CC      drivers/gpu/drm/drm_cache.o
  CC      net/core/gen_estimator.o
  CC      net/bridge/br_stp_if.o
  CC      kernel/trace/trace_sched_switch.o
  CC      drivers/gpu/drm/drm_context.o
  CC      fs/cifs/smb2pdu.o
  CC      fs/cifs/smb2inode.o
  CC      net/core/net_namespace.o
  CC      net/bluetooth/hci_sysfs.o
  CC      kernel/trace/trace_functions.o
  CC      drivers/gpu/drm/drm_dma.o
  CC      net/bridge/br_stp_timer.o
  CC      net/bluetooth/l2cap_core.o
  CC      kernel/trace/trace_nop.o
  CC      fs/cifs/smb2file.o
arm-histbv310-linux-gcc  -g  -Os  -fno-strict-aliasing -fno-common -ffixed-r8   -D__KERNEL__ -DTEXT_BASE=0x00c00000 -I/home/ray/workplace/git_download/HiSTB_origin/HiSTBLinux/out/hi3798mv100/hi3798mv100_out/obj/source/boot/fastboot/include -I/home/ray/workplace/git_download/HiSTB_origin/HiSTBLinux/out/hi3798mv100/hi3798mv100_out/obj/source/boot/fastboot -fno-builtin -ffreestanding -nostdinc -mfloat-abi=soft -isystem /home/ray/workplace/git_download/HiSTB_origin/HiSTBLinux/tools/linux/toolchains/arm-histbv310-linux/bin/../lib/gcc/arm-gcc492_glibc224-linux-gnueabi/4.9.2/include -pipe -DCONFIG_ARM -D__ARM__ -marm -mno-thumb-interwork  -mabi=aapcs-linux -march=armv7-a -DVERSION=3 -DPATCHLEVEL=3 -DSUBLEVEL=0 -DCONFIG_AUXIMAGE=\"/home/ray/workplace/git_download/HiSTB_origin/HiSTBLinux/out/hi3798mv100/hi3798mv100_out/obj/source/boot/fastboot/auxcode_sign.img\"   -DVERSION=3 -DPATCHLEVEL=3 -DSUBLEVEL=0 -DCONFIG_AUXIMAGE=\"/home/ray/workplace/git_download/HiSTB_origin/HiSTBLinux/out/hi3798mv100/hi3798mv100_out/obj/source/boot/fastboot/auxcode_sign.img\"   -Wall -Wstrict-prototypes -fno-stack-protector   \
	-o bootstrap.o bootstrap.c -c
  CC      drivers/gpu/drm/drm_fops.o
  CC      net/core/secure_seq.o
  CC      kernel/trace/trace_functions_graph.o
arm-histbv310-linux-gcc  -g  -Os  -fno-strict-aliasing -fno-common -ffixed-r8   -D__KERNEL__ -DTEXT_BASE=0x00c00000 -I/home/ray/workplace/git_download/HiSTB_origin/HiSTBLinux/out/hi3798mv100/hi3798mv100_out/obj/source/boot/fastboot/include -I/home/ray/workplace/git_download/HiSTB_origin/HiSTBLinux/out/hi3798mv100/hi3798mv100_out/obj/source/boot/fastboot -fno-builtin -ffreestanding -nostdinc -mfloat-abi=soft -isystem /home/ray/workplace/git_download/HiSTB_origin/HiSTBLinux/tools/linux/toolchains/arm-histbv310-linux/bin/../lib/gcc/arm-gcc492_glibc224-linux-gnueabi/4.9.2/include -pipe -DCONFIG_ARM -D__ARM__ -marm -mno-thumb-interwork  -mabi=aapcs-linux -march=armv7-a -DVERSION=3 -DPATCHLEVEL=3 -DSUBLEVEL=0 -DCONFIG_AUXIMAGE=\"/home/ray/workplace/git_download/HiSTB_origin/HiSTBLinux/out/hi3798mv100/hi3798mv100_out/obj/source/boot/fastboot/auxcode_sign.img\"   -DVERSION=3 -DPATCHLEVEL=3 -DSUBLEVEL=0 -DCONFIG_AUXIMAGE=\"/home/ray/workplace/git_download/HiSTB_origin/HiSTBLinux/out/hi3798mv100/hi3798mv100_out/obj/source/boot/fastboot/auxcode_sign.img\"   -Wall -Wstrict-prototypes -fno-stack-protector   \
	-o cmd_boot.o cmd_boot.c -c
  CC      net/bridge/br_netlink.o
  CC      net/core/flow_dissector.o
arm-histbv310-linux-gcc  -g  -Os  -fno-strict-aliasing -fno-common -ffixed-r8   -D__KERNEL__ -DTEXT_BASE=0x00c00000 -I/home/ray/workplace/git_download/HiSTB_origin/HiSTBLinux/out/hi3798mv100/hi3798mv100_out/obj/source/boot/fastboot/include -I/home/ray/workplace/git_download/HiSTB_origin/HiSTBLinux/out/hi3798mv100/hi3798mv100_out/obj/source/boot/fastboot -fno-builtin -ffreestanding -nostdinc -mfloat-abi=soft -isystem /home/ray/workplace/git_download/HiSTB_origin/HiSTBLinux/tools/linux/toolchains/arm-histbv310-linux/bin/../lib/gcc/arm-gcc492_glibc224-linux-gnueabi/4.9.2/include -pipe -DCONFIG_ARM -D__ARM__ -marm -mno-thumb-interwork  -mabi=aapcs-linux -march=armv7-a -DVERSION=3 -DPATCHLEVEL=3 -DSUBLEVEL=0 -DCONFIG_AUXIMAGE=\"/home/ray/workplace/git_download/HiSTB_origin/HiSTBLinux/out/hi3798mv100/hi3798mv100_out/obj/source/boot/fastboot/auxcode_sign.img\"   -DVERSION=3 -DPATCHLEVEL=3 -DSUBLEVEL=0 -DCONFIG_AUXIMAGE=\"/home/ray/workplace/git_download/HiSTB_origin/HiSTBLinux/out/hi3798mv100/hi3798mv100_out/obj/source/boot/fastboot/auxcode_sign.img\"   -Wall -Wstrict-prototypes -fno-stack-protector   \
	-o cmd_bootm.o cmd_bootm.c -c
  CC      drivers/gpu/drm/drm_gem.o
  CC      net/bridge/br_sysfs_if.o
  LD      fs/cifs/cifs.o
  LD      fs/cifs/built-in.o
arm-histbv310-linux-gcc  -g  -Os  -fno-strict-aliasing -fno-common -ffixed-r8   -D__KERNEL__ -DTEXT_BASE=0x00c00000 -I/home/ray/workplace/git_download/HiSTB_origin/HiSTBLinux/out/hi3798mv100/hi3798mv100_out/obj/source/boot/fastboot/include -I/home/ray/workplace/git_download/HiSTB_origin/HiSTBLinux/out/hi3798mv100/hi3798mv100_out/obj/source/boot/fastboot -fno-builtin -ffreestanding -nostdinc -mfloat-abi=soft -isystem /home/ray/workplace/git_download/HiSTB_origin/HiSTBLinux/tools/linux/toolchains/arm-histbv310-linux/bin/../lib/gcc/arm-gcc492_glibc224-linux-gnueabi/4.9.2/include -pipe -DCONFIG_ARM -D__ARM__ -marm -mno-thumb-interwork  -mabi=aapcs-linux -march=armv7-a -DVERSION=3 -DPATCHLEVEL=3 -DSUBLEVEL=0 -DCONFIG_AUXIMAGE=\"/home/ray/workplace/git_download/HiSTB_origin/HiSTBLinux/out/hi3798mv100/hi3798mv100_out/obj/source/boot/fastboot/auxcode_sign.img\"   -DVERSION=3 -DPATCHLEVEL=3 -DSUBLEVEL=0 -DCONFIG_AUXIMAGE=\"/home/ray/workplace/git_download/HiSTB_origin/HiSTBLinux/out/hi3798mv100/hi3798mv100_out/obj/source/boot/fastboot/auxcode_sign.img\"   -Wall -Wstrict-prototypes -fno-stack-protector   \
	-o cmd_fat.o cmd_fat.c -c
  CC      fs/cramfs/inode.o
  CC      kernel/trace/blktrace.o
arm-histbv310-linux-gcc  -g  -Os  -fno-strict-aliasing -fno-common -ffixed-r8   -D__KERNEL__ -DTEXT_BASE=0x00c00000 -I/home/ray/workplace/git_download/HiSTB_origin/HiSTBLinux/out/hi3798mv100/hi3798mv100_out/obj/source/boot/fastboot/include -I/home/ray/workplace/git_download/HiSTB_origin/HiSTBLinux/out/hi3798mv100/hi3798mv100_out/obj/source/boot/fastboot -fno-builtin -ffreestanding -nostdinc -mfloat-abi=soft -isystem /home/ray/workplace/git_download/HiSTB_origin/HiSTBLinux/tools/linux/toolchains/arm-histbv310-linux/bin/../lib/gcc/arm-gcc492_glibc224-linux-gnueabi/4.9.2/include -pipe -DCONFIG_ARM -D__ARM__ -marm -mno-thumb-interwork  -mabi=aapcs-linux -march=armv7-a -DVERSION=3 -DPATCHLEVEL=3 -DSUBLEVEL=0 -DCONFIG_AUXIMAGE=\"/home/ray/workplace/git_download/HiSTB_origin/HiSTBLinux/out/hi3798mv100/hi3798mv100_out/obj/source/boot/fastboot/auxcode_sign.img\"   -DVERSION=3 -DPATCHLEVEL=3 -DSUBLEVEL=0 -DCONFIG_AUXIMAGE=\"/home/ray/workplace/git_download/HiSTB_origin/HiSTBLinux/out/hi3798mv100/hi3798mv100_out/obj/source/boot/fastboot/auxcode_sign.img\"   -Wall -Wstrict-prototypes -fno-stack-protector   \
	-o cmd_getinfo.o cmd_getinfo.c -c
arm-histbv310-linux-gcc  -g  -Os  -fno-strict-aliasing -fno-common -ffixed-r8   -D__KERNEL__ -DTEXT_BASE=0x00c00000 -I/home/ray/workplace/git_download/HiSTB_origin/HiSTBLinux/out/hi3798mv100/hi3798mv100_out/obj/source/boot/fastboot/include -I/home/ray/workplace/git_download/HiSTB_origin/HiSTBLinux/out/hi3798mv100/hi3798mv100_out/obj/source/boot/fastboot -fno-builtin -ffreestanding -nostdinc -mfloat-abi=soft -isystem /home/ray/workplace/git_download/HiSTB_origin/HiSTBLinux/tools/linux/toolchains/arm-histbv310-linux/bin/../lib/gcc/arm-gcc492_glibc224-linux-gnueabi/4.9.2/include -pipe -DCONFIG_ARM -D__ARM__ -marm -mno-thumb-interwork  -mabi=aapcs-linux -march=armv7-a -DVERSION=3 -DPATCHLEVEL=3 -DSUBLEVEL=0 -DCONFIG_AUXIMAGE=\"/home/ray/workplace/git_download/HiSTB_origin/HiSTBLinux/out/hi3798mv100/hi3798mv100_out/obj/source/boot/fastboot/auxcode_sign.img\"   -DVERSION=3 -DPATCHLEVEL=3 -DSUBLEVEL=0 -DCONFIG_AUXIMAGE=\"/home/ray/workplace/git_download/HiSTB_origin/HiSTBLinux/out/hi3798mv100/hi3798mv100_out/obj/source/boot/fastboot/auxcode_sign.img\"   -Wall -Wstrict-prototypes -fno-stack-protector   \
	-o cmd_help.o cmd_help.c -c
  CC      kernel/trace/trace_events.o
  CC      net/core/sysctl_net_core.o
  CC      fs/cramfs/uncompress.o
  CC      net/bridge/br_sysfs_br.o
  CC      drivers/gpu/drm/drm_ioctl.o
arm-histbv310-linux-gcc  -g  -Os  -fno-strict-aliasing -fno-common -ffixed-r8   -D__KERNEL__ -DTEXT_BASE=0x00c00000 -I/home/ray/workplace/git_download/HiSTB_origin/HiSTBLinux/out/hi3798mv100/hi3798mv100_out/obj/source/boot/fastboot/include -I/home/ray/workplace/git_download/HiSTB_origin/HiSTBLinux/out/hi3798mv100/hi3798mv100_out/obj/source/boot/fastboot -fno-builtin -ffreestanding -nostdinc -mfloat-abi=soft -isystem /home/ray/workplace/git_download/HiSTB_origin/HiSTBLinux/tools/linux/toolchains/arm-histbv310-linux/bin/../lib/gcc/arm-gcc492_glibc224-linux-gnueabi/4.9.2/include -pipe -DCONFIG_ARM -D__ARM__ -marm -mno-thumb-interwork  -mabi=aapcs-linux -march=armv7-a -DVERSION=3 -DPATCHLEVEL=3 -DSUBLEVEL=0 -DCONFIG_AUXIMAGE=\"/home/ray/workplace/git_download/HiSTB_origin/HiSTBLinux/out/hi3798mv100/hi3798mv100_out/obj/source/boot/fastboot/auxcode_sign.img\"   -DVERSION=3 -DPATCHLEVEL=3 -DSUBLEVEL=0 -DCONFIG_AUXIMAGE=\"/home/ray/workplace/git_download/HiSTB_origin/HiSTBLinux/out/hi3798mv100/hi3798mv100_out/obj/source/boot/fastboot/auxcode_sign.img\"   -Wall -Wstrict-prototypes -fno-stack-protector   \
	-o cmd_hibernate.o cmd_hibernate.c -c
  CC      drivers/gpu/drm/drm_irq.o
  LD      fs/cramfs/cramfs.o
  LD      fs/cramfs/built-in.o
  CC      fs/debugfs/inode.o
arm-histbv310-linux-gcc  -g  -Os  -fno-strict-aliasing -fno-common -ffixed-r8   -D__KERNEL__ -DTEXT_BASE=0x00c00000 -I/home/ray/workplace/git_download/HiSTB_origin/HiSTBLinux/out/hi3798mv100/hi3798mv100_out/obj/source/boot/fastboot/include -I/home/ray/workplace/git_download/HiSTB_origin/HiSTBLinux/out/hi3798mv100/hi3798mv100_out/obj/source/boot/fastboot -fno-builtin -ffreestanding -nostdinc -mfloat-abi=soft -isystem /home/ray/workplace/git_download/HiSTB_origin/HiSTBLinux/tools/linux/toolchains/arm-histbv310-linux/bin/../lib/gcc/arm-gcc492_glibc224-linux-gnueabi/4.9.2/include -pipe -DCONFIG_ARM -D__ARM__ -marm -mno-thumb-interwork  -mabi=aapcs-linux -march=armv7-a -DVERSION=3 -DPATCHLEVEL=3 -DSUBLEVEL=0 -DCONFIG_AUXIMAGE=\"/home/ray/workplace/git_download/HiSTB_origin/HiSTBLinux/out/hi3798mv100/hi3798mv100_out/obj/source/boot/fastboot/auxcode_sign.img\"   -DVERSION=3 -DPATCHLEVEL=3 -DSUBLEVEL=0 -DCONFIG_AUXIMAGE=\"/home/ray/workplace/git_download/HiSTB_origin/HiSTBLinux/out/hi3798mv100/hi3798mv100_out/obj/source/boot/fastboot/auxcode_sign.img\"   -Wall -Wstrict-prototypes -fno-stack-protector   \
	-o cmd_load.o cmd_load.c -c
  CC      net/core/dev.o
arm-histbv310-linux-gcc  -g  -Os  -fno-strict-aliasing -fno-common -ffixed-r8   -D__KERNEL__ -DTEXT_BASE=0x00c00000 -I/home/ray/workplace/git_download/HiSTB_origin/HiSTBLinux/out/hi3798mv100/hi3798mv100_out/obj/source/boot/fastboot/include -I/home/ray/workplace/git_download/HiSTB_origin/HiSTBLinux/out/hi3798mv100/hi3798mv100_out/obj/source/boot/fastboot -fno-builtin -ffreestanding -nostdinc -mfloat-abi=soft -isystem /home/ray/workplace/git_download/HiSTB_origin/HiSTBLinux/tools/linux/toolchains/arm-histbv310-linux/bin/../lib/gcc/arm-gcc492_glibc224-linux-gnueabi/4.9.2/include -pipe -DCONFIG_ARM -D__ARM__ -marm -mno-thumb-interwork  -mabi=aapcs-linux -march=armv7-a -DVERSION=3 -DPATCHLEVEL=3 -DSUBLEVEL=0 -DCONFIG_AUXIMAGE=\"/home/ray/workplace/git_download/HiSTB_origin/HiSTBLinux/out/hi3798mv100/hi3798mv100_out/obj/source/boot/fastboot/auxcode_sign.img\"   -DVERSION=3 -DPATCHLEVEL=3 -DSUBLEVEL=0 -DCONFIG_AUXIMAGE=\"/home/ray/workplace/git_download/HiSTB_origin/HiSTBLinux/out/hi3798mv100/hi3798mv100_out/obj/source/boot/fastboot/auxcode_sign.img\"   -Wall -Wstrict-prototypes -fno-stack-protector   \
	-o cmd_mem.o cmd_mem.c -c
  CC      fs/debugfs/file.o
  CC      kernel/trace/trace_export.o
  CC      net/bridge/br_nf_core.o
arm-histbv310-linux-gcc  -g  -Os  -fno-strict-aliasing -fno-common -ffixed-r8   -D__KERNEL__ -DTEXT_BASE=0x00c00000 -I/home/ray/workplace/git_download/HiSTB_origin/HiSTBLinux/out/hi3798mv100/hi3798mv100_out/obj/source/boot/fastboot/include -I/home/ray/workplace/git_download/HiSTB_origin/HiSTBLinux/out/hi3798mv100/hi3798mv100_out/obj/source/boot/fastboot -fno-builtin -ffreestanding -nostdinc -mfloat-abi=soft -isystem /home/ray/workplace/git_download/HiSTB_origin/HiSTBLinux/tools/linux/toolchains/arm-histbv310-linux/bin/../lib/gcc/arm-gcc492_glibc224-linux-gnueabi/4.9.2/include -pipe -DCONFIG_ARM -D__ARM__ -marm -mno-thumb-interwork  -mabi=aapcs-linux -march=armv7-a -DVERSION=3 -DPATCHLEVEL=3 -DSUBLEVEL=0 -DCONFIG_AUXIMAGE=\"/home/ray/workplace/git_download/HiSTB_origin/HiSTBLinux/out/hi3798mv100/hi3798mv100_out/obj/source/boot/fastboot/auxcode_sign.img\"   -DVERSION=3 -DPATCHLEVEL=3 -DSUBLEVEL=0 -DCONFIG_AUXIMAGE=\"/home/ray/workplace/git_download/HiSTB_origin/HiSTBLinux/out/hi3798mv100/hi3798mv100_out/obj/source/boot/fastboot/auxcode_sign.img\"   -Wall -Wstrict-prototypes -fno-stack-protector   \
	-o cmd_mii.o cmd_mii.c -c
  CC      drivers/gpu/drm/drm_lock.o
arm-histbv310-linux-gcc  -g  -Os  -fno-strict-aliasing -fno-common -ffixed-r8   -D__KERNEL__ -DTEXT_BASE=0x00c00000 -I/home/ray/workplace/git_download/HiSTB_origin/HiSTBLinux/out/hi3798mv100/hi3798mv100_out/obj/source/boot/fastboot/include -I/home/ray/workplace/git_download/HiSTB_origin/HiSTBLinux/out/hi3798mv100/hi3798mv100_out/obj/source/boot/fastboot -fno-builtin -ffreestanding -nostdinc -mfloat-abi=soft -isystem /home/ray/workplace/git_download/HiSTB_origin/HiSTBLinux/tools/linux/toolchains/arm-histbv310-linux/bin/../lib/gcc/arm-gcc492_glibc224-linux-gnueabi/4.9.2/include -pipe -DCONFIG_ARM -D__ARM__ -marm -mno-thumb-interwork  -mabi=aapcs-linux -march=armv7-a -DVERSION=3 -DPATCHLEVEL=3 -DSUBLEVEL=0 -DCONFIG_AUXIMAGE=\"/home/ray/workplace/git_download/HiSTB_origin/HiSTBLinux/out/hi3798mv100/hi3798mv100_out/obj/source/boot/fastboot/auxcode_sign.img\"   -DVERSION=3 -DPATCHLEVEL=3 -DSUBLEVEL=0 -DCONFIG_AUXIMAGE=\"/home/ray/workplace/git_download/HiSTB_origin/HiSTBLinux/out/hi3798mv100/hi3798mv100_out/obj/source/boot/fastboot/auxcode_sign.img\"   -Wall -Wstrict-prototypes -fno-stack-protector   \
	-o cmd_mmc.o cmd_mmc.c -c
  CC      drivers/gpu/drm/drm_memory.o
  CC      kernel/trace/trace_event_perf.o
  LD      fs/debugfs/debugfs.o
  LD      fs/debugfs/built-in.o
  CC      fs/devpts/inode.o
  CC      net/bridge/br_multicast.o
arm-histbv310-linux-gcc  -g  -Os  -fno-strict-aliasing -fno-common -ffixed-r8   -D__KERNEL__ -DTEXT_BASE=0x00c00000 -I/home/ray/workplace/git_download/HiSTB_origin/HiSTBLinux/out/hi3798mv100/hi3798mv100_out/obj/source/boot/fastboot/include -I/home/ray/workplace/git_download/HiSTB_origin/HiSTBLinux/out/hi3798mv100/hi3798mv100_out/obj/source/boot/fastboot -fno-builtin -ffreestanding -nostdinc -mfloat-abi=soft -isystem /home/ray/workplace/git_download/HiSTB_origin/HiSTBLinux/tools/linux/toolchains/arm-histbv310-linux/bin/../lib/gcc/arm-gcc492_glibc224-linux-gnueabi/4.9.2/include -pipe -DCONFIG_ARM -D__ARM__ -marm -mno-thumb-interwork  -mabi=aapcs-linux -march=armv7-a -DVERSION=3 -DPATCHLEVEL=3 -DSUBLEVEL=0 -DCONFIG_AUXIMAGE=\"/home/ray/workplace/git_download/HiSTB_origin/HiSTBLinux/out/hi3798mv100/hi3798mv100_out/obj/source/boot/fastboot/auxcode_sign.img\"   -DVERSION=3 -DPATCHLEVEL=3 -DSUBLEVEL=0 -DCONFIG_AUXIMAGE=\"/home/ray/workplace/git_download/HiSTB_origin/HiSTBLinux/out/hi3798mv100/hi3798mv100_out/obj/source/boot/fastboot/auxcode_sign.img\"   -Wall -Wstrict-prototypes -fno-stack-protector   \
	-o cmd_net.o cmd_net.c -c
  CC      drivers/gpu/drm/drm_drv.o
  CC      drivers/hid/hid-core.o
arm-histbv310-linux-gcc  -g  -Os  -fno-strict-aliasing -fno-common -ffixed-r8   -D__KERNEL__ -DTEXT_BASE=0x00c00000 -I/home/ray/workplace/git_download/HiSTB_origin/HiSTBLinux/out/hi3798mv100/hi3798mv100_out/obj/source/boot/fastboot/include -I/home/ray/workplace/git_download/HiSTB_origin/HiSTBLinux/out/hi3798mv100/hi3798mv100_out/obj/source/boot/fastboot -fno-builtin -ffreestanding -nostdinc -mfloat-abi=soft -isystem /home/ray/workplace/git_download/HiSTB_origin/HiSTBLinux/tools/linux/toolchains/arm-histbv310-linux/bin/../lib/gcc/arm-gcc492_glibc224-linux-gnueabi/4.9.2/include -pipe -DCONFIG_ARM -D__ARM__ -marm -mno-thumb-interwork  -mabi=aapcs-linux -march=armv7-a -DVERSION=3 -DPATCHLEVEL=3 -DSUBLEVEL=0 -DCONFIG_AUXIMAGE=\"/home/ray/workplace/git_download/HiSTB_origin/HiSTBLinux/out/hi3798mv100/hi3798mv100_out/obj/source/boot/fastboot/auxcode_sign.img\"   -DVERSION=3 -DPATCHLEVEL=3 -DSUBLEVEL=0 -DCONFIG_AUXIMAGE=\"/home/ray/workplace/git_download/HiSTB_origin/HiSTBLinux/out/hi3798mv100/hi3798mv100_out/obj/source/boot/fastboot/auxcode_sign.img\"   -Wall -Wstrict-prototypes -fno-stack-protector   \
	-o cmd_nvedit.o cmd_nvedit.c -c
  CC      kernel/trace/trace_events_filter.o
  LD      fs/devpts/devpts.o
  LD      fs/devpts/built-in.o
  CC      fs/exportfs/expfs.o
arm-histbv310-linux-gcc  -g  -Os  -fno-strict-aliasing -fno-common -ffixed-r8   -D__KERNEL__ -DTEXT_BASE=0x00c00000 -I/home/ray/workplace/git_download/HiSTB_origin/HiSTBLinux/out/hi3798mv100/hi3798mv100_out/obj/source/boot/fastboot/include -I/home/ray/workplace/git_download/HiSTB_origin/HiSTBLinux/out/hi3798mv100/hi3798mv100_out/obj/source/boot/fastboot -fno-builtin -ffreestanding -nostdinc -mfloat-abi=soft -isystem /home/ray/workplace/git_download/HiSTB_origin/HiSTBLinux/tools/linux/toolchains/arm-histbv310-linux/bin/../lib/gcc/arm-gcc492_glibc224-linux-gnueabi/4.9.2/include -pipe -DCONFIG_ARM -D__ARM__ -marm -mno-thumb-interwork  -mabi=aapcs-linux -march=armv7-a -DVERSION=3 -DPATCHLEVEL=3 -DSUBLEVEL=0 -DCONFIG_AUXIMAGE=\"/home/ray/workplace/git_download/HiSTB_origin/HiSTBLinux/out/hi3798mv100/hi3798mv100_out/obj/source/boot/fastboot/auxcode_sign.img\"   -DVERSION=3 -DPATCHLEVEL=3 -DSUBLEVEL=0 -DCONFIG_AUXIMAGE=\"/home/ray/workplace/git_download/HiSTB_origin/HiSTBLinux/out/hi3798mv100/hi3798mv100_out/obj/source/boot/fastboot/auxcode_sign.img\"   -Wall -Wstrict-prototypes -fno-stack-protector   \
	-o cmd_pcmcia.o cmd_pcmcia.c -c
  CC      net/bluetooth/l2cap_sock.o
arm-histbv310-linux-gcc  -g  -Os  -fno-strict-aliasing -fno-common -ffixed-r8   -D__KERNEL__ -DTEXT_BASE=0x00c00000 -I/home/ray/workplace/git_download/HiSTB_origin/HiSTBLinux/out/hi3798mv100/hi3798mv100_out/obj/source/boot/fastboot/include -I/home/ray/workplace/git_download/HiSTB_origin/HiSTBLinux/out/hi3798mv100/hi3798mv100_out/obj/source/boot/fastboot -fno-builtin -ffreestanding -nostdinc -mfloat-abi=soft -isystem /home/ray/workplace/git_download/HiSTB_origin/HiSTBLinux/tools/linux/toolchains/arm-histbv310-linux/bin/../lib/gcc/arm-gcc492_glibc224-linux-gnueabi/4.9.2/include -pipe -DCONFIG_ARM -D__ARM__ -marm -mno-thumb-interwork  -mabi=aapcs-linux -march=armv7-a -DVERSION=3 -DPATCHLEVEL=3 -DSUBLEVEL=0 -DCONFIG_AUXIMAGE=\"/home/ray/workplace/git_download/HiSTB_origin/HiSTBLinux/out/hi3798mv100/hi3798mv100_out/obj/source/boot/fastboot/auxcode_sign.img\"   -DVERSION=3 -DPATCHLEVEL=3 -DSUBLEVEL=0 -DCONFIG_AUXIMAGE=\"/home/ray/workplace/git_download/HiSTB_origin/HiSTBLinux/out/hi3798mv100/hi3798mv100_out/obj/source/boot/fastboot/auxcode_sign.img\"   -Wall -Wstrict-prototypes -fno-stack-protector   \
	-o cmd_usb.o cmd_usb.c -c
  LD      fs/exportfs/exportfs.o
  LD      fs/exportfs/built-in.o
  CC      drivers/gpu/drm/drm_vm.o
  CC      fs/ext2/balloc.o
arm-histbv310-linux-gcc  -g  -Os  -fno-strict-aliasing -fno-common -ffixed-r8   -D__KERNEL__ -DTEXT_BASE=0x00c00000 -I/home/ray/workplace/git_download/HiSTB_origin/HiSTBLinux/out/hi3798mv100/hi3798mv100_out/obj/source/boot/fastboot/include -I/home/ray/workplace/git_download/HiSTB_origin/HiSTBLinux/out/hi3798mv100/hi3798mv100_out/obj/source/boot/fastboot -fno-builtin -ffreestanding -nostdinc -mfloat-abi=soft -isystem /home/ray/workplace/git_download/HiSTB_origin/HiSTBLinux/tools/linux/toolchains/arm-histbv310-linux/bin/../lib/gcc/arm-gcc492_glibc224-linux-gnueabi/4.9.2/include -pipe -DCONFIG_ARM -D__ARM__ -marm -mno-thumb-interwork  -mabi=aapcs-linux -march=armv7-a -DVERSION=3 -DPATCHLEVEL=3 -DSUBLEVEL=0 -DCONFIG_AUXIMAGE=\"/home/ray/workplace/git_download/HiSTB_origin/HiSTBLinux/out/hi3798mv100/hi3798mv100_out/obj/source/boot/fastboot/auxcode_sign.img\"   -DVERSION=3 -DPATCHLEVEL=3 -DSUBLEVEL=0 -DCONFIG_AUXIMAGE=\"/home/ray/workplace/git_download/HiSTB_origin/HiSTBLinux/out/hi3798mv100/hi3798mv100_out/obj/source/boot/fastboot/auxcode_sign.img\"   -Wall -Wstrict-prototypes -fno-stack-protector   \
	-o cmd_version.o cmd_version.c -c
  CC      net/bridge/br_mdb.o
  CC      kernel/trace/trace_events_trigger.o
  CC      drivers/hid/hid-input.o
arm-histbv310-linux-gcc  -g  -Os  -fno-strict-aliasing -fno-common -ffixed-r8   -D__KERNEL__ -DTEXT_BASE=0x00c00000 -I/home/ray/workplace/git_download/HiSTB_origin/HiSTBLinux/out/hi3798mv100/hi3798mv100_out/obj/source/boot/fastboot/include -I/home/ray/workplace/git_download/HiSTB_origin/HiSTBLinux/out/hi3798mv100/hi3798mv100_out/obj/source/boot/fastboot -fno-builtin -ffreestanding -nostdinc -mfloat-abi=soft -isystem /home/ray/workplace/git_download/HiSTB_origin/HiSTBLinux/tools/linux/toolchains/arm-histbv310-linux/bin/../lib/gcc/arm-gcc492_glibc224-linux-gnueabi/4.9.2/include -pipe -DCONFIG_ARM -D__ARM__ -marm -mno-thumb-interwork  -mabi=aapcs-linux -march=armv7-a -DVERSION=3 -DPATCHLEVEL=3 -DSUBLEVEL=0 -DCONFIG_AUXIMAGE=\"/home/ray/workplace/git_download/HiSTB_origin/HiSTBLinux/out/hi3798mv100/hi3798mv100_out/obj/source/boot/fastboot/auxcode_sign.img\"   -DVERSION=3 -DPATCHLEVEL=3 -DSUBLEVEL=0 -DCONFIG_AUXIMAGE=\"/home/ray/workplace/git_download/HiSTB_origin/HiSTBLinux/out/hi3798mv100/hi3798mv100_out/obj/source/boot/fastboot/auxcode_sign.img\"   -Wall -Wstrict-prototypes -fno-stack-protector   \
	-o command.o command.c -c
  CC      drivers/gpu/drm/drm_scatter.o
  CC      fs/ext2/dir.o
arm-histbv310-linux-gcc  -g  -Os  -fno-strict-aliasing -fno-common -ffixed-r8   -D__KERNEL__ -DTEXT_BASE=0x00c00000 -I/home/ray/workplace/git_download/HiSTB_origin/HiSTBLinux/out/hi3798mv100/hi3798mv100_out/obj/source/boot/fastboot/include -I/home/ray/workplace/git_download/HiSTB_origin/HiSTBLinux/out/hi3798mv100/hi3798mv100_out/obj/source/boot/fastboot -fno-builtin -ffreestanding -nostdinc -mfloat-abi=soft -isystem /home/ray/workplace/git_download/HiSTB_origin/HiSTBLinux/tools/linux/toolchains/arm-histbv310-linux/bin/../lib/gcc/arm-gcc492_glibc224-linux-gnueabi/4.9.2/include -pipe -DCONFIG_ARM -D__ARM__ -marm -mno-thumb-interwork  -mabi=aapcs-linux -march=armv7-a -DVERSION=3 -DPATCHLEVEL=3 -DSUBLEVEL=0 -DCONFIG_AUXIMAGE=\"/home/ray/workplace/git_download/HiSTB_origin/HiSTBLinux/out/hi3798mv100/hi3798mv100_out/obj/source/boot/fastboot/auxcode_sign.img\"   -DVERSION=3 -DPATCHLEVEL=3 -DSUBLEVEL=0 -DCONFIG_AUXIMAGE=\"/home/ray/workplace/git_download/HiSTB_origin/HiSTBLinux/out/hi3798mv100/hi3798mv100_out/obj/source/boot/fastboot/auxcode_sign.img\"   -Wall -Wstrict-prototypes -fno-stack-protector   \
	-o console.o console.c -c
  CC      net/bluetooth/smp.o
  CC      drivers/gpu/drm/drm_pci.o
arm-histbv310-linux-gcc  -g  -Os  -fno-strict-aliasing -fno-common -ffixed-r8   -D__KERNEL__ -DTEXT_BASE=0x00c00000 -I/home/ray/workplace/git_download/HiSTB_origin/HiSTBLinux/out/hi3798mv100/hi3798mv100_out/obj/source/boot/fastboot/include -I/home/ray/workplace/git_download/HiSTB_origin/HiSTBLinux/out/hi3798mv100/hi3798mv100_out/obj/source/boot/fastboot -fno-builtin -ffreestanding -nostdinc -mfloat-abi=soft -isystem /home/ray/workplace/git_download/HiSTB_origin/HiSTBLinux/tools/linux/toolchains/arm-histbv310-linux/bin/../lib/gcc/arm-gcc492_glibc224-linux-gnueabi/4.9.2/include -pipe -DCONFIG_ARM -D__ARM__ -marm -mno-thumb-interwork  -mabi=aapcs-linux -march=armv7-a -DVERSION=3 -DPATCHLEVEL=3 -DSUBLEVEL=0 -DCONFIG_AUXIMAGE=\"/home/ray/workplace/git_download/HiSTB_origin/HiSTBLinux/out/hi3798mv100/hi3798mv100_out/obj/source/boot/fastboot/auxcode_sign.img\"   -DVERSION=3 -DPATCHLEVEL=3 -DSUBLEVEL=0 -DCONFIG_AUXIMAGE=\"/home/ray/workplace/git_download/HiSTB_origin/HiSTBLinux/out/hi3798mv100/hi3798mv100_out/obj/source/boot/fastboot/auxcode_sign.img\"   -Wall -Wstrict-prototypes -fno-stack-protector   \
	-o dlmalloc.o dlmalloc.c -c
  CC      kernel/trace/power-traces.o
  CC      net/bridge/br_vlan.o
  CC      fs/ext2/file.o
arm-histbv310-linux-gcc  -g  -Os  -fno-strict-aliasing -fno-common -ffixed-r8   -D__KERNEL__ -DTEXT_BASE=0x00c00000 -I/home/ray/workplace/git_download/HiSTB_origin/HiSTBLinux/out/hi3798mv100/hi3798mv100_out/obj/source/boot/fastboot/include -I/home/ray/workplace/git_download/HiSTB_origin/HiSTBLinux/out/hi3798mv100/hi3798mv100_out/obj/source/boot/fastboot -fno-builtin -ffreestanding -nostdinc -mfloat-abi=soft -isystem /home/ray/workplace/git_download/HiSTB_origin/HiSTBLinux/tools/linux/toolchains/arm-histbv310-linux/bin/../lib/gcc/arm-gcc492_glibc224-linux-gnueabi/4.9.2/include -pipe -DCONFIG_ARM -D__ARM__ -marm -mno-thumb-interwork  -mabi=aapcs-linux -march=armv7-a -DVERSION=3 -DPATCHLEVEL=3 -DSUBLEVEL=0 -DCONFIG_AUXIMAGE=\"/home/ray/workplace/git_download/HiSTB_origin/HiSTBLinux/out/hi3798mv100/hi3798mv100_out/obj/source/boot/fastboot/auxcode_sign.img\"   -DVERSION=3 -DPATCHLEVEL=3 -DSUBLEVEL=0 -DCONFIG_AUXIMAGE=\"/home/ray/workplace/git_download/HiSTB_origin/HiSTBLinux/out/hi3798mv100/hi3798mv100_out/obj/source/boot/fastboot/auxcode_sign.img\"   -Wall -Wstrict-prototypes -fno-stack-protector   \
	-o emmc_logif.o emmc_logif.c -c
  CC      fs/ext2/ialloc.o
  CC      drivers/gpu/drm/drm_platform.o
arm-histbv310-linux-gcc  -g  -Os  -fno-strict-aliasing -fno-common -ffixed-r8   -D__KERNEL__ -DTEXT_BASE=0x00c00000 -I/home/ray/workplace/git_download/HiSTB_origin/HiSTBLinux/out/hi3798mv100/hi3798mv100_out/obj/source/boot/fastboot/include -I/home/ray/workplace/git_download/HiSTB_origin/HiSTBLinux/out/hi3798mv100/hi3798mv100_out/obj/source/boot/fastboot -fno-builtin -ffreestanding -nostdinc -mfloat-abi=soft -isystem /home/ray/workplace/git_download/HiSTB_origin/HiSTBLinux/tools/linux/toolchains/arm-histbv310-linux/bin/../lib/gcc/arm-gcc492_glibc224-linux-gnueabi/4.9.2/include -pipe -DCONFIG_ARM -D__ARM__ -marm -mno-thumb-interwork  -mabi=aapcs-linux -march=armv7-a -DVERSION=3 -DPATCHLEVEL=3 -DSUBLEVEL=0 -DCONFIG_AUXIMAGE=\"/home/ray/workplace/git_download/HiSTB_origin/HiSTBLinux/out/hi3798mv100/hi3798mv100_out/obj/source/boot/fastboot/auxcode_sign.img\"   -DVERSION=3 -DPATCHLEVEL=3 -DSUBLEVEL=0 -DCONFIG_AUXIMAGE=\"/home/ray/workplace/git_download/HiSTB_origin/HiSTBLinux/out/hi3798mv100/hi3798mv100_out/obj/source/boot/fastboot/auxcode_sign.img\"   -Wall -Wstrict-prototypes -fno-stack-protector   \
	-o env_common.o env_common.c -c
  CC      drivers/hid/hid-debug.o
  CC      net/core/ethtool.o
arm-histbv310-linux-gcc  -g  -Os  -fno-strict-aliasing -fno-common -ffixed-r8   -D__KERNEL__ -DTEXT_BASE=0x00c00000 -I/home/ray/workplace/git_download/HiSTB_origin/HiSTBLinux/out/hi3798mv100/hi3798mv100_out/obj/source/boot/fastboot/include -I/home/ray/workplace/git_download/HiSTB_origin/HiSTBLinux/out/hi3798mv100/hi3798mv100_out/obj/source/boot/fastboot -fno-builtin -ffreestanding -nostdinc -mfloat-abi=soft -isystem /home/ray/workplace/git_download/HiSTB_origin/HiSTBLinux/tools/linux/toolchains/arm-histbv310-linux/bin/../lib/gcc/arm-gcc492_glibc224-linux-gnueabi/4.9.2/include -pipe -DCONFIG_ARM -D__ARM__ -marm -mno-thumb-interwork  -mabi=aapcs-linux -march=armv7-a -DVERSION=3 -DPATCHLEVEL=3 -DSUBLEVEL=0 -DCONFIG_AUXIMAGE=\"/home/ray/workplace/git_download/HiSTB_origin/HiSTBLinux/out/hi3798mv100/hi3798mv100_out/obj/source/boot/fastboot/auxcode_sign.img\"   -DVERSION=3 -DPATCHLEVEL=3 -DSUBLEVEL=0 -DCONFIG_AUXIMAGE=\"/home/ray/workplace/git_download/HiSTB_origin/HiSTBLinux/out/hi3798mv100/hi3798mv100_out/obj/source/boot/fastboot/auxcode_sign.img\"   -Wall -Wstrict-prototypes -fno-stack-protector   \
	-o env_common_func.o env_common_func.c -c
  CC      kernel/trace/rpm-traces.o
  CC      drivers/gpu/drm/drm_sysfs.o
arm-histbv310-linux-gcc  -g  -Os  -fno-strict-aliasing -fno-common -ffixed-r8   -D__KERNEL__ -DTEXT_BASE=0x00c00000 -I/home/ray/workplace/git_download/HiSTB_origin/HiSTBLinux/out/hi3798mv100/hi3798mv100_out/obj/source/boot/fastboot/include -I/home/ray/workplace/git_download/HiSTB_origin/HiSTBLinux/out/hi3798mv100/hi3798mv100_out/obj/source/boot/fastboot -fno-builtin -ffreestanding -nostdinc -mfloat-abi=soft -isystem /home/ray/workplace/git_download/HiSTB_origin/HiSTBLinux/tools/linux/toolchains/arm-histbv310-linux/bin/../lib/gcc/arm-gcc492_glibc224-linux-gnueabi/4.9.2/include -pipe -DCONFIG_ARM -D__ARM__ -marm -mno-thumb-interwork  -mabi=aapcs-linux -march=armv7-a -DVERSION=3 -DPATCHLEVEL=3 -DSUBLEVEL=0 -DCONFIG_AUXIMAGE=\"/home/ray/workplace/git_download/HiSTB_origin/HiSTBLinux/out/hi3798mv100/hi3798mv100_out/obj/source/boot/fastboot/auxcode_sign.img\"   -DVERSION=3 -DPATCHLEVEL=3 -DSUBLEVEL=0 -DCONFIG_AUXIMAGE=\"/home/ray/workplace/git_download/HiSTB_origin/HiSTBLinux/out/hi3798mv100/hi3798mv100_out/obj/source/boot/fastboot/auxcode_sign.img\"   -Wall -Wstrict-prototypes -fno-stack-protector   \
	-o env_emmc.o env_emmc.c -c
  CC      fs/ext2/inode.o
  CC      drivers/hid/uhid.o
  CC      net/bridge/br_netfilter_hooks.o
arm-histbv310-linux-gcc  -g  -Os  -fno-strict-aliasing -fno-common -ffixed-r8   -D__KERNEL__ -DTEXT_BASE=0x00c00000 -I/home/ray/workplace/git_download/HiSTB_origin/HiSTBLinux/out/hi3798mv100/hi3798mv100_out/obj/source/boot/fastboot/include -I/home/ray/workplace/git_download/HiSTB_origin/HiSTBLinux/out/hi3798mv100/hi3798mv100_out/obj/source/boot/fastboot -fno-builtin -ffreestanding -nostdinc -mfloat-abi=soft -isystem /home/ray/workplace/git_download/HiSTB_origin/HiSTBLinux/tools/linux/toolchains/arm-histbv310-linux/bin/../lib/gcc/arm-gcc492_glibc224-linux-gnueabi/4.9.2/include -pipe -DCONFIG_ARM -D__ARM__ -marm -mno-thumb-interwork  -mabi=aapcs-linux -march=armv7-a -DVERSION=3 -DPATCHLEVEL=3 -DSUBLEVEL=0 -DCONFIG_AUXIMAGE=\"/home/ray/workplace/git_download/HiSTB_origin/HiSTBLinux/out/hi3798mv100/hi3798mv100_out/obj/source/boot/fastboot/auxcode_sign.img\"   -DVERSION=3 -DPATCHLEVEL=3 -DSUBLEVEL=0 -DCONFIG_AUXIMAGE=\"/home/ray/workplace/git_download/HiSTB_origin/HiSTBLinux/out/hi3798mv100/hi3798mv100_out/obj/source/boot/fastboot/auxcode_sign.img\"   -Wall -Wstrict-prototypes -fno-stack-protector   \
	-o exports.o exports.c -c
arm-histbv310-linux-gcc  -g  -Os  -fno-strict-aliasing -fno-common -ffixed-r8   -D__KERNEL__ -DTEXT_BASE=0x00c00000 -I/home/ray/workplace/git_download/HiSTB_origin/HiSTBLinux/out/hi3798mv100/hi3798mv100_out/obj/source/boot/fastboot/include -I/home/ray/workplace/git_download/HiSTB_origin/HiSTBLinux/out/hi3798mv100/hi3798mv100_out/obj/source/boot/fastboot -fno-builtin -ffreestanding -nostdinc -mfloat-abi=soft -isystem /home/ray/workplace/git_download/HiSTB_origin/HiSTBLinux/tools/linux/toolchains/arm-histbv310-linux/bin/../lib/gcc/arm-gcc492_glibc224-linux-gnueabi/4.9.2/include -pipe -DCONFIG_ARM -D__ARM__ -marm -mno-thumb-interwork  -mabi=aapcs-linux -march=armv7-a -DVERSION=3 -DPATCHLEVEL=3 -DSUBLEVEL=0 -DCONFIG_AUXIMAGE=\"/home/ray/workplace/git_download/HiSTB_origin/HiSTBLinux/out/hi3798mv100/hi3798mv100_out/obj/source/boot/fastboot/auxcode_sign.img\"   -DVERSION=3 -DPATCHLEVEL=3 -DSUBLEVEL=0 -DCONFIG_AUXIMAGE=\"/home/ray/workplace/git_download/HiSTB_origin/HiSTBLinux/out/hi3798mv100/hi3798mv100_out/obj/source/boot/fastboot/auxcode_sign.img\"   -Wall -Wstrict-prototypes -fno-stack-protector   \
	-o flash.o flash.c -c
  LD      kernel/trace/libftrace.o
  LD      kernel/trace/built-in.o
  CC      kernel/freezer.o
  CC      net/bluetooth/lib.o
arm-histbv310-linux-gcc  -g  -Os  -fno-strict-aliasing -fno-common -ffixed-r8   -D__KERNEL__ -DTEXT_BASE=0x00c00000 -I/home/ray/workplace/git_download/HiSTB_origin/HiSTBLinux/out/hi3798mv100/hi3798mv100_out/obj/source/boot/fastboot/include -I/home/ray/workplace/git_download/HiSTB_origin/HiSTBLinux/out/hi3798mv100/hi3798mv100_out/obj/source/boot/fastboot -fno-builtin -ffreestanding -nostdinc -mfloat-abi=soft -isystem /home/ray/workplace/git_download/HiSTB_origin/HiSTBLinux/tools/linux/toolchains/arm-histbv310-linux/bin/../lib/gcc/arm-gcc492_glibc224-linux-gnueabi/4.9.2/include -pipe -DCONFIG_ARM -D__ARM__ -marm -mno-thumb-interwork  -mabi=aapcs-linux -march=armv7-a -DVERSION=3 -DPATCHLEVEL=3 -DSUBLEVEL=0 -DCONFIG_AUXIMAGE=\"/home/ray/workplace/git_download/HiSTB_origin/HiSTBLinux/out/hi3798mv100/hi3798mv100_out/obj/source/boot/fastboot/auxcode_sign.img\"   -DVERSION=3 -DPATCHLEVEL=3 -DSUBLEVEL=0 -DCONFIG_AUXIMAGE=\"/home/ray/workplace/git_download/HiSTB_origin/HiSTBLinux/out/hi3798mv100/hi3798mv100_out/obj/source/boot/fastboot/auxcode_sign.img\"   -Wall -Wstrict-prototypes -fno-stack-protector   \
	-o flash_part.o flash_part.c -c
  CC      drivers/gpu/drm/drm_hashtab.o
  CC      drivers/hid/hid-generic.o
arm-histbv310-linux-gcc  -g  -Os  -fno-strict-aliasing -fno-common -ffixed-r8   -D__KERNEL__ -DTEXT_BASE=0x00c00000 -I/home/ray/workplace/git_download/HiSTB_origin/HiSTBLinux/out/hi3798mv100/hi3798mv100_out/obj/source/boot/fastboot/include -I/home/ray/workplace/git_download/HiSTB_origin/HiSTBLinux/out/hi3798mv100/hi3798mv100_out/obj/source/boot/fastboot -fno-builtin -ffreestanding -nostdinc -mfloat-abi=soft -isystem /home/ray/workplace/git_download/HiSTB_origin/HiSTBLinux/tools/linux/toolchains/arm-histbv310-linux/bin/../lib/gcc/arm-gcc492_glibc224-linux-gnueabi/4.9.2/include -pipe -DCONFIG_ARM -D__ARM__ -marm -mno-thumb-interwork  -mabi=aapcs-linux -march=armv7-a -DVERSION=3 -DPATCHLEVEL=3 -DSUBLEVEL=0 -DCONFIG_AUXIMAGE=\"/home/ray/workplace/git_download/HiSTB_origin/HiSTBLinux/out/hi3798mv100/hi3798mv100_out/obj/source/boot/fastboot/auxcode_sign.img\"   -DVERSION=3 -DPATCHLEVEL=3 -DSUBLEVEL=0 -DCONFIG_AUXIMAGE=\"/home/ray/workplace/git_download/HiSTB_origin/HiSTBLinux/out/hi3798mv100/hi3798mv100_out/obj/source/boot/fastboot/auxcode_sign.img\"   -Wall -Wstrict-prototypes -fno-stack-protector   \
	-o image.o image.c -c
  CC      kernel/profile.o
  CC      fs/ext2/ioctl.o
  CC      drivers/hid/hid-a4tech.o
  CC      net/bluetooth/ecc.o
  CC      drivers/gpu/drm/drm_mm.o
  CC      net/core/dev_addr_lists.o
arm-histbv310-linux-gcc  -g  -Os  -fno-strict-aliasing -fno-common -ffixed-r8   -D__KERNEL__ -DTEXT_BASE=0x00c00000 -I/home/ray/workplace/git_download/HiSTB_origin/HiSTBLinux/out/hi3798mv100/hi3798mv100_out/obj/source/boot/fastboot/include -I/home/ray/workplace/git_download/HiSTB_origin/HiSTBLinux/out/hi3798mv100/hi3798mv100_out/obj/source/boot/fastboot -fno-builtin -ffreestanding -nostdinc -mfloat-abi=soft -isystem /home/ray/workplace/git_download/HiSTB_origin/HiSTBLinux/tools/linux/toolchains/arm-histbv310-linux/bin/../lib/gcc/arm-gcc492_glibc224-linux-gnueabi/4.9.2/include -pipe -DCONFIG_ARM -D__ARM__ -marm -mno-thumb-interwork  -mabi=aapcs-linux -march=armv7-a -DVERSION=3 -DPATCHLEVEL=3 -DSUBLEVEL=0 -DCONFIG_AUXIMAGE=\"/home/ray/workplace/git_download/HiSTB_origin/HiSTBLinux/out/hi3798mv100/hi3798mv100_out/obj/source/boot/fastboot/auxcode_sign.img\"   -DVERSION=3 -DPATCHLEVEL=3 -DSUBLEVEL=0 -DCONFIG_AUXIMAGE=\"/home/ray/workplace/git_download/HiSTB_origin/HiSTBLinux/out/hi3798mv100/hi3798mv100_out/obj/source/boot/fastboot/auxcode_sign.img\"   -Wall -Wstrict-prototypes -fno-stack-protector   \
	-o main.o main.c -c
  LD      net/bridge/bridge.o
  LD      net/bridge/br_netfilter.o
  LD      net/bridge/built-in.o
  CC      drivers/gpu/drm/drm_crtc.o
  CC      drivers/hid/hid-apple.o
  CC      fs/ext2/namei.o
  CC      kernel/stacktrace.o
arm-histbv310-linux-gcc  -g  -Os  -fno-strict-aliasing -fno-common -ffixed-r8   -D__KERNEL__ -DTEXT_BASE=0x00c00000 -I/home/ray/workplace/git_download/HiSTB_origin/HiSTBLinux/out/hi3798mv100/hi3798mv100_out/obj/source/boot/fastboot/include -I/home/ray/workplace/git_download/HiSTB_origin/HiSTBLinux/out/hi3798mv100/hi3798mv100_out/obj/source/boot/fastboot -fno-builtin -ffreestanding -nostdinc -mfloat-abi=soft -isystem /home/ray/workplace/git_download/HiSTB_origin/HiSTBLinux/tools/linux/toolchains/arm-histbv310-linux/bin/../lib/gcc/arm-gcc492_glibc224-linux-gnueabi/4.9.2/include -pipe -DCONFIG_ARM -D__ARM__ -marm -mno-thumb-interwork  -mabi=aapcs-linux -march=armv7-a -DVERSION=3 -DPATCHLEVEL=3 -DSUBLEVEL=0 -DCONFIG_AUXIMAGE=\"/home/ray/workplace/git_download/HiSTB_origin/HiSTBLinux/out/hi3798mv100/hi3798mv100_out/obj/source/boot/fastboot/auxcode_sign.img\"   -DVERSION=3 -DPATCHLEVEL=3 -DSUBLEVEL=0 -DCONFIG_AUXIMAGE=\"/home/ray/workplace/git_download/HiSTB_origin/HiSTBLinux/out/hi3798mv100/hi3798mv100_out/obj/source/boot/fastboot/auxcode_sign.img\"   -Wall -Wstrict-prototypes -fno-stack-protector   \
	-o miiphyutil.o miiphyutil.c -c
  CC      net/bluetooth/hci_request.o
  CC      drivers/hid/hid-belkin.o
  CC      fs/ext2/super.o
  CC      net/core/dst.o
  CC      kernel/futex.o
  CC      drivers/gpu/drm/drm_modes.o
arm-histbv310-linux-gcc  -g  -Os  -fno-strict-aliasing -fno-common -ffixed-r8   -D__KERNEL__ -DTEXT_BASE=0x00c00000 -I/home/ray/workplace/git_download/HiSTB_origin/HiSTBLinux/out/hi3798mv100/hi3798mv100_out/obj/source/boot/fastboot/include -I/home/ray/workplace/git_download/HiSTB_origin/HiSTBLinux/out/hi3798mv100/hi3798mv100_out/obj/source/boot/fastboot -fno-builtin -ffreestanding -nostdinc -mfloat-abi=soft -isystem /home/ray/workplace/git_download/HiSTB_origin/HiSTBLinux/tools/linux/toolchains/arm-histbv310-linux/bin/../lib/gcc/arm-gcc492_glibc224-linux-gnueabi/4.9.2/include -pipe -DCONFIG_ARM -D__ARM__ -marm -mno-thumb-interwork  -mabi=aapcs-linux -march=armv7-a -DVERSION=3 -DPATCHLEVEL=3 -DSUBLEVEL=0 -DCONFIG_AUXIMAGE=\"/home/ray/workplace/git_download/HiSTB_origin/HiSTBLinux/out/hi3798mv100/hi3798mv100_out/obj/source/boot/fastboot/auxcode_sign.img\"   -DVERSION=3 -DPATCHLEVEL=3 -DSUBLEVEL=0 -DCONFIG_AUXIMAGE=\"/home/ray/workplace/git_download/HiSTB_origin/HiSTBLinux/out/hi3798mv100/hi3798mv100_out/obj/source/boot/fastboot/auxcode_sign.img\"   -Wall -Wstrict-prototypes -fno-stack-protector   \
	-o nand_logif.o nand_logif.c -c
  CC      drivers/hid/hid-cherry.o
arm-histbv310-linux-gcc  -g  -Os  -fno-strict-aliasing -fno-common -ffixed-r8   -D__KERNEL__ -DTEXT_BASE=0x00c00000 -I/home/ray/workplace/git_download/HiSTB_origin/HiSTBLinux/out/hi3798mv100/hi3798mv100_out/obj/source/boot/fastboot/include -I/home/ray/workplace/git_download/HiSTB_origin/HiSTBLinux/out/hi3798mv100/hi3798mv100_out/obj/source/boot/fastboot -fno-builtin -ffreestanding -nostdinc -mfloat-abi=soft -isystem /home/ray/workplace/git_download/HiSTB_origin/HiSTBLinux/tools/linux/toolchains/arm-histbv310-linux/bin/../lib/gcc/arm-gcc492_glibc224-linux-gnueabi/4.9.2/include -pipe -DCONFIG_ARM -D__ARM__ -marm -mno-thumb-interwork  -mabi=aapcs-linux -march=armv7-a -DVERSION=3 -DPATCHLEVEL=3 -DSUBLEVEL=0 -DCONFIG_AUXIMAGE=\"/home/ray/workplace/git_download/HiSTB_origin/HiSTBLinux/out/hi3798mv100/hi3798mv100_out/obj/source/boot/fastboot/auxcode_sign.img\"   -DVERSION=3 -DPATCHLEVEL=3 -DSUBLEVEL=0 -DCONFIG_AUXIMAGE=\"/home/ray/workplace/git_download/HiSTB_origin/HiSTBLinux/out/hi3798mv100/hi3798mv100_out/obj/source/boot/fastboot/auxcode_sign.img\"   -Wall -Wstrict-prototypes -fno-stack-protector   \
	-o s_record.o s_record.c -c
  CC      drivers/hid/hid-chicony.o
arm-histbv310-linux-gcc  -g  -Os  -fno-strict-aliasing -fno-common -ffixed-r8   -D__KERNEL__ -DTEXT_BASE=0x00c00000 -I/home/ray/workplace/git_download/HiSTB_origin/HiSTBLinux/out/hi3798mv100/hi3798mv100_out/obj/source/boot/fastboot/include -I/home/ray/workplace/git_download/HiSTB_origin/HiSTBLinux/out/hi3798mv100/hi3798mv100_out/obj/source/boot/fastboot -fno-builtin -ffreestanding -nostdinc -mfloat-abi=soft -isystem /home/ray/workplace/git_download/HiSTB_origin/HiSTBLinux/tools/linux/toolchains/arm-histbv310-linux/bin/../lib/gcc/arm-gcc492_glibc224-linux-gnueabi/4.9.2/include -pipe -DCONFIG_ARM -D__ARM__ -marm -mno-thumb-interwork  -mabi=aapcs-linux -march=armv7-a -DVERSION=3 -DPATCHLEVEL=3 -DSUBLEVEL=0 -DCONFIG_AUXIMAGE=\"/home/ray/workplace/git_download/HiSTB_origin/HiSTBLinux/out/hi3798mv100/hi3798mv100_out/obj/source/boot/fastboot/auxcode_sign.img\"   -DVERSION=3 -DPATCHLEVEL=3 -DSUBLEVEL=0 -DCONFIG_AUXIMAGE=\"/home/ray/workplace/git_download/HiSTB_origin/HiSTBLinux/out/hi3798mv100/hi3798mv100_out/obj/source/boot/fastboot/auxcode_sign.img\"   -Wall -Wstrict-prototypes -fno-stack-protector   \
	-o spiflash_logif.o spiflash_logif.c -c
  CC      net/bluetooth/mgmt_util.o
arm-histbv310-linux-gcc  -g  -Os  -fno-strict-aliasing -fno-common -ffixed-r8   -D__KERNEL__ -DTEXT_BASE=0x00c00000 -I/home/ray/workplace/git_download/HiSTB_origin/HiSTBLinux/out/hi3798mv100/hi3798mv100_out/obj/source/boot/fastboot/include -I/home/ray/workplace/git_download/HiSTB_origin/HiSTBLinux/out/hi3798mv100/hi3798mv100_out/obj/source/boot/fastboot -fno-builtin -ffreestanding -nostdinc -mfloat-abi=soft -isystem /home/ray/workplace/git_download/HiSTB_origin/HiSTBLinux/tools/linux/toolchains/arm-histbv310-linux/bin/../lib/gcc/arm-gcc492_glibc224-linux-gnueabi/4.9.2/include -pipe -DCONFIG_ARM -D__ARM__ -marm -mno-thumb-interwork  -mabi=aapcs-linux -march=armv7-a -DVERSION=3 -DPATCHLEVEL=3 -DSUBLEVEL=0 -DCONFIG_AUXIMAGE=\"/home/ray/workplace/git_download/HiSTB_origin/HiSTBLinux/out/hi3798mv100/hi3798mv100_out/obj/source/boot/fastboot/auxcode_sign.img\"   -DVERSION=3 -DPATCHLEVEL=3 -DSUBLEVEL=0 -DCONFIG_AUXIMAGE=\"/home/ray/workplace/git_download/HiSTB_origin/HiSTBLinux/out/hi3798mv100/hi3798mv100_out/obj/source/boot/fastboot/auxcode_sign.img\"   -Wall -Wstrict-prototypes -fno-stack-protector   \
	-o stdio.o stdio.c -c
  CC      drivers/hid/hid-cypress.o
  CC      net/core/netevent.o
  CC      drivers/hid/hid-ezkey.o
  CC      fs/ext2/symlink.o
arm-histbv310-linux-gcc  -g  -Os  -fno-strict-aliasing -fno-common -ffixed-r8   -D__KERNEL__ -DTEXT_BASE=0x00c00000 -I/home/ray/workplace/git_download/HiSTB_origin/HiSTBLinux/out/hi3798mv100/hi3798mv100_out/obj/source/boot/fastboot/include -I/home/ray/workplace/git_download/HiSTB_origin/HiSTBLinux/out/hi3798mv100/hi3798mv100_out/obj/source/boot/fastboot -fno-builtin -ffreestanding -nostdinc -mfloat-abi=soft -isystem /home/ray/workplace/git_download/HiSTB_origin/HiSTBLinux/tools/linux/toolchains/arm-histbv310-linux/bin/../lib/gcc/arm-gcc492_glibc224-linux-gnueabi/4.9.2/include -pipe -DCONFIG_ARM -D__ARM__ -marm -mno-thumb-interwork  -mabi=aapcs-linux -march=armv7-a -DVERSION=3 -DPATCHLEVEL=3 -DSUBLEVEL=0 -DCONFIG_AUXIMAGE=\"/home/ray/workplace/git_download/HiSTB_origin/HiSTBLinux/out/hi3798mv100/hi3798mv100_out/obj/source/boot/fastboot/auxcode_sign.img\"   -DVERSION=3 -DPATCHLEVEL=3 -DSUBLEVEL=0 -DCONFIG_AUXIMAGE=\"/home/ray/workplace/git_download/HiSTB_origin/HiSTBLinux/out/hi3798mv100/hi3798mv100_out/obj/source/boot/fastboot/auxcode_sign.img\"   -Wall -Wstrict-prototypes -fno-stack-protector   \
	-o usb.o usb.c -c
  CC      net/core/neighbour.o
  CC      drivers/hid/hid-kensington.o
  CC      fs/ext2/xattr.o
  CC      kernel/smp.o
  CC      drivers/gpu/drm/drm_edid.o
  CC      net/bluetooth/sco.o
  CC      drivers/hid/hid-lg.o
arm-histbv310-linux-gcc  -g  -Os  -fno-strict-aliasing -fno-common -ffixed-r8   -D__KERNEL__ -DTEXT_BASE=0x00c00000 -I/home/ray/workplace/git_download/HiSTB_origin/HiSTBLinux/out/hi3798mv100/hi3798mv100_out/obj/source/boot/fastboot/include -I/home/ray/workplace/git_download/HiSTB_origin/HiSTBLinux/out/hi3798mv100/hi3798mv100_out/obj/source/boot/fastboot -fno-builtin -ffreestanding -nostdinc -mfloat-abi=soft -isystem /home/ray/workplace/git_download/HiSTB_origin/HiSTBLinux/tools/linux/toolchains/arm-histbv310-linux/bin/../lib/gcc/arm-gcc492_glibc224-linux-gnueabi/4.9.2/include -pipe -DCONFIG_ARM -D__ARM__ -marm -mno-thumb-interwork  -mabi=aapcs-linux -march=armv7-a -DVERSION=3 -DPATCHLEVEL=3 -DSUBLEVEL=0 -DCONFIG_AUXIMAGE=\"/home/ray/workplace/git_download/HiSTB_origin/HiSTBLinux/out/hi3798mv100/hi3798mv100_out/obj/source/boot/fastboot/auxcode_sign.img\"   -DVERSION=3 -DPATCHLEVEL=3 -DSUBLEVEL=0 -DCONFIG_AUXIMAGE=\"/home/ray/workplace/git_download/HiSTB_origin/HiSTBLinux/out/hi3798mv100/hi3798mv100_out/obj/source/boot/fastboot/auxcode_sign.img\"   -Wall -Wstrict-prototypes -fno-stack-protector   \
	-o usb_hub.o usb_hub.c -c
  CC      net/core/rtnetlink.o
  CC      kernel/uid16.o
arm-histbv310-linux-gcc  -g  -Os  -fno-strict-aliasing -fno-common -ffixed-r8   -D__KERNEL__ -DTEXT_BASE=0x00c00000 -I/home/ray/workplace/git_download/HiSTB_origin/HiSTBLinux/out/hi3798mv100/hi3798mv100_out/obj/source/boot/fastboot/include -I/home/ray/workplace/git_download/HiSTB_origin/HiSTBLinux/out/hi3798mv100/hi3798mv100_out/obj/source/boot/fastboot -fno-builtin -ffreestanding -nostdinc -mfloat-abi=soft -isystem /home/ray/workplace/git_download/HiSTB_origin/HiSTBLinux/tools/linux/toolchains/arm-histbv310-linux/bin/../lib/gcc/arm-gcc492_glibc224-linux-gnueabi/4.9.2/include -pipe -DCONFIG_ARM -D__ARM__ -marm -mno-thumb-interwork  -mabi=aapcs-linux -march=armv7-a -DVERSION=3 -DPATCHLEVEL=3 -DSUBLEVEL=0 -DCONFIG_AUXIMAGE=\"/home/ray/workplace/git_download/HiSTB_origin/HiSTBLinux/out/hi3798mv100/hi3798mv100_out/obj/source/boot/fastboot/auxcode_sign.img\"   -DVERSION=3 -DPATCHLEVEL=3 -DSUBLEVEL=0 -DCONFIG_AUXIMAGE=\"/home/ray/workplace/git_download/HiSTB_origin/HiSTBLinux/out/hi3798mv100/hi3798mv100_out/obj/source/boot/fastboot/auxcode_sign.img\"   -Wall -Wstrict-prototypes -fno-stack-protector   \
	-o usb_if.o usb_if.c -c
  CC      fs/ext2/xattr_user.o
  CC      drivers/hid/hid-lgff.o
arm-histbv310-linux-gcc  -g  -Os  -fno-strict-aliasing -fno-common -ffixed-r8   -D__KERNEL__ -DTEXT_BASE=0x00c00000 -I/home/ray/workplace/git_download/HiSTB_origin/HiSTBLinux/out/hi3798mv100/hi3798mv100_out/obj/source/boot/fastboot/include -I/home/ray/workplace/git_download/HiSTB_origin/HiSTBLinux/out/hi3798mv100/hi3798mv100_out/obj/source/boot/fastboot -fno-builtin -ffreestanding -nostdinc -mfloat-abi=soft -isystem /home/ray/workplace/git_download/HiSTB_origin/HiSTBLinux/tools/linux/toolchains/arm-histbv310-linux/bin/../lib/gcc/arm-gcc492_glibc224-linux-gnueabi/4.9.2/include -pipe -DCONFIG_ARM -D__ARM__ -marm -mno-thumb-interwork  -mabi=aapcs-linux -march=armv7-a -DVERSION=3 -DPATCHLEVEL=3 -DSUBLEVEL=0 -DCONFIG_AUXIMAGE=\"/home/ray/workplace/git_download/HiSTB_origin/HiSTBLinux/out/hi3798mv100/hi3798mv100_out/obj/source/boot/fastboot/auxcode_sign.img\"   -DVERSION=3 -DPATCHLEVEL=3 -DSUBLEVEL=0 -DCONFIG_AUXIMAGE=\"/home/ray/workplace/git_download/HiSTB_origin/HiSTBLinux/out/hi3798mv100/hi3798mv100_out/obj/source/boot/fastboot/auxcode_sign.img\"   -Wall -Wstrict-prototypes -fno-stack-protector   \
	-o usb_kbd.o usb_kbd.c -c
  CC      fs/ext2/xattr_trusted.o
  CC      drivers/hid/hid-lg2ff.o
  CC      kernel/module.o
arm-histbv310-linux-gcc  -g  -Os  -fno-strict-aliasing -fno-common -ffixed-r8   -D__KERNEL__ -DTEXT_BASE=0x00c00000 -I/home/ray/workplace/git_download/HiSTB_origin/HiSTBLinux/out/hi3798mv100/hi3798mv100_out/obj/source/boot/fastboot/include -I/home/ray/workplace/git_download/HiSTB_origin/HiSTBLinux/out/hi3798mv100/hi3798mv100_out/obj/source/boot/fastboot -fno-builtin -ffreestanding -nostdinc -mfloat-abi=soft -isystem /home/ray/workplace/git_download/HiSTB_origin/HiSTBLinux/tools/linux/toolchains/arm-histbv310-linux/bin/../lib/gcc/arm-gcc492_glibc224-linux-gnueabi/4.9.2/include -pipe -DCONFIG_ARM -D__ARM__ -marm -mno-thumb-interwork  -mabi=aapcs-linux -march=armv7-a -DVERSION=3 -DPATCHLEVEL=3 -DSUBLEVEL=0 -DCONFIG_AUXIMAGE=\"/home/ray/workplace/git_download/HiSTB_origin/HiSTBLinux/out/hi3798mv100/hi3798mv100_out/obj/source/boot/fastboot/auxcode_sign.img\"   -DVERSION=3 -DPATCHLEVEL=3 -DSUBLEVEL=0 -DCONFIG_AUXIMAGE=\"/home/ray/workplace/git_download/HiSTB_origin/HiSTBLinux/out/hi3798mv100/hi3798mv100_out/obj/source/boot/fastboot/auxcode_sign.img\"   -Wall -Wstrict-prototypes -fno-stack-protector   \
	-o usb_storage.o usb_storage.c -c
  CC      fs/ext2/acl.o
  CC      net/bluetooth/a2mp.o
  CC      drivers/hid/hid-lg3ff.o
  CC      fs/ext2/xattr_security.o
  CC      drivers/hid/hid-lg4ff.o
  CC      drivers/gpu/drm/drm_info.o
arm-histbv310-linux-gcc  -g  -Os  -fno-strict-aliasing -fno-common -ffixed-r8   -D__KERNEL__ -DTEXT_BASE=0x00c00000 -I/home/ray/workplace/git_download/HiSTB_origin/HiSTBLinux/out/hi3798mv100/hi3798mv100_out/obj/source/boot/fastboot/include -I/home/ray/workplace/git_download/HiSTB_origin/HiSTBLinux/out/hi3798mv100/hi3798mv100_out/obj/source/boot/fastboot -fno-builtin -ffreestanding -nostdinc -mfloat-abi=soft -isystem /home/ray/workplace/git_download/HiSTB_origin/HiSTBLinux/tools/linux/toolchains/arm-histbv310-linux/bin/../lib/gcc/arm-gcc492_glibc224-linux-gnueabi/4.9.2/include -pipe -DCONFIG_ARM -D__ARM__ -marm -mno-thumb-interwork  -mabi=aapcs-linux -march=armv7-a -DVERSION=3 -DPATCHLEVEL=3 -DSUBLEVEL=0 -DCONFIG_AUXIMAGE=\"/home/ray/workplace/git_download/HiSTB_origin/HiSTBLinux/out/hi3798mv100/hi3798mv100_out/obj/source/boot/fastboot/auxcode_sign.img\"   -DVERSION=3 -DPATCHLEVEL=3 -DSUBLEVEL=0 -DCONFIG_AUXIMAGE=\"/home/ray/workplace/git_download/HiSTB_origin/HiSTBLinux/out/hi3798mv100/hi3798mv100_out/obj/source/boot/fastboot/auxcode_sign.img\"   -Wall -Wstrict-prototypes -fno-stack-protector   \
	-o xyzModem.o xyzModem.c -c
  CC      drivers/hid/hid-microsoft.o
  LD      fs/ext2/ext2.o
  LD      fs/ext2/built-in.o
arm-histbv310-linux-ar crv libcommon.a bootstrap.o cmd_boot.o cmd_bootm.o cmd_fat.o cmd_getinfo.o cmd_help.o cmd_hibernate.o cmd_load.o cmd_mem.o cmd_mii.o cmd_mmc.o cmd_net.o cmd_nvedit.o cmd_pcmcia.o cmd_usb.o cmd_version.o command.o console.o dlmalloc.o emmc_logif.o env_common.o env_common_func.o env_emmc.o exports.o flash.o flash_part.o image.o main.o miiphyutil.o nand_logif.o s_record.o spiflash_logif.o stdio.o usb.o usb_hub.o usb_if.o usb_kbd.o usb_storage.o xyzModem.o
  CC      drivers/gpu/drm/drm_debugfs.o
r - bootstrap.o
r - cmd_boot.o
r - cmd_bootm.o
r - cmd_fat.o
r - cmd_getinfo.o
r - cmd_help.o
r - cmd_hibernate.o
r - cmd_load.o
r - cmd_mem.o
r - cmd_mii.o
r - cmd_mmc.o
r - cmd_net.o
r - cmd_nvedit.o
r - cmd_pcmcia.o
r - cmd_usb.o
r - cmd_version.o
r - command.o
r - console.o
r - dlmalloc.o
r - emmc_logif.o
r - env_common.o
r - env_common_func.o
r - env_emmc.o
r - exports.o
r - flash.o
r - flash_part.o
r - image.o
r - main.o
r - miiphyutil.o
r - nand_logif.o
r - s_record.o
r - spiflash_logif.o
r - stdio.o
r - usb.o
r - usb_hub.o
r - usb_if.o
r - usb_kbd.o
r - usb_storage.o
r - xyzModem.o
make[4]: Leaving directory '/home/ray/workplace/git_download/HiSTB_origin/HiSTBLinux/out/hi3798mv100/hi3798mv100_out/obj/source/boot/fastboot/common'
if [ ss/home/ray/workplace/git_download/HiSTB_origin/HiSTBLinux/out/hi3798mv100/hi3798mv100_out/obj/source/boot/product/libproduct.a != ss/home/ray/workplace/git_download/HiSTB_origin/HiSTBLinux/out/hi3798mv100/hi3798mv100_out/obj/source/boot/product/libproduct.a ]; then ( \
	make -C /home/ray/workplace/git_download/HiSTB_origin/HiSTBLinux/out/hi3798mv100/hi3798mv100_out/obj/source/boot/product/; \
) fi
  CC      drivers/gpu/drm/drm_encoder_slave.o
  CC      fs/ext4/balloc.o
  CC      net/bluetooth/amp.o
  CC      drivers/hid/hid-monterey.o
make -C board/hi3798mx/
  CC      net/core/utils.o
make[4]: Entering directory '/home/ray/workplace/git_download/HiSTB_origin/HiSTBLinux/out/hi3798mv100/hi3798mv100_out/obj/source/boot/fastboot/board/hi3798mx'
  CC      drivers/hid/usbhid/hid-core.o
  CC      drivers/hid/usbhid/hid-quirks.o
  CC      drivers/gpu/drm/drm_trace_points.o
  CC      kernel/kallsyms.o
  CC      net/core/link_watch.o
  CC      net/core/filter.o
  CC      fs/ext4/bitmap.o
  CC      net/bluetooth/hci_debugfs.o
arm-histbv310-linux-gcc  -g  -Os  -fno-strict-aliasing -fno-common -ffixed-r8   -D__KERNEL__ -DTEXT_BASE=0x00c00000 -I/home/ray/workplace/git_download/HiSTB_origin/HiSTBLinux/out/hi3798mv100/hi3798mv100_out/obj/source/boot/fastboot/include -I/home/ray/workplace/git_download/HiSTB_origin/HiSTBLinux/out/hi3798mv100/hi3798mv100_out/obj/source/boot/fastboot -fno-builtin -ffreestanding -nostdinc -mfloat-abi=soft -isystem /home/ray/workplace/git_download/HiSTB_origin/HiSTBLinux/tools/linux/toolchains/arm-histbv310-linux/bin/../lib/gcc/arm-gcc492_glibc224-linux-gnueabi/4.9.2/include -pipe -DCONFIG_ARM -D__ARM__ -marm -mno-thumb-interwork  -mabi=aapcs-linux -march=armv7-a -DVERSION=3 -DPATCHLEVEL=3 -DSUBLEVEL=0 -DCONFIG_AUXIMAGE=\"/home/ray/workplace/git_download/HiSTB_origin/HiSTBLinux/out/hi3798mv100/hi3798mv100_out/obj/source/boot/fastboot/auxcode_sign.img\"   -DVERSION=3 -DPATCHLEVEL=3 -DSUBLEVEL=0 -DCONFIG_AUXIMAGE=\"/home/ray/workplace/git_download/HiSTB_origin/HiSTBLinux/out/hi3798mv100/hi3798mv100_out/obj/source/boot/fastboot/auxcode_sign.img\"   -Wall -Wstrict-prototypes -fno-stack-protector   \
	-o board.o board.c -c
  CC      drivers/gpu/drm/drm_global.o
board.c: In function 'board_eth_init':
board.c:116:2: warning: implicit declaration of function 'hieth_initialize' [-Wimplicit-function-declaration]
  rc = hieth_initialize();
  ^
arm-histbv310-linux-gcc  -g  -Os  -fno-strict-aliasing -fno-common -ffixed-r8   -D__KERNEL__ -DTEXT_BASE=0x00c00000 -I/home/ray/workplace/git_download/HiSTB_origin/HiSTBLinux/out/hi3798mv100/hi3798mv100_out/obj/source/boot/fastboot/include -I/home/ray/workplace/git_download/HiSTB_origin/HiSTBLinux/out/hi3798mv100/hi3798mv100_out/obj/source/boot/fastboot -fno-builtin -ffreestanding -nostdinc -mfloat-abi=soft -isystem /home/ray/workplace/git_download/HiSTB_origin/HiSTBLinux/tools/linux/toolchains/arm-histbv310-linux/bin/../lib/gcc/arm-gcc492_glibc224-linux-gnueabi/4.9.2/include -pipe -DCONFIG_ARM -D__ARM__ -marm -mno-thumb-interwork  -mabi=aapcs-linux -march=armv7-a -DVERSION=3 -DPATCHLEVEL=3 -DSUBLEVEL=0 -DCONFIG_AUXIMAGE=\"/home/ray/workplace/git_download/HiSTB_origin/HiSTBLinux/out/hi3798mv100/hi3798mv100_out/obj/source/boot/fastboot/auxcode_sign.img\"   -DVERSION=3 -DPATCHLEVEL=3 -DSUBLEVEL=0 -DCONFIG_AUXIMAGE=\"/home/ray/workplace/git_download/HiSTB_origin/HiSTBLinux/out/hi3798mv100/hi3798mv100_out/obj/source/boot/fastboot/auxcode_sign.img\"   -Wall -Wstrict-prototypes -fno-stack-protector   \
	-o eth_cfg_setup.o eth_cfg_setup.c -c
  CC      kernel/cgroup.o
  CC      drivers/gpu/drm/drm_prime.o
  CC      fs/ext4/dir.o
  CC      fs/ext4/file.o
arm-histbv310-linux-ar crv libhi3798mx.a board.o eth_cfg_setup.o
  CC      drivers/hid/usbhid/hiddev.o
r - board.o
r - eth_cfg_setup.o
make[4]: Leaving directory '/home/ray/workplace/git_download/HiSTB_origin/HiSTBLinux/out/hi3798mv100/hi3798mv100_out/obj/source/boot/fastboot/board/hi3798mx'
make -C /home/ray/workplace/git_download/HiSTB_origin/HiSTBLinux/out/hi3798mv100/hi3798mv100_out/obj/source/boot/fastboot/arch/arm/cpu/hi3798mx/ u-boot.lds
make[4]: Entering directory '/home/ray/workplace/git_download/HiSTB_origin/HiSTBLinux/out/hi3798mv100/hi3798mv100_out/obj/source/boot/fastboot/arch/arm/cpu/hi3798mx'
  CC      drivers/gpu/drm/drm_rect.o
make[4]: Nothing to be done for 'u-boot.lds'.
make[4]: Leaving directory '/home/ray/workplace/git_download/HiSTB_origin/HiSTBLinux/out/hi3798mv100/hi3798mv100_out/obj/source/boot/fastboot/arch/arm/cpu/hi3798mx'
arm-histbv310-linux-gcc -E -g  -Os  -fno-strict-aliasing -fno-common -ffixed-r8   -D__KERNEL__ -DTEXT_BASE=0x00c00000 -I/home/ray/workplace/git_download/HiSTB_origin/HiSTBLinux/out/hi3798mv100/hi3798mv100_out/obj/source/boot/fastboot/include -I/home/ray/workplace/git_download/HiSTB_origin/HiSTBLinux/out/hi3798mv100/hi3798mv100_out/obj/source/boot/fastboot -fno-builtin -ffreestanding -nostdinc -mfloat-abi=soft -isystem /home/ray/workplace/git_download/HiSTB_origin/HiSTBLinux/tools/linux/toolchains/arm-histbv310-linux/bin/../lib/gcc/arm-gcc492_glibc224-linux-gnueabi/4.9.2/include -pipe -DCONFIG_ARM -D__ARM__ -marm -mno-thumb-interwork  -mabi=aapcs-linux -march=armv7-a -DVERSION=3 -DPATCHLEVEL=3 -DSUBLEVEL=0 -DCONFIG_AUXIMAGE=\"/home/ray/workplace/git_download/HiSTB_origin/HiSTBLinux/out/hi3798mv100/hi3798mv100_out/obj/source/boot/fastboot/auxcode_sign.img\"   -DVERSION=3 -DPATCHLEVEL=3 -DSUBLEVEL=0 -include /home/ray/workplace/git_download/HiSTB_origin/HiSTBLinux/out/hi3798mv100/hi3798mv100_out/obj/source/boot/fastboot/include/u-boot/u-boot.lds.h  -ansi -D__ASSEMBLY__ -P - </home/ray/workplace/git_download/HiSTB_origin/HiSTBLinux/out/hi3798mv100/hi3798mv100_out/obj/source/boot/fastboot/arch/arm/cpu/hi3798mx/u-boot.lds >u-boot.lds
  CC      net/core/sock_diag.o
  CC      net/bluetooth/bnep/core.o
  CC      fs/ext4/fsync.o
  CC      net/bluetooth/hidp/core.o
UNDEF_SYM=`arm-histbv310-linux-objdump -x board/hi3798mx/libhi3798mx.a lib/libgeneric.a lib/lzma/liblzma.a lib/lzo/liblzo.a arch/arm/cpu/hi3798mx/libhi3798mx.a arch/arm/lib/libarm.a net/libnet.a drivers/mmc/libmmc.a fs/ext4/libext4.a drivers/mtd/libmtd.a drivers/mtd/spi/libspi_flash.a drivers/net/libnet.a drivers/net/phy/libphy.a drivers/net/hisfv300/libhisfv300.a drivers/net/higmac/libhigmac.a drivers/net/stmmac/libstmmac.a drivers/serial/libserial.a drivers/usb/host/libusb_host.a fs/fat/libfat.a disk/libdisk.a drivers/ddr/hi3798mx/libddr.a common/libcommon.a /home/ray/workplace/git_download/HiSTB_origin/HiSTBLinux/out/hi3798mv100/hi3798mv100_out/obj/source/boot/product/libproduct.a | sed  -n -e 's/.*\(__u_boot_cmd_.*\)/-u\1/p'|sort|uniq`; cd /home/ray/workplace/git_download/HiSTB_origin/HiSTBLinux/out/hi3798mv100/hi3798mv100_out/obj/source/boot/fastboot && arm-histbv310-linux-ld -Bstatic -T u-boot.lds  -Ttext 0x00c00000 $UNDEF_SYM arch/arm/cpu/hi3798mx/start.o --start-group lib/libgeneric.a lib/lzma/liblzma.a lib/lzo/liblzo.a arch/arm/cpu/hi3798mx/libhi3798mx.a arch/arm/lib/libarm.a net/libnet.a drivers/mmc/libmmc.a fs/ext4/libext4.a drivers/mtd/libmtd.a drivers/mtd/spi/libspi_flash.a drivers/net/libnet.a drivers/net/phy/libphy.a drivers/net/hisfv300/libhisfv300.a drivers/net/higmac/libhigmac.a drivers/net/stmmac/libstmmac.a drivers/serial/libserial.a drivers/usb/host/libusb_host.a fs/fat/libfat.a disk/libdisk.a drivers/ddr/hi3798mx/libddr.a common/libcommon.a /home/ray/workplace/git_download/HiSTB_origin/HiSTBLinux/out/hi3798mv100/hi3798mv100_out/obj/source/boot/product/libproduct.a board/hi3798mx/libhi3798mx.a --end-group /home/ray/workplace/git_download/HiSTB_origin/HiSTBLinux/out/hi3798mv100/hi3798mv100_out/obj/source/boot/fastboot/arch/arm/lib/eabi_compat.o -L /home/ray/workplace/git_download/HiSTB_origin/HiSTBLinux/out/hi3798mv100/hi3798mv100_out/obj/source/boot/fastboot/arch/arm/lib -lgcc -L /home/ray/workplace/git_download/HiSTB_origin/HiSTBLinux/out/hi3798mv100/hi3798mv100_out/obj/source/boot/fastboot/arch/arm/lib -lgcc -Map u-boot.map -o u-boot
  LD      drivers/hid/usbhid/usbhid.o
  LD      drivers/hid/usbhid/built-in.o
  LD      drivers/hid/hid.o
  LD      drivers/hid/hid-logitech.o
  LD      drivers/hid/built-in.o
  CC      drivers/hisilicon/atags/atags2fdt.o
/home/ray/workplace/git_download/HiSTB_origin/HiSTBLinux/source/kernel/linux-4.4.y/drivers/hisilicon/atags/atags2fdt.c: In function 'deal_atags':
/home/ray/workplace/git_download/HiSTB_origin/HiSTBLinux/source/kernel/linux-4.4.y/drivers/hisilicon/atags/atags2fdt.c:274:15: warning: unused variable 'node' [-Wunused-variable]
  int memsize, node;
               ^
  CC      drivers/gpu/drm/drm_vma_manager.o
  CC      drivers/hisilicon/atags/atags.o
  CC      fs/ext4/ialloc.o
arm-histbv310-linux-objcopy -O srec u-boot u-boot.srec
  CC      net/core/dev_ioctl.o
  CC      drivers/hisilicon/atags/tag-param.o
  CC      drivers/hisilicon/atags/tag-sdkver.o
  CC      net/bluetooth/bnep/sock.o
  CC      drivers/hisilicon/atags/tag-net.o
  CC      drivers/gpu/drm/drm_flip_work.o
arm-histbv310-linux-objcopy --gap-fill=0xff -O binary u-boot u-boot.bin
  CC      drivers/hisilicon/atags/tag-chiptrim.o
  CC      net/bluetooth/hidp/sock.o
arm-histbv310-linux-objcopy -j .text -O binary u-boot u-boot.text
  CC      drivers/hisilicon/atags/tag-emmc.o
  CC      net/core/tso.o
  CC      drivers/hisilicon/atags/tag-bootreg.o
  LD      drivers/hisilicon/atags/built-in.o
  CC      drivers/gpu/drm/drm_modeset_lock.o
  CC      net/bluetooth/bnep/netdev.o
  CC      drivers/hisilicon/clk/hi3798mx/clk-hi3798mv100.o
  CC      kernel/cgroup_freezer.o
  CC      drivers/hisilicon/clk/hi3798mx/clk-hiusb2.o
  LD      net/bluetooth/hidp/hidp.o
  LD      net/bluetooth/hidp/built-in.o
  CC      drivers/hisilicon/clk/hi3798mx/clk-hiusb3.o
  CC      fs/ext4/inode.o
  CC      net/core/flow.o
  CC      net/core/net-sysfs.o
  CC      drivers/gpu/drm/drm_atomic.o
  CC      kernel/cgroup_pids.o
  CC      drivers/hisilicon/clk/hi3798mx/clk-hiir.o
  LD      net/bluetooth/bnep/bnep.o
  LD      net/bluetooth/bnep/built-in.o
  LD      drivers/hisilicon/clk/hi3798mx/built-in.o
  CC      drivers/hisilicon/clk/clk-hisi.o
  CC      net/bluetooth/rfcomm/core.o
  CC      kernel/cpuset.o
  CC      net/bluetooth/rfcomm/sock.o
  CC      drivers/hisilicon/clk/reset-hisilicon.o
fastboot-burn.bin is Ready.
  LD      drivers/hisilicon/clk/built-in.o
make[3]: Leaving directory '/home/ray/workplace/git_download/HiSTB_origin/HiSTBLinux/out/hi3798mv100/hi3798mv100_out/obj/source/boot/fastboot'
make[2]: Leaving directory '/home/ray/workplace/git_download/HiSTB_origin/HiSTBLinux/out/hi3798mv100/hi3798mv100_out/obj/source/boot/fastboot'
  CC      drivers/hisilicon/cma/hi_cma.o
make[1]: Leaving directory '/home/ray/workplace/git_download/HiSTB_origin/HiSTBLinux/source/boot'
  CC      drivers/gpu/drm/drm_bridge.o
  CC      drivers/hisilicon/flash_stats/flash_stats.o
  CC      net/core/net-procfs.o
  LD      drivers/hisilicon/cma/built-in.o
  CC      drivers/gpu/drm/ati_pcigart.o
  CC      drivers/hisilicon/flash_stats/stats_rwe.o
  CC      kernel/utsname.o
  CC      drivers/hisilicon/hash_vrf_dev/verify.o
  CC      fs/ext4/page-io.o
  CC      kernel/user_namespace.o
  CC      drivers/hisilicon/flash_stats/stats_ecc.o
  CC      drivers/gpu/drm/drm_of.o
  CC      net/core/fib_rules.o
/home/ray/workplace/git_download/HiSTB_origin/HiSTBLinux/source/kernel/linux-4.4.y/drivers/hisilicon/hash_vrf_dev/verify.c: In function 'part_find_num':
/home/ray/workplace/git_download/HiSTB_origin/HiSTBLinux/source/kernel/linux-4.4.y/drivers/hisilicon/hash_vrf_dev/verify.c:84:12: warning: passing argument 1 of 'strim' from incompatible pointer type
  b = strim(buffer);
            ^
In file included from /home/ray/workplace/git_download/HiSTB_origin/HiSTBLinux/source/kernel/linux-4.4.y/include/linux/bitmap.h:8:0,
                 from /home/ray/workplace/git_download/HiSTB_origin/HiSTBLinux/source/kernel/linux-4.4.y/include/linux/nodemask.h:92,
                 from /home/ray/workplace/git_download/HiSTB_origin/HiSTBLinux/source/kernel/linux-4.4.y/include/linux/mmzone.h:16,
                 from /home/ray/workplace/git_download/HiSTB_origin/HiSTBLinux/source/kernel/linux-4.4.y/include/linux/gfp.h:5,
                 from /home/ray/workplace/git_download/HiSTB_origin/HiSTBLinux/source/kernel/linux-4.4.y/include/linux/kmod.h:22,
                 from /home/ray/workplace/git_download/HiSTB_origin/HiSTBLinux/source/kernel/linux-4.4.y/include/linux/module.h:13,
                 from /home/ray/workplace/git_download/HiSTB_origin/HiSTBLinux/source/kernel/linux-4.4.y/drivers/hisilicon/hash_vrf_dev/verify.c:9:
/home/ray/workplace/git_download/HiSTB_origin/HiSTBLinux/source/kernel/linux-4.4.y/include/linux/string.h:66:14: note: expected 'char *' but argument is of type 'char **'
 extern char *strim(char *);
              ^
/home/ray/workplace/git_download/HiSTB_origin/HiSTBLinux/source/kernel/linux-4.4.y/drivers/hisilicon/hash_vrf_dev/verify.c:79:9: warning: unused variable 'has_st' [-Wunused-variable]
  char * has_st ;
         ^
/home/ray/workplace/git_download/HiSTB_origin/HiSTBLinux/source/kernel/linux-4.4.y/drivers/hisilicon/hash_vrf_dev/verify.c:76:9: warning: unused variable 'haspart' [-Wunused-variable]
  char * haspart;
         ^
/home/ray/workplace/git_download/HiSTB_origin/HiSTBLinux/source/kernel/linux-4.4.y/drivers/hisilicon/hash_vrf_dev/verify.c: In function 'early_verify_paramter':
/home/ray/workplace/git_download/HiSTB_origin/HiSTBLinux/source/kernel/linux-4.4.y/drivers/hisilicon/hash_vrf_dev/verify.c:106:12: warning: passing argument 1 of 'strim' from incompatible pointer type
  b = strim(buffer);
            ^
In file included from /home/ray/workplace/git_download/HiSTB_origin/HiSTBLinux/source/kernel/linux-4.4.y/include/linux/bitmap.h:8:0,
                 from /home/ray/workplace/git_download/HiSTB_origin/HiSTBLinux/source/kernel/linux-4.4.y/include/linux/nodemask.h:92,
                 from /home/ray/workplace/git_download/HiSTB_origin/HiSTBLinux/source/kernel/linux-4.4.y/include/linux/mmzone.h:16,
                 from /home/ray/workplace/git_download/HiSTB_origin/HiSTBLinux/source/kernel/linux-4.4.y/include/linux/gfp.h:5,
                 from /home/ray/workplace/git_download/HiSTB_origin/HiSTBLinux/source/kernel/linux-4.4.y/include/linux/kmod.h:22,
                 from /home/ray/workplace/git_download/HiSTB_origin/HiSTBLinux/source/kernel/linux-4.4.y/include/linux/module.h:13,
                 from /home/ray/workplace/git_download/HiSTB_origin/HiSTBLinux/source/kernel/linux-4.4.y/drivers/hisilicon/hash_vrf_dev/verify.c:9:
/home/ray/workplace/git_download/HiSTB_origin/HiSTBLinux/source/kernel/linux-4.4.y/include/linux/string.h:66:14: note: expected 'char *' but argument is of type 'char **'
 extern char *strim(char *);
              ^
/home/ray/workplace/git_download/HiSTB_origin/HiSTBLinux/source/kernel/linux-4.4.y/drivers/hisilicon/hash_vrf_dev/verify.c: In function 'sha256_string':
/home/ray/workplace/git_download/HiSTB_origin/HiSTBLinux/source/kernel/linux-4.4.y/drivers/hisilicon/hash_vrf_dev/verify.c:265:6: warning: unused variable 'readlen' [-Wunused-variable]
  int readlen;
      ^
/home/ray/workplace/git_download/HiSTB_origin/HiSTBLinux/source/kernel/linux-4.4.y/drivers/hisilicon/hash_vrf_dev/verify.c: At top level:
/home/ray/workplace/git_download/HiSTB_origin/HiSTBLinux/source/kernel/linux-4.4.y/drivers/hisilicon/hash_vrf_dev/verify.c:235:13: warning: 'compose_num' defined but not used [-Wunused-function]
 static char compose_num(char a,char b)
             ^
  CC      net/bluetooth/rfcomm/tty.o
  LD      drivers/hisilicon/hash_vrf_dev/built-in.o
  CC      drivers/hisilicon/flash_stats/stats_read_retry.o
  CC      drivers/hisilicon/initfile/initfile.o
  CC      drivers/hisilicon/initmrd/initmrd.o
  CC      kernel/pid_namespace.o
  LD      drivers/gpu/drm/drm.o
  LD      drivers/gpu/drm/built-in.o
  LD      drivers/hisilicon/flash_stats/built-in.o
  GZIP    kernel/config_data.gz
  LD      drivers/gpu/built-in.o
  CC      kernel/stop_machine.o
  LD      drivers/hisilicon/initfile/built-in.o
  CC      kernel/audit.o
  LD      drivers/hisilicon/initmrd/built-in.o
  CC      fs/fat/cache.o
  CC      drivers/hisilicon/kapi/sem.o
  CC      fs/ext4/ioctl.o
  CC      net/core/net-traces.o
  CC      drivers/hisilicon/kapi/mem.o
  CC      fs/fat/dir.o
  LD      net/bluetooth/rfcomm/rfcomm.o
  LD      net/bluetooth/rfcomm/built-in.o
  LD      net/bluetooth/bluetooth.o
  CC      kernel/auditfilter.o
  LD      net/bluetooth/built-in.o
  CC      kernel/seccomp.o
  CC      kernel/relay.o
  CC      drivers/hisilicon/kapi/param.o
  CC      drivers/hisilicon/kapi/ultohstr.o
  CC      drivers/hisilicon/kapi/match.o
  CC      drivers/hisilicon/kapi/pdm.o
  CC      fs/fat/fatent.o
  CC      fs/ext4/namei.o
  CC      drivers/hisilicon/kapi/sram.o
  CC      fs/fat/file.o
/home/ray/workplace/git_download/HiSTB_origin/HiSTBLinux/source/kernel/linux-4.4.y/drivers/hisilicon/kapi/sram.c:84:27: warning: 'sram_pm_syscore_ops' defined but not used [-Wunused-variable]
 static struct syscore_ops sram_pm_syscore_ops = {
                           ^
  CC      net/dns_resolver/dns_key.o
  LD      drivers/hisilicon/kapi/built-in.o
  CC      net/dccp/ccid.o
  CC      kernel/utsname_sysctl.o
  CC      drivers/hisilicon/misc/hisp804-timer.o
  CC      net/core/netprio_cgroup.o
  CC      drivers/hisilicon/misc/hifixtimer.o
  CC      kernel/tracepoint.o
  CC      net/dns_resolver/dns_query.o
  CC      fs/fat/inode.o
  CC      drivers/hisilicon/misc/romblock.o
  CC      fs/fat/misc.o
  LD      net/dns_resolver/dns_resolver.o
  LD      net/dns_resolver/built-in.o
  CC      fs/fat/nfs.o
  CC      kernel/elfcore.o
  CC      drivers/hisilicon/misc/export_sym.o
  CC      net/dccp/feat.o
  CC      net/core/netclassid_cgroup.o
  CC      fs/ext4/super.o
  CC      kernel/irq_work.o
  CC      drivers/hisilicon/misc/part-change.o
  CC      drivers/hisilicon/misc/i2c-hisi.o
  CC      kernel/cpu_pm.o
  CC      net/core/lwtunnel.o
  CC      kernel/context_tracking.o
  CC      fs/fat/namei_vfat.o
  CC      drivers/hisilicon/misc/hw_breakpoint.o
  CC [M]  drivers/hisilicon/misc/hrtimer_test.o
  CC      fs/fscache/cache.o
  CC      net/dccp/input.o
  CC      kernel/membarrier.o
  CC      fs/fuse/dev.o
  CC      fs/fscache/cookie.o
  LD      drivers/hisilicon/misc/built-in.o
  LD      net/core/built-in.o
  CC      drivers/hisilicon/soc/cputable.o
  CC      drivers/hisilicon/usbotg/hiotg.o
  CC      fs/fat/namei_msdos.o
  CC      drivers/hisilicon/soc/hi3798mv100/cpu-hi3798mv100.o
  CC      kernel/memremap.o
  CC      drivers/hisilicon/soc/hi3798mv100/hipm.o
  CC      fs/fscache/fsdef.o
  LD      drivers/hisilicon/usbotg/built-in.o
  CC      fs/fscache/main.o
  CHK     kernel/config_data.h
  CC      kernel/configs.o
  CC      net/dccp/minisocks.o
/home/ray/workplace/git_download/HiSTB_origin/HiSTBLinux/source/kernel/linux-4.4.y/drivers/hisilicon/soc/hi3798mv100/hipm.c: In function 'do_ca_pm_suspend':
/home/ray/workplace/git_download/HiSTB_origin/HiSTBLinux/source/kernel/linux-4.4.y/drivers/hisilicon/soc/hi3798mv100/hipm.c:52:6: warning: unused variable 'ret' [-Wunused-variable]
  int ret = 0;
      ^
  LD      drivers/hisilicon/soc/hi3798mv100/built-in.o
  LD      fs/fat/fat.o
  LD      drivers/hisilicon/soc/built-in.o
  LD      fs/fat/vfat.o
  LD      fs/fat/msdos.o
  LD      drivers/hisilicon/built-in.o
  LD      fs/fat/built-in.o
  CC      net/ethernet/eth.o
  CC      fs/ext4/symlink.o
  LD      kernel/built-in.o
  CC      fs/fscache/netfs.o
  CC      drivers/i2c/i2c-boardinfo.o
  CC      arch/arm/lib/delay.o
  CC      fs/fuse/dir.o
  CC      drivers/i2c/i2c-core.o
  CC      fs/fscache/object.o
  CC      fs/fuse/file.o
  CC      net/dccp/options.o
  AR      arch/arm/lib/lib.a
  CC      fs/fscache/operation.o
  LD      net/ethernet/built-in.o
  CC      net/dccp/output.o
  CC      fs/fscache/page.o
  CC      fs/fscache/proc.o
  CC      net/ipv6/addrconf_core.o
  CC      fs/fuse/inode.o
  CC      net/dccp/proto.o
  CC      net/ipv4/route.o
  LD      fs/fscache/fscache.o
  LD      fs/fscache/built-in.o
  CC      net/dccp/timer.o
  CC      net/dccp/qpolicy.o
  CC      drivers/i2c/i2c-dev.o
  CC      net/ipv6/exthdrs_core.o
  CC      fs/fuse/control.o
  CC      drivers/i2c/i2c-mux.o
  CC      drivers/iio/industrialio-core.o
  CC      net/dccp/ccids/ccid2.o
  CC      drivers/input/input.o
  CC      net/ipv6/ip6_checksum.o
  CC      fs/fuse/cuse.o
  CC      drivers/i2c/algos/i2c-algo-bit.o
  CC      drivers/iio/industrialio-event.o
  CC      net/ipv6/ip6_icmp.o
  LD      drivers/i2c/algos/built-in.o
  CC      net/ipv4/inetpeer.o
  CC      drivers/i2c/i2c-slave-eeprom.o
  LD      fs/fuse/fuse.o
  LD      fs/fuse/built-in.o
  CC      net/ipv4/protocol.o
  CC      net/dccp/ackvec.o
  CC      drivers/iio/inkern.o
  LD      drivers/i2c/built-in.o
  CC      net/dccp/ccids/ccid3.o
  CC      drivers/input/input-compat.o
  CC      net/ipv6/output_core.o
  CC      net/dccp/ccids/lib/tfrc.o
  CC      fs/ext4/hash.o
  CC      drivers/input/input-mt.o
  CC      net/ipv4/ip_input.o
  CC      net/ipv4/ip_fragment.o
  CC      fs/ext4/resize.o
  CC      drivers/input/ff-core.o
  CC      net/ipv6/protocol.o
  CC      drivers/input/ff-memless.o
  LD      drivers/iio/industrialio.o
  LD      drivers/iio/built-in.o
  CC      net/dccp/ccids/lib/tfrc_equation.o
  CC      net/dccp/ccids/lib/packet_history.o
  CC      net/dccp/ccids/lib/loss_interval.o
  CC      fs/ext4/extents.o
  CC      net/ipv6/ip6_offload.o
  CC      drivers/input/input-leds.o
  CC      net/ipv4/ip_forward.o
  CC      drivers/input/mousedev.o
  CC      fs/isofs/namei.o
  CC      fs/isofs/inode.o
  CC      net/dccp/sysctl.o
  CC      net/ipv6/tcpv6_offload.o
  CC      net/ipv6/udp_offload.o
  CC      fs/ext4/ext4_jbd2.o
  CC      net/ipv4/ip_options.o
  CC      drivers/input/joydev.o
  CC      net/dccp/ipv4.o
  CC      fs/isofs/dir.o
  CC      net/ipv4/ip_output.o
  CC      net/ipv6/exthdrs_offload.o
  CC      drivers/input/evdev.o
  CC      fs/isofs/util.o
  CC      fs/ext4/migrate.o
  CC      drivers/input/gameport/gameport.o
  LD      net/ipv6/built-in.o
  CC      fs/isofs/rock.o
  CC      drivers/input/serio/serio.o
  CC      net/dccp/diag.o
  LD      drivers/input/gameport/built-in.o
  CC      fs/ext4/mballoc.o
  CC      drivers/input/joystick/xpad.o
  CC      drivers/iommu/iommu.o
  CC      fs/isofs/export.o
  CC      drivers/input/serio/serport.o
  CC      drivers/input/serio/libps2.o
  CC      net/ipv4/ip_sockglue.o
  LD      net/dccp/dccp.o
  LD      fs/isofs/isofs.o
  LD      net/dccp/dccp_ipv4.o
  LD      fs/isofs/built-in.o
  LD      net/dccp/dccp_diag.o
  CC      fs/ext4/block_validity.o
  LD      net/dccp/built-in.o
  CC      drivers/irqchip/irqchip.o
  CC      drivers/leds/led-core.o
  LD      drivers/input/joystick/built-in.o
  CC      drivers/input/keyboard/atkbd.o
  LD      drivers/input/serio/built-in.o
  CC      fs/ext4/move_extent.o
  CC      drivers/leds/led-class.o
  CC      drivers/irqchip/irq-gic.o
  CC      drivers/iommu/iommu-traces.o
  CC      net/ipv4/inet_hashtables.o
  CC      drivers/leds/led-triggers.o
  LD      drivers/input/keyboard/built-in.o
  CC      drivers/input/misc/uinput.o
  LD      drivers/leds/built-in.o
  CC      fs/ext4/mmp.o
  CC      drivers/irqchip/irq-gic-common.o
  CC      net/ipv4/inet_timewait_sock.o
  CC      drivers/iommu/iommu-sysfs.o
  CC      fs/ext4/indirect.o
  LD      drivers/irqchip/built-in.o
  CC      net/ipv4/inet_connection_sock.o
  CC      drivers/iommu/io-pgtable.o
  CC      net/ipv4/tcp.o
  CC      drivers/iommu/io-pgtable-arm.o
  CC      net/ipv4/tcp_input.o
  LD      drivers/input/misc/built-in.o
  CC      drivers/input/mouse/psmouse-base.o
  CC      drivers/input/mouse/synaptics.o
  CC      drivers/input/mouse/focaltech.o
  CC      fs/ext4/extents_status.o
  CC      drivers/iommu/of_iommu.o
  CC      drivers/iommu/arm-smmu.o
  CC      drivers/input/mouse/alps.o
  CC      drivers/iommu/hisi-iommu.o
  CC      net/ipv4/tcp_output.o
  CC      lib/lockref.o
  CC      net/ipv4/tcp_timer.o
  CC      fs/ext4/xattr.o
  CC      drivers/iommu/hisi-iommu-domain.o
  CC      lib/bcd.o
  CC      lib/div64.o
  CC      fs/jbd2/transaction.o
  CC      lib/sort.o
  CC      drivers/input/mouse/logips2pp.o
  CC      lib/parser.o
  CC      lib/halfmd4.o
  LD      drivers/iommu/built-in.o
  CC      fs/jbd2/commit.o
  CC      lib/debug_locks.o
  CC      drivers/input/mouse/trackpoint.o
  CC      drivers/input/mouse/cypress_ps2.o
  CC      lib/random32.o
  CC      fs/ext4/xattr_user.o
  CC      net/ipv4/tcp_ipv4.o
  CC      lib/bust_spinlocks.o
  LD      drivers/input/mouse/psmouse.o
  LD      drivers/input/mouse/built-in.o
  CC [M]  drivers/input/tablet/wacom_serial4.o
  CC      lib/kasprintf.o
  CC      net/ipv4/tcp_minisocks.o
  CC      net/key/af_key.o
  CC      fs/ext4/xattr_trusted.o
  CC      lib/bitmap.o
  CC      fs/jbd2/recovery.o
  CC      fs/jffs2/compr.o
  LD      drivers/input/input-core.o
  LD      drivers/input/built-in.o
  CC      fs/ext4/inline.o
  CC      lib/scatterlist.o
  CC      fs/jffs2/dir.o
  CC      drivers/media/i2c/ir-kbd-i2c.o
  CC      lib/gcd.o
  CC      fs/jbd2/checkpoint.o
  CC      lib/lcm.o
  CC      lib/list_sort.o
  CC      lib/uuid.o
  CC      fs/ext4/readpage.o
  LD      drivers/media/i2c/built-in.o
  CC      fs/jffs2/file.o
  CC      lib/flex_array.o
  CC      net/ipv4/tcp_cong.o
  CC      fs/jbd2/revoke.o
  CC      lib/iov_iter.o
  CC      fs/jffs2/ioctl.o
  CC      drivers/media/tuners/tuner-xc2028.o
  CC      fs/ext4/sysfs.o
  CC      fs/jffs2/nodelist.o
  CC      fs/jbd2/journal.o
  LD      net/key/built-in.o
  CC      drivers/media/tuners/tuner-simple.o
  CC      net/ipv4/tcp_metrics.o
  CC      fs/ext4/acl.o
  CC      fs/jffs2/malloc.o
  CC      drivers/media/rc/keymaps/rc-adstech-dvb-t-pci.o
  CC      lib/clz_ctz.o
  CC      fs/ext4/xattr_security.o
  CC      lib/bsearch.o
  CC      drivers/media/rc/keymaps/rc-alink-dtu-m.o
  CC      fs/jffs2/read.o
  CC      lib/find_bit.o
  CC      drivers/media/rc/keymaps/rc-anysee.o
  CC      drivers/media/tuners/tuner-types.o
  CC      lib/llist.o
  CC      fs/jffs2/nodemgmt.o
  CC      lib/memweight.o
  CC      drivers/media/rc/keymaps/rc-apac-viewcomp.o
  CC      lib/kfifo.o
  CC      drivers/media/tuners/mt20xx.o
  LD      fs/ext4/ext4.o
  LD      fs/ext4/built-in.o
  CC      net/ipv4/tcp_fastopen.o
  CC      drivers/media/rc/keymaps/rc-asus-pc39.o
  CC      drivers/media/rc/keymaps/rc-asus-ps3-100.o
  CC      fs/jffs2/readinode.o
  CC      net/ipv4/tcp_recovery.o
  CC      drivers/media/rc/keymaps/rc-ati-tv-wonder-hd-600.o
  CC      drivers/media/tuners/tda8290.o
  CC      lib/percpu-refcount.o
  CC      drivers/media/rc/keymaps/rc-ati-x10.o
  CC      fs/jffs2/write.o
  CC      drivers/media/rc/keymaps/rc-avermedia-a16d.o
  LD      fs/jbd2/jbd2.o
  LD      fs/jbd2/built-in.o
  CC      fs/jffs2/scan.o
  CC      lib/percpu_ida.o
  CC      net/ipv4/tcp_offload.o
  CC      lib/rhashtable.o
  CC      drivers/media/rc/keymaps/rc-avermedia.o
  CC      drivers/media/rc/keymaps/rc-avermedia-cardbus.o
  CC      drivers/media/tuners/tda9887.o
  CC      drivers/media/rc/keymaps/rc-avermedia-dvbt.o
  CC      drivers/media/tuners/tda827x.o
  CC      fs/jffs2/gc.o
  CC      net/llc/llc_core.o
  CC      drivers/media/rc/keymaps/rc-avermedia-m135a.o
  CC      net/llc/llc_input.o
  CC      lib/reciprocal_div.o
  CC      net/ipv4/datagram.o
  CC      drivers/media/rc/keymaps/rc-avermedia-m733a-rm-k6.o
  CC      lib/once.o
  CC      net/ipv4/raw.o
  CC      drivers/media/tuners/tda18271-maps.o
  CC      drivers/media/tuners/tda18271-common.o
  CC      lib/string_helpers.o
  CC      drivers/media/rc/keymaps/rc-avermedia-rm-ks.o
  CC      net/llc/llc_output.o
  CC      lib/hexdump.o
  CC      fs/jffs2/symlink.o
  CC      drivers/media/rc/keymaps/rc-avertv-303.o
  CC      drivers/media/rc/keymaps/rc-azurewave-ad-tu700.o
  CC      drivers/media/rc/keymaps/rc-behold.o
  CC      lib/kstrtox.o
  CC      fs/jffs2/build.o
  CC      drivers/media/tuners/tda18271-fe.o
  CC      drivers/media/tuners/xc5000.o
  CC      drivers/media/rc/keymaps/rc-behold-columbus.o
  LD      net/llc/llc.o
  LD      net/llc/built-in.o
  CC      drivers/media/tuners/xc4000.o
  CC      lib/pci_iomap.o
  CC      drivers/media/rc/keymaps/rc-budget-ci-old.o
  CC      net/ipv4/udp.o
  CC      fs/jffs2/erase.o
  CC [M]  net/mac80211/main.o
  CC      drivers/media/rc/keymaps/rc-cinergy-1400.o
  CC      lib/iomap_copy.o
  CC [M]  net/mac80211/status.o
  CC      lib/devres.o
  CC      drivers/media/rc/keymaps/rc-cinergy.o
  CC      net/ipv4/udplite.o
  CC      fs/jffs2/background.o
  CC      drivers/media/rc/keymaps/rc-delock-61959.o
  CC      drivers/media/tuners/mc44s803.o
  CC      lib/hweight.o
  CC      drivers/media/rc/keymaps/rc-dib0700-nec.o
  CC      fs/jffs2/fs.o
  CC      lib/assoc_array.o
  LD      drivers/media/tuners/tda18271.o
  CC      fs/jffs2/writev.o
  LD      drivers/media/tuners/built-in.o
  CC      drivers/media/rc/keymaps/rc-dib0700-rc5.o
  CC [M]  fs/jfs/super.o
  CC      fs/jffs2/super.o
  CC [M]  net/mac80211/driver-ops.o
  CC      fs/jffs2/debug.o
  CC      drivers/media/rc/keymaps/rc-digitalnow-tinytwin.o
  CC      lib/bitrev.o
  CC      net/ipv4/udp_offload.o
  CC      lib/rational.o
  CC      lib/crc-ccitt.o
  CC      drivers/media/rc/keymaps/rc-digittrade.o
  CC      drivers/media/rc/keymaps/rc-dm1105-nec.o
  CC      lib/crc16.o
  CC      fs/jffs2/wbuf.o
  CC      lib/crc-itu-t.o
  CC      drivers/media/rc/keymaps/rc-dntv-live-dvb-t.o
  CC      fs/kernfs/mount.o
  CC [M]  fs/jfs/file.o
  CC      lib/crc32.o
  CC      fs/lockd/clntlock.o
  CC      drivers/media/rc/keymaps/rc-dntv-live-dvbt-pro.o
  CC [M]  net/mac80211/sta_info.o
  CC      net/ipv4/arp.o
  CC      fs/kernfs/inode.o
  CC [M]  fs/jfs/inode.o
  CC      drivers/media/rc/keymaps/rc-dvbsky.o
  CC      lib/libcrc32c.o
  CC      drivers/media/rc/keymaps/rc-em-terratec.o
  CC      fs/jffs2/compr_rtime.o
  CC      fs/kernfs/dir.o
  CC      lib/genalloc.o
  CC      drivers/media/rc/keymaps/rc-encore-enltv2.o
  CC [M]  fs/jfs/namei.o
  CC      fs/lockd/clntproc.o
  CC      fs/jffs2/compr_zlib.o
  CC      drivers/media/rc/keymaps/rc-encore-enltv.o
  LD      fs/jffs2/jffs2.o
  CC      lib/lz4/lz4_compress.o
  LD      fs/jffs2/built-in.o
  CC      fs/lockd/clntxdr.o
  CC      drivers/media/rc/keymaps/rc-encore-enltv-fm53.o
  CC      net/ipv4/icmp.o
  CC      fs/kernfs/file.o
  CC      drivers/media/rc/keymaps/rc-evga-indtube.o
  CC      lib/lz4/lz4_decompress.o
  CC [M]  fs/jfs/jfs_mount.o
  CC      drivers/media/rc/keymaps/rc-eztv.o
  LD      lib/lz4/built-in.o
  CC      net/ipv4/devinet.o
  CC      lib/lzo/lzo1x_compress.o
  CC      fs/lockd/host.o
  CC      drivers/media/rc/keymaps/rc-flydvb.o
  CC [M]  net/mac80211/wep.o
  CC [M]  fs/jfs/jfs_umount.o
  CC      fs/kernfs/symlink.o
  CC      lib/lzo/lzo1x_decompress_safe.o
  CC      drivers/media/rc/keymaps/rc-flyvideo.o
  CC      net/ipv4/af_inet.o
  LD      fs/kernfs/built-in.o
  CC [M]  net/mac80211/wpa.o
  LD      lib/lzo/lzo_compress.o
  LD      lib/lzo/lzo_decompress.o
  LD      lib/lzo/built-in.o
  CC      drivers/media/rc/keymaps/rc-fusionhdtv-mce.o
  CC [M]  fs/jfs/jfs_xtree.o
  CC      lib/xz/xz_dec_syms.o
  CC      lib/xz/xz_dec_stream.o
  CC      drivers/media/rc/keymaps/rc-gadmei-rm008z.o
  CC [M]  net/mac80211/scan.o
  CC      fs/lockd/svc.o
  CC      drivers/media/rc/keymaps/rc-genius-tvgo-a11mce.o
  CC      lib/xz/xz_dec_lzma2.o
  CC      drivers/media/rc/keymaps/rc-gotview7135.o
  CC      lib/xz/xz_dec_bcj.o
  CC      fs/lockd/svclock.o
  CC      drivers/media/rc/keymaps/rc-imon-mce.o
  CC      drivers/media/rc/keymaps/rc-imon-pad.o
  CC      net/mpls/mpls_gso.o
  CC      net/ipv4/igmp.o
  LD      lib/xz/xz_dec.o
  CC      net/ipv4/fib_frontend.o
  LD      lib/xz/built-in.o
  CC      lib/zlib_deflate/deflate.o
  CC [M]  fs/jfs/jfs_imap.o
  CC      drivers/media/rc/keymaps/rc-iodata-bctv7e.o
  CC [M]  net/mac80211/offchannel.o
  CC      drivers/media/rc/keymaps/rc-it913x-v1.o
  LD      net/mpls/built-in.o
  CC [M]  net/mac80211/ht.o
  CC      lib/zlib_deflate/deftree.o
  CC      fs/lockd/svcshare.o
  CC      drivers/media/rc/keymaps/rc-it913x-v2.o
  CC      drivers/media/rc/keymaps/rc-kaiomy.o
  CC      drivers/media/rc/keymaps/rc-kworld-315u.o
  CC      drivers/media/rc/keymaps/rc-kworld-pc150u.o
  CC [M]  fs/jfs/jfs_debug.o
  CC      lib/zlib_deflate/deflate_syms.o
  CC      net/ipv4/fib_semantics.o
  CC      fs/lockd/svcproc.o
  CC [M]  net/mac80211/agg-tx.o
  CC [M]  net/mac80211/agg-rx.o
  CC      drivers/media/rc/keymaps/rc-kworld-plus-tv-analog.o
  LD      lib/zlib_deflate/zlib_deflate.o
  LD      lib/zlib_deflate/built-in.o
  CC [M]  fs/jfs/jfs_dmap.o
  CC      lib/zlib_inflate/inffast.o
  CC      lib/zlib_inflate/inflate.o
  CC      drivers/media/rc/keymaps/rc-leadtek-y04g0051.o
  CC      drivers/media/rc/keymaps/rc-lirc.o
  CC [M]  net/mac80211/vht.o
  CC      fs/lockd/svcsubs.o
  CC      drivers/media/rc/keymaps/rc-lme2510.o
  CC      drivers/media/rc/keymaps/rc-manli.o
  CC      lib/zlib_inflate/infutil.o
  CC      drivers/media/rc/keymaps/rc-medion-x10.o
  CC      fs/lockd/mon.o
  CC      lib/zlib_inflate/inftrees.o
  CC      drivers/mmc/card/block.o
  CC      drivers/media/rc/keymaps/rc-medion-x10-digitainer.o
  CC      net/ipv4/fib_trie.o
  CC      lib/zlib_inflate/inflate_syms.o
  CC [M]  fs/jfs/jfs_unicode.o
  CC [M]  net/mac80211/ibss.o
  CC      net/ipv4/inet_fragment.o
  LD      lib/zlib_inflate/zlib_inflate.o
  LD      lib/zlib_inflate/built-in.o
  CC      lib/percpu_counter.o
  CC      drivers/media/rc/keymaps/rc-medion-x10-or2x.o
  CC [M]  fs/jfs/jfs_dtree.o
  CC      drivers/media/rc/keymaps/rc-msi-digivox-ii.o
  CC      lib/audit.o
  CC      fs/lockd/xdr.o
  CC      drivers/media/rc/keymaps/rc-msi-digivox-iii.o
  CC      lib/swiotlb.o
  CC      drivers/mmc/card/queue.o
  CC      drivers/media/rc/keymaps/rc-msi-tvanywhere.o
  CC      net/ipv4/ping.o
  CC      drivers/media/rc/keymaps/rc-msi-tvanywhere-plus.o
  CC      fs/lockd/clnt4xdr.o
  CC      fs/lockd/xdr4.o
  CC [M]  net/mac80211/iface.o
  CC      drivers/media/rc/keymaps/rc-nebula.o
  CC      drivers/mmc/card/sdio_uart.o
  CC      drivers/media/rc/keymaps/rc-nec-terratec-cinergy-xs.o
  CC      lib/iommu-helper.o
  CC      lib/iommu-common.o
  CC      drivers/media/rc/keymaps/rc-norwood.o
  CC [M]  net/mac80211/rate.o
  CC [M]  fs/jfs/jfs_inode.o
  CC      fs/lockd/svc4proc.o
  CC      drivers/media/rc/keymaps/rc-npgtech.o
  CC      net/ipv4/ip_tunnel_core.o
  CC      lib/syscall.o
  LD      drivers/mmc/card/mmc_block.o
  LD      drivers/mmc/card/built-in.o
  CC      drivers/media/rc/keymaps/rc-pctv-sedna.o
  CC [M]  fs/jfs/jfs_discard.o
  CC      lib/dynamic_debug.o
  CC      drivers/mmc/core/core.o
  CC      drivers/media/rc/keymaps/rc-pinnacle-color.o
  CC [M]  fs/jfs/jfs_extent.o
  CC      fs/lockd/procfs.o
  CC      drivers/mmc/host/ushc.o
  CC      drivers/media/rc/keymaps/rc-pinnacle-grey.o
  CC [M]  net/mac80211/michael.o
  CC      net/ipv4/gre_offload.o
  CC      drivers/media/rc/keymaps/rc-pinnacle-pctv-hd.o
  CC [M]  fs/jfs/symlink.o
  LD      fs/lockd/lockd.o
  LD      fs/lockd/built-in.o
  CC      net/ipv4/ip_tunnel.o
  CC      lib/nlattr.o
  CC [M]  fs/jfs/jfs_metapage.o
  CC      drivers/media/rc/keymaps/rc-pixelview.o
  CC [M]  net/mac80211/tkip.o
  CC      drivers/mmc/host/himciv200/himciv200.o
  CC      drivers/media/rc/keymaps/rc-pixelview-mk12.o
  CC      drivers/mmc/core/bus.o
  CC      lib/cpu_rmap.o
  CC      drivers/media/rc/keymaps/rc-pixelview-002t.o
  CC      lib/cordic.o
  CC [M]  fs/jfs/jfs_logmgr.o
  CC      drivers/media/rc/keymaps/rc-pixelview-new.o
  CC      lib/dynamic_queue_limits.o
  CC      net/ipv4/sysctl_net_ipv4.o
  CC [M]  net/mac80211/aes_ccm.o
  CC      lib/strncpy_from_user.o
  CC      drivers/mmc/core/host.o
  CC      drivers/media/rc/keymaps/rc-powercolor-real-angel.o
  CC [M]  net/mac80211/aes_gcm.o
  CC      lib/strnlen_user.o
  CC      drivers/mmc/host/himciv200/himciv200_dbg.o
  CC      drivers/media/rc/keymaps/rc-proteus-2309.o
  CC      drivers/media/rc/keymaps/rc-purpletv.o
  CC      lib/net_utils.o
  CC      lib/oid_registry.o
  CC      drivers/mmc/core/mmc.o
  CC [M]  fs/jfs/jfs_txnmgr.o
  CC      net/ipv4/sysfs_net_ipv4.o
  CC      drivers/media/rc/keymaps/rc-pv951.o
  CC [M]  net/mac80211/aes_cmac.o
  LD      drivers/mmc/host/himciv200/built-in.o
  LD      drivers/mmc/host/built-in.o
  CC      drivers/mmc/core/mmc_ops.o
  CC      net/ipv4/proc.o
  CC      lib/argv_split.o
  CC      drivers/media/rc/keymaps/rc-hauppauge.o
  CC      lib/bug.o
  CC      drivers/media/rc/keymaps/rc-rc6-mce.o
  CC      drivers/media/rc/keymaps/rc-real-audio-220-32-keys.o
  CC [M]  net/mac80211/aes_gmac.o
  CC      lib/cmdline.o
  CC      net/ipv4/fib_rules.o
  CC      lib/cpumask.o
  CC      drivers/media/rc/keymaps/rc-reddo.o
  CC      drivers/media/rc/keymaps/rc-snapstream-firefly.o
  CC [M]  drivers/media/usb/gspca/gspca.o
  CC      drivers/mmc/core/sd.o
  CC      lib/ctype.o
  CC      lib/dec_and_lock.o
  CC [M]  net/mac80211/cfg.o
  CC [M]  fs/jfs/jfs_uniupr.o
  CC      drivers/media/rc/keymaps/rc-streamzap.o
  CC      lib/decompress.o
  CC [M]  drivers/media/usb/gspca/autogain_functions.o
  CC      lib/decompress_bunzip2.o
  CC [M]  fs/jfs/resize.o
  CC      drivers/media/rc/keymaps/rc-tbs-nec.o
  CC      net/ipv4/ipmr.o
  CC      drivers/media/rc/keymaps/rc-technisat-ts35.o
  CC      drivers/mmc/core/sd_ops.o
  CC      lib/decompress_inflate.o
  CC [M]  net/mac80211/ethtool.o
  CC [M]  fs/jfs/xattr.o
  CC      drivers/media/rc/keymaps/rc-technisat-usb2.o
  CC      lib/decompress_unlz4.o
  CC      drivers/media/rc/keymaps/rc-terratec-cinergy-c-pci.o
  LD [M]  drivers/media/usb/gspca/gspca_main.o
  CC      drivers/mmc/core/sdio.o
  CC      lib/decompress_unlzma.o
  CC      drivers/media/usb/uvc/uvc_driver.o
  CC      drivers/media/rc/keymaps/rc-terratec-cinergy-s2-hd.o
  CC [M]  fs/jfs/ioctl.o
  CC      drivers/media/rc/keymaps/rc-terratec-cinergy-xs.o
  CC      drivers/media/rc/keymaps/rc-terratec-slim.o
  CC      lib/decompress_unlzo.o
  CC      drivers/mmc/core/sdio_ops.o
  CC      drivers/media/rc/keymaps/rc-terratec-slim-2.o
  CC      drivers/media/rc/keymaps/rc-tevii-nec.o
  CC [M]  fs/jfs/acl.o
  CC      lib/decompress_unxz.o
  CC      drivers/mmc/core/sdio_bus.o
  CC      drivers/media/rc/keymaps/rc-tivo.o
  CC      net/ipv4/ipip.o
  CC [M]  net/mac80211/rx.o
  LD [M]  fs/jfs/jfs.o
  CC      drivers/media/rc/keymaps/rc-total-media-in-hand.o
  CC      lib/dump_stack.o
  CC      drivers/mmc/core/sdio_cis.o
  CC      drivers/media/rc/keymaps/rc-total-media-in-hand-02.o
  CC      lib/earlycpio.o
  CC      drivers/media/usb/uvc/uvc_queue.o
  CC      lib/extable.o
  CC      fs/nfs_common/nfsacl.o
  CC      drivers/media/rc/keymaps/rc-trekstor.o
  CC      lib/fdt.o
  CC      fs/nfs/client.o
  CC      net/ipv4/fou.o
  CC      drivers/mmc/core/sdio_io.o
  CC      lib/fdt_empty_tree.o
  CC      drivers/media/rc/keymaps/rc-tt-1500.o
  CC      lib/fdt_ro.o
  CC      fs/nfs_common/grace.o
  CC      drivers/media/usb/uvc/uvc_v4l2.o
  CC      drivers/media/rc/keymaps/rc-twinhan-dtv-cab-ci.o
  CC      lib/fdt_rw.o
  CC      drivers/mmc/core/sdio_irq.o
  LD      fs/nfs_common/nfs_acl.o
  LD      fs/nfs_common/built-in.o
  CC      drivers/media/usb/uvc/uvc_video.o
  CC      drivers/media/rc/keymaps/rc-twinhan1027.o
  CC      lib/fdt_strerror.o
  CC      lib/fdt_sw.o
  CC      drivers/media/rc/keymaps/rc-videomate-m1f.o
  CC      lib/fdt_wip.o
  CC      net/ipv4/gre_demux.o
  CC      fs/nfs/dir.o
  CC      lib/flex_proportions.o
  CC      drivers/mmc/core/quirks.o
  CC      drivers/media/rc/keymaps/rc-videomate-s350.o
  CC      drivers/mmc/core/slot-gpio.o
  CC      lib/idr.o
  CC      fs/nfsd/trace.o
  CC      drivers/media/rc/keymaps/rc-videomate-tv-pvr.o
  CC [M]  net/mac80211/spectmgmt.o
  CC      drivers/media/rc/keymaps/rc-winfast.o
  CC      drivers/media/usb/uvc/uvc_ctrl.o
  CC      net/ipv4/ip_gre.o
  CC      drivers/mmc/core/pwrseq.o
  CC      drivers/media/rc/keymaps/rc-winfast-usbii-deluxe.o
  CC      fs/nfsd/nfssvc.o
  CC      lib/int_sqrt.o
  CC      lib/ioremap.o
  CC [M]  net/mac80211/tx.o
  CC      drivers/media/rc/keymaps/rc-su3000.o
  CC      drivers/mmc/core/pwrseq_simple.o
  CC      lib/irq_regs.o
  LD      drivers/media/rc/keymaps/built-in.o
  CC      lib/is_single_threaded.o
  CC      drivers/media/rc/rc-main.o
  CC      fs/nfsd/nfsctl.o
  CC      drivers/media/usb/uvc/uvc_status.o
  CC      lib/klist.o
  CC      drivers/mmc/core/pwrseq_emmc.o
  CC      fs/nfs/file.o
  CC      net/ipv4/udp_tunnel.o
  CC      lib/kobject.o
  CC      drivers/media/usb/uvc/uvc_isight.o
  CC      drivers/mmc/core/debugfs.o
  CC      drivers/media/rc/rc-ir-raw.o
  CC      net/ipv4/ip_vti.o
  CC      fs/nfsd/nfsproc.o
  CC      lib/kobject_uevent.o
  CC      drivers/media/usb/uvc/uvc_debugfs.o
  LD      drivers/mmc/core/mmc_core.o
  CC      drivers/media/rc/ir-nec-decoder.o
  LD      drivers/mmc/core/built-in.o
  LD      drivers/mmc/built-in.o
  CC      lib/md5.o
  CC      fs/nfs/getroot.o
  CC      drivers/media/usb/uvc/uvc_entity.o
  CC      lib/nmi_backtrace.o
  CC [M]  net/mac80211/key.o
  CC      fs/nfsd/nfsfh.o
  CC      drivers/media/rc/ir-rc5-decoder.o
  CC      net/ipv4/syncookies.o
  LD      drivers/media/usb/uvc/uvcvideo.o
  CC      lib/plist.o
  LD      drivers/media/usb/uvc/built-in.o
  LD      drivers/media/usb/built-in.o
  CC      fs/nls/nls_base.o
  CC      fs/nls/nls_cp437.o
  CC      fs/nfs/inode.o
  CC      lib/proportions.o
  CC      drivers/media/rc/ir-rc6-decoder.o
  CC      fs/nfsd/vfs.o
  CC      lib/radix-tree.o
  CC      fs/nls/nls_cp936.o
  CC [M]  net/mac80211/util.o
  CC      drivers/media/rc/ir-jvc-decoder.o
  CC      net/ipv4/ah4.o
  CC      net/ipv4/esp4.o
  CC      fs/nls/nls_ascii.o
  CC      lib/ratelimit.o
  CC      drivers/media/rc/ir-sony-decoder.o
  CC      lib/rbtree.o
  CC      fs/nls/nls_iso8859-1.o
  CC      fs/nls/nls_utf8.o
  CC      fs/nfsd/export.o
  CC      lib/seq_buf.o
  CC      drivers/media/rc/ir-sanyo-decoder.o
  CC [M]  fs/nls/nls_cp737.o
  CC      drivers/media/rc/ir-sharp-decoder.o
  CC      fs/nfs/super.o
  CC [M]  fs/nls/nls_cp775.o
  CC      lib/sha1.o
  CC      fs/nfs/direct.o
  CC      net/ipv4/ipcomp.o
  CC [M]  fs/nls/nls_cp850.o
  CC      drivers/media/rc/ir-mce_kbd-decoder.o
  CC      lib/show_mem.o
  CC [M]  fs/nls/nls_cp852.o
  CC      fs/nfsd/auth.o
  CC [M]  fs/nls/nls_cp855.o
  CC      lib/string.o
  CC      net/ipv4/xfrm4_tunnel.o
  CC      drivers/media/rc/ir-xmp-decoder.o
  CC [M]  net/mac80211/wme.o
  CC [M]  fs/nls/nls_cp857.o
  CC      fs/nfsd/lockd.o
  CC [M]  fs/nls/nls_cp860.o
  CC      lib/timerqueue.o
  CC      lib/vsprintf.o
  CC      drivers/media/rc/gpio-ir-recv.o
  CC      fs/nfs/pagelist.o
  CC [M]  fs/nls/nls_cp861.o
  CC      fs/nfsd/nfscache.o
  CC      net/ipv4/xfrm4_mode_beet.o
  CC      net/ipv4/inet_lro.o
  CC [M]  fs/nls/nls_cp862.o
  CC [M]  net/mac80211/chan.o
  LD      drivers/media/rc/rc-core.o
  LD      drivers/media/rc/built-in.o
  CC [M]  fs/nls/nls_cp863.o
  CC      drivers/media/v4l2-core/v4l2-dev.o
  CC [M]  fs/nls/nls_cp864.o
  CC      drivers/media/media-device.o
  CC [M]  fs/nls/nls_cp865.o
  CC      net/ipv4/tunnel4.o
  CC      fs/nfsd/nfsxdr.o
  CC      fs/nfs/read.o
  CC [M]  fs/nls/nls_cp866.o
  CC      net/ipv4/xfrm4_mode_transport.o
  CC [M]  fs/nls/nls_cp869.o
  LD      lib/built-in.o
  CC      drivers/media/v4l2-core/v4l2-ioctl.o
  AR      lib/lib.a
  CC      drivers/media/v4l2-core/v4l2-device.o
  CC [M]  fs/nls/nls_cp874.o
  CC      drivers/media/v4l2-core/v4l2-fh.o
  CC      fs/nfsd/stats.o
  CC [M]  fs/nls/nls_cp932.o
  CC [M]  net/mac80211/trace.o
  CC      net/ipv4/xfrm4_mode_tunnel.o
  CC      drivers/media/media-devnode.o
  CC      fs/nfs/symlink.o
  CC      fs/nfs/unlink.o
  CC      fs/nfsd/nfs2acl.o
  CC [M]  fs/nls/nls_euc-jp.o
  CC [M]  fs/nls/nls_cp949.o
  CC      fs/notify/fsnotify.o
  CC      net/ipv4/ipconfig.o
  CC      fs/nfsd/nfs3proc.o
  CC      fs/ntfs/aops.o
  CC [M]  fs/nls/nls_cp950.o
  CC      fs/nfs/write.o
  CC      fs/notify/notification.o
  CC      drivers/media/v4l2-core/v4l2-event.o
  CC      fs/nfsd/nfs3xdr.o
  CC [M]  fs/nls/nls_cp1250.o
  CC      fs/notify/group.o
  CC      drivers/media/v4l2-core/v4l2-ctrls.o
  CC [M]  fs/nls/nls_cp1251.o
  CC [M]  fs/nls/nls_iso8859-2.o
  CC      fs/notify/inode_mark.o
  CC      net/ipv4/netfilter.o
  CC      fs/ntfs/attrib.o
  CC [M]  fs/nls/nls_iso8859-3.o
  CC      fs/nfsd/nfs3acl.o
  CC [M]  fs/nls/nls_iso8859-4.o
  CC      fs/notify/mark.o
  CC [M]  fs/nls/nls_iso8859-5.o
  CC      fs/nfs/namespace.o
  CC      fs/nfsd/nfs4proc.o
  CC [M]  fs/nls/nls_iso8859-6.o
  CC      net/ipv4/netfilter/nf_conntrack_l3proto_ipv4_compat.o
  CC      fs/notify/vfsmount_mark.o
  CC [M]  fs/nls/nls_iso8859-7.o
  CC [M]  fs/nls/nls_cp1255.o
  CC      fs/ntfs/collate.o
  CC      fs/notify/fdinfo.o
  CC      drivers/media/v4l2-core/v4l2-subdev.o
  CC      fs/nfs/mount_clnt.o
  CC [M]  fs/nls/nls_iso8859-9.o
  CC      net/ipv4/netfilter/nf_conntrack_l3proto_ipv4.o
  CC [M]  fs/nls/nls_iso8859-13.o
  CC      fs/notify/dnotify/dnotify.o
  CC      fs/ntfs/compress.o
  CC [M]  fs/nls/nls_iso8859-14.o
  CC      fs/nfsd/nfs4xdr.o
  CC      drivers/media/v4l2-core/v4l2-clk.o
  LD      fs/notify/dnotify/built-in.o
  CC [M]  fs/nls/nls_iso8859-15.o
  CC      fs/nfs/nfstrace.o
  CC      fs/notify/inotify/inotify_fsnotify.o
  CC [M]  fs/nls/nls_koi8-r.o
  CC      net/ipv4/netfilter/nf_conntrack_proto_icmp.o
  CC      fs/notify/inotify/inotify_user.o
  CC [M]  fs/nls/nls_koi8-u.o
  CC      drivers/media/v4l2-core/v4l2-async.o
  CC      fs/ntfs/debug.o
  CC [M]  fs/nls/nls_koi8-ru.o
  CC      fs/ntfs/dir.o
  LD      fs/nls/built-in.o
  CC [M]  net/mac80211/mlme.o
  CC      drivers/media/v4l2-core/v4l2-of.o
  CC      net/ipv4/netfilter/nf_nat_l3proto_ipv4.o
  LD      fs/notify/inotify/built-in.o
  LD      fs/notify/built-in.o
  CC      net/ipv4/netfilter/nf_nat_proto_icmp.o
  CC      drivers/media/v4l2-core/vb2-trace.o
  CC      fs/proc/task_mmu.o
  CC      fs/ntfs/file.o
  CC      drivers/media/v4l2-core/v4l2-trace.o
  CC      fs/nfs/nfsroot.o
  CC      fs/quota/dquot.o
  CC      net/ipv4/netfilter/nf_defrag_ipv4.o
  CC      fs/proc/inode.o
  CC      drivers/media/v4l2-core/v4l2-common.o
  CC      fs/nfsd/nfs4state.o
  CC      fs/nfs/sysctl.o
  CC      net/ipv4/netfilter/nf_nat_masquerade_ipv4.o
  CC      fs/proc/root.o
  CC      drivers/media/v4l2-core/v4l2-dv-timings.o
  CC      fs/ntfs/index.o
  CC      fs/proc/base.o
  CC      fs/nfs/fscache.o
  CC      fs/quota/quota.o
  CC      net/ipv4/netfilter/arp_tables.o
  CC      drivers/media/v4l2-core/videobuf2-core.o
  CC      fs/ntfs/inode.o
  CC [M]  net/mac80211/tdls.o
  CC      fs/nfs/fscache-index.o
  CC      fs/quota/kqid.o
  CC [M]  fs/quota/quota_v1.o
  CC      net/ipv4/netfilter/nf_dup_ipv4.o
  CC      fs/proc/generic.o
  CC [M]  fs/quota/quota_v2.o
  CC      drivers/media/v4l2-core/videobuf2-v4l2.o
  CC      fs/nfs/nfs2super.o
  CC [M]  fs/quota/quota_tree.o
  LD      net/ipv4/netfilter/nf_conntrack_ipv4.o
  CC      fs/ntfs/mft.o
  LD      net/ipv4/netfilter/nf_nat_ipv4.o
  LD      net/ipv4/netfilter/built-in.o
  CC      net/ipv4/inet_diag.o
  CC [M]  net/mac80211/ocb.o
  CC      fs/proc/array.o
  CC      fs/nfs/proc.o
  LD      fs/quota/built-in.o
  CC      fs/nfsd/nfs4idmap.o
  CC      fs/nfsd/nfs4acl.o
  CC      drivers/media/v4l2-core/videobuf2-memops.o
  CC [M]  net/mac80211/led.o
  CC      fs/proc/fd.o
  CC      net/ipv4/tcp_diag.o
  CC      drivers/media/v4l2-core/videobuf2-vmalloc.o
  CC      fs/proc/proc_tty.o
  CC      fs/nfsd/nfs4callback.o
  CC      fs/nfs/nfs2xdr.o
  CC      net/ipv4/udp_diag.o
  CC      fs/proc/cmdline.o
  CC [M]  net/mac80211/mesh.o
  LD      drivers/media/v4l2-core/videodev.o
  LD      drivers/media/v4l2-core/built-in.o
  CC      drivers/media/media-entity.o
  CC      fs/proc/consoles.o
  CC      fs/ntfs/mst.o
  CC      fs/proc/cpuinfo.o
  CC      net/ipv4/tcp_cubic.o
  CC      fs/proc/devices.o
  CC      fs/nfsd/nfs4recover.o
  CC      fs/ntfs/namei.o
  CC      fs/nfs/nfs3super.o
  CC      fs/nfs/nfs3client.o
  LD      drivers/media/media.o
  LD      drivers/media/built-in.o
  CC      fs/proc/interrupts.o
  CC      fs/proc/loadavg.o
  CC [M]  drivers/msp/adac/slic/./profiles/profiles8.o
  CC      fs/ntfs/runlist.o
  CC [M]  drivers/msp/adac/slic/./hal/vp_hal.o
  CC      net/ipv4/tcp_memcontrol.o
  CC      fs/proc/meminfo.o
  CC [M]  drivers/msp/adac/slic/./hal/sys_service.o
  CC      fs/nfs/nfs3proc.o
  CC [M]  net/mac80211/mesh_pathtbl.o
  CC      fs/nfs/nfs3xdr.o
  CC [M]  drivers/msp/adac/slic/./common/vp_api_init.o
  CC      fs/proc/stat.o
  CC [M]  drivers/msp/adac/slic/./common/vp_api_control.o
  CC      fs/nfsd/nfs4layouts.o
  CC [M]  drivers/msp/adac/slic/./common/vp_api_query.o
  CC      net/ipv4/xfrm4_policy.o
  CC [M]  drivers/msp/adac/slic/./common/vp_api_common.o
  CC      fs/proc/uptime.o
  CC      fs/ntfs/super.o
  CC [M]  drivers/msp/adac/slic/./common/vp_api_cslac_seq.o
  CC [M]  net/mac80211/mesh_plink.o
  CC      fs/proc/version.o
  CC      fs/proc/softirqs.o
  CC      fs/nfs/nfs3acl.o
  CC [M]  drivers/msp/adac/slic/./common/vp_api_config.o
  CC      net/ipv4/xfrm4_state.o
  CC [M]  drivers/msp/adec/adec_v1_1/drv_adec.o
  CC      fs/nfsd/blocklayout.o
  CC [M]  drivers/msp/adac/slic/./common/vp_debug.o
  CC      fs/proc/namespaces.o
  CC [M]  drivers/msp/adac/slic/./common/vp_api_test.o
  CC [M]  drivers/msp/adac/slic/./vp890_api/vp890_config.o
  CC [M]  drivers/msp/adac/slic/./vp890_api/vp890_init.o
  CC      fs/nfsd/blocklayoutxdr.o
  CC [M]  drivers/msp/adec/adec_v1_1/drv_adec_k.o
  CC      fs/proc/self.o
  CC [M]  net/mac80211/mesh_hwmp.o
  CC      net/ipv4/xfrm4_input.o
  CC      fs/nfs/nfs4proc.o
  CC      fs/proc/thread_self.o
  CC [M]  drivers/msp/adac/slic/./vp890_api/vp890_control.o
  CC      fs/ntfs/sysctl.o
  LD [M]  drivers/msp/adec/adec_v1_1/hi_adec.o
  CC [M]  drivers/msp/adac/slic/./vp890_api/vp890_common.o
  CC      fs/ntfs/unistr.o
  LD      fs/nfsd/nfsd.o
  LD      fs/nfsd/built-in.o
  CC [M]  net/mac80211/mesh_sync.o
  CC      fs/proc/proc_sysctl.o
  CC [M]  net/mac80211/mesh_ps.o
  CC      net/ipv4/xfrm4_output.o
  CC      net/ipv4/xfrm4_protocol.o
  CC      fs/ntfs/upcase.o
  CC [M]  drivers/msp/adac/slic/./vp890_api/vp890_apiCal.o
  CC      fs/ntfs/bitmap.o
  CC [M]  drivers/msp/adsp/adsp_v1_1/drv_adsp_intf.o
  CC [M]  net/mac80211/pm.o
  CC [M]  drivers/msp/advca/drv_advca_intf.o
  CC      fs/proc/proc_net.o
  LD      net/ipv4/gre.o
  LD      net/ipv4/built-in.o
  CC      fs/ntfs/lcnalloc.o
  CC      fs/ntfs/logfile.o
  CC [M]  drivers/msp/adac/slic/./vp890_api/vp890_query.o
  CC [M]  drivers/msp/adsp/adsp_v1_1/drv_adsp.o
  CC [M]  drivers/msp/advca/drv_advca.o
  CC      fs/proc/kmsg.o
  CC [M]  drivers/msp/adac/slic/./vp890_api/vp890_seq.o
  CC [M]  net/mac80211/rc80211_minstrel.o
  CC [M]  drivers/msp/adsp/adsp_v1_1/drv_adsp_hal.o
  CC [M]  drivers/msp/adac/slic/./vp890_api/vp890_fxo_control.o
  CC [M]  drivers/msp/advca/drv_advca_common.o
  CC      fs/proc/page.o
  CC      fs/ntfs/quota.o
  CC [M]  drivers/msp/advca/drv_tee_advca.o
  CC [M]  net/mac80211/rc80211_minstrel_ht.o
  CC [M]  drivers/msp/adsp/adsp_v1_1/drv_adsp_proc.o
  CC [M]  drivers/msp/adac/slic/./vp890_api/vp890_fxs_control.o
  CC [M]  drivers/msp/advca/V300/hal_advca_v300.o
  CC      fs/ntfs/usnjrnl.o
  LD      fs/proc/proc.o
  LD      fs/proc/built-in.o
  CC [M]  drivers/msp/advca/V300/drv_advca_v300.o
  CC [M]  drivers/msp/adac/slic/./vp890_api/vp890_lp_control.o
  LD      fs/ntfs/ntfs.o
  LD      fs/ntfs/built-in.o
  CC [M]  drivers/msp/adsp/adsp_v1_1/osal/adsp_osal.o
  CC      drivers/mtd/mtdcore.o
  CC [M]  drivers/msp/adac/slic/./slac.o
  CC      net/netfilter/core.o
  CC [M]  drivers/msp/adac/slic/./slac89116.o
  LD [M]  net/mac80211/mac80211.o
  LD [M]  drivers/msp/adsp/adsp_v1_1/hi_adsp.o
  CC [M]  drivers/msp/advca/ca_otp/ca_otpv200/drv_ca_otp_v200.o
  CC [M]  drivers/msp/aenc/drv_aenc.o
  CC [M]  drivers/msp/advca/runtime/sha1.o
  CC      fs/nfs/nfs4xdr.o
  CC      drivers/mtd/mtdsuper.o
  LD [M]  drivers/msp/adac/slic/hi_slic.o
  CC      fs/nfs/nfs4state.o
  CC      fs/nfs/nfs4renewd.o
  CC      net/netfilter/nf_log.o
  CC      net/netfilter/nf_queue.o
  CC      drivers/mtd/mtdconcat.o
  LD [M]  drivers/msp/aenc/hi_aenc.o
  CC      drivers/mtd/mtdpart.o
  CC [M]  drivers/msp/advca/runtime/runtime_module.o
  CC      net/netfilter/nf_sockopt.o
  CC      drivers/mtd/mtdchar.o
  CC      net/netlink/af_netlink.o
  CC [M]  drivers/msp/aiao/aiao_v1_1/drv_aiao_module.o
  CC [M]  drivers/msp/aiao/aiao_v1_1/common/src/audio_util.o
  CC      net/openvswitch/actions.o
  CC      net/netfilter/nfnetlink.o
  CC      net/netfilter/nfnetlink_acct.o
  CC      drivers/mtd/ofpart.o
  CC [M]  drivers/msp/aiao/aiao_v1_1/common/src/hal_aiao.o
  CC      drivers/mtd/cmdlinepart.o
  CC      net/openvswitch/datapath.o
  CC      net/netfilter/nfnetlink_queue.o
  CC      drivers/mtd/mtd_blkdevs.o
  CC      net/netfilter/nf_conntrack_core.o
  CC      fs/nfs/nfs4super.o
  LD [M]  drivers/msp/advca/hi_advca.o
  CC      drivers/mtd/mtdblock.o
  CC [M]  drivers/msp/cipher/drv_cipher.o
  CC      net/netlink/genetlink.o
  CC      drivers/mtd/chips/chipreg.o
  CC [M]  drivers/msp/aiao/aiao_v1_1/common/src/hal_aiao_func.o
  LD      drivers/mtd/chips/built-in.o
  CC      fs/nfs/nfs4file.o
  CC [M]  drivers/msp/aiao/aiao_v1_1/common/src/hal_aiao_priv.o
  CC      drivers/mtd/devices/block2mtd.o
  CC      net/openvswitch/dp_notify.o
  CC      net/netfilter/nf_conntrack_standalone.o
  CC      fs/nfs/delegation.o
  LD      drivers/mtd/devices/built-in.o
  CC      net/netlink/diag.o
  CC      drivers/mtd/nand/nand_base.o
  CC      net/openvswitch/flow.o
  CC      drivers/mtd/nand/nand_bbt.o
  CC [M]  drivers/msp/cipher/hal_cipher.o
  CC [M]  drivers/msp/aiao/aiao_v1_1/common/src/hal_tianlai_adac.o
  CC      net/netfilter/nf_conntrack_expect.o
  LD      net/netlink/netlink_diag.o
  LD      net/netlink/built-in.o
  CC [M]  drivers/msp/cipher/drv_cipher_intf.o
  CC [M]  drivers/msp/aiao/aiao_v1_1/ao/drv_ao.o
  CC      drivers/mtd/nand/nand_timings.o
  CC      fs/nfs/nfs4idmap.o
  CC      net/openvswitch/flow_netlink.o
  CC [M]  drivers/msp/aiao/aiao_v1_1/ao/drv_ao_op.o
  CC [M]  drivers/msp/aiao/aiao_v1_1/ao/drv_ao_track.o
  CC [M]  drivers/msp/cipher/drv_rsa_bignum.o
  CC      net/netfilter/nf_conntrack_helper.o
  CC      drivers/mtd/nand/hinfc_gen.o
  CC      fs/nfs/callback.o
  CC      net/netfilter/nf_conntrack_proto.o
  CC      drivers/mtd/nand/hinfc_spl_ids.o
  CC [M]  drivers/msp/cipher/drv_rsa.o
  CC      drivers/mtd/nand/nand_ecc.o
  CC      net/openvswitch/flow_table.o
  CC      net/netfilter/nf_conntrack_l3proto_generic.o
  CC [M]  drivers/msp/cipher/cenc/drv_cenc.o
  CC      fs/nfs/callback_xdr.o
  CC      drivers/mtd/nand/nand_ids.o
  CC      fs/nfs/callback_proc.o
  CC      net/packet/af_packet.o
  LD [M]  drivers/msp/cipher/hi_cipher.o
  CC [M]  drivers/msp/aiao/aiao_v1_1/ao/hal_aoe_func.o
  CC      drivers/mtd/nand/hinfc610/hinfc610.o
  CC      net/netfilter/nf_conntrack_proto_generic.o
  CC      net/openvswitch/vport.o
  CC [M]  drivers/msp/dbe/hi_dbe.o
  CC      fs/nfs/nfs4namespace.o
  CC [M]  drivers/msp/aiao/aiao_v1_1/ao/hal_aoe.o
  CC      net/netfilter/nf_conntrack_proto_tcp.o
  CC      drivers/mtd/ubi/vtbl.o
  CC      drivers/mtd/nand/hinfc610/hinfc610_os.o
  CC      net/openvswitch/vport-internal_dev.o
  CC      drivers/net/Space.o
  CC      fs/nfs/nfs4getroot.o
  CC      drivers/mtd/nand/hinfc610/hinfc610_gen.o
  CC      drivers/mtd/ubi/vmt.o
  CC [M]  drivers/msp/aiao/aiao_v1_1/ao/drv_ao_intf.o
  CC      drivers/mtd/nand/hinfc610/hinfc610_dbg_inf.o
  CC      drivers/net/loopback.o
  CC      net/netfilter/nf_conntrack_proto_udp.o
  CC      net/packet/diag.o
  CC [M]  drivers/msp/aiao/aiao_v1_1/ao/drv_ao_cast.o
  CC      net/openvswitch/vport-netdev.o
  CC      fs/nfs/nfs4client.o
  CC      drivers/mtd/nand/hinfc610/hinfc610_ecc_info.o
  CC      drivers/mtd/ubi/upd.o
  LD      net/packet/af_packet_diag.o
  LD      net/packet/built-in.o
  CC      net/openvswitch/conntrack.o
  CC      net/netfilter/nf_conntrack_extend.o
  CC      drivers/mtd/nand/hinfc610/hinfc610_rw_latch.o
  CC      drivers/mtd/ubi/build.o
  CC [M]  drivers/msp/aiao/aiao_v1_1/ao/hal_cast.o
  CC      drivers/mtd/nand/hinfc610/hinfc610_read_retry_hynix_bg_cdie.o
  CC [M]  drivers/msp/aiao/aiao_v1_1/common/src/hal_tianlai_adac_v500.o
  CC      fs/nfs/nfs4session.o
  CC      drivers/net/ethernet/hieth/mdio.o
  CC      drivers/mtd/nand/hinfc610/hinfc610_read_retry_hynix_bg_bdie.o
  CC      net/netfilter/nf_conntrack_acct.o
  CC [M]  drivers/msp/aiao/aiao_v1_1/timer/drv_timer.o
  CC      net/openvswitch/vport-gre.o
  CC      drivers/mtd/ubi/cdev.o
  CC      drivers/mtd/ubi/kapi.o
  CC      drivers/mtd/nand/hinfc610/hinfc610_read_retry_hynix_cg_adie.o
  CC      drivers/net/ethernet/hieth/hieth.o
  CC      net/netfilter/nf_conntrack_seqadj.o
  CC [M]  drivers/msp/aiao/aiao_v1_1/ai/drv_ai_intf.o
  CC      fs/nfs/dns_resolve.o
  LD      net/openvswitch/openvswitch.o
  LD      net/openvswitch/built-in.o
  CC      fs/nfs/nfs4trace.o
  CC      drivers/mtd/nand/hinfc610/hinfc610_read_retry_micron.o
  CC      net/rfkill/core.o
  CC [M]  drivers/msp/aiao/aiao_v1_1/ai/drv_ai.o
  CC      drivers/mtd/ubi/eba.o
  CC      drivers/mtd/nand/hinfc610/hinfc610_read_retry_samsung.o
  CC      net/netfilter/nf_conntrack_proto_dccp.o
  CC      net/netfilter/nf_conntrack_proto_sctp.o
  CC      net/rfkill/input.o
  CC      drivers/net/ethernet/hieth/phy.o
  CC      drivers/mtd/nand/hinfc610/hinfc610_read_retry_toshiba_v2012.o
  CC      drivers/mtd/ubi/io.o
  LD      net/rfkill/rfkill.o
  LD      net/rfkill/built-in.o
  CC      drivers/net/ethernet/hieth/autoeee.o
  CC      drivers/mtd/ubi/wl.o
  CC      drivers/mtd/nand/hinfc610/hinfc610_read_retry_toshiba_v2013.o
  CC [M]  drivers/msp/aiao/aiao_v1_1/alsa/dsp_mix_v2/hiaiao_card.o
  CC [M]  drivers/msp/aiao/aiao_v1_1/alsa/dsp_mix_v2/hiaiao_dma.o
  CC      net/netfilter/nf_conntrack_netlink.o
  CC      drivers/mtd/nand/hinfc610/hinfc610_read_retry.o
  CC      drivers/net/ethernet/hieth/hieth_dbg.o
  CC      drivers/mtd/ubi/attach.o
  CC      fs/nfs/cache_lib.o
  CC      drivers/mtd/nand/hinfc610/hinfc610_sync.o
  CC      drivers/net/phy/phy.o
  CC [M]  drivers/msp/aiao/aiao_v1_1/alsa/dsp_mix_v2/hiaiao_codec.o
  LD      drivers/net/ethernet/hieth/built-in.o
  CC      fs/nfs/nfs4sysctl.o
  CC      fs/nfs/pnfs.o
  CC      drivers/mtd/nand/hinfc610/hinfc610_sync_onfi_23.o
  CC [M]  drivers/msp/aiao/aiao_v1_1/alsa/dsp_mix_v2/hiaiao_i2s.o
  CC      drivers/mtd/ubi/misc.o
  LD      drivers/net/ethernet/built-in.o
  CC      drivers/mtd/nand/hinfc610/hinfc610_sync_toggle.o
  CC      drivers/net/phy/phy_device.o
  CC      net/netfilter/nf_conntrack_tftp.o
  CC [M]  drivers/msp/aiao/aiao_v1_1/alsa/dsp_mix_v2/alsa_aiao_proc_func.o
  CC [M]  drivers/msp/aiao/aiao_v1_1/alsa/dsp_mix_v2/drv_ao_func.o
  CC      net/sched/sch_generic.o
  CC      drivers/mtd/ubi/debug.o
  CC      drivers/mtd/nand/hinfc610/hinfc620_gen.o
  CC [M]  drivers/msp/aiao/aiao_v1_1/alsa/dsp_mix_v2/alsa_aiao_volume_func.o
  CC      drivers/mtd/nand/hinfc610/hinfc610_rw_latch_hi3798mv100.o
  CC      net/netfilter/nf_nat_core.o
  CC      drivers/mtd/nand/hinfc610/hinfc610_dbg.o
  CC      net/sctp/sm_statetable.o
  LD      drivers/mtd/ubi/ubi.o
  LD      drivers/mtd/ubi/built-in.o
  CC      net/netfilter/nf_nat_proto_unknown.o
  CC      drivers/net/phy/mdio_bus.o
  CC [M]  drivers/msp/aiao/aiao_v1_1/alsa/dsp_mix_v2/drv_ai_func.o
  CC      net/sched/sch_mq.o
  CC      fs/nfs/pnfs_dev.o
  CC      drivers/mtd/nand/hinfc610/hinfc610_dbg_dump.o
  LD      drivers/mtd/mtd.o
  CC      fs/nfs/pnfs_nfs.o
  CC      net/sctp/sm_statefuns.o
  LD [M]  drivers/msp/aiao/aiao_v1_1/hi_aiao.o
  CC [M]  drivers/msp/ddr/detect_ddr.o
  LD      drivers/net/phy/libphy.o
  LD      drivers/net/phy/built-in.o
  CC      drivers/net/ppp/ppp_generic.o
  LD      net/sched/built-in.o
  CC      net/netfilter/nf_nat_proto_common.o
  CC      drivers/mtd/nand/hinfc610/hinfc610_dbg_erase_count.o
  CC      drivers/net/slip/slhc.o
  LD [M]  drivers/msp/ddr/ddr.o
  CC [M]  drivers/msp/demux/demux_v2/drv_demux_intf.o
  CC [M]  drivers/msp/gpio/drv_gpio_intf.o
  CC      drivers/mtd/nand/hinfc610/hinfc610_dbg_read_count.o
  CC      net/netfilter/nf_nat_proto_udp.o
  CC      fs/nfs/nfs42proc.o
  CC [M]  drivers/msp/gpio/drv_gpio.o
  LD      drivers/net/slip/built-in.o
  CC      drivers/mtd/nand/hinfc610/hinfc610_dbg_ecc_count.o
grep: include/linux/mali/mali_utgard_uk_types.h: No such file or directory
  CC      net/netfilter/nf_nat_proto_tcp.o
  CC [M]  drivers/msp/demux/demux_v2/drv_demux.o
  CC      drivers/net/ppp/ppp_async.o
  LD [M]  drivers/msp/gpio/hi_gpio.o
  CC      drivers/net/ppp/bsd_comp.o
  CC      drivers/mtd/nand/hinfc610/hinfc610_dbg_read_retry.o
  CC      fs/nfs/filelayout/filelayout.o
  CC [M]  drivers/msp/gpu/utgard/linux/mali_osk_atomics.o
  CC      net/netfilter/nf_nat_helper.o
  CC      fs/nfs/filelayout/filelayoutdev.o
  CC [M]  drivers/msp/gpu/utgard/linux/mali_osk_irq.o
  LD      drivers/mtd/nand/hinfc610/built-in.o
  LD      drivers/mtd/nand/nand.o
  LD      drivers/mtd/nand/built-in.o
  LD      drivers/mtd/built-in.o
  CC [M]  drivers/msp/gpu/utgard/linux/mali_osk_wq.o
  CC      net/sctp/sm_sideeffect.o
  CC      drivers/net/ppp/ppp_deflate.o
  CC      net/sunrpc/clnt.o
  CC [M]  drivers/msp/gpu/utgard/linux/mali_osk_locks.o
  CC      net/netfilter/nf_nat_proto_dccp.o
  CC      drivers/net/ppp/ppp_synctty.o
  CC      net/netfilter/nf_nat_proto_sctp.o
  CC [M]  drivers/msp/demux/demux_v2/drv_demux_func.o
  CC [M]  drivers/msp/gpu/utgard/linux/mali_osk_wait_queue.o
  LD      fs/nfs/filelayout/nfs_layout_nfsv41_files.o
  LD      fs/nfs/filelayout/built-in.o
  CC [M]  fs/nfs/flexfilelayout/flexfilelayout.o
  CC [M]  drivers/msp/gpu/utgard/linux/mali_osk_low_level_mem.o
  CC [M]  fs/nfs/flexfilelayout/flexfilelayoutdev.o
  CC      net/sctp/protocol.o
  CC      net/netfilter/nf_nat_tftp.o
  LD      drivers/net/ppp/built-in.o
  CC [M]  drivers/msp/gpu/utgard/linux/mali_osk_math.o
  CC [M]  drivers/net/wireless/ath/main.o
  CC [M]  drivers/msp/gpu/utgard/linux/mali_osk_memory.o
  CC [M]  drivers/msp/gpu/utgard/linux/mali_osk_misc.o
  CC      net/sunrpc/xprt.o
  CC      net/netfilter/x_tables.o
  CC [M]  drivers/net/wireless/ath/regd.o
  CC [M]  drivers/msp/gpu/utgard/linux/mali_osk_mali.o
  CC      net/sunrpc/socklib.o
  LD [M]  fs/nfs/flexfilelayout/nfs_layout_flexfiles.o
  CC      net/sctp/endpointola.o
  LD      fs/nfs/nfs.o
  LD      fs/nfs/nfsv2.o
  LD      fs/nfs/nfsv3.o
  CC [M]  drivers/msp/gpu/utgard/linux/mali_osk_notification.o
  LD      fs/nfs/nfsv4.o
  LD      fs/nfs/built-in.o
  CC      fs/ramfs/inode.o
  CC [M]  drivers/net/wireless/ath/hw.o
  CC [M]  drivers/net/wireless/ath/key.o
  CC [M]  drivers/msp/gpu/utgard/linux/mali_osk_time.o
  CC      net/sunrpc/xprtsock.o
  CC      net/netfilter/xt_tcpudp.o
  CC      fs/ramfs/file-mmu.o
  CC [M]  drivers/msp/gpu/utgard/linux/mali_osk_timers.o
  CC      net/sctp/associola.o
  CC [M]  drivers/msp/demux/demux_v2/hal_demux.o
  CC [M]  drivers/msp/gpu/utgard/linux/mali_osk_bitmap.o
  LD      fs/ramfs/ramfs.o
  LD      fs/ramfs/built-in.o
  CC [M]  drivers/net/wireless/ath/dfs_pattern_detector.o
  CC [M]  fs/reiserfs/bitmap.o
  CC [M]  drivers/msp/gpu/utgard/linux/mali_memory.o
  LD      net/netfilter/netfilter.o
  LD      net/netfilter/nf_conntrack.o
  LD      net/netfilter/nf_nat.o
  LD      net/netfilter/built-in.o
  CC [M]  drivers/net/wireless/ath/dfs_pri_detector.o
  CC [M]  fs/reiserfs/do_balan.o
  CC      net/sctp/transport.o
  CC [M]  drivers/msp/gpu/utgard/linux/mali_memory_os_alloc.o
  CC      net/sunrpc/sched.o
  CC      net/sunrpc/auth.o
  CC [M]  fs/reiserfs/namei.o
  CC [M]  drivers/net/wireless/ath/ath9k/beacon.o
  CC [M]  drivers/msp/gpu/utgard/linux/mali_memory_external.o
  CC      net/sctp/chunk.o
  CC [M]  drivers/msp/gpu/utgard/linux/mali_memory_block_alloc.o
  CC [M]  drivers/msp/demux/demux_v2/drv_demux_osal.o
  CC [M]  fs/reiserfs/inode.o
  CC [M]  fs/reiserfs/file.o
  CC [M]  drivers/net/wireless/ath/ath9k/gpio.o
  CC      net/sctp/sm_make_chunk.o
  CC [M]  drivers/msp/demux/demux_v2/drv_demux_scd.o
  CC [M]  drivers/msp/gpu/utgard/linux/mali_memory_swap_alloc.o
  CC      fs/squashfs/block.o
  CC      fs/squashfs/cache.o
  CC      net/sunrpc/auth_null.o
  CC [M]  drivers/msp/demux/demux_v2/drv_demux_bitstream.o
  CC [M]  drivers/msp/gpu/utgard/linux/mali_memory_manager.o
  CC [M]  drivers/net/wireless/ath/ath9k/init.o
  CC [M]  drivers/msp/demux/demux_v2/drv_demux_index.o
  CC      fs/squashfs/dir.o
  CC      fs/squashfs/export.o
  CC      net/sunrpc/auth_unix.o
  CC      net/sunrpc/auth_generic.o
  CC      fs/squashfs/file.o
  CC [M]  drivers/msp/gpu/utgard/linux/mali_memory_virtual.o
  CC [M]  fs/reiserfs/dir.o
  CC [M]  drivers/net/wireless/ath/ath9k/main.o
  CC      net/sctp/ulpevent.o
  CC [M]  fs/reiserfs/fix_node.o
  CC      fs/squashfs/fragment.o
  CC [M]  drivers/msp/gpu/utgard/linux/mali_memory_util.o
  CC      net/sunrpc/svc.o
  CC [M]  drivers/msp/gpu/utgard/linux/mali_memory_cow.o
  CC      fs/squashfs/id.o
  CC      fs/squashfs/inode.o
  CC      net/unix/af_unix.o
  CC      net/sctp/inqueue.o
  CC      fs/squashfs/namei.o
  CC [M]  drivers/msp/gpu/utgard/linux/mali_memory_defer_bind.o
  CC [M]  drivers/net/wireless/ath/ath9k/recv.o
  CC      fs/squashfs/super.o
  CC      net/sunrpc/svcsock.o
  CC [M]  drivers/msp/demux/demux_v2/drv_demux_sw.o
  CC      net/sctp/outqueue.o
  CC [M]  drivers/msp/gpu/utgard/linux/mali_ukk_mem.o
  CC [M]  fs/reiserfs/super.o
  CC      fs/squashfs/symlink.o
  CC [M]  drivers/msp/demux/demux_v2/descrambler/drv_descrambler.o
  CC [M]  drivers/net/wireless/ath/ath9k/xmit.o
  CC [M]  drivers/msp/gpu/utgard/linux/mali_ukk_gp.o
  CC      fs/squashfs/decompressor.o
  CC [M]  drivers/msp/demux/demux_v2/descrambler/drv_descrambler_func.o
  CC      net/sunrpc/svcauth.o
  CC [M]  drivers/msp/gpu/utgard/linux/mali_ukk_pp.o
  CC      net/unix/garbage.o
  CC      net/sctp/ulpqueue.o
  CC      fs/squashfs/file_cache.o
  CC      net/sunrpc/svcauth_unix.o
  CC [M]  drivers/msp/gpu/utgard/linux/mali_ukk_core.o
  CC      fs/squashfs/decompressor_single.o
  CC [M]  fs/reiserfs/prints.o
  CC [M]  drivers/msp/demux/demux_v2/descrambler/hal_descrambler.o
  CC      net/unix/sysctl_net_unix.o
  CC      fs/squashfs/lzo_wrapper.o
  CC [M]  drivers/msp/gpu/utgard/linux/mali_ukk_soft_job.o
  CC      net/sctp/tsnmap.o
  LD [M]  drivers/msp/demux/hi_demux.o
  CC      net/sctp/bind_addr.o
  CC [M]  drivers/net/wireless/ath/ath9k/link.o
  CC      fs/squashfs/xz_wrapper.o
  CC [M]  drivers/msp/gpu/utgard/linux/mali_ukk_timeline.o
  CC [M]  fs/reiserfs/objectid.o
  CC      net/unix/diag.o
  CC      net/sunrpc/addr.o
  CC      fs/squashfs/zlib_wrapper.o
  CC [M]  drivers/msp/gpu/utgard/common/mali_kernel_core.o
  CC [M]  fs/reiserfs/lbalance.o
  CC [M]  drivers/net/wireless/ath/ath9k/antenna.o
  CC [M]  drivers/msp/gpu/utgard/linux/mali_kernel_linux.o
  CC      net/sctp/socket.o
  CC      net/sunrpc/rpcb_clnt.o
  LD      net/unix/unix.o
  LD      net/unix/unix_diag.o
  LD      fs/squashfs/squashfs.o
  LD      net/unix/built-in.o
  CC [M]  drivers/net/wireless/ath/ath9k/channel.o
  LD      fs/squashfs/built-in.o
  CC      net/sunrpc/timer.o
  CC [M]  drivers/msp/gpu/utgard/common/mali_session.o
  CC [M]  drivers/net/wireless/ath/ath9k/mci.o
  CC [M]  drivers/msp/gpu/utgard/linux/mali_device_pause_resume.o
  CC [M]  drivers/msp/gpu/utgard/common/mali_kernel_vsync.o
  CC [M]  drivers/msp/hdmi/hdmi_1_4/hdmi_intf_k.o
  CC      net/sunrpc/xdr.o
  CC [M]  fs/reiserfs/ibalance.o
  CC      net/sctp/primitive.o
  CC      net/sunrpc/sunrpc_syms.o
  CC [M]  drivers/msp/gpu/utgard/linux/mali_ukk_vsync.o
  CC [M]  drivers/net/wireless/ath/ath9k/pci.o
  CC [M]  drivers/msp/gpu/utgard/linux/mali_kernel_sysfs.o
  CC [M]  drivers/msp/hdmi/hdmi_1_4/hdmi_intf.o
  CC [M]  drivers/msp/hdmi/hdmi_1_4/drv_hdmi.o
  CC [M]  drivers/msp/hdmi/hdmi_1_4/drv_global.o
  CC      net/sunrpc/cache.o
  CC [M]  fs/reiserfs/stree.o
  CC      net/sunrpc/rpc_pipe.o
  CC [M]  drivers/net/wireless/ath/ath9k/ar9002_hw.o
  CC [M]  drivers/msp/gpu/utgard/common/mali_mmu.o
  CC [M]  drivers/net/wireless/ath/ath9k/ar9003_hw.o
  CC [M]  drivers/msp/hdmi/hdmi_1_4/drv_reg_proc.o
  CC [M]  drivers/msp/gpu/utgard/common/mali_mmu_page_directory.o
  CC [M]  drivers/msp/hdmi/hdmi_1_4/drv_compatibility.o
  CC      net/sctp/output.o
  CC [M]  drivers/net/wireless/ath/ath9k/hw.o
  CC      net/sunrpc/svc_xprt.o
  CC [M]  fs/reiserfs/hashes.o
  CC [M]  fs/reiserfs/tail_conversion.o
  CC [M]  drivers/msp/hdmi/hdmi_1_4/hdmi_drv/drv_hlviic.o
  CC [M]  drivers/msp/gpu/utgard/common/mali_mem_validation.o
  CC      net/sctp/input.o
  CC [M]  drivers/msp/gpu/utgard/common/mali_hw_core.o
  CC [M]  drivers/msp/gpu/utgard/common/mali_gp.o
  CC [M]  fs/reiserfs/journal.o
  CC [M]  drivers/msp/hdmi/hdmi_1_4/hdmi_drv/si_audio.o
  CC [M]  drivers/msp/gpu/utgard/common/mali_pp.o
  CC [M]  drivers/net/wireless/ath/ath9k/ar9003_phy.o
  CC [M]  drivers/msp/hdmi/hdmi_1_4/hdmi_drv/si_cec.o
  CC [M]  drivers/msp/hdmi/hdmi_1_4/hdmi_drv/si_crc16.o
  CC      net/sunrpc/backchannel_rqst.o
  CC [M]  drivers/net/wireless/ath/ath9k/ar9002_phy.o
  CC [M]  drivers/msp/gpu/utgard/common/mali_pp_job.o
  CC [M]  drivers/msp/hdmi/hdmi_1_4/hdmi_drv/si_de.o
  CC      net/sctp/debug.o
  CC      net/sctp/ssnmap.o
  CC [M]  drivers/msp/hdmi/hdmi_1_4/hdmi_drv/si_delay.o
  CC [M]  drivers/msp/gpu/utgard/common/mali_gp_job.o
  CC      net/sunrpc/stats.o
  CC [M]  drivers/msp/gpu/utgard/common/mali_soft_job.o
  CC [M]  drivers/net/wireless/ath/ath9k/ar5008_phy.o
  CC [M]  drivers/msp/hdmi/hdmi_1_4/hdmi_drv/si_edid.o
  CC [M]  drivers/msp/hdmi/hdmi_1_4/hdmi_drv/si_eeprom.o
  CC [M]  drivers/net/wireless/ath/ath9k/ar9002_calib.o
  CC      net/sctp/auth.o
  CC [M]  fs/reiserfs/resize.o
  CC [M]  drivers/msp/gpu/utgard/common/mali_scheduler.o
  CC [M]  fs/reiserfs/item_ops.o
  CC      net/sunrpc/sysctl.o
  CC [M]  drivers/msp/hdmi/hdmi_1_4/hdmi_drv/si_fifo.o
  CC      net/sunrpc/auth_gss/auth_gss.o
  CC [M]  drivers/net/wireless/ath/ath9k/ar9003_calib.o
  CC [M]  drivers/msp/hdmi/hdmi_1_4/hdmi_drv/si_hdcp.o
  CC [M]  drivers/net/wireless/ath/ath9k/calib.o
  CC      net/sctp/proc.o
  CC [M]  fs/reiserfs/ioctl.o
  CC [M]  fs/reiserfs/xattr.o
  CC      drivers/nvmem/core.o
  CC [M]  drivers/msp/hdmi/hdmi_1_4/hdmi_drv/si_hdmitx.o
  CC      drivers/of/base.o
  CC [M]  fs/reiserfs/lock.o
  CC [M]  drivers/msp/gpu/utgard/common/mali_executor.o
  CC      net/sctp/sysctl.o
  LD      drivers/nvmem/nvmem_core.o
  CC [M]  drivers/net/wireless/ath/ath9k/eeprom.o
  LD      drivers/nvmem/built-in.o
  CC      net/sunrpc/auth_gss/gss_generic_token.o
  CC [M]  drivers/msp/hdmi/hdmi_1_4/hdmi_drv/si_infofrm.o
  CC      fs/sysfs/file.o
  CC [M]  fs/reiserfs/procfs.o
  CC      net/sunrpc/auth_gss/gss_mech_switch.o
  CC      fs/sysfs/dir.o
  LD      net/sctp/sctp.o
  CC [M]  drivers/msp/hdmi/hdmi_1_4/hdmi_drv/si_infpkttb.o
  LD      net/sctp/built-in.o
  CC      drivers/of/device.o
  CC      fs/tracefs/inode.o
  CC [M]  fs/reiserfs/xattr_user.o
  CC      fs/sysfs/symlink.o
  CC [M]  drivers/msp/hdmi/hdmi_1_4/hdmi_drv/si_isr.o
  CC [M]  drivers/net/wireless/ath/ath9k/eeprom_def.o
  CC [M]  fs/reiserfs/xattr_trusted.o
  CC      fs/sysfs/mount.o
  CC      drivers/of/platform.o
  LD      fs/tracefs/tracefs.o
  CC      net/sunrpc/auth_gss/svcauth_gss.o
  LD      fs/tracefs/built-in.o
  CC      net/sunrpc/auth_gss/gss_rpc_upcall.o
  CC [M]  drivers/msp/hdmi/hdmi_1_4/hdmi_drv/si_mddc.o
  CC      fs/sysfs/group.o
  CC [M]  fs/reiserfs/xattr_security.o
  CC [M]  drivers/msp/hdmi/hdmi_1_4/hdmi_drv/si_regio.o
  CC      drivers/of/dynamic.o
  LD      fs/sysfs/built-in.o
  CC [M]  fs/reiserfs/xattr_acl.o
  CC [M]  drivers/msp/hdmi/hdmi_1_4/hdmi_drv/si_sha.o
  CC      drivers/of/fdt.o
  CC      drivers/of/fdt_address.o
  CC [M]  drivers/msp/gpu/utgard/common/mali_group.o
  CC [M]  drivers/net/wireless/ath/ath9k/eeprom_4k.o
  CC      net/sunrpc/auth_gss/gss_rpc_xdr.o
  CC [M]  drivers/net/wireless/ath/ath9k/eeprom_9287.o
  LD [M]  fs/reiserfs/reiserfs.o
  CC [M]  drivers/msp/hdmi/hdmi_1_4/hdmi_drv/si_sha_hw.o
  CC      fs/ubifs/shrinker.o
  CC      drivers/of/address.o
  CC [M]  drivers/msp/hdmi/hdmi_1_4/hdmi_drv/si_timer.o
  CC      fs/udf/balloc.o
  CC      fs/ubifs/journal.o
  LD      net/sunrpc/auth_gss/auth_rpcgss.o
  LD      net/sunrpc/auth_gss/built-in.o
  LD      net/sunrpc/sunrpc.o
  CC [M]  drivers/msp/hdmi/hdmi_1_4/hdmi_drv/si_txvidp.o
  CC [M]  drivers/net/wireless/ath/ath9k/ani.o
  LD      net/sunrpc/built-in.o
  CC      fs/udf/dir.o
  CC      net/vmw_vsock/af_vsock.o
  CC      drivers/of/irq.o
  CC [M]  drivers/net/wireless/ath/ath9k/mac.o
  CC [M]  drivers/msp/hdmi/hdmi_1_4/hdmi_drv/si_txvptbl.o
  CC      fs/udf/file.o
  CC [M]  drivers/msp/hdmi/hdmi_1_4/hdmi_drv/si_ucec.o
  CC      drivers/of/of_net.o
  CC [M]  drivers/net/wireless/ath/ath9k/ar9002_mac.o
  CC      fs/ubifs/file.o
  CC [M]  drivers/msp/gpu/utgard/common/mali_dlbu.o
  CC      fs/udf/ialloc.o
  CC      drivers/of/unittest.o
  CC      fs/udf/inode.o
  CC [M]  drivers/msp/hdmi/hdmi_1_4/hdmi_drv/si_video.o
  CC      net/vmw_vsock/vsock_addr.o
  CC [M]  drivers/net/wireless/ath/ath9k/ar9003_mac.o
  CC [M]  drivers/msp/gpu/utgard/common/mali_broadcast.o
  CC [M]  drivers/msp/hdmi/hdmi_1_4/hdmi_drv/si_vmode.o
  CC      drivers/pci/access.o
  CC [M]  drivers/msp/hdmi/hdmi_1_4/hdmi_drv/si_vmtables.o
  CC [M]  drivers/msp/gpu/utgard/common/mali_pm.o
  LD      net/vmw_vsock/vsock.o
  LD      net/vmw_vsock/built-in.o
  CC      fs/ubifs/dir.o
  CC [M]  drivers/msp/hdmi/hdmi_1_4/hdmi_drv/si_phy.o
  CC      net/wireless/wext-core.o
  CC [M]  drivers/net/wireless/ath/ath9k/ar9003_eeprom.o
  LD [M]  drivers/msp/hdmi/hi_hdmi.o
  CC      drivers/pci/bus.o
  CC [M]  drivers/net/wireless/ath/ath9k/ar9003_paprd.o
  CC      fs/udf/lowlevel.o
  CC [M]  drivers/msp/gpu/utgard/common/mali_pmu.o
  CC      fs/ubifs/super.o
  CC      drivers/of/of_mdio.o
  CC      net/wireless/wext-proc.o
  CC      drivers/pci/probe.o
  CC      fs/udf/namei.o
  CC [M]  drivers/msp/gpu/utgard/common/mali_user_settings_db.o
  CC      fs/udf/partition.o
  CC      drivers/of/of_pci.o
  CC      net/wireless/wext-priv.o
  CC [M]  drivers/net/wireless/ath/ath9k/btcoex.o
  CC [M]  drivers/msp/gpu/utgard/common/mali_kernel_utilization.o
  CC [M]  drivers/msp/gpu/utgard/common/mali_control_timer.o
  CC      drivers/of/of_pci_irq.o
  CC      drivers/pci/host-bridge.o
  CC [M]  net/wireless/core.o
  CC      fs/udf/super.o
  CC [M]  net/wireless/sysfs.o
  CC [M]  drivers/msp/gpu/utgard/common/mali_l2_cache.o
  CC      drivers/of/of_mtd.o
  CC      drivers/pci/remove.o
  CC [M]  drivers/net/wireless/ath/ath9k/ar9003_mci.o
  CC      fs/ubifs/sb.o
  CC      drivers/of/of_reserved_mem.o
  CC      drivers/pci/pci.o
  CC [M]  drivers/msp/gpu/utgard/common/mali_timeline.o
  CC [M]  drivers/net/wireless/ath/ath9k/ar9003_aic.o
  CC      drivers/of/resolver.o
  CC      fs/ubifs/io.o
  CC [M]  net/wireless/radiotap.o
  CC      fs/udf/truncate.o
  CC      drivers/of/overlay.o
  CC [M]  drivers/msp/hifb/./adp/hifb_v1_0/drv_hifb_adp.o
  CC [M]  drivers/net/wireless/ath/ath9k/ar9003_rtt.o
  LD      drivers/of/built-in.o
  CC [M]  drivers/msp/gpu/utgard/common/mali_timeline_fence_wait.o
  CC      fs/udf/symlink.o
  CC [M]  drivers/net/wireless/ath/ath9k/common.o
  CC [M]  net/wireless/util.o
  CC      fs/udf/directory.o
  CC [M]  drivers/msp/gpu/utgard/common/mali_timeline_sync_fence.o
  CC      fs/ubifs/tnc.o
  CC [M]  net/wireless/reg.o
  CC      drivers/pci/pci-driver.o
  CC [M]  drivers/msp/gpu/utgard/common/mali_spinlock_reentrant.o
  CC [M]  drivers/net/wireless/ath/ath9k/common-init.o
  CC      fs/udf/misc.o
  CC [M]  drivers/msp/gpu/utgard/common/mali_pm_domain.o
  CC [M]  drivers/msp/hifb/./adp/hifb_v1_0/drv_hifb_hal.o
  CC [M]  drivers/net/wireless/ath/ath9k/common-beacon.o
  CC      fs/udf/udftime.o
  CC      drivers/pci/search.o
  CC [M]  drivers/msp/gpu/utgard/linux/mali_osk_pm.o
  CC [M]  drivers/msp/hifb/./adp/alg/optm_alg_csc.o
  CC      fs/udf/unicode.o
  CC [M]  drivers/msp/gpu/utgard/linux/mali_pmu_power_up_down.o
  CC [M]  drivers/net/wireless/ath/ath9k/common-debug.o
  CC      drivers/pci/pci-sysfs.o
  CC [M]  drivers/msp/gpu/utgard/__malidrv_build_info.o
  CC [M]  drivers/msp/gpu/utgard/platform/mali450/mali4xx.o
  CC      fs/ubifs/master.o
  CC [M]  net/wireless/scan.o
  LD      fs/udf/udf.o
  LD      fs/udf/built-in.o
  CC [M]  drivers/msp/hifb/./adp/alg/optm_alg_gsharp.o
  CC [M]  net/wireless/nl80211.o
  CC      drivers/pci/rom.o
  CC [M]  drivers/msp/gpu/utgard/platform/mali450/mali4xx_clk.o
  CC [M]  drivers/msp/hifb/./adp/alg/optm_alg_gzme.o
  CC [M]  drivers/net/wireless/ath/ath9k/common-spectral.o
  CC      fs/ubifs/scan.o
  CC [M]  drivers/msp/gpu/utgard/platform/mali450/mali4xx_core_scaling.o
  CC      drivers/pci/setup-res.o
  CC [M]  drivers/msp/gpu/utgard/platform/mali450/mali4xx_pmu.o
  CC      net/xfrm/xfrm_policy.o
  CC      drivers/pci/irq.o
  CC [M]  drivers/msp/hifb/./adp/alg/optm_alg_zme_coef.o
  CC      fs/ubifs/replay.o
  CC [M]  drivers/msp/hifb/./adp/src/drv_hifb_osi.o
  CC [M]  drivers/msp/gpu/utgard/platform/mali450/mali4xx_gpu_proc.o
  CC [M]  drivers/net/wireless/ath/ath9k/htc_hst.o
  CC      drivers/pci/vpd.o
  CC      drivers/pci/setup-bus.o
  CC [M]  drivers/msp/gpu/utgard/linux/mali_ukk_profiling.o
  CC      fs/ubifs/log.o
  CC [M]  drivers/msp/hifb/./adp/src/drv_hifb_wbc.o
  CC      drivers/pci/vc.o
  CC [M]  drivers/net/wireless/ath/ath9k/hif_usb.o
  CC [M]  drivers/msp/gpu/utgard/linux/mali_osk_profiling.o
  CC [M]  drivers/msp/gpu/utgard/linux/mali_memory_dma_buf.o
  CC [M]  drivers/msp/hifb/./src/drv_hifb_blit.o
  CC      drivers/pci/proc.o
  CC      fs/ubifs/commit.o
  CC      drivers/pci/slot.o
  CC [M]  drivers/msp/hifb/./src/drv_hifb_dmabuf.o
  CC [M]  drivers/net/wireless/ath/ath9k/wmi.o
  CC [M]  drivers/msp/gpu/utgard/linux/mali_memory_secure.o
  CC [M]  drivers/msp/hifb/./src/drv_hifb_fence.o
  CC      net/xfrm/xfrm_state.o
  CC      fs/ubifs/gc.o
  CC      drivers/pci/quirks.o
  CC [M]  drivers/msp/hifb/./src/drv_hifb_logo.o
  CC [M]  drivers/msp/i2c/gpio_i2c/drv_gpioi2c_intf.o
  LD [M]  drivers/msp/gpu/utgard/mali.o
  CC [M]  drivers/msp/hifb/./src/drv_hifb_mem.o
  CC [M]  drivers/net/wireless/ath/ath9k/htc_drv_txrx.o
  CC [M]  drivers/msp/i2c/gpio_i2c/drv_gpio_i2c.o
  CC      fs/ubifs/orphan.o
  CC [M]  net/wireless/mlme.o
  CC [M]  drivers/msp/hifb/./src/drv_hifb_osr.o
  LD [M]  drivers/msp/i2c/gpio_i2c/hi_gpio_i2c.o
  CC [M]  drivers/msp/i2c/std_i2c/drv_i2c_intf.o
  CC      drivers/pci/setup-irq.o
  CC [M]  drivers/net/wireless/ath/ath9k/htc_drv_main.o
  CC      fs/ubifs/budget.o
  CC      drivers/pci/syscall.o
  CC [M]  drivers/msp/i2c/std_i2c/drv_i2c.o
  CC      net/xfrm/xfrm_hash.o
  CC      net/xfrm/xfrm_input.o
  CC      drivers/perf/arm_pmu.o
  CC      drivers/pci/of.o
  CC      fs/ubifs/find.o
  CC [M]  drivers/net/wireless/ath/ath9k/htc_drv_beacon.o
  LD [M]  drivers/msp/i2c/std_i2c/hi_i2c.o
  CC      fs/ubifs/tnc_commit.o
  LD      drivers/pci/built-in.o
  CC [M]  drivers/msp/hifb/./src/drv_hifb_proc.o
  LD      drivers/perf/built-in.o
  CC      fs/ubifs/compress.o
  CC      net/xfrm/xfrm_output.o
  CC [M]  drivers/net/wireless/ath/ath9k/htc_drv_init.o
  CC [M]  net/wireless/ibss.o
  CC [M]  drivers/msp/hifb/./src/drv_hifb_refresh.o
  CC [M]  drivers/msp/hifb/./src/drv_hifb_scrolltext.o
  CC      fs/ubifs/lpt.o
  CC [M]  net/wireless/sme.o
  CC      net/xfrm/xfrm_sysctl.o
  CC [M]  drivers/msp/ir/ir_std/drv_ir_intf.o
  CC [M]  drivers/net/wireless/ath/ath9k/htc_drv_gpio.o
  CC [M]  drivers/msp/jpeg/src/jpeg_drv_hal.o
  CC [M]  drivers/msp/jpeg/src/jpeg_drv_proc.o
  CC [M]  drivers/msp/hifb/./src/drv_hifb_snapshot.o
  CC      net/xfrm/xfrm_replay.o
  CC [M]  drivers/msp/hifb/./src/hifb_main_k.o
  LD [M]  drivers/msp/ir/ir_std/hi_ir.o
  LD [M]  drivers/net/wireless/ath/ath9k/ath9k.o
  LD [M]  drivers/net/wireless/ath/ath9k/ath9k_hw.o
  CC      net/xfrm/xfrm_proc.o
  LD [M]  drivers/net/wireless/ath/ath9k/ath9k_common.o
  LD [M]  drivers/net/wireless/ath/ath9k/ath9k_htc.o
  LD [M]  drivers/net/wireless/ath/ath.o
  CC [M]  drivers/net/wireless/zd1201.o
  CC [M]  drivers/msp/jpeg/src/jpeg_drv_suspend.o
  CC [M]  net/wireless/chan.o
  CC [M]  drivers/msp/jpge/src/jpge_osr.o
  CC      fs/ubifs/lprops.o
  LD [M]  drivers/msp/hifb/hi_fb.o
  CC      fs/ubifs/recovery.o
  CC [M]  drivers/msp/jpeg/src/jpeg_drv_osr.o
  CC [M]  net/wireless/ethtool.o
  CC      net/xfrm/xfrm_algo.o
  CC [M]  drivers/msp/jpge/src/jpge_osal.o
  CC [M]  drivers/msp/keyled/drv_keyled_intf.o
  LD [M]  drivers/msp/jpeg/hi_jpeg.o
  CC [M]  drivers/msp/jpge/src/jpge_hal.o
  CC [M]  drivers/msp/keyled/keyled_std/drv_keyled_std.o
  CC [M]  drivers/msp/mce/drv_mce_intf.o
  CC [M]  net/wireless/mesh.o
  LD      drivers/net/built-in.o
  CC      fs/ubifs/ioctl.o
  CC      net/xfrm/xfrm_user.o
  CC      net/sysctl_net.o
  CC      fs/ubifs/lpt_commit.o
  LD [M]  drivers/msp/mce/hi_mce.o
  LD [M]  drivers/msp/jpge/hi_jpge.o
  CC      fs/ubifs/tnc_misc.o
  CC      drivers/power/power_supply_core.o
  CC [M]  drivers/msp/keyled/keyled_gpiokey/drv_keyled_gpiokey.o
  CC [M]  drivers/msp/omxvdec/omxvdec_v1.0/omxvdec.o
  CC [M]  drivers/msp/keyled/keyled_fd650/drv_keyled_fd650.o
  CC [M]  net/wireless/ap.o
  CC      drivers/power/power_supply_sysfs.o
  CC [M]  drivers/msp/omxvdec/omxvdec_v1.0/channel.o
  CC      fs/ubifs/xattr.o
  CC      drivers/power/power_supply_leds.o
  CC [M]  drivers/msp/keyled/keyled_pt6961/drv_keyled_pt6961.o
  CC [M]  net/wireless/trace.o
  CC [M]  net/wireless/ocb.o
  LD      drivers/power/power_supply.o
  LD      drivers/power/built-in.o
  CC [M]  drivers/msp/otp/v100/./drv_otp.o
  CC [M]  drivers/msp/pdm/drv_pdm_intf.o
  CC      net/xfrm/xfrm_ipcomp.o
  CC      fs/ubifs/debug.o
  CC [M]  drivers/msp/otp/v100/./drv_otp_intf.o
  CC [M]  drivers/msp/keyled/keyled_pt6964/drv_keyled_pt6964.o
  CC [M]  drivers/msp/otp/v100/./drv_otp_common.o
  CC [M]  drivers/msp/omxvdec/omxvdec_v1.0/task.o
  CC [M]  drivers/msp/pdm/drv_pdm.o
  CC [M]  net/wireless/wext-compat.o
  CC [M]  drivers/msp/otp/v100/./otpv200/hal_otp_v200.o
  LD      net/xfrm/built-in.o
  CC [M]  drivers/msp/keyled/keyled_ct1642/drv_keyled_ct1642_inner.o
  CC [M]  drivers/msp/otp/v100/./otpv200/drv_otp_v200.o
  CC [M]  drivers/msp/omxvdec/omxvdec_v1.0/message.o
  CC [M]  drivers/msp/omxvdec/omxvdec_v1.0/decoder_vfmw.o
  CC [M]  drivers/msp/pdm/db/hi_db.o
  LD [M]  drivers/msp/otp/v100/hi_otp.o
  CC [M]  drivers/msp/omxvdec/omxvdec_v1.0/processor_vpss.o
  LD [M]  drivers/msp/pdm/hi_pdm.o
  CC [M]  drivers/msp/pm/drv_pmoc_intf.o
  CC [M]  drivers/msp/pm/drv_pmoc_smartstandby.o
  LD [M]  drivers/msp/keyled/hi_keyled.o
  CC [M]  net/wireless/wext-sme.o
  LD      fs/ubifs/ubifs.o
  LD      fs/ubifs/built-in.o
  CC [M]  drivers/msp/png/src/png_osr.o
  CC [M]  drivers/msp/pm/clock_mpu.o
  CC [M]  drivers/msp/pm/hi_opp_data.o
  CC [M]  drivers/msp/omxvdec/omxvdec_v1.0/drv_omxvdec_pts_recv.o
  CC      drivers/reset/core.o
  CC [M]  drivers/msp/pm/opp.o
  CC [M]  drivers/msp/png/src/png_hal.o
  CC [M]  drivers/msp/png/src/png_osi.o
  LD      drivers/reset/built-in.o
  CC [M]  drivers/msp/pvr/drv_pvr_intf.o
  CC [M]  fs/xfs/xfs_trace.o
  CC [M]  drivers/msp/omxvdec/omxvdec_v1.0/drv_omxvdec_alg_frd.o
  CC [M]  drivers/msp/pm/hi_dvfs.o
  CC [M]  drivers/msp/pq/pq_v3_0/mng/pq_mng_dbdr.o
  LD [M]  drivers/msp/omxvdec/omxvdec_v1.0/hi_omxvdec.o
  CC [M]  drivers/msp/pq/pq_v3_0/mng/pq_mng_sharpen.o
  LD      net/wireless/built-in.o
  CC [M]  drivers/msp/spi/drv_spi.o
  LD [M]  drivers/msp/pvr/hi_pvr.o
  CC [M]  drivers/msp/pm/clock.o
  CC [M]  drivers/msp/pm/hi_cpufreq.o
  CC [M]  drivers/msp/pq/pq_v3_0/drv_pq_intf.o
  CC [M]  drivers/msp/png/src/png_osires.o
  CC [M]  drivers/msp/pq/pq_v3_0/drv_pq.o
  CC [M]  fs/xfs/libxfs/xfs_alloc.o
  LD [M]  drivers/msp/pm/hi_pmoc.o
  CC      drivers/rtc/rtc-lib.o
  CC [M]  drivers/msp/png/src/png_proc.o
  CC      drivers/scsi/scsi.o
  CC      drivers/rtc/hctosys.o
  CC [M]  drivers/msp/spi/drv_spi_intf.o
  LD [M]  drivers/msp/png/hi_png.o
  CC      drivers/rtc/systohc.o
  CC [M]  drivers/msp/sync/drv_sync.o
  CC      drivers/rtc/class.o
  LD [M]  drivers/msp/spi/hi_spi.o
  CC [M]  drivers/msp/pq/pq_v3_0/drv_pq_table.o
  CC      drivers/rtc/interface.o
  CC [M]  drivers/msp/sync/drv_sync_intf.o
  CC      drivers/scsi/hosts.o
  CC [M]  drivers/msp/pq/pq_v3_0/hal/common/pq_hal_comm.o
  CC [M]  drivers/msp/pq/pq_v3_0/hal/hi3798mv100/pq_hal_acm.o
  CC      drivers/rtc/rtc-dev.o
  CC      drivers/rtc/rtc-proc.o
  CC [M]  drivers/msp/sync/drv_sync_intf_k.o
  CC      drivers/scsi/scsi_ioctl.o
  CC      drivers/scsi/scsicam.o
  CC      drivers/scsi/scsi_error.o
  LD [M]  net/wireless/cfg80211.o
  CC      drivers/rtc/rtc-sysfs.o
  LD      net/built-in.o
  CC [M]  drivers/msp/pq/pq_v3_0/hal/hi3798mv100/pq_hal_csc.o
  CC [M]  drivers/msp/tde/src/tde_osr.o
  CC [M]  drivers/msp/pq/pq_v3_0/hal/hi3798mv100/pq_hal_dci.o
  CC [M]  fs/xfs/libxfs/xfs_alloc_btree.o
  LD [M]  drivers/msp/sync/hi_sync.o
  LD      drivers/rtc/rtc-core.o
  LD      drivers/rtc/built-in.o
  CC [M]  drivers/msp/tde/src/tde_osr_k.o
  CC      drivers/spi/spi.o
  CC      drivers/staging/staging.o
  CC      drivers/spi/spidev.o
  CC      drivers/staging/android/ion/ion.o
  CC [M]  drivers/msp/pq/pq_v3_0/hal/hi3798mv100/pq_hal_dei.o
/home/ray/workplace/git_download/HiSTB_origin/HiSTBLinux/source/kernel/linux-4.4.y/drivers/staging/android/ion/ion.c: In function 'ion_sync_for_device':
/home/ray/workplace/git_download/HiSTB_origin/HiSTBLinux/source/kernel/linux-4.4.y/drivers/staging/android/ion/ion.c:1491:19: warning: unused variable 'heap' [-Wunused-variable]
  struct ion_heap *heap = NULL;
                   ^
  CC      drivers/scsi/scsi_lib.o
  CC [M]  drivers/msp/vad/sil9293/drv_sil9293_intf.o
  CC [M]  fs/xfs/libxfs/xfs_attr.o
  CC [M]  drivers/msp/vad/sil9293/drv_sil9293.o
  CC [M]  drivers/msp/tde/src/tde_handle_k.o
  CC [M]  drivers/msp/pq/pq_v3_0/hal/hi3798mv100/pq_hal_dbdr.o
  CC [M]  drivers/msp/pq/pq_v3_0/hal/hi3798mv100/pq_hal_sharpen.o
  CC [M]  drivers/msp/tde/src/tde_osilist_k.o
  CC [M]  drivers/msp/vad/sil9293/hal_sil9293.o
  CC [M]  drivers/msp/vdec/vdec_v1.0/drv_vdec_buf_mng.o
  CC      drivers/staging/android/ion/ion_heap.o
  CC [M]  drivers/msp/pq/pq_v3_0/hal/hi3798mv100/pq_hal_zme.o
  CC      drivers/spi/spi-bitbang.o
  CC [M]  drivers/msp/tde/src/tde_proc_k.o
  CC [M]  fs/xfs/libxfs/xfs_attr_leaf.o
  LD [M]  drivers/msp/vad/sil9293/hi_sil9293.o
  CC      drivers/staging/android/ion/ion_page_pool.o
  CC      drivers/spi/spi-oc-tiny.o
  CC      drivers/scsi/scsi_common.o
  CC [M]  drivers/msp/venc/venc_v1.0/drv_venc_osal.o
  CC      drivers/scsi/scsi_lib_dma.o
  CC [M]  drivers/msp/vdec/vdec_v1.0/drv_vdec_intf.o
  CC [M]  drivers/msp/tde/src/wmalloc_k.o
  CC      drivers/spi/spi-pl022.o
  CC      drivers/staging/android/ion/ion_system_heap.o
  CC [M]  drivers/msp/pq/pq_v3_0/hal/hi3798mv100/pq_hal_fmd.o
  CC      drivers/scsi/scsi_scan.o
  CC [M]  drivers/msp/venc/venc_v1.0/drv_venc_intf.o
  CC [M]  drivers/msp/tde/adp/tde_v1_0/tde_hal_k.o
  CC [M]  drivers/msp/pq/pq_v3_0/hal/hi3798mv100/pq_hal_sr.o
  CC [M]  drivers/msp/vdec/vdec_v1.0/drv_vdec_intf_k.o
  CC      drivers/staging/android/ion/ion_carveout_heap.o
  CC [M]  drivers/msp/pq/pq_v3_0/mng/pq_mng_acm.o
  CC [M]  drivers/msp/venc/venc_v1.0/drv_venc.o
  CC      drivers/scsi/scsi_sysfs.o
  CC      drivers/staging/android/ion/ion_chunk_heap.o
  LD      drivers/spi/built-in.o
  CC      drivers/staging/android/ion/ion_cma_heap.o
  CC [M]  drivers/msp/tde/adp/tde_v1_0/tde_osictl_k.o
  CC [M]  drivers/msp/pq/pq_v3_0/mng/pq_mng_csc.o
  CC [M]  fs/xfs/libxfs/xfs_attr_remote.o
  CC [M]  drivers/msp/tde/adp/tde_v1_0/tde_adp.o
  CC      drivers/staging/android/ion/hisi/hisi_ion_device.o
  CC      drivers/scsi/scsi_devinfo.o
  CC      drivers/staging/android/ion/hisi/hisi_ion.o
  CC [M]  drivers/msp/pq/pq_v3_0/mng/pq_mng_dci.o
  CC      drivers/tty/tty_io.o
  CC [M]  drivers/msp/venc/venc_v1.0/drv_venc_efl.o
  CC [M]  fs/xfs/libxfs/xfs_bit.o
  CC [M]  drivers/msp/pq/pq_v3_0/mng/pq_mng_dei.o
  LD      drivers/staging/android/ion/hisi/built-in.o
  LD      drivers/staging/android/ion/built-in.o
  LD      drivers/staging/android/built-in.o
  LD      drivers/staging/built-in.o
  CC [M]  fs/xfs/libxfs/xfs_bmap.o
  CC      drivers/scsi/scsi_sysctl.o
  CC [M]  drivers/msp/pq/pq_v3_0/mng/pq_mng_zme.o
  CC      drivers/scsi/scsi_proc.o
  CC [M]  drivers/msp/venc/venc_v1.0/drv_omxvenc.o
  CC      drivers/scsi/scsi_trace.o
  CC [M]  drivers/msp/pq/pq_v3_0/mng/pq_mng_ifmd.o
  CC [M]  drivers/msp/pq/pq_v3_0/mng/pq_mng_sr.o
  CC      drivers/tty/n_tty.o
  CC [M]  drivers/msp/vdec/vdec_v1.0/drv_vdec_pts_recv.o
  LD [M]  drivers/msp/pq/pq_v3_0/hi_pq.o
  CC      drivers/scsi/scsi_logging.o
  CC      drivers/tty/tty_ioctl.o
  CC      drivers/scsi/scsi_pm.o
  CC [M]  drivers/msp/venc/venc_v1.0/drv_omxvenc_efl.o
  CC [M]  drivers/msp/vi/drv_vi_intf.o
  CC [M]  drivers/msp/vdec/vdec_v1.0/drv_vdec_alg_frd.o
  CC      drivers/tty/tty_ldisc.o
  CC      drivers/scsi/sd.o
  CC [M]  drivers/msp/vdec/vdec_v1.0/drv_vdec_alg_api_frd.o
  CC [M]  drivers/msp/venc/venc_v1.0/drv_venc_buf_mng.o
  CC [M]  drivers/msp/vfmw/softlib/sdec_imedia_intf.o
  LD [M]  drivers/msp/tde/hi_tde.o
  CC [M]  drivers/msp/venc/venc_v1.0/drv_venc_queue_mng.o
  CC [M]  drivers/msp/vfmw/softlib/sdec_imedia.o
  CC [M]  drivers/msp/vdec/vdec_v1.0/drv_vdec_usrdata.o
  CC [M]  drivers/msp/vi/drv_vi.o
  CC [M]  drivers/msp/vi/drv_vi_buf.o
  CC      drivers/tty/tty_buffer.o
  CC [M]  drivers/msp/venc/venc_v1.0/drv_venc_proc.o
  LD [M]  drivers/msp/vdec/vdec_v1.0/hi_vdec.o
  CC [M]  drivers/msp/vfmw/softlib/hwmedia_v1.1/src/hwdec/hwutil/avstring.o
  CC      drivers/tty/tty_port.o
  CC [M]  drivers/msp/vi/drv_vi_utils.o
  CC [M]  drivers/msp/vfmw/softlib/hwmedia_v1.1/src/hwdec/hwutil/log.o
  LD      drivers/scsi/scsi_mod.o
  CC      drivers/uio/uio.o
  CC [M]  drivers/msp/venc/venc_v1.0/hal_venc.o
  CC      drivers/tty/tty_mutex.o
  CC [M]  drivers/msp/vfmw/softlib/hwmedia_v1.1/src/hwdec/hwutil/mathematics.o
  CC [M]  fs/xfs/libxfs/xfs_bmap_btree.o
  CC [M]  fs/xfs/libxfs/xfs_btree.o
  CC [M]  drivers/msp/vfmw/softlib/hwmedia_v1.1/src/hwdec/hwutil/mem.o
  CC      drivers/tty/tty_ldsem.o
  CC [M]  drivers/msp/vi/drv_vi_proc.o
  LD      drivers/scsi/sd_mod.o
  LD      drivers/scsi/built-in.o
  CC [M]  fs/xfs/libxfs/xfs_da_btree.o
  CC [M]  drivers/msp/vfmw/softlib/hwmedia_v1.1/src/hwdec/hwcodec/Bitstream.o
  CC      drivers/uio/uio_pdrv_genirq.o
  LD [M]  drivers/msp/venc/venc_v1.0/hi_venc.o
  CC [M]  drivers/msp/vfmw/softlib/hwmedia_v1.1/src/hwdec/hwcodec/dsputil.o
  CC      drivers/tty/pty.o
  LD      drivers/uio/built-in.o
  CC      drivers/tty/tty_audit.o
  CC [M]  drivers/msp/vfmw/vfmw_v4.0/scene/stb/vfmw_intf.o
  LD [M]  drivers/msp/vi/hi_vi.o
  CC      drivers/usb/class/usblp.o
  CC [M]  fs/xfs/libxfs/xfs_da_format.o
  CC      drivers/tty/sysrq.o
  CC [M]  drivers/msp/vo/vdp_v2_0/hal/common/drv_disp_da.o
  CC [M]  drivers/msp/vfmw/vfmw_v4.0/scene/stb/vfmw_svdec_intf.o
  CC [M]  drivers/msp/vfmw/vfmw_v4.0/firmware/osal/linux_kernel/vfmw_osal.o
  CC [M]  drivers/msp/vo/vdp_v2_0/hal/common/drv_disp_hal.o
  CC      drivers/usb/class/cdc-wdm.o
  CC      drivers/tty/serial/serial_core.o
  CC [M]  drivers/msp/vpss/vpss_v3_0/vpss_osal.o
  CC [M]  drivers/msp/vfmw/vfmw_v4.0/firmware/osal/linux_kernel/vfmw_proc.o
  CC [M]  fs/xfs/libxfs/xfs_dir2.o
  CC      drivers/uwb/address.o
  LD      drivers/usb/class/built-in.o
  CC      drivers/usb/common/common.o
  CC [M]  drivers/msp/vfmw/softlib/hwmedia_v1.1/src/hwdec/hwcodec/error_resilience.o
  CC [M]  drivers/msp/vo/vdp_v2_0/hal/common/drv_disp_hw.o
  CC      drivers/uwb/allocator.o
  CC      drivers/usb/common/led.o
  CC [M]  drivers/msp/vfmw/vfmw_v4.0/firmware/product/Hi3798MV100/HD_FULL/32bit/common/public.o
  CC [M]  drivers/msp/vpss/vpss_v3_0/vpss_info.o
  CC      drivers/tty/serial/earlycon.o
  CC [M]  drivers/msp/vo/vdp_v2_0/hal/common/drv_disp_intf.o
  CC      drivers/usb/common/usb-otg-fsm.o
  CC [M]  fs/xfs/libxfs/xfs_dir2_block.o
  CC [M]  drivers/msp/vfmw/vfmw_v4.0/firmware/product/Hi3798MV100/HD_FULL/32bit/common/syntax/hidivx3.o
  CC      drivers/uwb/beacon.o
  CC [M]  drivers/msp/vfmw/vfmw_v4.0/firmware/product/Hi3798MV100/HD_FULL/32bit/driver/HiVDHV300R001/hi_hal_divx3.o
  LD [M]  drivers/msp/vfmw/vfmw_v4.0/hi_vfmw.o
  CC      drivers/tty/serial/amba-pl011.o
  CC [M]  drivers/msp/vo/vdp_v2_0/hal/common/drv_disp_rwzb.o
  CC      drivers/uwb/driver.o
  CC [M]  drivers/msp/vpss/vpss_v3_0/vpss_fb.o
  CC [M]  drivers/msp/vfmw/softlib/hwmedia_v1.1/src/hwdec/hwcodec/imgconvert.o
  LD      drivers/usb/common/usb-common.o
  LD      drivers/usb/common/built-in.o
  CC [M]  drivers/msp/vo/vdp_v2_0/hal/common/drv_win_hal.o
  CC [M]  drivers/msp/vo/vdp_v2_0/hal/common/drv_win_hw.o
  CC      drivers/usb/core/usb.o
  CC      drivers/uwb/drp.o
  CC [M]  drivers/msp/vpss/vpss_v3_0/vpss_wbc.o
  CC [M]  drivers/msp/vpss/vpss_v3_0/vpss_in/vpss_src.o
  CC [M]  fs/xfs/libxfs/xfs_dir2_data.o
  CC      drivers/usb/core/hub.o
  CC      drivers/uwb/drp-avail.o
  LD      drivers/tty/serial/built-in.o
  CC [M]  drivers/msp/vo/vdp_v2_0/hal/3798m/hal_specific_config.o
  CC [M]  drivers/msp/vfmw/softlib/hwmedia_v1.1/src/hwdec/hwcodec/h263.o
  CC      drivers/tty/vt/vt_ioctl.o
/home/ray/workplace/git_download/HiSTB_origin/HiSTBLinux/source/kernel/linux-4.4.y/drivers/usb/core/hub.c:4227:13: warning: 'hub_set_initial_usb2_lpm_policy' defined but not used [-Wunused-function]
 static void hub_set_initial_usb2_lpm_policy(struct usb_device *udev)
             ^
  CC      drivers/uwb/drp-ie.o
  CC [M]  drivers/msp/vpss/vpss_v3_0/vpss_his.o
  CC [M]  fs/xfs/libxfs/xfs_dir2_leaf.o
  CC [M]  drivers/msp/vo/vdp_v2_0/hal/3798m/vdp_driver.o
  CC      drivers/uwb/est.o
  CC [M]  drivers/msp/vpss/vpss_v3_0/vpss_sttinf.o
  CC      drivers/tty/vt/vc_screen.o
  CC      drivers/uwb/ie.o
  CC [M]  drivers/msp/vpss/vpss_v3_0/vpss_in/vpss_img.o
  CC      drivers/tty/vt/selection.o
  CC      drivers/uwb/ie-rcv.o
  CC [M]  fs/xfs/libxfs/xfs_dir2_node.o
  CC [M]  fs/xfs/libxfs/xfs_dir2_sf.o
  CC [M]  drivers/msp/vpss/vpss_v3_0/alg/vpss_alg_ratio.o
  CC      drivers/tty/vt/keyboard.o
  CC      drivers/uwb/lc-dev.o
  CC      drivers/usb/core/hcd.o
  CC [M]  drivers/msp/vpss/vpss_v3_0/alg/vpss_alg_rwzb.o
  CC      drivers/uwb/lc-rc.o
  CC [M]  drivers/msp/vpss/vpss_v3_0/alg/vpss_alg_scd.o
  CC [M]  drivers/msp/vpss/vpss_v3_0/vpss_rwzb.o
  CC      drivers/usb/core/urb.o
  CC [M]  fs/xfs/libxfs/xfs_dquot_buf.o
  CC [M]  drivers/msp/vpss/vpss_v3_0/vpss_instance.o
  CC      drivers/uwb/neh.o
  CC      drivers/tty/vt/consolemap.o
  CC      drivers/uwb/pal.o
  CC      drivers/usb/core/message.o
  CC [M]  fs/xfs/libxfs/xfs_ialloc.o
  CC      drivers/uwb/radio.o
  CC      drivers/tty/vt/consolemap_deftbl.o
  CC [M]  drivers/msp/vo/vdp_v2_0/hal/3798m/vdp_software_selfdefine.o
  CC      drivers/tty/vt/vt.o
  CC      drivers/tty/vt/defkeymap.o
  CC [M]  fs/xfs/libxfs/xfs_ialloc_btree.o
  CC      drivers/uwb/reset.o
  CC [M]  drivers/msp/vo/vdp_v2_0/alg/drv_disp_alg_gamma.o
  CC [M]  drivers/msp/vpss/vpss_v3_0/vpss_ctrl.o
  CC      drivers/usb/core/driver.o
  CC      drivers/uwb/rsv.o
  CC [M]  drivers/msp/vfmw/softlib/hwmedia_v1.1/src/hwdec/hwcodec/h263dec.o
  CC [M]  drivers/msp/vo/vdp_v2_0/alg/drv_disp_alg_rgb2yuv.o
  CC [M]  drivers/msp/vo/vdp_v2_0/alg/drv_disp_alg_service.o
  CC [M]  drivers/msp/vpss/vpss_v3_0/drv_vpss_intf_k.o
  CC [M]  drivers/msp/vfmw/softlib/hwmedia_v1.1/src/hwdec/hwcodec/h263_parser.o
  CC [M]  fs/xfs/libxfs/xfs_inode_fork.o
  CC      drivers/usb/core/config.o
  CC      drivers/uwb/scan.o
  CC [M]  drivers/msp/vo/vdp_v2_0/drv_disp.o
  CC [M]  drivers/msp/vfmw/softlib/hwmedia_v1.1/src/hwdec/hwcodec/mpegvideo.o
  CC      drivers/video/hdmi.o
  CC      drivers/uwb/uwb-debug.o
  CC [M]  drivers/msp/vpss/vpss_v3_0/vpss_trans_fb.o
  CC      drivers/usb/core/file.o
  CC      drivers/video/backlight/lcd.o
  LD      drivers/tty/vt/built-in.o
  LD      drivers/tty/built-in.o
  CC [M]  drivers/msp/vpss/vpss_v3_0/hal/hi3798mv100/vpss_reg_3798m.o
  CC      drivers/uwb/uwbd.o
  CC      drivers/usb/core/buffer.o
  CC      drivers/usb/core/sysfs.o
  CC [M]  drivers/msp/vo/vdp_v2_0/drv_disp_adp2unf.o
  CC [M]  fs/xfs/libxfs/xfs_inode_buf.o
  CC      drivers/video/backlight/backlight.o
  LD      drivers/uwb/uwb.o
  LD      drivers/uwb/built-in.o
  CC [M]  drivers/msp/vo/vdp_v2_0/drv_disp_intf.o
  CC [M]  drivers/msp/vo/vdp_v2_0/drv_win.o
  CC [M]  fs/xfs/libxfs/xfs_log_rlimit.o
  LD      drivers/video/backlight/built-in.o
  CC [M]  drivers/msp/vfmw/softlib/hwmedia_v1.1/src/hwdec/hwcodec/options.o
  CC      drivers/usb/core/endpoint.o
  CC      drivers/video/console/dummycon.o
  CC      drivers/video/fbdev/core/fb_notify.o
  CC [M]  drivers/msp/vpss/vpss_v3_0/hal/hi3798mv100/vpss_hal_3798m.o
  CC [M]  drivers/msp/vpss/vpss_v3_0/vpss_in/hi3798mv100/vpss_in_3798mv100.o
  LD      drivers/video/console/built-in.o
  CC [M]  fs/xfs/libxfs/xfs_sb.o
  CC      drivers/usb/core/devio.o
  CC [M]  drivers/msp/vo/vdp_v2_0/drv_win_intf.o
  CC      drivers/video/fbdev/core/fb_cmdline.o
  CC      drivers/video/fbdev/core/fbmem.o
  CC [M]  drivers/msp/vo/vdp_v2_0/com/drv_disp_debug.o
  CC      drivers/video/fbdev/core/fbmon.o
  CC      drivers/usb/core/notify.o
  LD [M]  drivers/msp/vpss/hi_vpss.o
  CC [M]  fs/xfs/libxfs/xfs_symlink_remote.o
  CC [M]  drivers/msp/vo/vdp_v2_0/com/drv_disp_osal.o
  CC [M]  fs/xfs/libxfs/xfs_trans_resv.o
  CC [M]  drivers/msp/vo/vdp_v2_0/drv/drv_cgms.o
  CC      drivers/watchdog/watchdog_core.o
  CC      drivers/watchdog/watchdog_dev.o
  CC [M]  drivers/msp/vo/vdp_v2_0/drv/drv_disp_bufcore.o
  CC      drivers/usb/core/generic.o
  CC      drivers/video/fbdev/core/fbcmap.o
  CC      drivers/video/fbdev/core/fbsysfs.o
  CC      drivers/video/fbdev/core/modedb.o
  CC      drivers/usb/core/quirks.o
  CC      drivers/watchdog/sp805_wdt.o
  CC [M]  fs/xfs/libxfs/xfs_rtbitmap.o
  CC [M]  drivers/msp/vo/vdp_v2_0/drv/drv_disp_buffer.o
  CC [M]  drivers/msp/vo/vdp_v2_0/drv/drv_disp_cast.o
  LD      drivers/watchdog/watchdog.o
  LD      drivers/watchdog/built-in.o
  CC [M]  fs/xfs/xfs_aops.o
  CC [M]  drivers/msp/vo/vdp_v2_0/drv/drv_disp_isr.o
  CC      drivers/usb/core/devices.o
  CC      drivers/video/fbdev/core/fbcvt.o
  CC [M]  fs/xfs/xfs_attr_inactive.o
  CC      drivers/video/fbdev/core/fb_defio.o
  CC      drivers/usb/core/port.o
  CC [M]  drivers/msp/vo/vdp_v2_0/drv/drv_display.o
  CC [M]  drivers/usb/gadget/function/f_loopback.o
  CC [M]  drivers/usb/gadget/function/f_sourcesink.o
  CC      drivers/usb/core/hcd-pci.o
  CC      drivers/video/fbdev/core/cfbfillrect.o
  CC [M]  drivers/msp/vo/vdp_v2_0/drv/drv_mcvn.o
  CC [M]  drivers/usb/gadget/function/f_mass_storage.o
  CC [M]  drivers/usb/gadget/legacy/zero.o
  CC [M]  fs/xfs/xfs_attr_list.o
  CC      drivers/video/fbdev/core/cfbcopyarea.o
  CC      drivers/video/fbdev/core/cfbimgblt.o
  LD      drivers/usb/core/usbcore.o
  LD      drivers/usb/core/built-in.o
  CC [M]  drivers/msp/vo/vdp_v2_0/drv/drv_sync.o
  CC [M]  drivers/usb/gadget/legacy/audio.o
  CC [M]  drivers/usb/gadget/legacy/inode.o
  CC      drivers/usb/gadget/udc/udc-core.o
  CC      drivers/video/fbdev/core/sysfillrect.o
  CC      drivers/video/fbdev/core/syscopyarea.o
  CC [M]  drivers/msp/vo/vdp_v2_0/drv/drv_virtual.o
  CC [M]  fs/xfs/xfs_bmap_util.o
  LD      drivers/usb/gadget/udc/built-in.o
  CC      drivers/video/fbdev/core/sysimgblt.o
  CC [M]  drivers/usb/gadget/usbstring.o
  CC [M]  drivers/usb/gadget/legacy/g_ffs.o
  CC [M]  drivers/usb/gadget/function/storage_common.o
  CC [M]  drivers/usb/gadget/legacy/mass_storage.o
  CC [M]  drivers/msp/vo/vdp_v2_0/drv/drv_win_buffer.o
  CC      drivers/video/fbdev/core/fb_sys_fops.o
  CC [M]  drivers/usb/gadget/config.o
  CC [M]  drivers/usb/gadget/legacy/gmidi.o
  LD      drivers/video/fbdev/core/fb.o
  LD      drivers/video/fbdev/core/built-in.o
  CC      drivers/video/fbdev/udlfb.o
  CC [M]  drivers/usb/gadget/function/f_fs.o
  CC [M]  drivers/wifi/usb_rtl8188eu/rtl8188EUS_linux_v4.3.24_16705.20160509/core/rtw_cmd.o
  CC [M]  drivers/msp/vo/vdp_v2_0/drv/drv_win_frc.o
  CC [M]  drivers/usb/gadget/legacy/hid.o
  CC [M]  drivers/usb/gadget/legacy/webcam.o
  CC [M]  drivers/msp/vo/vdp_v2_0/drv/drv_win_policy.o
  CC [M]  fs/xfs/xfs_buf.o
  CC [M]  fs/xfs/xfs_dir2_readdir.o
  LD [M]  drivers/usb/gadget/legacy/g_zero.o
  LD [M]  drivers/usb/gadget/legacy/g_audio.o
  LD [M]  drivers/usb/gadget/legacy/gadgetfs.o
  LD [M]  drivers/usb/gadget/legacy/g_mass_storage.o
  LD [M]  drivers/usb/gadget/legacy/g_midi.o
  LD [M]  drivers/usb/gadget/legacy/g_hid.o
  LD [M]  drivers/usb/gadget/legacy/g_webcam.o
  CC      drivers/usb/host/pci-quirks.o
  CC      drivers/video/fbdev/simplefb.o
  CC [M]  drivers/msp/vo/vdp_v2_0/drv/drv_win_prc.o
  CC [M]  drivers/usb/gadget/function/f_uac2.o
  LD      drivers/video/fbdev/built-in.o
  LD      drivers/video/built-in.o
  CC [M]  drivers/msp/vo/vdp_v2_0/drv/drv_window.o
  CC [M]  drivers/usb/gadget/function/f_uvc.o
  CC      drivers/usb/host/ehci-hcd.o
  CC [M]  drivers/wifi/usb_rtl8188eu/rtl8188EUS_linux_v4.3.24_16705.20160509/core/rtw_security.o
  CC [M]  drivers/wifi/usb_rtl8188eu/rtl8188EUS_linux_v4.3.24_16705.20160509/core/rtw_debug.o
  CC [M]  fs/xfs/xfs_discard.o
  CC [M]  drivers/usb/gadget/epautoconf.o
  CC [M]  drivers/usb/gadget/function/uvc_queue.o
  CC [M]  drivers/usb/gadget/function/uvc_v4l2.o
  CC [M]  fs/xfs/xfs_error.o
  CC      drivers/usb/mon/mon_main.o
  CC [M]  drivers/usb/gadget/composite.o
  CC [M]  drivers/usb/gadget/function/uvc_video.o
  CC [M]  drivers/wifi/usb_rtl8188eu/rtl8188EUS_linux_v4.3.24_16705.20160509/core/rtw_io.o
  CC [M]  fs/xfs/xfs_export.o
  CC      drivers/usb/mon/mon_stat.o
  CC [M]  drivers/usb/gadget/function/uvc_configfs.o
  CC      drivers/usb/mon/mon_text.o
  LD [M]  drivers/msp/vo/hi_vou.o
  CC [M]  fs/xfs/xfs_extent_busy.o
  CC [M]  drivers/wifi/usb_rtl8188eu/rtl8188EUS_linux_v4.3.24_16705.20160509/core/rtw_ioctl_query.o
  CC [M]  drivers/wifi/usb_rtl8188eu/rtl8188EUS_linux_v4.3.24_16705.20160509/core/rtw_ioctl_set.o
  CC      drivers/usb/phy/phy.o
  CC      drivers/usb/mon/mon_bin.o
  CC [M]  drivers/usb/gadget/functions.o
  CC [M]  drivers/usb/gadget/function/f_midi.o
  CC      drivers/usb/host/ehci-pci.o
  CC      drivers/usb/phy/of.o
  CC [M]  fs/xfs/xfs_file.o
  CC [M]  drivers/usb/gadget/function/f_hid.o
  CC [M]  drivers/wifi/usb_rtl8188eu/rtl8188EUS_linux_v4.3.24_16705.20160509/core/rtw_ieee80211.o
  LD      drivers/usb/phy/built-in.o
  LD      drivers/usb/mon/usbmon.o
  LD      drivers/usb/mon/built-in.o
  CC [M]  drivers/wifi/usb_rtl8188eu/rtl8188EUS_linux_v4.3.24_16705.20160509/core/rtw_mlme.o
  CC [M]  drivers/wifi/usb_rtl8188eu/rtl8188EUS_linux_v4.3.24_16705.20160509/core/rtw_mlme_ext.o
  CC      drivers/usb/host/ehci-platform.o
  CC      drivers/usb/host/ohci-hcd.o
  LD [M]  drivers/usb/gadget/function/usb_f_ss_lb.o
  LD [M]  drivers/usb/gadget/function/usb_f_mass_storage.o
  LD [M]  drivers/usb/gadget/function/usb_f_fs.o
  LD [M]  drivers/usb/gadget/function/usb_f_uac2.o
  LD [M]  drivers/usb/gadget/function/usb_f_uvc.o
  LD [M]  drivers/usb/gadget/function/usb_f_midi.o
  LD [M]  drivers/usb/gadget/function/usb_f_hid.o
  CC [M]  drivers/usb/gadget/configfs.o
  CC [M]  fs/xfs/xfs_filestream.o
  CC [M]  drivers/msp/vfmw/softlib/hwmedia_v1.1/src/hwdec/hwcodec/utils.o
  CC [M]  drivers/msp/vfmw/softlib/hwmedia_v1.1/src/hwdec/hwcodec/golomb.o
  CC      drivers/usb/serial/usb-serial.o
  CC      drivers/usb/storage/scsiglue.o
  CC [M]  drivers/usb/gadget/u_f.o
  CC      drivers/usb/serial/generic.o
  CC [M]  fs/xfs/xfs_fsops.o
  LD      drivers/usb/gadget/built-in.o
  LD [M]  drivers/usb/gadget/libcomposite.o
  CC [M]  drivers/msp/vfmw/softlib/hwmedia_v1.1/src/hwdec/hwcodec/huffman.o
  CC      drivers/usb/storage/protocol.o
  CC [M]  drivers/wifi/usb_rtl8188eu/rtl8188EUS_linux_v4.3.24_16705.20160509/core/rtw_wlan_util.o
  CC      drivers/usb/host/ohci-pci.o
  CC      drivers/usb/usbip/usbip_common.o
  CC      drivers/usb/storage/transport.o
  CC      drivers/usb/serial/bus.o
  CC      drivers/usb/host/ohci-platform.o
  CC [M]  fs/xfs/xfs_globals.o
  CC      drivers/usb/serial/console.o
  CC [M]  fs/xfs/xfs_icache.o
  CC      drivers/usb/storage/usb.o
  CC      drivers/usb/host/uhci-hcd.o
  CC      drivers/usb/host/xhci.o
  CC      drivers/usb/usbip/usbip_event.o
  CC      drivers/usb/serial/ftdi_sio.o
  CC [M]  drivers/wifi/usb_rtl8188eu/rtl8188EUS_linux_v4.3.24_16705.20160509/core/rtw_vht.o
  CC      drivers/usb/usbip/vhci_sysfs.o
  CC      drivers/usb/storage/initializers.o
  CC [M]  drivers/wifi/usb_rtl8188eu/rtl8188EUS_linux_v4.3.24_16705.20160509/core/rtw_pwrctrl.o
  CC      drivers/usb/usbip/vhci_tx.o
  CC      drivers/usb/serial/option.o
  CC [M]  fs/xfs/xfs_ioctl.o
  CC      drivers/usb/storage/sierra_ms.o
  CC      drivers/usb/usbip/vhci_rx.o
  CC      drivers/usb/serial/pl2303.o
  CC [M]  drivers/wifi/usb_rtl8188eu/rtl8188EUS_linux_v4.3.24_16705.20160509/core/rtw_rf.o
  CC      drivers/usb/storage/option_ms.o
  CC      drivers/usb/usbip/vhci_hcd.o
  CC      drivers/usb/storage/usual-tables.o
  CC      drivers/usb/usbip/stub_dev.o
  CC      drivers/usb/storage/realtek_cr.o
  CC      drivers/usb/serial/usb-serial-simple.o
  CC [M]  drivers/wifi/usb_rtl8188eu/rtl8188EUS_linux_v4.3.24_16705.20160509/core/rtw_recv.o
  CC      drivers/usb/host/xhci-mem.o
  CC      drivers/usb/usbip/stub_main.o
  CC      drivers/usb/wusbcore/crypto.o
  CC [M]  fs/xfs/xfs_iomap.o
  CC      drivers/usb/serial/usb_wwan.o
  LD      drivers/usb/storage/usb-storage.o
  LD      drivers/usb/storage/ums-realtek.o
  LD      drivers/usb/storage/built-in.o
  CC      drivers/usb/usbip/stub_rx.o
  CC      drivers/usb/wusbcore/devconnect.o
  CC      drivers/usb/usbip/stub_tx.o
  LD      drivers/usb/serial/usbserial.o
  LD      drivers/usb/serial/built-in.o
  CC      drivers/usb/wusbcore/dev-sysfs.o
  CC [M]  drivers/msp/vfmw/softlib/hwmedia_v1.1/src/hwdec/hwcodec/intrax8dsp.o
  LD      drivers/usb/usbip/usbip-core.o
  CC [M]  drivers/wifi/usb_rtl8188eu/rtl8188EUS_linux_v4.3.24_16705.20160509/core/rtw_sta_mgt.o
  LD      drivers/usb/usbip/vhci-hcd.o
  LD      drivers/usb/usbip/usbip-host.o
  LD      drivers/usb/usbip/built-in.o
  CC [M]  drivers/msp/vfmw/softlib/hwmedia_v1.1/src/hwdec/hwcodec/jrevdct.o
  CC      drivers/usb/host/xhci-ring.o
  CC [M]  fs/xfs/xfs_iops.o
  CC [M]  drivers/wifi/usb_rtl8188eu/rtl8188EUS_linux_v4.3.24_16705.20160509/core/rtw_ap.o
  CC      drivers/usb/wusbcore/mmc.o
  CC [M]  drivers/wifi/usb_rtl8188eu/rtl8188EUS_linux_v4.3.24_16705.20160509/core/rtw_xmit.o
  CC [M]  drivers/wifi/usb_rtl8188eu/rtl8188EUS_linux_v4.3.24_16705.20160509/core/rtw_p2p.o
  CC      drivers/usb/host/xhci-hub.o
  CC      drivers/usb/wusbcore/pal.o
  CC      drivers/usb/wusbcore/rh.o
  CC [M]  fs/xfs/xfs_inode.o
  CC      drivers/usb/host/xhci-dbg.o
  CC      drivers/usb/host/xhci-trace.o
  CC      drivers/usb/wusbcore/reservation.o
  CC      drivers/usb/wusbcore/security.o
  CC [M]  drivers/wifi/usb_rtl8188eu/rtl8188EUS_linux_v4.3.24_16705.20160509/core/rtw_tdls.o
  CC [M]  fs/xfs/xfs_itable.o
  CC      drivers/usb/host/xhci-pci.o
  CC      drivers/usb/wusbcore/wusbhc.o
  CC [M]  fs/xfs/xfs_message.o
  CC      drivers/usb/host/xhci-plat.o
  CC [M]  drivers/wifi/usb_rtl8188eu/rtl8188EUS_linux_v4.3.24_16705.20160509/core/rtw_br_ext.o
  CC [M]  drivers/wifi/usb_rtl8188eu/rtl8188EUS_linux_v4.3.24_16705.20160509/core/rtw_iol.o
  CC [M]  fs/xfs/xfs_mount.o
  LD      drivers/usb/wusbcore/wusbcore.o
  LD      drivers/usb/wusbcore/built-in.o
  CC [M]  fs/xfs/xfs_mru_cache.o
  LD      drivers/usb/host/xhci-hcd.o
  LD      drivers/usb/host/xhci-plat-hcd.o
  LD      drivers/usb/host/built-in.o
  LD      drivers/usb/built-in.o
  CC [M]  fs/xfs/xfs_stats.o
  CC [M]  drivers/msp/vfmw/softlib/hwmedia_v1.1/src/hwdec/hwcodec/mdct.o
  CC [M]  drivers/wifi/usb_rtl8188eu/rtl8188EUS_linux_v4.3.24_16705.20160509/core/rtw_sreset.o
  CC [M]  drivers/wifi/usb_rtl8188eu/rtl8188EUS_linux_v4.3.24_16705.20160509/core/rtw_btcoex.o
  CC [M]  drivers/wifi/usb_rtl8188eu/rtl8188EUS_linux_v4.3.24_16705.20160509/core/rtw_beamforming.o
  CC [M]  fs/xfs/xfs_super.o
  CC [M]  drivers/msp/vfmw/softlib/hwmedia_v1.1/src/hwdec/hwcodec/mpeg4video_parser.o
  CC [M]  drivers/msp/vfmw/softlib/hwmedia_v1.1/src/hwdec/hwcodec/parser.o
  CC [M]  fs/xfs/xfs_symlink.o
  CC [M]  drivers/wifi/usb_rtl8188eu/rtl8188EUS_linux_v4.3.24_16705.20160509/core/rtw_odm.o
  CC [M]  drivers/wifi/usb_rtl8188eu/rtl8188EUS_linux_v4.3.24_16705.20160509/core/efuse/rtw_efuse.o
  CC [M]  drivers/wifi/usb_rtl8188eu/rtl8188EUS_linux_v4.3.24_16705.20160509/os_dep/osdep_service.o
  CC [M]  drivers/msp/vfmw/softlib/hwmedia_v1.1/src/hwdec/hwcodec/simple_idct.o
  CC [M]  fs/xfs/xfs_sysfs.o
  CC [M]  fs/xfs/xfs_trans.o
  CC [M]  drivers/wifi/usb_rtl8188eu/rtl8188EUS_linux_v4.3.24_16705.20160509/os_dep/linux/os_intfs.o
  CC [M]  drivers/wifi/usb_rtl8188eu/rtl8188EUS_linux_v4.3.24_16705.20160509/os_dep/linux/usb_intf.o
  CC [M]  drivers/wifi/usb_rtl8188eu/rtl8188EUS_linux_v4.3.24_16705.20160509/os_dep/linux/usb_ops_linux.o
  CC [M]  fs/xfs/xfs_xattr.o
  CC [M]  drivers/wifi/usb_rtl8188eu/rtl8188EUS_linux_v4.3.24_16705.20160509/os_dep/linux/ioctl_linux.o
  CC [M]  fs/xfs/kmem.o
  CC [M]  drivers/msp/vfmw/softlib/hwmedia_v1.1/src/hwdec/hwcodec/h264idct.o
  CC [M]  drivers/msp/vfmw/softlib/hwmedia_v1.1/src/imedia_viddec.o
  CC [M]  drivers/msp/vfmw/softlib/hwmedia_v1.1/src/imedia_util.o
  CC [M]  fs/xfs/uuid.o
  CC [M]  drivers/wifi/usb_rtl8188eu/rtl8188EUS_linux_v4.3.24_16705.20160509/os_dep/linux/xmit_linux.o
  CC [M]  fs/xfs/xfs_log.o
  CC [M]  drivers/wifi/usb_rtl8188eu/rtl8188EUS_linux_v4.3.24_16705.20160509/os_dep/linux/mlme_linux.o
  CC [M]  drivers/wifi/usb_rtl8188eu/rtl8188EUS_linux_v4.3.24_16705.20160509/os_dep/linux/recv_linux.o
  CC [M]  drivers/wifi/usb_rtl8188eu/rtl8188EUS_linux_v4.3.24_16705.20160509/os_dep/linux/ioctl_cfg80211.o
  CC [M]  drivers/wifi/usb_rtl8188eu/rtl8188EUS_linux_v4.3.24_16705.20160509/os_dep/linux/rtw_cfgvendor.o
  CC [M]  fs/xfs/xfs_log_cil.o
  CC [M]  drivers/msp/vfmw/softlib/hwmedia_v1.1/src/hwdec/hwcodec/arm/dsputil_arm.o
  CC [M]  drivers/msp/vfmw/softlib/hwmedia_v1.1/src/hwdec/hwcodec/arm/float_arm_vfp.o
  CC [M]  drivers/wifi/usb_rtl8188eu/rtl8188EUS_linux_v4.3.24_16705.20160509/os_dep/linux/wifi_regd.o
  CC [M]  drivers/msp/vfmw/softlib/hwmedia_v1.1/src/hwdec/hwcodec/arm/mpegvideo_arm.o
  CC [M]  drivers/wifi/usb_rtl8188eu/rtl8188EUS_linux_v4.3.24_16705.20160509/os_dep/linux/rtw_android.o
  CC [M]  drivers/wifi/usb_rtl8188eu/rtl8188EUS_linux_v4.3.24_16705.20160509/os_dep/linux/rtw_proc.o
  CC [M]  fs/xfs/xfs_buf_item.o
  CC [M]  fs/xfs/xfs_extfree_item.o
  CC [M]  fs/xfs/xfs_icreate_item.o
  CC [M]  fs/xfs/xfs_inode_item.o
  CC      fs/yaffs2/yaffs_ecc.o
  CC      fs/eventpoll.o
  CC [M]  drivers/wifi/usb_rtl8188eu/rtl8188EUS_linux_v4.3.24_16705.20160509/os_dep/linux/ioctl_mp.o
  CC [M]  drivers/wifi/usb_rtl8188eu/rtl8188EUS_linux_v4.3.24_16705.20160509/hal/hal_intf.o
  CC      fs/yaffs2/yaffs_vfs.o
  CC      fs/anon_inodes.o
  CC      fs/signalfd.o
  CC      fs/yaffs2/yaffs_guts.o
  CC [M]  fs/xfs/xfs_log_recover.o
  CC      fs/yaffs2/yaffs_checkptrw.o
  CC      fs/yaffs2/yaffs_packedtags1.o
  CC [M]  fs/xfs/xfs_trans_ail.o
  CC [M]  drivers/wifi/usb_rtl8188eu/rtl8188EUS_linux_v4.3.24_16705.20160509/hal/hal_com.o
  CC [M]  drivers/wifi/usb_rtl8188eu/rtl8188EUS_linux_v4.3.24_16705.20160509/hal/hal_com_phycfg.o
  CC      fs/timerfd.o
  CC      fs/eventfd.o
  CC [M]  drivers/wifi/usb_rtl8188eu/rtl8188EUS_linux_v4.3.24_16705.20160509/hal/hal_phy.o
  CC [M]  fs/xfs/xfs_trans_buf.o
  CC      fs/aio.o
  CC      fs/locks.o
  CC      fs/yaffs2/yaffs_packedtags2.o
  CC      fs/binfmt_script.o
  CC      fs/yaffs2/yaffs_nand.o
  CC      fs/binfmt_elf.o
  CC [M]  drivers/wifi/usb_rtl8188eu/rtl8188EUS_linux_v4.3.24_16705.20160509/hal/hal_dm.o
  CC [M]  fs/xfs/xfs_trans_extfree.o
  CC      fs/mbcache.o
  CC      fs/yaffs2/yaffs_tagscompat.o
  CC      fs/yaffs2/yaffs_tagsmarshall.o
  CC [M]  fs/xfs/xfs_trans_inode.o
  CC [M]  fs/xfs/xfs_dquot.o
  CC      fs/yaffs2/yaffs_mtdif.o
  CC [M]  drivers/wifi/usb_rtl8188eu/rtl8188EUS_linux_v4.3.24_16705.20160509/hal/hal_btcoex.o
  CC [M]  drivers/wifi/usb_rtl8188eu/rtl8188EUS_linux_v4.3.24_16705.20160509/hal/hal_mp.o
  CC [M]  drivers/wifi/usb_rtl8188eu/rtl8188EUS_linux_v4.3.24_16705.20160509/hal/hal_hci/hal_usb.o
  CC      fs/yaffs2/yaffs_nameval.o
  CC [M]  fs/xfs/xfs_dquot_item.o
  CC [M]  fs/xfs/xfs_trans_dquot.o
  CC      fs/yaffs2/yaffs_attribs.o
  CC      fs/posix_acl.o
  CC      fs/coredump.o
  CC      fs/drop_caches.o
  CC      fs/yaffs2/yaffs_allocator.o
  CC [M]  drivers/wifi/usb_rtl8188eu/rtl8188EUS_linux_v4.3.24_16705.20160509/hal/led/hal_usb_led.o
  CC [M]  drivers/wifi/usb_rtl8188eu/rtl8188EUS_linux_v4.3.24_16705.20160509/hal/HalPwrSeqCmd.o
  CC [M]  fs/xfs/xfs_qm_syscalls.o
  CC [M]  fs/xfs/xfs_qm_bhv.o
  CC [M]  fs/xfs/xfs_qm.o
  CC      fs/yaffs2/yaffs_yaffs1.o
  CC      fs/yaffs2/yaffs_yaffs2.o
  CC      fs/fhandle.o
  CC      fs/yaffs2/yaffs_bitmap.o
  CC [M]  fs/xfs/xfs_quotaops.o
  CC [M]  drivers/wifi/usb_rtl8188eu/rtl8188EUS_linux_v4.3.24_16705.20160509/hal/rtl8188e/Hal8188EPwrSeq.o
  CC      fs/yaffs2/yaffs_summary.o
  CC [M]  fs/xfs/xfs_rtalloc.o
  CC      fs/dcookies.o
  CC [M]  drivers/wifi/usb_rtl8188eu/rtl8188EUS_linux_v4.3.24_16705.20160509/hal/rtl8188e/rtl8188e_xmit.o
  CC [M]  drivers/wifi/usb_rtl8188eu/rtl8188EUS_linux_v4.3.24_16705.20160509/hal/rtl8188e/rtl8188e_sreset.o
  CC      fs/yaffs2/yaffs_verify.o
  CC [M]  drivers/wifi/usb_rtl8188eu/rtl8188EUS_linux_v4.3.24_16705.20160509/hal/rtl8188e/rtl8188e_hal_init.o
  CC [M]  drivers/wifi/usb_rtl8188eu/rtl8188EUS_linux_v4.3.24_16705.20160509/hal/rtl8188e/rtl8188e_phycfg.o
  CC [M]  drivers/wifi/usb_rtl8188eu/rtl8188EUS_linux_v4.3.24_16705.20160509/hal/rtl8188e/rtl8188e_rf6052.o
  LD      fs/yaffs2/yaffs.o
  LD      fs/yaffs2/built-in.o
  CC [M]  fs/xfs/xfs_acl.o
  CC [M]  fs/xfs/xfs_sysctl.o
  CC [M]  fs/xfs/xfs_pnfs.o
  CC [M]  drivers/wifi/usb_rtl8188eu/rtl8188EUS_linux_v4.3.24_16705.20160509/hal/rtl8188e/rtl8188e_dm.o
  CC [M]  drivers/wifi/usb_rtl8188eu/rtl8188EUS_linux_v4.3.24_16705.20160509/hal/rtl8188e/rtl8188e_rxdesc.o
  CC [M]  drivers/wifi/usb_rtl8188eu/rtl8188EUS_linux_v4.3.24_16705.20160509/hal/rtl8188e/rtl8188e_cmd.o
  CC [M]  drivers/wifi/usb_rtl8188eu/rtl8188EUS_linux_v4.3.24_16705.20160509/hal/rtl8188e/usb/usb_halinit.o
  CC [M]  drivers/wifi/usb_rtl8188eu/rtl8188EUS_linux_v4.3.24_16705.20160509/hal/rtl8188e/usb/rtl8188eu_led.o
  LD [M]  fs/xfs/xfs.o
  LD      fs/built-in.o
  CC [M]  drivers/msp/vfmw/softlib/hwmedia_v1.1/src/hwdec/hwcodec/arm/dsputil_init_armv6.o
  CC [M]  drivers/wifi/usb_rtl8188eu/rtl8188EUS_linux_v4.3.24_16705.20160509/hal/rtl8188e/usb/rtl8188eu_xmit.o
  CC [M]  drivers/wifi/usb_rtl8188eu/rtl8188EUS_linux_v4.3.24_16705.20160509/hal/rtl8188e/usb/rtl8188eu_recv.o
  CC [M]  drivers/wifi/usb_rtl8188eu/rtl8188EUS_linux_v4.3.24_16705.20160509/hal/rtl8188e/usb/usb_ops_linux.o
  CC [M]  drivers/wifi/usb_rtl8188eu/rtl8188EUS_linux_v4.3.24_16705.20160509/hal/efuse/rtl8188e/HalEfuseMask8188E_USB.o
  CC [M]  drivers/wifi/usb_rtl8188eu/rtl8188EUS_linux_v4.3.24_16705.20160509/hal/phydm/phydm_debug.o
  CC [M]  drivers/wifi/usb_rtl8188eu/rtl8188EUS_linux_v4.3.24_16705.20160509/hal/phydm/phydm_antdiv.o
  CC [M]  drivers/wifi/usb_rtl8188eu/rtl8188EUS_linux_v4.3.24_16705.20160509/hal/phydm/phydm_antdect.o
  CC [M]  drivers/wifi/usb_rtl8188eu/rtl8188EUS_linux_v4.3.24_16705.20160509/hal/phydm/phydm_interface.o
  CC [M]  drivers/wifi/usb_rtl8188eu/rtl8188EUS_linux_v4.3.24_16705.20160509/hal/phydm/phydm_hwconfig.o
  CC [M]  drivers/wifi/usb_rtl8188eu/rtl8188EUS_linux_v4.3.24_16705.20160509/hal/phydm/phydm.o
  CC [M]  drivers/wifi/usb_rtl8188eu/rtl8188EUS_linux_v4.3.24_16705.20160509/hal/phydm/halphyrf_ce.o
  CC [M]  drivers/wifi/usb_rtl8188eu/rtl8188EUS_linux_v4.3.24_16705.20160509/hal/phydm/phydm_edcaturbocheck.o
  CC [M]  drivers/wifi/usb_rtl8188eu/rtl8188EUS_linux_v4.3.24_16705.20160509/hal/phydm/phydm_dig.o
  CC [M]  drivers/wifi/usb_rtl8188eu/rtl8188EUS_linux_v4.3.24_16705.20160509/hal/phydm/phydm_pathdiv.o
  CC [M]  drivers/wifi/usb_rtl8188eu/rtl8188EUS_linux_v4.3.24_16705.20160509/hal/phydm/phydm_rainfo.o
  CC [M]  drivers/wifi/usb_rtl8188eu/rtl8188EUS_linux_v4.3.24_16705.20160509/hal/phydm/phydm_dynamicbbpowersaving.o
  CC [M]  drivers/wifi/usb_rtl8188eu/rtl8188EUS_linux_v4.3.24_16705.20160509/hal/phydm/phydm_powertracking_ce.o
  CC [M]  drivers/wifi/usb_rtl8188eu/rtl8188EUS_linux_v4.3.24_16705.20160509/hal/phydm/phydm_dynamictxpower.o
  CC [M]  drivers/wifi/usb_rtl8188eu/rtl8188EUS_linux_v4.3.24_16705.20160509/hal/phydm/phydm_adaptivity.o
  CC [M]  drivers/wifi/usb_rtl8188eu/rtl8188EUS_linux_v4.3.24_16705.20160509/hal/phydm/phydm_cfotracking.o
  CC [M]  drivers/wifi/usb_rtl8188eu/rtl8188EUS_linux_v4.3.24_16705.20160509/hal/phydm/phydm_noisemonitor.o
  CC [M]  drivers/wifi/usb_rtl8188eu/rtl8188EUS_linux_v4.3.24_16705.20160509/hal/phydm/phydm_acs.o
  CC [M]  drivers/wifi/usb_rtl8188eu/rtl8188EUS_linux_v4.3.24_16705.20160509/hal/phydm/phydm_beamforming.o
  CC [M]  drivers/wifi/usb_rtl8188eu/rtl8188EUS_linux_v4.3.24_16705.20160509/hal/phydm/txbf/halcomtxbf.o
  CC [M]  drivers/wifi/usb_rtl8188eu/rtl8188EUS_linux_v4.3.24_16705.20160509/hal/phydm/txbf/haltxbfinterface.o
  CC [M]  drivers/wifi/usb_rtl8188eu/rtl8188EUS_linux_v4.3.24_16705.20160509/hal/phydm/rtl8188e/halhwimg8188e_mac.o
  CC [M]  drivers/wifi/usb_rtl8188eu/rtl8188EUS_linux_v4.3.24_16705.20160509/hal/phydm/rtl8188e/halhwimg8188e_bb.o
  CC [M]  drivers/wifi/usb_rtl8188eu/rtl8188EUS_linux_v4.3.24_16705.20160509/hal/phydm/rtl8188e/halhwimg8188e_rf.o
  CC [M]  drivers/wifi/usb_rtl8188eu/rtl8188EUS_linux_v4.3.24_16705.20160509/hal/phydm/rtl8188e/halhwimg8188e_t_fw.o
  CC [M]  drivers/wifi/usb_rtl8188eu/rtl8188EUS_linux_v4.3.24_16705.20160509/hal/phydm/rtl8188e/halhwimg8188e_s_fw.o
  CC [M]  drivers/wifi/usb_rtl8188eu/rtl8188EUS_linux_v4.3.24_16705.20160509/hal/phydm/rtl8188e/halphyrf_8188e_ce.o
  CC [M]  drivers/wifi/usb_rtl8188eu/rtl8188EUS_linux_v4.3.24_16705.20160509/hal/phydm/rtl8188e/phydm_regconfig8188e.o
  CC [M]  drivers/wifi/usb_rtl8188eu/rtl8188EUS_linux_v4.3.24_16705.20160509/hal/phydm/rtl8188e/hal8188erateadaptive.o
  CC [M]  drivers/wifi/usb_rtl8188eu/rtl8188EUS_linux_v4.3.24_16705.20160509/hal/phydm/rtl8188e/phydm_rtl8188e.o
  CC [M]  drivers/wifi/usb_rtl8188eu/rtl8188EUS_linux_v4.3.24_16705.20160509/platform/platform_ops.o
  CC [M]  drivers/wifi/usb_rtl8188eu/rtl8188EUS_linux_v4.3.24_16705.20160509/core/rtw_mp.o
  CC [M]  drivers/wifi/usb_rtl8188eu/rtl8188EUS_linux_v4.3.24_16705.20160509/core/rtw_mp_ioctl.o
  LD [M]  drivers/wifi/usb_rtl8188eu/rtl8188EUS_linux_v4.3.24_16705.20160509/rtl8188eu.o
  LD [M]  drivers/msp/vfmw/softlib/hi_svdec.o
  LD      drivers/built-in.o
  LINK    vmlinux
  LD      vmlinux.o
  MODPOST vmlinux.o
WARNING: modpost: Found 6 section mismatch(es).
To see full details build your kernel with:
'make CONFIG_DEBUG_SECTION_MISMATCH=y'
  GEN     .version
  CC      init/main.o
  CHK     include/generated/compile.h
  CC      init/do_mounts.o
  CC      init/do_mounts_rd.o
  CC      init/do_mounts_initrd.o
  CC      init/noinitramfs.o
  CC      init/initramfs.o
  CC      init/calibrate.o
  UPD     include/generated/compile.h
  CC      init/init_task.o
  CC      init/version.o
  LD      init/mounts.o
  LD      init/built-in.o
  KSYM    .tmp_kallsyms1.o
  KSYM    .tmp_kallsyms2.o
  LD      vmlinux
  SORTEX  vmlinux
  SYSMAP  System.map
  OBJCOPY arch/arm/boot/Image
  Building modules, stage 2.
  Kernel: arch/arm/boot/Image is ready
  Kernel: arch/arm/boot/Image is ready
  GZIP    arch/arm/boot/compressed/piggy.gzip
  CC      arch/arm/boot/compressed/misc.o
  CC      arch/arm/boot/compressed/decompress.o
  CC      arch/arm/boot/compressed/string.o
  CC      arch/arm/boot/compressed/fdt_rw.o
  CC      arch/arm/boot/compressed/fdt_ro.o
  MODPOST 122 modules
  CC      arch/arm/boot/compressed/fdt_wip.o
WARNING: drivers/msp/adsp/adsp_v1_1/hi_adsp.o (.arm_vfe_header): unexpected non-allocatable section.
Did you forget to use "ax"/"aw" in a .S file?
Note that for example <linux/init.h> contains
section definitions for use in .S files.

  CC      arch/arm/boot/compressed/fdt.o
  CC      arch/arm/boot/compressed/atags_to_fdt.o
/home/ray/workplace/git_download/HiSTB_origin/HiSTBLinux/source/kernel/linux-4.4.y/arch/arm/boot/compressed/atags_to_fdt.c: In function 'merge_fdt_bootargs':
/home/ray/workplace/git_download/HiSTB_origin/HiSTBLinux/source/kernel/linux-4.4.y/arch/arm/boot/compressed/atags_to_fdt.c:98:1: warning: the frame size of 1032 bytes is larger than 1024 bytes [-Wframe-larger-than=]
 }
 ^
WARNING: modpost: Found 7 section mismatch(es).
To see full details build your kernel with:
'make CONFIG_DEBUG_SECTION_MISMATCH=y'
  CC      crypto/ccm.mod.o
  CC      crypto/ctr.mod.o
  CC      crypto/drbg.mod.o
  CC      crypto/echainiv.mod.o
  CC      crypto/gcm.mod.o
  CC      crypto/gf128mul.mod.o
  CC      crypto/ghash-generic.mod.o
  CC      crypto/jitterentropy_rng.mod.o
  CC      crypto/seqiv.mod.o
  CC      drivers/common/hi_common.mod.o
  CC      drivers/common/hi_media.mod.o
  CC      drivers/common/hi_mmz.mod.o
  CC      drivers/hisilicon/misc/hrtimer_test.mod.o
  CC      drivers/input/tablet/wacom_serial4.mod.o
  CC      drivers/media/usb/gspca/gspca_main.mod.o
  CC      drivers/msp/adac/slic/hi_slic.mod.o
  CC      drivers/msp/adec/adec_v1_1/hi_adec.mod.o
  CC      drivers/msp/adsp/adsp_v1_1/hi_adsp.mod.o
  CC      drivers/msp/advca/hi_advca.mod.o
  CC      drivers/msp/aenc/hi_aenc.mod.o
  CC      drivers/msp/aiao/aiao_v1_1/hi_aiao.mod.o
  CC      drivers/msp/cipher/hi_cipher.mod.o
  CC      drivers/msp/dbe/hi_dbe.mod.o
  CC      drivers/msp/ddr/ddr.mod.o
  CC      drivers/msp/demux/hi_demux.mod.o
  CC      drivers/msp/gpio/hi_gpio.mod.o
  CC      drivers/msp/gpu/utgard/mali.mod.o
  CC      drivers/msp/hdmi/hi_hdmi.mod.o
  CC      drivers/msp/hifb/hi_fb.mod.o
  CC      drivers/msp/i2c/gpio_i2c/hi_gpio_i2c.mod.o
  CC      drivers/msp/i2c/std_i2c/hi_i2c.mod.o
  CC      drivers/msp/ir/ir_std/hi_ir.mod.o
  CC      drivers/msp/jpeg/hi_jpeg.mod.o
  CC      drivers/msp/jpge/hi_jpge.mod.o
  CC      drivers/msp/keyled/hi_keyled.mod.o
  CC      drivers/msp/mce/hi_mce.mod.o
  CC      drivers/msp/omxvdec/omxvdec_v1.0/hi_omxvdec.mod.o
  CC      drivers/msp/otp/v100/hi_otp.mod.o
  CC      drivers/msp/pdm/hi_pdm.mod.o
  CC      drivers/msp/pm/hi_pmoc.mod.o
  CC      drivers/msp/png/hi_png.mod.o
  CC      drivers/msp/pq/pq_v3_0/hi_pq.mod.o
  CC      drivers/msp/pvr/hi_pvr.mod.o
  CC      drivers/msp/spi/hi_spi.mod.o
  CC      drivers/msp/sync/hi_sync.mod.o
  CC      drivers/msp/tde/hi_tde.mod.o
  CC      drivers/msp/vad/sil9293/hi_sil9293.mod.o
  CC      drivers/msp/vdec/vdec_v1.0/hi_vdec.mod.o
  CC      drivers/msp/venc/venc_v1.0/hi_venc.mod.o
  CC      drivers/msp/vfmw/softlib/hi_svdec.mod.o
  CC      drivers/msp/vfmw/vfmw_v4.0/hi_vfmw.mod.o
  CC      drivers/msp/vi/hi_vi.mod.o
  CC      drivers/msp/vo/hi_vou.mod.o
  CC      drivers/msp/vpss/hi_vpss.mod.o
  CC      drivers/net/wireless/ath/ath.mod.o
  CC      drivers/net/wireless/ath/ath9k/ath9k.mod.o
  CC      drivers/net/wireless/ath/ath9k/ath9k_common.mod.o
  CC      drivers/net/wireless/ath/ath9k/ath9k_htc.mod.o
  CC      drivers/net/wireless/ath/ath9k/ath9k_hw.mod.o
  CC      drivers/net/wireless/zd1201.mod.o
  CC      drivers/usb/gadget/function/usb_f_fs.mod.o
  CC      drivers/usb/gadget/function/usb_f_hid.mod.o
  CC      drivers/usb/gadget/function/usb_f_mass_storage.mod.o
  CC      drivers/usb/gadget/function/usb_f_midi.mod.o
  CC      drivers/usb/gadget/function/usb_f_ss_lb.mod.o
  CC      drivers/usb/gadget/function/usb_f_uac2.mod.o
  CC      drivers/usb/gadget/function/usb_f_uvc.mod.o
  CC      drivers/usb/gadget/legacy/g_audio.mod.o
  CC      drivers/usb/gadget/legacy/g_ffs.mod.o
  CC      drivers/usb/gadget/legacy/g_hid.mod.o
  CC      drivers/usb/gadget/legacy/g_mass_storage.mod.o
  CC      drivers/usb/gadget/legacy/g_midi.mod.o
  CC      drivers/usb/gadget/legacy/g_webcam.mod.o
  CC      drivers/usb/gadget/legacy/g_zero.mod.o
  CC      drivers/usb/gadget/legacy/gadgetfs.mod.o
  CC      drivers/usb/gadget/libcomposite.mod.o
  CC      drivers/wifi/usb_rtl8188eu/rtl8188EUS_linux_v4.3.24_16705.20160509/rtl8188eu.mod.o
  CC      fs/autofs4/autofs4.mod.o
  CC      fs/jfs/jfs.mod.o
  CC      fs/nfs/flexfilelayout/nfs_layout_flexfiles.mod.o
  CC      fs/nls/nls_cp1250.mod.o
  CC      fs/nls/nls_cp1251.mod.o
  AS      arch/arm/boot/compressed/piggy.gzip.o
  CC      fs/nls/nls_cp1255.mod.o
  CC      fs/nls/nls_cp737.mod.o
  CC      fs/nls/nls_cp775.mod.o
  CC      fs/nls/nls_cp850.mod.o
  CC      fs/nls/nls_cp852.mod.o
  LD      arch/arm/boot/compressed/vmlinux
  CC      fs/nls/nls_cp855.mod.o
  CC      fs/nls/nls_cp857.mod.o
  OBJCOPY arch/arm/boot/zImage
  Kernel: arch/arm/boot/zImage is ready
  CC      fs/nls/nls_cp860.mod.o
  Kernel: arch/arm/boot/Image is ready
  CC      fs/nls/nls_cp861.mod.o
  DTC     arch/arm/boot/dts/hi3798mv100.dtb
  CC      fs/nls/nls_cp862.mod.o
  CC      fs/nls/nls_cp863.mod.o
  CC      fs/nls/nls_cp864.mod.o
  CC      fs/nls/nls_cp865.mod.o
  CC      fs/nls/nls_cp866.mod.o
  CC      arch/arm/boot/compressed/misc.o
  CC      arch/arm/boot/compressed/decompress.o
  CC      fs/nls/nls_cp869.mod.o
  CC      arch/arm/boot/compressed/string.o
  CC      fs/nls/nls_cp874.mod.o
  CC      fs/nls/nls_cp932.mod.o
  CC      arch/arm/boot/compressed/fdt_rw.o
  CC      arch/arm/boot/compressed/fdt_ro.o
  CC      fs/nls/nls_cp949.mod.o
  CC      arch/arm/boot/compressed/fdt_wip.o
  CC      fs/nls/nls_cp950.mod.o
  CC      arch/arm/boot/compressed/fdt.o
  CC      arch/arm/boot/compressed/atags_to_fdt.o
  CC      fs/nls/nls_euc-jp.mod.o
  CC      fs/nls/nls_iso8859-13.mod.o
  CC      fs/nls/nls_iso8859-14.mod.o
/home/ray/workplace/git_download/HiSTB_origin/HiSTBLinux/source/kernel/linux-4.4.y/arch/arm/boot/compressed/atags_to_fdt.c: In function 'merge_fdt_bootargs':
/home/ray/workplace/git_download/HiSTB_origin/HiSTBLinux/source/kernel/linux-4.4.y/arch/arm/boot/compressed/atags_to_fdt.c:98:1: warning: the frame size of 1032 bytes is larger than 1024 bytes [-Wframe-larger-than=]
 }
 ^
  CC      fs/nls/nls_iso8859-15.mod.o
  CC      fs/nls/nls_iso8859-2.mod.o
  CC      fs/nls/nls_iso8859-3.mod.o
  CC      fs/nls/nls_iso8859-4.mod.o
  CC      fs/nls/nls_iso8859-5.mod.o
  CC      fs/nls/nls_iso8859-6.mod.o
  CC      fs/nls/nls_iso8859-7.mod.o
  CC      fs/nls/nls_iso8859-9.mod.o
  CC      fs/nls/nls_koi8-r.mod.o
  CC      fs/nls/nls_koi8-ru.mod.o
  CC      fs/nls/nls_koi8-u.mod.o
  CC      fs/quota/quota_tree.mod.o
  CC      fs/quota/quota_v1.mod.o
  CC      fs/quota/quota_v2.mod.o
  CC      fs/reiserfs/reiserfs.mod.o
  CC      fs/xfs/xfs.mod.o
  CC      net/mac80211/mac80211.mod.o
  CC      net/wireless/cfg80211.mod.o
  LD [M]  crypto/ccm.ko
  LD [M]  crypto/ctr.ko
  LD [M]  crypto/drbg.ko
  LD [M]  crypto/echainiv.ko
  LD [M]  crypto/gcm.ko
  LD [M]  crypto/gf128mul.ko
  LD [M]  crypto/ghash-generic.ko
  LD [M]  crypto/jitterentropy_rng.ko
  LD [M]  crypto/seqiv.ko
  LD [M]  drivers/common/hi_common.ko
  LD [M]  drivers/common/hi_media.ko
  LD [M]  drivers/common/hi_mmz.ko
  LD [M]  drivers/hisilicon/misc/hrtimer_test.ko
  LD [M]  drivers/input/tablet/wacom_serial4.ko
  LD [M]  drivers/media/usb/gspca/gspca_main.ko
  LD [M]  drivers/msp/adac/slic/hi_slic.ko
  LD [M]  drivers/msp/adec/adec_v1_1/hi_adec.ko
  LD [M]  drivers/msp/adsp/adsp_v1_1/hi_adsp.ko
  LD [M]  drivers/msp/advca/hi_advca.ko
  LD [M]  drivers/msp/aenc/hi_aenc.ko
  LD [M]  drivers/msp/aiao/aiao_v1_1/hi_aiao.ko
  LD [M]  drivers/msp/cipher/hi_cipher.ko
  LD [M]  drivers/msp/dbe/hi_dbe.ko
  LD [M]  drivers/msp/ddr/ddr.ko
  LD [M]  drivers/msp/demux/hi_demux.ko
  LD [M]  drivers/msp/gpio/hi_gpio.ko
  LD [M]  drivers/msp/gpu/utgard/mali.ko
  LD [M]  drivers/msp/hdmi/hi_hdmi.ko
  LD [M]  drivers/msp/hifb/hi_fb.ko
  LD      arch/arm/boot/compressed/vmlinux
  LD [M]  drivers/msp/i2c/gpio_i2c/hi_gpio_i2c.ko
  LD [M]  drivers/msp/i2c/std_i2c/hi_i2c.ko
  LD [M]  drivers/msp/ir/ir_std/hi_ir.ko
  LD [M]  drivers/msp/jpeg/hi_jpeg.ko
  LD [M]  drivers/msp/jpge/hi_jpge.ko
  LD [M]  drivers/msp/keyled/hi_keyled.ko
  LD [M]  drivers/msp/mce/hi_mce.ko
  LD [M]  drivers/msp/omxvdec/omxvdec_v1.0/hi_omxvdec.ko
  LD [M]  drivers/msp/otp/v100/hi_otp.ko
  LD [M]  drivers/msp/pdm/hi_pdm.ko
  LD [M]  drivers/msp/pm/hi_pmoc.ko
  LD [M]  drivers/msp/png/hi_png.ko
  LD [M]  drivers/msp/pq/pq_v3_0/hi_pq.ko
  LD [M]  drivers/msp/pvr/hi_pvr.ko
  LD [M]  drivers/msp/spi/hi_spi.ko
  LD [M]  drivers/msp/sync/hi_sync.ko
  LD [M]  drivers/msp/tde/hi_tde.ko
  LD [M]  drivers/msp/vad/sil9293/hi_sil9293.ko
  LD [M]  drivers/msp/vdec/vdec_v1.0/hi_vdec.ko
  LD [M]  drivers/msp/venc/venc_v1.0/hi_venc.ko
  LD [M]  drivers/msp/vfmw/softlib/hi_svdec.ko
  LD [M]  drivers/msp/vfmw/vfmw_v4.0/hi_vfmw.ko
  LD [M]  drivers/msp/vi/hi_vi.ko
  LD [M]  drivers/msp/vo/hi_vou.ko
  LD [M]  drivers/msp/vpss/hi_vpss.ko
  LD [M]  drivers/net/wireless/ath/ath.ko
  LD [M]  drivers/net/wireless/ath/ath9k/ath9k.ko
  OBJCOPY arch/arm/boot/zImage
  LD [M]  drivers/net/wireless/ath/ath9k/ath9k_common.ko
  LD [M]  drivers/net/wireless/ath/ath9k/ath9k_htc.ko
  LD [M]  drivers/net/wireless/ath/ath9k/ath9k_hw.ko
  LD [M]  drivers/net/wireless/zd1201.ko
  LD [M]  drivers/usb/gadget/function/usb_f_fs.ko
  LD [M]  drivers/usb/gadget/function/usb_f_hid.ko
  LD [M]  drivers/usb/gadget/function/usb_f_mass_storage.ko
  LD [M]  drivers/usb/gadget/function/usb_f_midi.ko
  LD [M]  drivers/usb/gadget/function/usb_f_ss_lb.ko
  LD [M]  drivers/usb/gadget/function/usb_f_uac2.ko
  LD [M]  drivers/usb/gadget/function/usb_f_uvc.ko
  LD [M]  drivers/usb/gadget/legacy/g_audio.ko
  LD [M]  drivers/usb/gadget/legacy/g_ffs.ko
  LD [M]  drivers/usb/gadget/legacy/g_hid.ko
  LD [M]  drivers/usb/gadget/legacy/g_mass_storage.ko
  LD [M]  drivers/usb/gadget/legacy/g_midi.ko
  LD [M]  drivers/usb/gadget/legacy/g_webcam.ko
  LD [M]  drivers/usb/gadget/legacy/g_zero.ko
  LD [M]  drivers/usb/gadget/legacy/gadgetfs.ko
  LD [M]  drivers/usb/gadget/libcomposite.ko
  LD [M]  drivers/wifi/usb_rtl8188eu/rtl8188EUS_linux_v4.3.24_16705.20160509/rtl8188eu.ko
  LD [M]  fs/autofs4/autofs4.ko
  Kernel: arch/arm/boot/zImage is ready
  LD [M]  fs/jfs/jfs.ko
  CAT     arch/arm/boot/zImage-dtb
  LD [M]  fs/nfs/flexfilelayout/nfs_layout_flexfiles.ko
  LD [M]  fs/nls/nls_cp1250.ko
  LD [M]  fs/nls/nls_cp1251.ko
  LD [M]  fs/nls/nls_cp1255.ko
  LD [M]  fs/nls/nls_cp737.ko
  LD [M]  fs/nls/nls_cp775.ko
  LD [M]  fs/nls/nls_cp850.ko
  LD [M]  fs/nls/nls_cp852.ko
  LD [M]  fs/nls/nls_cp855.ko
  LD [M]  fs/nls/nls_cp857.ko
  LD [M]  fs/nls/nls_cp860.ko
  LD [M]  fs/nls/nls_cp861.ko
  LD [M]  fs/nls/nls_cp862.ko
  LD [M]  fs/nls/nls_cp863.ko
  LD [M]  fs/nls/nls_cp864.ko
  LD [M]  fs/nls/nls_cp865.ko
  Kernel: arch/arm/boot/zImage-dtb is ready
  LD [M]  fs/nls/nls_cp866.ko
  LD [M]  fs/nls/nls_cp869.ko
  LD [M]  fs/nls/nls_cp874.ko
  UIMAGE  arch/arm/boot/uImage
  LD [M]  fs/nls/nls_cp932.ko
  LD [M]  fs/nls/nls_cp949.ko
  LD [M]  fs/nls/nls_cp950.ko
  LD [M]  fs/nls/nls_euc-jp.ko
  LD [M]  fs/nls/nls_iso8859-13.ko
  LD [M]  fs/nls/nls_iso8859-14.ko
  LD [M]  fs/nls/nls_iso8859-15.ko
  LD [M]  fs/nls/nls_iso8859-2.ko
  LD [M]  fs/nls/nls_iso8859-3.ko
  LD [M]  fs/nls/nls_iso8859-4.ko
  LD [M]  fs/nls/nls_iso8859-5.ko
  LD [M]  fs/nls/nls_iso8859-6.ko
  LD [M]  fs/nls/nls_iso8859-7.ko
  LD [M]  fs/nls/nls_iso8859-9.ko
  LD [M]  fs/nls/nls_koi8-r.ko
  LD [M]  fs/nls/nls_koi8-ru.ko
  LD [M]  fs/nls/nls_koi8-u.ko
  LD [M]  fs/quota/quota_tree.ko
  LD [M]  fs/quota/quota_v1.ko
  LD [M]  fs/quota/quota_v2.ko
  LD [M]  fs/reiserfs/reiserfs.ko
  LD [M]  fs/xfs/xfs.ko
  LD [M]  net/mac80211/mac80211.ko
  LD [M]  net/wireless/cfg80211.ko
Image Name:   Linux-4.4.35_s40
Created:      Thu Nov 13 14:48:04 2025
Image Type:   ARM Linux Kernel Image (uncompressed)
Data Size:    6677232 Bytes = 6520.73 kB = 6.37 MB
Load Address: 02000000
Entry Point:  02000000
  Image arch/arm/boot/uImage is ready
make[3]: Leaving directory '/home/ray/workplace/git_download/HiSTB_origin/HiSTBLinux/out/hi3798mv100/hi3798mv100_out/obj/source/kernel/linux-4.4.y'
make[2]: Leaving directory '/home/ray/workplace/git_download/HiSTB_origin/HiSTBLinux/source/kernel/linux-4.4.y'
cp: cannot stat '/home/ray/workplace/git_download/HiSTB_origin/HiSTBLinux/out/hi3798mv100/hi3798mv100_out/obj/source/kernel/linux-4.4.y/drivers/usb/host/*.ko': No such file or directory
make[1]: [Makefile:138: all] Error 1 (ignored)
make[1]: Leaving directory '/home/ray/workplace/git_download/HiSTB_origin/HiSTBLinux/source/kernel'

[1;31m #### make target "-j 8 KCFLAGS=-Wno-error build" failed !!!(03:12 (mm:ss)) ####[1;0m

