make[1]: Entering directory '/home/ray/workplace/git_download/HiSTB_origin/HiSTBLinux'
make[1]: Entering directory '/home/ray/workplace/git_download/HiSTB_origin/HiSTBLinux/source/boot'
make[1]: Entering directory '/home/ray/workplace/git_download/HiSTB_origin/HiSTBLinux/source/kernel'
[DEBUG] kernel MAKE = make
[DEBUG] kernel MAKEFLAGS = w
make[1]: Entering directory '/home/ray/workplace/git_download/HiSTB_origin/HiSTBLinux/source/rootfs'
make[1]: Entering directory '/home/ray/workplace/git_download/HiSTB_origin/HiSTBLinux/tools/linux/utils'
make[1]: Entering directory '/home/ray/workplace/git_download/HiSTB_origin/HiSTBLinux/source/msp/api'
make[1]: Entering directory '/home/ray/workplace/git_download/HiSTB_origin/HiSTBLinux/source/msp/api/higo'
make[1]: Entering directory '/home/ray/workplace/git_download/HiSTB_origin/HiSTBLinux/source/common/api'
-e [35mBuild scripts ...[00m
make -C scripts PREFIX=/home/ray/workplace/git_download/HiSTB_origin/HiSTBLinux/out/hi3798mv100/hi3798mv100_out/obj/rootfs CROSS_COMPILE=arm-histbv310-linux- CONFIG_LIBCPP_SUPPORT=y CONFIG_ETH_SUPPORT=y CONFIG_ADVCA_TYPE=n
make[2]: Entering directory '/home/ray/workplace/git_download/HiSTB_origin/HiSTBLinux/source/rootfs/scripts'
make[2]: Entering directory '/home/ray/workplace/git_download/HiSTB_origin/HiSTBLinux/source/kernel/linux-4.4.y'
make[1]: Leaving directory '/home/ray/workplace/git_download/HiSTB_origin/HiSTBLinux'
make prebuilts over
make[1]: Leaving directory '/home/ray/workplace/git_download/HiSTB_origin/HiSTBLinux/source/msp/api/higo'
-e [35mBuild busybox ...[00m
make -C busybox PREFIX=/home/ray/workplace/git_download/HiSTB_origin/HiSTBLinux/out/hi3798mv100/hi3798mv100_out/obj/rootfs CROSS_COMPILE=arm-histbv310-linux- CONFIG_LIBCPP_SUPPORT=y CONFIG_ETH_SUPPORT=y CONFIG_ADVCA_TYPE=n
make[3]: Entering directory '/home/ray/workplace/git_download/HiSTB_origin/HiSTBLinux/out/hi3798mv100/hi3798mv100_out/obj/source/kernel/linux-4.4.y'
make[1]: Entering directory '/home/ray/workplace/git_download/HiSTB_origin/HiSTBLinux/source/msp/api/jpeg'
make[2]: Entering directory '/home/ray/workplace/git_download/HiSTB_origin/HiSTBLinux/source/rootfs/busybox'
make[2]: Nothing to be done for 'all'.
make[2]: Leaving directory '/home/ray/workplace/git_download/HiSTB_origin/HiSTBLinux/source/rootfs/busybox'
make[2]: Entering directory '/home/ray/workplace/git_download/HiSTB_origin/HiSTBLinux/out/hi3798mv100/hi3798mv100_out/obj/source/msp/api/jpeg/libjpeg-turbo-1.5.1'
make[2]: warning: jobserver unavailable: using -j1.  Add '+' to parent make rule.
-e [35mBuild udev ...[00m
make -C udev PREFIX=/home/ray/workplace/git_download/HiSTB_origin/HiSTBLinux/out/hi3798mv100/hi3798mv100_out/obj/rootfs CROSS_COMPILE=arm-histbv310-linux- CONFIG_LIBCPP_SUPPORT=y CONFIG_ETH_SUPPORT=y CONFIG_ADVCA_TYPE=n
make[2]: Entering directory '/home/ray/workplace/git_download/HiSTB_origin/HiSTBLinux/source/rootfs/udev'
make[2]: Nothing to be done for 'all'.
make[2]: Leaving directory '/home/ray/workplace/git_download/HiSTB_origin/HiSTBLinux/source/rootfs/udev'
make[1]: Entering directory '/home/ray/workplace/git_download/HiSTB_origin/HiSTBLinux/source/msp/api/png'
make[2]: Entering directory '/home/ray/workplace/git_download/HiSTB_origin/HiSTBLinux/out/hi3798mv100/hi3798mv100_out/obj/source/msp/api/png/libpng-1.6.29'
make[2]: warning: jobserver unavailable: using -j1.  Add '+' to parent make rule.
make[1]: Leaving directory '/home/ray/workplace/git_download/HiSTB_origin/HiSTBLinux/tools/linux/utils'
make[1]: Entering directory '/home/ray/workplace/git_download/HiSTB_origin/HiSTBLinux/source/msp/api/gpu'
Making install in java
 /usr/bin/mkdir -p '/home/ray/workplace/git_download/HiSTB_origin/HiSTBLinux/out/hi3798mv100/hi3798mv100_out/obj/source/msp/api/png/png/lib'
make[3]: Entering directory '/home/ray/workplace/git_download/HiSTB_origin/HiSTBLinux/out/hi3798mv100/hi3798mv100_out/obj/source/msp/api/jpeg/libjpeg-turbo-1.5.1/java'
 /bin/bash ./libtool   --mode=install /usr/bin/install -c   libpng16.la '/home/ray/workplace/git_download/HiSTB_origin/HiSTBLinux/out/hi3798mv100/hi3798mv100_out/obj/source/msp/api/png/png/lib'
make[4]: Entering directory '/home/ray/workplace/git_download/HiSTB_origin/HiSTBLinux/out/hi3798mv100/hi3798mv100_out/obj/source/msp/api/jpeg/libjpeg-turbo-1.5.1/java'
make[4]: Nothing to be done for 'install-exec-am'.
make[4]: Nothing to be done for 'install-data-am'.
make[4]: Leaving directory '/home/ray/workplace/git_download/HiSTB_origin/HiSTBLinux/out/hi3798mv100/hi3798mv100_out/obj/source/msp/api/jpeg/libjpeg-turbo-1.5.1/java'
make[3]: Leaving directory '/home/ray/workplace/git_download/HiSTB_origin/HiSTBLinux/out/hi3798mv100/hi3798mv100_out/obj/source/msp/api/jpeg/libjpeg-turbo-1.5.1/java'
Making install in simd
cd /home/ray/workplace/git_download/HiSTB_origin/HiSTBLinux/out/hi3798mv100/hi3798mv100_out/lib/share; \
        ln -sf libMali.so          libEGL.so.1.4;\
        ln -sf libEGL.so.1.4        libEGL.so.1;\
        ln -sf libEGL.so.1          libEGL.so;\
        ln -sf libMali.so          libGLESv1_CM.so.1.1;\
        ln -sf libGLESv1_CM.so.1.1  libGLESv1_CM.so.1;\
        ln -sf libGLESv1_CM.so.1    libGLESv1_CM.so;\
        ln -sf libMali.so          libGLESv2.so.2.0;\
        ln -sf libGLESv2.so.2.0     libGLESv2.so.2;\
        ln -sf libGLESv2.so.2       libGLESv2.so;\
        cd -;
make[3]: Entering directory '/home/ray/workplace/git_download/HiSTB_origin/HiSTBLinux/out/hi3798mv100/hi3798mv100_out/obj/source/msp/api/jpeg/libjpeg-turbo-1.5.1/simd'
make  install-am
make[1]: Leaving directory '/home/ray/workplace/git_download/HiSTB_origin/HiSTBLinux/source/common/api'
-e [35mBuild dosfstools ...[00m
make -C dosfstools PREFIX=/home/ray/workplace/git_download/HiSTB_origin/HiSTBLinux/out/hi3798mv100/hi3798mv100_out/obj/rootfs CROSS_COMPILE=arm-histbv310-linux- CONFIG_LIBCPP_SUPPORT=y CONFIG_ETH_SUPPORT=y CONFIG_ADVCA_TYPE=n
make[4]: Entering directory '/home/ray/workplace/git_download/HiSTB_origin/HiSTBLinux/out/hi3798mv100/hi3798mv100_out/obj/source/msp/api/jpeg/libjpeg-turbo-1.5.1/simd'
/home/ray/workplace/git_download/HiSTB_origin/HiSTBLinux/source/msp/api/gpu
make[2]: Entering directory '/home/ray/workplace/git_download/HiSTB_origin/HiSTBLinux/source/rootfs/dosfstools'
cd /home/ray/workplace/git_download/HiSTB_origin/HiSTBLinux/out/hi3798mv100/hi3798mv100_out/lib/share; \
        ln -sf libMali.so libmali.so
make[2]: Leaving directory '/home/ray/workplace/git_download/HiSTB_origin/HiSTBLinux/source/rootfs/dosfstools'
make[1]: Leaving directory '/home/ray/workplace/git_download/HiSTB_origin/HiSTBLinux/source/msp/api/gpu'
make[5]: Entering directory '/home/ray/workplace/git_download/HiSTB_origin/HiSTBLinux/out/hi3798mv100/hi3798mv100_out/obj/source/msp/api/jpeg/libjpeg-turbo-1.5.1/simd'
make[5]: Nothing to be done for 'install-exec-am'.
make[5]: Nothing to be done for 'install-data-am'.
make[5]: Leaving directory '/home/ray/workplace/git_download/HiSTB_origin/HiSTBLinux/out/hi3798mv100/hi3798mv100_out/obj/source/msp/api/jpeg/libjpeg-turbo-1.5.1/simd'
libtool: install: /usr/bin/install -c .libs/libpng16.so.16.29.0 /home/ray/workplace/git_download/HiSTB_origin/HiSTBLinux/out/hi3798mv100/hi3798mv100_out/obj/source/msp/api/png/png/lib/libpng16.so.16.29.0
-e [35mBuild e2fsprogs ...[00m
make[4]: Leaving directory '/home/ray/workplace/git_download/HiSTB_origin/HiSTBLinux/out/hi3798mv100/hi3798mv100_out/obj/source/msp/api/jpeg/libjpeg-turbo-1.5.1/simd'
make -C e2fsprogs PREFIX=/home/ray/workplace/git_download/HiSTB_origin/HiSTBLinux/out/hi3798mv100/hi3798mv100_out/obj/rootfs CROSS_COMPILE=arm-histbv310-linux- CONFIG_LIBCPP_SUPPORT=y CONFIG_ETH_SUPPORT=y CONFIG_ADVCA_TYPE=n
make[3]: Leaving directory '/home/ray/workplace/git_download/HiSTB_origin/HiSTBLinux/out/hi3798mv100/hi3798mv100_out/obj/source/msp/api/jpeg/libjpeg-turbo-1.5.1/simd'
make[1]: Entering directory '/home/ray/workplace/git_download/HiSTB_origin/HiSTBLinux/source/msp/api/omx'
Making install in md5
make[2]: Entering directory '/home/ray/workplace/git_download/HiSTB_origin/HiSTBLinux/source/rootfs/e2fsprogs'
make[2]: Entering directory '/home/ray/workplace/git_download/HiSTB_origin/HiSTBLinux/source/msp/api/omx'
make[2]: warning: jobserver unavailable: using -j1.  Add '+' to parent make rule.
libtool: install: (cd /home/ray/workplace/git_download/HiSTB_origin/HiSTBLinux/out/hi3798mv100/hi3798mv100_out/obj/source/msp/api/png/png/lib && { ln -s -f libpng16.so.16.29.0 libpng16.so.16 || { rm -f libpng16.so.16 && ln -s libpng16.so.16.29.0 libpng16.so.16; }; })
libtool: install: (cd /home/ray/workplace/git_download/HiSTB_origin/HiSTBLinux/out/hi3798mv100/hi3798mv100_out/obj/source/msp/api/png/png/lib && { ln -s -f libpng16.so.16.29.0 libpng16.so || { rm -f libpng16.so && ln -s libpng16.so.16.29.0 libpng16.so; }; })
make[3]: Entering directory '/home/ray/workplace/git_download/HiSTB_origin/HiSTBLinux/out/hi3798mv100/hi3798mv100_out/obj/source/msp/api/jpeg/libjpeg-turbo-1.5.1/md5'
make[2]: Leaving directory '/home/ray/workplace/git_download/HiSTB_origin/HiSTBLinux/source/rootfs/e2fsprogs'
libtool: install: /usr/bin/install -c .libs/libpng16.lai /home/ray/workplace/git_download/HiSTB_origin/HiSTBLinux/out/hi3798mv100/hi3798mv100_out/obj/source/msp/api/png/png/lib/libpng16.la
make[2]: Entering directory '/home/ray/workplace/git_download/HiSTB_origin/HiSTBLinux/source/msp/api/omx'
make[2]: warning: jobserver unavailable: using -j1.  Add '+' to parent make rule.
make -C omx_vdec_v1.0
libtool: install: /usr/bin/install -c .libs/libpng16.a /home/ray/workplace/git_download/HiSTB_origin/HiSTBLinux/out/hi3798mv100/hi3798mv100_out/obj/source/msp/api/png/png/lib/libpng16.a
make[3]: Entering directory '/home/ray/workplace/git_download/HiSTB_origin/HiSTBLinux/source/msp/api/omx/omx_vdec/omx_vdec_v1.0'
make -C normal
make[4]: Entering directory '/home/ray/workplace/git_download/HiSTB_origin/HiSTBLinux/out/hi3798mv100/hi3798mv100_out/obj/source/msp/api/jpeg/libjpeg-turbo-1.5.1/md5'
make[4]: Nothing to be done for 'install-exec-am'.
make[4]: Nothing to be done for 'install-data-am'.
make[4]: Leaving directory '/home/ray/workplace/git_download/HiSTB_origin/HiSTBLinux/out/hi3798mv100/hi3798mv100_out/obj/source/msp/api/jpeg/libjpeg-turbo-1.5.1/md5'
make[3]: Leaving directory '/home/ray/workplace/git_download/HiSTB_origin/HiSTBLinux/out/hi3798mv100/hi3798mv100_out/obj/source/msp/api/jpeg/libjpeg-turbo-1.5.1/md5'
make[4]: Entering directory '/home/ray/workplace/git_download/HiSTB_origin/HiSTBLinux/source/msp/api/omx/omx_vdec/omx_vdec_v1.0/normal'
libtool: install: chmod 644 /home/ray/workplace/git_download/HiSTB_origin/HiSTBLinux/out/hi3798mv100/hi3798mv100_out/obj/source/msp/api/png/png/lib/libpng16.a
libtool: install: arm-histbv310-linux-ranlib /home/ray/workplace/git_download/HiSTB_origin/HiSTBLinux/out/hi3798mv100/hi3798mv100_out/obj/source/msp/api/png/png/lib/libpng16.a
make[3]: Entering directory '/home/ray/workplace/git_download/HiSTB_origin/HiSTBLinux/out/hi3798mv100/hi3798mv100_out/obj/source/msp/api/jpeg/libjpeg-turbo-1.5.1'
make[2]: Leaving directory '/home/ray/workplace/git_download/HiSTB_origin/HiSTBLinux/source/msp/api/omx/omx_core'
-e [35mBuild gdb ...[00m
make -C gdb PREFIX=/home/ray/workplace/git_download/HiSTB_origin/HiSTBLinux/out/hi3798mv100/hi3798mv100_out/obj/rootfs CROSS_COMPILE=arm-histbv310-linux- CONFIG_LIBCPP_SUPPORT=y CONFIG_ETH_SUPPORT=y CONFIG_ADVCA_TYPE=n
make[2]: Entering directory '/home/ray/workplace/git_download/HiSTB_origin/HiSTBLinux/source/rootfs/gdb'
make[2]: Nothing to be done for 'all'.
make[2]: Leaving directory '/home/ray/workplace/git_download/HiSTB_origin/HiSTBLinux/source/rootfs/gdb'
make[2]: Entering directory '/home/ray/workplace/git_download/HiSTB_origin/HiSTBLinux/source/msp/api/omx'
make[2]: warning: jobserver unavailable: using -j1.  Add '+' to parent make rule.
libtool: finish: PATH="/home/ray/workplace/git_download/HiSTB_origin/HiSTBLinux/tools/linux/utils/bin:/home/ray/workplace/git_download/HiSTB_origin/HiSTBLinux/tools/linux/toolchains/aarch64-histbv100-linux/bin:/home/ray/workplace/git_download/HiSTB_origin/HiSTBLinux/tools/linux/toolchains/arm-histbv320-linux/bin:/home/ray/workplace/git_download/HiSTB_origin/HiSTBLinux/tools/linux/toolchains/arm-histbv310-linux/bin:/usr/local/sbin:/usr/local/bin:/usr/sbin:/usr/bin:/sbin:/bin:/usr/games:/usr/local/games:/snap/bin:/sbin" ldconfig -n /home/ray/workplace/git_download/HiSTB_origin/HiSTBLinux/out/hi3798mv100/hi3798mv100_out/obj/source/msp/api/png/png/lib
----------------------------------------------------------------------
Libraries have been installed in:
   /home/ray/workplace/git_download/HiSTB_origin/HiSTBLinux/out/hi3798mv100/hi3798mv100_out/obj/source/msp/api/png/png/lib

If you ever happen to want to link against installed libraries
in a given directory, LIBDIR, you must either use libtool, and
specify the full pathname of the library, or use the '-LLIBDIR'
flag during linking and do at least one of the following:
   - add LIBDIR to the 'LD_LIBRARY_PATH' environment variable
     during execution
   - add LIBDIR to the 'LD_RUN_PATH' environment variable
     during linking
   - use the '-Wl,-rpath -Wl,LIBDIR' linker flag
   - have your system administrator add LIBDIR to '/etc/ld.so.conf'

See any operating system documentation about shared libraries for
more information, such as the ld(1) and ld.so(8) manual pages.
----------------------------------------------------------------------
make[2]: Leaving directory '/home/ray/workplace/git_download/HiSTB_origin/HiSTBLinux/out/hi3798mv100/hi3798mv100_out/obj/source/msp/api/png/libpng-1.6.29'
make[4]: Leaving directory '/home/ray/workplace/git_download/HiSTB_origin/HiSTBLinux/source/msp/api/omx/omx_vdec/omx_vdec_v1.0/normal'
make[3]: Leaving directory '/home/ray/workplace/git_download/HiSTB_origin/HiSTBLinux/source/msp/api/omx/omx_vdec/omx_vdec_v1.0'
make[2]: Leaving directory '/home/ray/workplace/git_download/HiSTB_origin/HiSTBLinux/source/msp/api/omx/omx_vdec'
make[2]: Entering directory '/home/ray/workplace/git_download/HiSTB_origin/HiSTBLinux/source/msp/api/omx'
make[2]: warning: jobserver unavailable: using -j1.  Add '+' to parent make rule.
make[3]: Entering directory '/home/ray/workplace/git_download/HiSTB_origin/HiSTBLinux/source/msp/api/omx/omx_audio/common'
make[1]: Leaving directory '/home/ray/workplace/git_download/HiSTB_origin/HiSTBLinux/source/msp/api/png'
make[4]: Entering directory '/home/ray/workplace/git_download/HiSTB_origin/HiSTBLinux/out/hi3798mv100/hi3798mv100_out/obj/source/msp/api/jpeg/libjpeg-turbo-1.5.1'
make[1]: Entering directory '/home/ray/workplace/git_download/HiSTB_origin/HiSTBLinux/source/component'
make[2]: Entering directory '/home/ray/workplace/git_download/HiSTB_origin/HiSTBLinux/source/component/freetype'
make[3]: Entering directory '/home/ray/workplace/git_download/HiSTB_origin/HiSTBLinux/out/hi3798mv100/hi3798mv100_out/obj/source/component/freetype/freetype-2.8'
make[3]: warning: jobserver unavailable: using -j1.  Add '+' to parent make rule.
make[2]: Leaving directory '/home/ray/workplace/git_download/HiSTB_origin/HiSTBLinux/source/msp/api/omx/omx_venc'
make[2]: Entering directory '/home/ray/workplace/git_download/HiSTB_origin/HiSTBLinux/source/component/harfbuzz'
make[3]: Entering directory '/home/ray/workplace/git_download/HiSTB_origin/HiSTBLinux/out/hi3798mv100/hi3798mv100_out/obj/source/component/harfbuzz/harfbuzz-1.4.6'
make[3]: warning: jobserver unavailable: using -j1.  Add '+' to parent make rule.
make  all-recursive
 /usr/bin/mkdir -p '/home/ray/workplace/git_download/HiSTB_origin/HiSTBLinux/out/hi3798mv100/hi3798mv100_out/obj/source/msp/api/jpeg/jpeg/lib'
make[4]: Entering directory '/home/ray/workplace/git_download/HiSTB_origin/HiSTBLinux/out/hi3798mv100/hi3798mv100_out/obj/source/component/harfbuzz/harfbuzz-1.4.6'
 /bin/bash ./libtool   --mode=install /usr/bin/install -c   libjpeg.la libturbojpeg.la '/home/ray/workplace/git_download/HiSTB_origin/HiSTBLinux/out/hi3798mv100/hi3798mv100_out/obj/source/msp/api/jpeg/jpeg/lib'
Making all in src
make[3]: Nothing to be done for 'all'.
make[3]: Leaving directory '/home/ray/workplace/git_download/HiSTB_origin/HiSTBLinux/out/hi3798mv100/hi3798mv100_out/obj/source/component/freetype/freetype-2.8'
make[3]: Entering directory '/home/ray/workplace/git_download/HiSTB_origin/HiSTBLinux/out/hi3798mv100/hi3798mv100_out/obj/source/component/freetype/freetype-2.8'
make[3]: warning: jobserver unavailable: using -j1.  Add '+' to parent make rule.
make[3]: Leaving directory '/home/ray/workplace/git_download/HiSTB_origin/HiSTBLinux/source/msp/api/omx/omx_audio/common'
removed '/home/ray/workplace/git_download/HiSTB_origin/HiSTBLinux/out/hi3798mv100/hi3798mv100_out/obj/source/boot/fastboot/include/configs/hi3798mx_config.h'
chmod 0755 /home/ray/workplace/git_download/HiSTB_origin/HiSTBLinux/out/hi3798mv100/hi3798mv100_out/obj/source/boot/fastboot/include/configs/export.sh
  GEN     ./Makefile
make[5]: Entering directory '/home/ray/workplace/git_download/HiSTB_origin/HiSTBLinux/out/hi3798mv100/hi3798mv100_out/obj/source/component/harfbuzz/harfbuzz-1.4.6/src'
make  all-recursive
make[3]: Entering directory '/home/ray/workplace/git_download/HiSTB_origin/HiSTBLinux/source/msp/api/omx/omx_audio/omx_adec'
make[4]: Entering directory '/home/ray/workplace/git_download/HiSTB_origin/HiSTBLinux/source/msp/api/omx/omx_audio/omx_adec/mp3dec'
libtool: install: /usr/bin/install -c .libs/libjpeg.so.62.2.0 /home/ray/workplace/git_download/HiSTB_origin/HiSTBLinux/out/hi3798mv100/hi3798mv100_out/obj/source/msp/api/jpeg/jpeg/lib/libjpeg.so.62.2.0
make[5]: Entering directory '/home/ray/workplace/git_download/HiSTB_origin/HiSTBLinux/source/msp/api/omx/omx_audio/omx_adec/mp3dec/sw'
libtool: install: (cd /home/ray/workplace/git_download/HiSTB_origin/HiSTBLinux/out/hi3798mv100/hi3798mv100_out/obj/source/msp/api/jpeg/jpeg/lib && { ln -s -f libjpeg.so.62.2.0 libjpeg.so.62 || { rm -f libjpeg.so.62 && ln -s libjpeg.so.62.2.0 libjpeg.so.62; }; })
libtool: install: (cd /home/ray/workplace/git_download/HiSTB_origin/HiSTBLinux/out/hi3798mv100/hi3798mv100_out/obj/source/msp/api/jpeg/jpeg/lib && { ln -s -f libjpeg.so.62.2.0 libjpeg.so || { rm -f libjpeg.so && ln -s libjpeg.so.62.2.0 libjpeg.so; }; })
make[6]: Entering directory '/home/ray/workplace/git_download/HiSTB_origin/HiSTBLinux/out/hi3798mv100/hi3798mv100_out/obj/source/component/harfbuzz/harfbuzz-1.4.6/src'
libtool: install: /usr/bin/install -c .libs/libjpeg.lai /home/ray/workplace/git_download/HiSTB_origin/HiSTBLinux/out/hi3798mv100/hi3798mv100_out/obj/source/msp/api/jpeg/jpeg/lib/libjpeg.la
libtool: install: /usr/bin/install -c .libs/libturbojpeg.so.0.1.0 /home/ray/workplace/git_download/HiSTB_origin/HiSTBLinux/out/hi3798mv100/hi3798mv100_out/obj/source/msp/api/jpeg/jpeg/lib/libturbojpeg.so.0.1.0
libtool: install: (cd /home/ray/workplace/git_download/HiSTB_origin/HiSTBLinux/out/hi3798mv100/hi3798mv100_out/obj/source/msp/api/jpeg/jpeg/lib && { ln -s -f libturbojpeg.so.0.1.0 libturbojpeg.so.0 || { rm -f libturbojpeg.so.0 && ln -s libturbojpeg.so.0.1.0 libturbojpeg.so.0; }; })
Making all in hb-ucdn
libtool: install: (cd /home/ray/workplace/git_download/HiSTB_origin/HiSTBLinux/out/hi3798mv100/hi3798mv100_out/obj/source/msp/api/jpeg/jpeg/lib && { ln -s -f libturbojpeg.so.0.1.0 libturbojpeg.so || { rm -f libturbojpeg.so && ln -s libturbojpeg.so.0.1.0 libturbojpeg.so; }; })
rm -rf /home/ray/workplace/git_download/HiSTB_origin/HiSTBLinux/out/hi3798mv100/hi3798mv100_out/obj/source/component/freetype/release/include/freetype2
libtool: install: /usr/bin/install -c .libs/libturbojpeg.lai /home/ray/workplace/git_download/HiSTB_origin/HiSTBLinux/out/hi3798mv100/hi3798mv100_out/obj/source/msp/api/jpeg/jpeg/lib/libturbojpeg.la
make[7]: Entering directory '/home/ray/workplace/git_download/HiSTB_origin/HiSTBLinux/out/hi3798mv100/hi3798mv100_out/obj/source/component/harfbuzz/harfbuzz-1.4.6/src/hb-ucdn'
make[7]: Nothing to be done for 'all'.
make[7]: Leaving directory '/home/ray/workplace/git_download/HiSTB_origin/HiSTBLinux/out/hi3798mv100/hi3798mv100_out/obj/source/component/harfbuzz/harfbuzz-1.4.6/src/hb-ucdn'
libtool: install: /usr/bin/install -c .libs/libjpeg.a /home/ray/workplace/git_download/HiSTB_origin/HiSTBLinux/out/hi3798mv100/hi3798mv100_out/obj/source/msp/api/jpeg/jpeg/lib/libjpeg.a
rm -f /home/ray/workplace/git_download/HiSTB_origin/HiSTBLinux/out/hi3798mv100/hi3798mv100_out/obj/source/component/freetype/release/include/ft2build.h
libtool: install: chmod 644 /home/ray/workplace/git_download/HiSTB_origin/HiSTBLinux/out/hi3798mv100/hi3798mv100_out/obj/source/msp/api/jpeg/jpeg/lib/libjpeg.a
/usr/bin/mkdir -p /home/ray/workplace/git_download/HiSTB_origin/HiSTBLinux/out/hi3798mv100/hi3798mv100_out/obj/source/component/freetype/release/lib                               \
                         /home/ray/workplace/git_download/HiSTB_origin/HiSTBLinux/out/hi3798mv100/hi3798mv100_out/obj/source/component/freetype/release/lib/pkgconfig                     \
                         /home/ray/workplace/git_download/HiSTB_origin/HiSTBLinux/out/hi3798mv100/hi3798mv100_out/obj/source/component/freetype/release/include/freetype2/freetype/config \
                         /home/ray/workplace/git_download/HiSTB_origin/HiSTBLinux/out/hi3798mv100/hi3798mv100_out/obj/source/component/freetype/release/bin                               \
                         /home/ray/workplace/git_download/HiSTB_origin/HiSTBLinux/out/hi3798mv100/hi3798mv100_out/obj/source/component/freetype/release/share/aclocal                      \
                         /home/ray/workplace/git_download/HiSTB_origin/HiSTBLinux/out/hi3798mv100/hi3798mv100_out/obj/source/component/freetype/release/share/man/man1
libtool: install: arm-histbv310-linux-ranlib /home/ray/workplace/git_download/HiSTB_origin/HiSTBLinux/out/hi3798mv100/hi3798mv100_out/obj/source/msp/api/jpeg/jpeg/lib/libjpeg.a
libtool: install: /usr/bin/install -c .libs/libturbojpeg.a /home/ray/workplace/git_download/HiSTB_origin/HiSTBLinux/out/hi3798mv100/hi3798mv100_out/obj/source/msp/api/jpeg/jpeg/lib/libturbojpeg.a
./builds/unix/libtool --mode=install /usr/bin/install -c                             \
                                  /home/ray/workplace/git_download/HiSTB_origin/HiSTBLinux/out/hi3798mv100/hi3798mv100_out/obj/source/component/freetype/freetype-2.8/objs/libfreetype.la /home/ray/workplace/git_download/HiSTB_origin/HiSTBLinux/out/hi3798mv100/hi3798mv100_out/obj/source/component/freetype/release/lib
make[7]: Entering directory '/home/ray/workplace/git_download/HiSTB_origin/HiSTBLinux/out/hi3798mv100/hi3798mv100_out/obj/source/component/harfbuzz/harfbuzz-1.4.6/src'
make[7]: Nothing to be done for 'all-am'.
make[7]: Leaving directory '/home/ray/workplace/git_download/HiSTB_origin/HiSTBLinux/out/hi3798mv100/hi3798mv100_out/obj/source/component/harfbuzz/harfbuzz-1.4.6/src'
make[6]: Leaving directory '/home/ray/workplace/git_download/HiSTB_origin/HiSTBLinux/out/hi3798mv100/hi3798mv100_out/obj/source/component/harfbuzz/harfbuzz-1.4.6/src'
make[5]: Leaving directory '/home/ray/workplace/git_download/HiSTB_origin/HiSTBLinux/out/hi3798mv100/hi3798mv100_out/obj/source/component/harfbuzz/harfbuzz-1.4.6/src'
libtool: install: chmod 644 /home/ray/workplace/git_download/HiSTB_origin/HiSTBLinux/out/hi3798mv100/hi3798mv100_out/obj/source/msp/api/jpeg/jpeg/lib/libturbojpeg.a
Making all in util
libtool: install: arm-histbv310-linux-ranlib /home/ray/workplace/git_download/HiSTB_origin/HiSTBLinux/out/hi3798mv100/hi3798mv100_out/obj/source/msp/api/jpeg/jpeg/lib/libturbojpeg.a
make[5]: Leaving directory '/home/ray/workplace/git_download/HiSTB_origin/HiSTBLinux/source/msp/api/omx/omx_audio/omx_adec/mp3dec/sw'
make[4]: Leaving directory '/home/ray/workplace/git_download/HiSTB_origin/HiSTBLinux/source/msp/api/omx/omx_audio/omx_adec/mp3dec'
make[5]: Entering directory '/home/ray/workplace/git_download/HiSTB_origin/HiSTBLinux/out/hi3798mv100/hi3798mv100_out/obj/source/component/harfbuzz/harfbuzz-1.4.6/util'
make[5]: Nothing to be done for 'all'.
make[5]: Leaving directory '/home/ray/workplace/git_download/HiSTB_origin/HiSTBLinux/out/hi3798mv100/hi3798mv100_out/obj/source/component/harfbuzz/harfbuzz-1.4.6/util'
Making all in test
make[4]: Entering directory '/home/ray/workplace/git_download/HiSTB_origin/HiSTBLinux/source/msp/api/omx/omx_audio/omx_adec/aacdec'
make[5]: Entering directory '/home/ray/workplace/git_download/HiSTB_origin/HiSTBLinux/source/msp/api/omx/omx_audio/omx_adec/aacdec/sw'
make[5]: Entering directory '/home/ray/workplace/git_download/HiSTB_origin/HiSTBLinux/out/hi3798mv100/hi3798mv100_out/obj/source/component/harfbuzz/harfbuzz-1.4.6/test'
Making all in api
make[6]: Entering directory '/home/ray/workplace/git_download/HiSTB_origin/HiSTBLinux/out/hi3798mv100/hi3798mv100_out/obj/source/component/harfbuzz/harfbuzz-1.4.6/test/api'
make[6]: Nothing to be done for 'all'.
make[6]: Leaving directory '/home/ray/workplace/git_download/HiSTB_origin/HiSTBLinux/out/hi3798mv100/hi3798mv100_out/obj/source/component/harfbuzz/harfbuzz-1.4.6/test/api'
Making all in shaping
libtool: install: /usr/bin/install -c /home/ray/workplace/git_download/HiSTB_origin/HiSTBLinux/out/hi3798mv100/hi3798mv100_out/obj/source/component/freetype/freetype-2.8/objs/.libs/libfreetype.so.6.14.0 /home/ray/workplace/git_download/HiSTB_origin/HiSTBLinux/out/hi3798mv100/hi3798mv100_out/obj/source/component/freetype/release/lib/libfreetype.so.6.14.0
make[6]: Entering directory '/home/ray/workplace/git_download/HiSTB_origin/HiSTBLinux/out/hi3798mv100/hi3798mv100_out/obj/source/component/harfbuzz/harfbuzz-1.4.6/test/shaping'
make[6]: Nothing to be done for 'all'.
make[6]: Leaving directory '/home/ray/workplace/git_download/HiSTB_origin/HiSTBLinux/out/hi3798mv100/hi3798mv100_out/obj/source/component/harfbuzz/harfbuzz-1.4.6/test/shaping'
Making all in fuzzing
libtool: install: (cd /home/ray/workplace/git_download/HiSTB_origin/HiSTBLinux/out/hi3798mv100/hi3798mv100_out/obj/source/component/freetype/release/lib && { ln -s -f libfreetype.so.6.14.0 libfreetype.so.6 || { rm -f libfreetype.so.6 && ln -s libfreetype.so.6.14.0 libfreetype.so.6; }; })
make[1]: Leaving directory '/home/ray/workplace/git_download/HiSTB_origin/HiSTBLinux/source/msp/api'
make[6]: Entering directory '/home/ray/workplace/git_download/HiSTB_origin/HiSTBLinux/out/hi3798mv100/hi3798mv100_out/obj/source/component/harfbuzz/harfbuzz-1.4.6/test/fuzzing'
make[6]: Nothing to be done for 'all'.
make[6]: Leaving directory '/home/ray/workplace/git_download/HiSTB_origin/HiSTBLinux/out/hi3798mv100/hi3798mv100_out/obj/source/component/harfbuzz/harfbuzz-1.4.6/test/fuzzing'
libtool: install: (cd /home/ray/workplace/git_download/HiSTB_origin/HiSTBLinux/out/hi3798mv100/hi3798mv100_out/obj/source/component/freetype/release/lib && { ln -s -f libfreetype.so.6.14.0 libfreetype.so || { rm -f libfreetype.so && ln -s libfreetype.so.6.14.0 libfreetype.so; }; })
make[2]: Entering directory '/home/ray/workplace/git_download/HiSTB_origin/HiSTBLinux/source/component/resampler'
make[6]: Entering directory '/home/ray/workplace/git_download/HiSTB_origin/HiSTBLinux/out/hi3798mv100/hi3798mv100_out/obj/source/component/harfbuzz/harfbuzz-1.4.6/test'
make[6]: Nothing to be done for 'all-am'.
make[6]: Leaving directory '/home/ray/workplace/git_download/HiSTB_origin/HiSTBLinux/out/hi3798mv100/hi3798mv100_out/obj/source/component/harfbuzz/harfbuzz-1.4.6/test'
make[5]: Leaving directory '/home/ray/workplace/git_download/HiSTB_origin/HiSTBLinux/out/hi3798mv100/hi3798mv100_out/obj/source/component/harfbuzz/harfbuzz-1.4.6/test'
Making all in docs
libtool: install: /usr/bin/install -c /home/ray/workplace/git_download/HiSTB_origin/HiSTBLinux/out/hi3798mv100/hi3798mv100_out/obj/source/component/freetype/freetype-2.8/objs/.libs/libfreetype.lai /home/ray/workplace/git_download/HiSTB_origin/HiSTBLinux/out/hi3798mv100/hi3798mv100_out/obj/source/component/freetype/release/lib/libfreetype.la
make[5]: Entering directory '/home/ray/workplace/git_download/HiSTB_origin/HiSTBLinux/out/hi3798mv100/hi3798mv100_out/obj/source/component/harfbuzz/harfbuzz-1.4.6/docs'
make[5]: Nothing to be done for 'all'.
make[5]: Leaving directory '/home/ray/workplace/git_download/HiSTB_origin/HiSTBLinux/out/hi3798mv100/hi3798mv100_out/obj/source/component/harfbuzz/harfbuzz-1.4.6/docs'
libtool: install: /usr/bin/install -c /home/ray/workplace/git_download/HiSTB_origin/HiSTBLinux/out/hi3798mv100/hi3798mv100_out/obj/source/component/freetype/freetype-2.8/objs/.libs/libfreetype.a /home/ray/workplace/git_download/HiSTB_origin/HiSTBLinux/out/hi3798mv100/hi3798mv100_out/obj/source/component/freetype/release/lib/libfreetype.a
Making all in win32
make[5]: Entering directory '/home/ray/workplace/git_download/HiSTB_origin/HiSTBLinux/out/hi3798mv100/hi3798mv100_out/obj/source/component/harfbuzz/harfbuzz-1.4.6/win32'
make[5]: Nothing to be done for 'all'.
make[5]: Leaving directory '/home/ray/workplace/git_download/HiSTB_origin/HiSTBLinux/out/hi3798mv100/hi3798mv100_out/obj/source/component/harfbuzz/harfbuzz-1.4.6/win32'
libtool: install: chmod 644 /home/ray/workplace/git_download/HiSTB_origin/HiSTBLinux/out/hi3798mv100/hi3798mv100_out/obj/source/component/freetype/release/lib/libfreetype.a
libtool: finish: PATH="/home/ray/workplace/git_download/HiSTB_origin/HiSTBLinux/tools/linux/utils/bin:/home/ray/workplace/git_download/HiSTB_origin/HiSTBLinux/tools/linux/toolchains/aarch64-histbv100-linux/bin:/home/ray/workplace/git_download/HiSTB_origin/HiSTBLinux/tools/linux/toolchains/arm-histbv320-linux/bin:/home/ray/workplace/git_download/HiSTB_origin/HiSTBLinux/tools/linux/toolchains/arm-histbv310-linux/bin:/usr/local/sbin:/usr/local/bin:/usr/sbin:/usr/bin:/sbin:/bin:/usr/games:/usr/local/games:/snap/bin:/sbin" ldconfig -n /home/ray/workplace/git_download/HiSTB_origin/HiSTBLinux/out/hi3798mv100/hi3798mv100_out/obj/source/msp/api/jpeg/jpeg/lib
libtool: install: arm-histbv310-linux-ranlib /home/ray/workplace/git_download/HiSTB_origin/HiSTBLinux/out/hi3798mv100/hi3798mv100_out/obj/source/component/freetype/release/lib/libfreetype.a
make[5]: Entering directory '/home/ray/workplace/git_download/HiSTB_origin/HiSTBLinux/out/hi3798mv100/hi3798mv100_out/obj/source/component/harfbuzz/harfbuzz-1.4.6'
make[5]: Nothing to be done for 'all-am'.
make[5]: Leaving directory '/home/ray/workplace/git_download/HiSTB_origin/HiSTBLinux/out/hi3798mv100/hi3798mv100_out/obj/source/component/harfbuzz/harfbuzz-1.4.6'
make[4]: Leaving directory '/home/ray/workplace/git_download/HiSTB_origin/HiSTBLinux/out/hi3798mv100/hi3798mv100_out/obj/source/component/harfbuzz/harfbuzz-1.4.6'
make[3]: Leaving directory '/home/ray/workplace/git_download/HiSTB_origin/HiSTBLinux/out/hi3798mv100/hi3798mv100_out/obj/source/component/harfbuzz/harfbuzz-1.4.6'
----------------------------------------------------------------------
Libraries have been installed in:
   /home/ray/workplace/git_download/HiSTB_origin/HiSTBLinux/out/hi3798mv100/hi3798mv100_out/obj/source/msp/api/jpeg/jpeg/lib

If you ever happen to want to link against installed libraries
in a given directory, LIBDIR, you must either use libtool, and
specify the full pathname of the library, or use the '-LLIBDIR'
flag during linking and do at least one of the following:
   - add LIBDIR to the 'LD_LIBRARY_PATH' environment variable
     during execution
   - add LIBDIR to the 'LD_RUN_PATH' environment variable
     during linking
   - use the '-Wl,-rpath -Wl,LIBDIR' linker flag
   - have your system administrator add LIBDIR to '/etc/ld.so.conf'

See any operating system documentation about shared libraries for
more information, such as the ld(1) and ld.so(8) manual pages.
----------------------------------------------------------------------
make[3]: Entering directory '/home/ray/workplace/git_download/HiSTB_origin/HiSTBLinux/out/hi3798mv100/hi3798mv100_out/obj/source/component/harfbuzz/harfbuzz-1.4.6'
make[3]: warning: jobserver unavailable: using -j1.  Add '+' to parent make rule.
make[5]: Leaving directory '/home/ray/workplace/git_download/HiSTB_origin/HiSTBLinux/source/msp/api/omx/omx_audio/omx_adec/aacdec/sw'
make[4]: Leaving directory '/home/ray/workplace/git_download/HiSTB_origin/HiSTBLinux/source/msp/api/omx/omx_audio/omx_adec/aacdec'
Making install in src
make[4]: Entering directory '/home/ray/workplace/git_download/HiSTB_origin/HiSTBLinux/source/msp/api/omx/omx_audio/omx_adec/ddpdec'
 /usr/bin/mkdir -p '/home/ray/workplace/git_download/HiSTB_origin/HiSTBLinux/out/hi3798mv100/hi3798mv100_out/obj/source/msp/api/jpeg/jpeg/share/doc/libjpeg-turbo'
make[5]: Entering directory '/home/ray/workplace/git_download/HiSTB_origin/HiSTBLinux/source/msp/api/omx/omx_audio/omx_adec/ddpdec/sw'
 /usr/bin/install -c -m 644 README.ijg README.md libjpeg.txt structure.txt usage.txt wizard.txt LICENSE.md '/home/ray/workplace/git_download/HiSTB_origin/HiSTBLinux/out/hi3798mv100/hi3798mv100_out/obj/source/msp/api/jpeg/jpeg/share/doc/libjpeg-turbo'
make[4]: Entering directory '/home/ray/workplace/git_download/HiSTB_origin/HiSTBLinux/out/hi3798mv100/hi3798mv100_out/obj/source/component/harfbuzz/harfbuzz-1.4.6/src'
make  install-recursive
 /usr/bin/mkdir -p '/home/ray/workplace/git_download/HiSTB_origin/HiSTBLinux/out/hi3798mv100/hi3798mv100_out/obj/source/msp/api/jpeg/jpeg/share/doc/libjpeg-turbo'
 /usr/bin/install -c -m 644 example.c '/home/ray/workplace/git_download/HiSTB_origin/HiSTBLinux/out/hi3798mv100/hi3798mv100_out/obj/source/msp/api/jpeg/jpeg/share/doc/libjpeg-turbo'
libtool: finish: PATH="/home/ray/workplace/git_download/HiSTB_origin/HiSTBLinux/tools/linux/utils/bin:/home/ray/workplace/git_download/HiSTB_origin/HiSTBLinux/tools/linux/toolchains/aarch64-histbv100-linux/bin:/home/ray/workplace/git_download/HiSTB_origin/HiSTBLinux/tools/linux/toolchains/arm-histbv320-linux/bin:/home/ray/workplace/git_download/HiSTB_origin/HiSTBLinux/tools/linux/toolchains/arm-histbv310-linux/bin:/usr/local/sbin:/usr/local/bin:/usr/sbin:/usr/bin:/sbin:/bin:/usr/games:/usr/local/games:/snap/bin:/sbin" ldconfig -n /home/ray/workplace/git_download/HiSTB_origin/HiSTBLinux/out/hi3798mv100/hi3798mv100_out/obj/source/component/freetype/release/lib
----------------------------------------------------------------------
Libraries have been installed in:
   /home/ray/workplace/git_download/HiSTB_origin/HiSTBLinux/out/hi3798mv100/hi3798mv100_out/obj/source/component/freetype/release/lib

If you ever happen to want to link against installed libraries
in a given directory, LIBDIR, you must either use libtool, and
specify the full pathname of the library, or use the '-LLIBDIR'
flag during linking and do at least one of the following:
   - add LIBDIR to the 'LD_LIBRARY_PATH' environment variable
     during execution
   - add LIBDIR to the 'LD_RUN_PATH' environment variable
     during linking
   - use the '-Wl,-rpath -Wl,LIBDIR' linker flag
   - have your system administrator add LIBDIR to '/etc/ld.so.conf'

See any operating system documentation about shared libraries for
more information, such as the ld(1) and ld.so(8) manual pages.
----------------------------------------------------------------------
 /usr/bin/mkdir -p '/home/ray/workplace/git_download/HiSTB_origin/HiSTBLinux/out/hi3798mv100/hi3798mv100_out/obj/source/msp/api/jpeg/jpeg/include'
for P in /home/ray/workplace/git_download/HiSTB_origin/HiSTBLinux/out/hi3798mv100/hi3798mv100_out/obj/source/component/freetype/freetype-2.8/include/freetype/freetype.h /home/ray/workplace/git_download/HiSTB_origin/HiSTBLinux/out/hi3798mv100/hi3798mv100_out/obj/source/component/freetype/freetype-2.8/include/freetype/ftadvanc.h /home/ray/workplace/git_download/HiSTB_origin/HiSTBLinux/out/hi3798mv100/hi3798mv100_out/obj/source/component/freetype/freetype-2.8/include/freetype/ftautoh.h /home/ray/workplace/git_download/HiSTB_origin/HiSTBLinux/out/hi3798mv100/hi3798mv100_out/obj/source/component/freetype/freetype-2.8/include/freetype/ftbbox.h /home/ray/workplace/git_download/HiSTB_origin/HiSTBLinux/out/hi3798mv100/hi3798mv100_out/obj/source/component/freetype/freetype-2.8/include/freetype/ftbdf.h /home/ray/workplace/git_download/HiSTB_origin/HiSTBLinux/out/hi3798mv100/hi3798mv100_out/obj/source/component/freetype/freetype-2.8/include/freetype/ftbitmap.h /home/ray/workplace/git_download/HiSTB_origin/HiSTBLinux/out/hi3798mv100/hi3798mv100_out/obj/source/component/freetype/freetype-2.8/include/freetype/ftbzip2.h /home/ray/workplace/git_download/HiSTB_origin/HiSTBLinux/out/hi3798mv100/hi3798mv100_out/obj/source/component/freetype/freetype-2.8/include/freetype/ftcache.h /home/ray/workplace/git_download/HiSTB_origin/HiSTBLinux/out/hi3798mv100/hi3798mv100_out/obj/source/component/freetype/freetype-2.8/include/freetype/ftcffdrv.h /home/ray/workplace/git_download/HiSTB_origin/HiSTBLinux/out/hi3798mv100/hi3798mv100_out/obj/source/component/freetype/freetype-2.8/include/freetype/ftchapters.h /home/ray/workplace/git_download/HiSTB_origin/HiSTBLinux/out/hi3798mv100/hi3798mv100_out/obj/source/component/freetype/freetype-2.8/include/freetype/ftcid.h /home/ray/workplace/git_download/HiSTB_origin/HiSTBLinux/out/hi3798mv100/hi3798mv100_out/obj/source/component/freetype/freetype-2.8/include/freetype/fterrdef.h /home/ray/workplace/git_download/HiSTB_origin/HiSTBLinux/out/hi3798mv100/hi3798mv100_out/obj/source/component/freetype/freetype-2.8/include/freetype/fterrors.h /home/ray/workplace/git_download/HiSTB_origin/HiSTBLinux/out/hi3798mv100/hi3798mv100_out/obj/source/component/freetype/freetype-2.8/include/freetype/ftfntfmt.h /home/ray/workplace/git_download/HiSTB_origin/HiSTBLinux/out/hi3798mv100/hi3798mv100_out/obj/source/component/freetype/freetype-2.8/include/freetype/ftgasp.h /home/ray/workplace/git_download/HiSTB_origin/HiSTBLinux/out/hi3798mv100/hi3798mv100_out/obj/source/component/freetype/freetype-2.8/include/freetype/ftglyph.h /home/ray/workplace/git_download/HiSTB_origin/HiSTBLinux/out/hi3798mv100/hi3798mv100_out/obj/source/component/freetype/freetype-2.8/include/freetype/ftgxval.h /home/ray/workplace/git_download/HiSTB_origin/HiSTBLinux/out/hi3798mv100/hi3798mv100_out/obj/source/component/freetype/freetype-2.8/include/freetype/ftgzip.h /home/ray/workplace/git_download/HiSTB_origin/HiSTBLinux/out/hi3798mv100/hi3798mv100_out/obj/source/component/freetype/freetype-2.8/include/freetype/ftimage.h /home/ray/workplace/git_download/HiSTB_origin/HiSTBLinux/out/hi3798mv100/hi3798mv100_out/obj/source/component/freetype/freetype-2.8/include/freetype/ftincrem.h /home/ray/workplace/git_download/HiSTB_origin/HiSTBLinux/out/hi3798mv100/hi3798mv100_out/obj/source/component/freetype/freetype-2.8/include/freetype/ftlcdfil.h /home/ray/workplace/git_download/HiSTB_origin/HiSTBLinux/out/hi3798mv100/hi3798mv100_out/obj/source/component/freetype/freetype-2.8/include/freetype/ftlist.h /home/ray/workplace/git_download/HiSTB_origin/HiSTBLinux/out/hi3798mv100/hi3798mv100_out/obj/source/component/freetype/freetype-2.8/include/freetype/ftlzw.h /home/ray/workplace/git_download/HiSTB_origin/HiSTBLinux/out/hi3798mv100/hi3798mv100_out/obj/source/component/freetype/freetype-2.8/include/freetype/ftmac.h /home/ray/workplace/git_download/HiSTB_origin/HiSTBLinux/out/hi3798mv100/hi3798mv100_out/obj/source/component/freetype/freetype-2.8/include/freetype/ftmm.h /home/ray/workplace/git_download/HiSTB_origin/HiSTBLinux/out/hi3798mv100/hi3798mv100_out/obj/source/component/freetype/freetype-2.8/include/freetype/ftmodapi.h /home/ray/workplace/git_download/HiSTB_origin/HiSTBLinux/out/hi3798mv100/hi3798mv100_out/obj/source/component/freetype/freetype-2.8/include/freetype/ftmoderr.h /home/ray/workplace/git_download/HiSTB_origin/HiSTBLinux/out/hi3798mv100/hi3798mv100_out/obj/source/component/freetype/freetype-2.8/include/freetype/ftotval.h /home/ray/workplace/git_download/HiSTB_origin/HiSTBLinux/out/hi3798mv100/hi3798mv100_out/obj/source/component/freetype/freetype-2.8/include/freetype/ftoutln.h /home/ray/workplace/git_download/HiSTB_origin/HiSTBLinux/out/hi3798mv100/hi3798mv100_out/obj/source/component/freetype/freetype-2.8/include/freetype/ftpcfdrv.h /home/ray/workplace/git_download/HiSTB_origin/HiSTBLinux/out/hi3798mv100/hi3798mv100_out/obj/source/component/freetype/freetype-2.8/include/freetype/ftpfr.h /home/ray/workplace/git_download/HiSTB_origin/HiSTBLinux/out/hi3798mv100/hi3798mv100_out/obj/source/component/freetype/freetype-2.8/include/freetype/ftrender.h /home/ray/workplace/git_download/HiSTB_origin/HiSTBLinux/out/hi3798mv100/hi3798mv100_out/obj/source/component/freetype/freetype-2.8/include/freetype/ftsizes.h /home/ray/workplace/git_download/HiSTB_origin/HiSTBLinux/out/hi3798mv100/hi3798mv100_out/obj/source/component/freetype/freetype-2.8/include/freetype/ftsnames.h /home/ray/workplace/git_download/HiSTB_origin/HiSTBLinux/out/hi3798mv100/hi3798mv100_out/obj/source/component/freetype/freetype-2.8/include/freetype/ftstroke.h /home/ray/workplace/git_download/HiSTB_origin/HiSTBLinux/out/hi3798mv100/hi3798mv100_out/obj/source/component/freetype/freetype-2.8/include/freetype/ftsynth.h /home/ray/workplace/git_download/HiSTB_origin/HiSTBLinux/out/hi3798mv100/hi3798mv100_out/obj/source/component/freetype/freetype-2.8/include/freetype/ftsystem.h /home/ray/workplace/git_download/HiSTB_origin/HiSTBLinux/out/hi3798mv100/hi3798mv100_out/obj/source/component/freetype/freetype-2.8/include/freetype/fttrigon.h /home/ray/workplace/git_download/HiSTB_origin/HiSTBLinux/out/hi3798mv100/hi3798mv100_out/obj/source/component/freetype/freetype-2.8/include/freetype/ftttdrv.h /home/ray/workplace/git_download/HiSTB_origin/HiSTBLinux/out/hi3798mv100/hi3798mv100_out/obj/source/component/freetype/freetype-2.8/include/freetype/fttypes.h /home/ray/workplace/git_download/HiSTB_origin/HiSTBLinux/out/hi3798mv100/hi3798mv100_out/obj/source/component/freetype/freetype-2.8/include/freetype/ftwinfnt.h /home/ray/workplace/git_download/HiSTB_origin/HiSTBLinux/out/hi3798mv100/hi3798mv100_out/obj/source/component/freetype/freetype-2.8/include/freetype/t1tables.h /home/ray/workplace/git_download/HiSTB_origin/HiSTBLinux/out/hi3798mv100/hi3798mv100_out/obj/source/component/freetype/freetype-2.8/include/freetype/ttnameid.h /home/ray/workplace/git_download/HiSTB_origin/HiSTBLinux/out/hi3798mv100/hi3798mv100_out/obj/source/component/freetype/freetype-2.8/include/freetype/tttables.h /home/ray/workplace/git_download/HiSTB_origin/HiSTBLinux/out/hi3798mv100/hi3798mv100_out/obj/source/component/freetype/freetype-2.8/include/freetype/tttags.h /home/ray/workplace/git_download/HiSTB_origin/HiSTBLinux/out/hi3798mv100/hi3798mv100_out/obj/source/component/freetype/freetype-2.8/include/freetype/ttunpat.h ; do                           \
          /usr/bin/install -c -m 644                                    \
            $P /home/ray/workplace/git_download/HiSTB_origin/HiSTBLinux/out/hi3798mv100/hi3798mv100_out/obj/source/component/freetype/release/include/freetype2/freetype ; \
        done
make[5]: Entering directory '/home/ray/workplace/git_download/HiSTB_origin/HiSTBLinux/out/hi3798mv100/hi3798mv100_out/obj/source/component/harfbuzz/harfbuzz-1.4.6/src'
make[2]: Leaving directory '/home/ray/workplace/git_download/HiSTB_origin/HiSTBLinux/source/component/resampler'
 /usr/bin/install -c -m 644 jerror.h jmorecfg.h jpeglib.h turbojpeg.h '/home/ray/workplace/git_download/HiSTB_origin/HiSTBLinux/out/hi3798mv100/hi3798mv100_out/obj/source/msp/api/jpeg/jpeg/include'
make[2]: Entering directory '/home/ray/workplace/git_download/HiSTB_origin/HiSTBLinux/source/component/ha_codec'
Making install in hb-ucdn
make[6]: Entering directory '/home/ray/workplace/git_download/HiSTB_origin/HiSTBLinux/out/hi3798mv100/hi3798mv100_out/obj/source/component/harfbuzz/harfbuzz-1.4.6/src/hb-ucdn'
 /usr/bin/mkdir -p '/home/ray/workplace/git_download/HiSTB_origin/HiSTBLinux/out/hi3798mv100/hi3798mv100_out/obj/source/msp/api/jpeg/jpeg/share/man/man1'
make[5]: Leaving directory '/home/ray/workplace/git_download/HiSTB_origin/HiSTBLinux/source/msp/api/omx/omx_audio/omx_adec/ddpdec/sw'
make[4]: Leaving directory '/home/ray/workplace/git_download/HiSTB_origin/HiSTBLinux/source/msp/api/omx/omx_audio/omx_adec/ddpdec'
make[7]: Entering directory '/home/ray/workplace/git_download/HiSTB_origin/HiSTBLinux/out/hi3798mv100/hi3798mv100_out/obj/source/component/harfbuzz/harfbuzz-1.4.6/src/hb-ucdn'
make[7]: Nothing to be done for 'install-exec-am'.
make[7]: Nothing to be done for 'install-data-am'.
make[7]: Leaving directory '/home/ray/workplace/git_download/HiSTB_origin/HiSTBLinux/out/hi3798mv100/hi3798mv100_out/obj/source/component/harfbuzz/harfbuzz-1.4.6/src/hb-ucdn'
make[6]: Leaving directory '/home/ray/workplace/git_download/HiSTB_origin/HiSTBLinux/out/hi3798mv100/hi3798mv100_out/obj/source/component/harfbuzz/harfbuzz-1.4.6/src/hb-ucdn'
make[4]: Entering directory '/home/ray/workplace/git_download/HiSTB_origin/HiSTBLinux/source/msp/api/omx/omx_audio/omx_adec/dtsdec'
 /usr/bin/install -c -m 644 cjpeg.1 djpeg.1 jpegtran.1 rdjpgcom.1 wrjpgcom.1 '/home/ray/workplace/git_download/HiSTB_origin/HiSTBLinux/out/hi3798mv100/hi3798mv100_out/obj/source/msp/api/jpeg/jpeg/share/man/man1'
make[5]: Entering directory '/home/ray/workplace/git_download/HiSTB_origin/HiSTBLinux/source/msp/api/omx/omx_audio/omx_adec/dtsdec/sw'
 /usr/bin/mkdir -p '/home/ray/workplace/git_download/HiSTB_origin/HiSTBLinux/out/hi3798mv100/hi3798mv100_out/obj/source/msp/api/jpeg/jpeg/include'
make[2]: Leaving directory '/home/ray/workplace/git_download/HiSTB_origin/HiSTBLinux/source/component/ha_codec'
make[2]: Entering directory '/home/ray/workplace/git_download/HiSTB_origin/HiSTBLinux/source/component/zlib'
 /usr/bin/install -c -m 644 jconfig.h '/home/ray/workplace/git_download/HiSTB_origin/HiSTBLinux/out/hi3798mv100/hi3798mv100_out/obj/source/msp/api/jpeg/jpeg/include'
make[3]: Entering directory '/home/ray/workplace/git_download/HiSTB_origin/HiSTBLinux/out/hi3798mv100/hi3798mv100_out/obj/source/component/zlib/zlib-1.2.11'
make[3]: warning: jobserver unavailable: using -j1.  Add '+' to parent make rule.
make[6]: Entering directory '/home/ray/workplace/git_download/HiSTB_origin/HiSTBLinux/out/hi3798mv100/hi3798mv100_out/obj/source/component/harfbuzz/harfbuzz-1.4.6/src'
 /usr/bin/mkdir -p '/home/ray/workplace/git_download/HiSTB_origin/HiSTBLinux/out/hi3798mv100/hi3798mv100_out/obj/source/msp/api/jpeg/jpeg/lib/pkgconfig'
rm -f /home/ray/workplace/git_download/HiSTB_origin/HiSTBLinux/out/hi3798mv100/hi3798mv100_out/obj/source/component/zlib/release/lib/libz.a
cp libz.a /home/ray/workplace/git_download/HiSTB_origin/HiSTBLinux/out/hi3798mv100/hi3798mv100_out/obj/source/component/zlib/release/lib
 /usr/bin/install -c -m 644 pkgscripts/libjpeg.pc pkgscripts/libturbojpeg.pc '/home/ray/workplace/git_download/HiSTB_origin/HiSTBLinux/out/hi3798mv100/hi3798mv100_out/obj/source/msp/api/jpeg/jpeg/lib/pkgconfig'
chmod 644 /home/ray/workplace/git_download/HiSTB_origin/HiSTBLinux/out/hi3798mv100/hi3798mv100_out/obj/source/component/zlib/release/lib/libz.a
make[4]: Leaving directory '/home/ray/workplace/git_download/HiSTB_origin/HiSTBLinux/out/hi3798mv100/hi3798mv100_out/obj/source/msp/api/jpeg/libjpeg-turbo-1.5.1'
make[3]: Leaving directory '/home/ray/workplace/git_download/HiSTB_origin/HiSTBLinux/out/hi3798mv100/hi3798mv100_out/obj/source/msp/api/jpeg/libjpeg-turbo-1.5.1'
make[2]: Leaving directory '/home/ray/workplace/git_download/HiSTB_origin/HiSTBLinux/out/hi3798mv100/hi3798mv100_out/obj/source/msp/api/jpeg/libjpeg-turbo-1.5.1'
make[7]: Entering directory '/home/ray/workplace/git_download/HiSTB_origin/HiSTBLinux/out/hi3798mv100/hi3798mv100_out/obj/source/component/harfbuzz/harfbuzz-1.4.6/src'
 /usr/bin/mkdir -p '/home/ray/workplace/git_download/HiSTB_origin/HiSTBLinux/out/hi3798mv100/hi3798mv100_out/obj/source/component/harfbuzz/release/lib'
cp libz.so.1.2.11 /home/ray/workplace/git_download/HiSTB_origin/HiSTBLinux/out/hi3798mv100/hi3798mv100_out/obj/source/component/zlib/release/lib
chmod 755 /home/ray/workplace/git_download/HiSTB_origin/HiSTBLinux/out/hi3798mv100/hi3798mv100_out/obj/source/component/zlib/release/lib/libz.so.1.2.11
 /bin/bash ../libtool   --mode=install /usr/bin/install -c   libharfbuzz.la '/home/ray/workplace/git_download/HiSTB_origin/HiSTBLinux/out/hi3798mv100/hi3798mv100_out/obj/source/component/harfbuzz/release/lib'
make[5]: Leaving directory '/home/ray/workplace/git_download/HiSTB_origin/HiSTBLinux/source/msp/api/omx/omx_audio/omx_adec/dtsdec/sw'
make[4]: Leaving directory '/home/ray/workplace/git_download/HiSTB_origin/HiSTBLinux/source/msp/api/omx/omx_audio/omx_adec/dtsdec'
make[1]: Leaving directory '/home/ray/workplace/git_download/HiSTB_origin/HiSTBLinux/source/msp/api/jpeg'
make[4]: Entering directory '/home/ray/workplace/git_download/HiSTB_origin/HiSTBLinux/source/msp/api/omx/omx_audio/omx_adec/opusdec'
make[2]: Entering directory '/home/ray/workplace/git_download/HiSTB_origin/HiSTBLinux/source/component/alsa'
make[5]: Entering directory '/home/ray/workplace/git_download/HiSTB_origin/HiSTBLinux/source/msp/api/omx/omx_audio/omx_adec/opusdec/sw'
libtool: install: /usr/bin/install -c .libs/libharfbuzz.so.0.10400.6 /home/ray/workplace/git_download/HiSTB_origin/HiSTBLinux/out/hi3798mv100/hi3798mv100_out/obj/source/component/harfbuzz/release/lib/libharfbuzz.so.0.10400.6
make[3]: Entering directory '/home/ray/workplace/git_download/HiSTB_origin/HiSTBLinux/out/hi3798mv100/hi3798mv100_out/obj/source/component/alsa/alsa-lib-1.0.28'
make[3]: warning: jobserver unavailable: using -j1.  Add '+' to parent make rule.
Making all in doc
libtool: install: (cd /home/ray/workplace/git_download/HiSTB_origin/HiSTBLinux/out/hi3798mv100/hi3798mv100_out/obj/source/component/harfbuzz/release/lib && { ln -s -f libharfbuzz.so.0.10400.6 libharfbuzz.so.0 || { rm -f libharfbuzz.so.0 && ln -s libharfbuzz.so.0.10400.6 libharfbuzz.so.0; }; })
make[4]: Entering directory '/home/ray/workplace/git_download/HiSTB_origin/HiSTBLinux/out/hi3798mv100/hi3798mv100_out/obj/source/component/alsa/alsa-lib-1.0.28/doc'
libtool: install: (cd /home/ray/workplace/git_download/HiSTB_origin/HiSTBLinux/out/hi3798mv100/hi3798mv100_out/obj/source/component/harfbuzz/release/lib && { ln -s -f libharfbuzz.so.0.10400.6 libharfbuzz.so || { rm -f libharfbuzz.so && ln -s libharfbuzz.so.0.10400.6 libharfbuzz.so; }; })
libtool: install: /usr/bin/install -c .libs/libharfbuzz.lai /home/ray/workplace/git_download/HiSTB_origin/HiSTBLinux/out/hi3798mv100/hi3798mv100_out/obj/source/component/harfbuzz/release/lib/libharfbuzz.la
libtool: install: /usr/bin/install -c .libs/libharfbuzz.a /home/ray/workplace/git_download/HiSTB_origin/HiSTBLinux/out/hi3798mv100/hi3798mv100_out/obj/source/component/harfbuzz/release/lib/libharfbuzz.a
Making all in pictures
make[5]: Entering directory '/home/ray/workplace/git_download/HiSTB_origin/HiSTBLinux/out/hi3798mv100/hi3798mv100_out/obj/source/component/alsa/alsa-lib-1.0.28/doc/pictures'
make[5]: Nothing to be done for 'all'.
make[5]: Leaving directory '/home/ray/workplace/git_download/HiSTB_origin/HiSTBLinux/out/hi3798mv100/hi3798mv100_out/obj/source/component/alsa/alsa-lib-1.0.28/doc/pictures'
make[5]: Entering directory '/home/ray/workplace/git_download/HiSTB_origin/HiSTBLinux/out/hi3798mv100/hi3798mv100_out/obj/source/component/alsa/alsa-lib-1.0.28/doc'
make[5]: Nothing to be done for 'all-am'.
make[5]: Leaving directory '/home/ray/workplace/git_download/HiSTB_origin/HiSTBLinux/out/hi3798mv100/hi3798mv100_out/obj/source/component/alsa/alsa-lib-1.0.28/doc'
make[4]: Leaving directory '/home/ray/workplace/git_download/HiSTB_origin/HiSTBLinux/out/hi3798mv100/hi3798mv100_out/obj/source/component/alsa/alsa-lib-1.0.28/doc'
Making all in include
make[4]: Entering directory '/home/ray/workplace/git_download/HiSTB_origin/HiSTBLinux/out/hi3798mv100/hi3798mv100_out/obj/source/component/alsa/alsa-lib-1.0.28/include'
libtool: install: chmod 644 /home/ray/workplace/git_download/HiSTB_origin/HiSTBLinux/out/hi3798mv100/hi3798mv100_out/obj/source/component/harfbuzz/release/lib/libharfbuzz.a
make  all-recursive
libtool: install: arm-histbv310-linux-ranlib /home/ray/workplace/git_download/HiSTB_origin/HiSTBLinux/out/hi3798mv100/hi3798mv100_out/obj/source/component/harfbuzz/release/lib/libharfbuzz.a
make[5]: Entering directory '/home/ray/workplace/git_download/HiSTB_origin/HiSTBLinux/out/hi3798mv100/hi3798mv100_out/obj/source/component/alsa/alsa-lib-1.0.28/include'
make[5]: Leaving directory '/home/ray/workplace/git_download/HiSTB_origin/HiSTBLinux/source/msp/api/omx/omx_audio/omx_adec/opusdec/sw'
make[4]: Leaving directory '/home/ray/workplace/git_download/HiSTB_origin/HiSTBLinux/source/msp/api/omx/omx_audio/omx_adec/opusdec'
rm -f /home/ray/workplace/git_download/HiSTB_origin/HiSTBLinux/out/hi3798mv100/hi3798mv100_out/obj/source/component/zlib/release/share/man/man3/zlib.3
Making all in sound
cp zlib.3 /home/ray/workplace/git_download/HiSTB_origin/HiSTBLinux/out/hi3798mv100/hi3798mv100_out/obj/source/component/zlib/release/share/man/man3
make[4]: Entering directory '/home/ray/workplace/git_download/HiSTB_origin/HiSTBLinux/source/msp/api/omx/omx_audio/omx_adec/dradec'
make[6]: Entering directory '/home/ray/workplace/git_download/HiSTB_origin/HiSTBLinux/out/hi3798mv100/hi3798mv100_out/obj/source/component/alsa/alsa-lib-1.0.28/include/sound'
make[6]: Nothing to be done for 'all'.
make[6]: Leaving directory '/home/ray/workplace/git_download/HiSTB_origin/HiSTBLinux/out/hi3798mv100/hi3798mv100_out/obj/source/component/alsa/alsa-lib-1.0.28/include/sound'
make[5]: Entering directory '/home/ray/workplace/git_download/HiSTB_origin/HiSTBLinux/source/msp/api/omx/omx_audio/omx_adec/dradec/sw'
chmod 644 /home/ray/workplace/git_download/HiSTB_origin/HiSTBLinux/out/hi3798mv100/hi3798mv100_out/obj/source/component/zlib/release/share/man/man3/zlib.3
rm -f /home/ray/workplace/git_download/HiSTB_origin/HiSTBLinux/out/hi3798mv100/hi3798mv100_out/obj/source/component/zlib/release/lib/pkgconfig/zlib.pc
make[6]: Entering directory '/home/ray/workplace/git_download/HiSTB_origin/HiSTBLinux/out/hi3798mv100/hi3798mv100_out/obj/source/component/alsa/alsa-lib-1.0.28/include'
cp zlib.pc /home/ray/workplace/git_download/HiSTB_origin/HiSTBLinux/out/hi3798mv100/hi3798mv100_out/obj/source/component/zlib/release/lib/pkgconfig
chmod 644 /home/ray/workplace/git_download/HiSTB_origin/HiSTBLinux/out/hi3798mv100/hi3798mv100_out/obj/source/component/zlib/release/lib/pkgconfig/zlib.pc
for P in /home/ray/workplace/git_download/HiSTB_origin/HiSTBLinux/out/hi3798mv100/hi3798mv100_out/obj/source/component/freetype/freetype-2.8/include/freetype/config/ftconfig.h /home/ray/workplace/git_download/HiSTB_origin/HiSTBLinux/out/hi3798mv100/hi3798mv100_out/obj/source/component/freetype/freetype-2.8/include/freetype/config/ftheader.h /home/ray/workplace/git_download/HiSTB_origin/HiSTBLinux/out/hi3798mv100/hi3798mv100_out/obj/source/component/freetype/freetype-2.8/include/freetype/config/ftmodule.h /home/ray/workplace/git_download/HiSTB_origin/HiSTBLinux/out/hi3798mv100/hi3798mv100_out/obj/source/component/freetype/freetype-2.8/include/freetype/config/ftoption.h /home/ray/workplace/git_download/HiSTB_origin/HiSTBLinux/out/hi3798mv100/hi3798mv100_out/obj/source/component/freetype/freetype-2.8/include/freetype/config/ftstdlib.h  /home/ray/workplace/git_download/HiSTB_origin/HiSTBLinux/out/hi3798mv100/hi3798mv100_out/obj/source/component/freetype/freetype-2.8/objs/ftmodule.h  ; do                                  \
          /usr/bin/install -c -m 644                                           \
            $P /home/ray/workplace/git_download/HiSTB_origin/HiSTBLinux/out/hi3798mv100/hi3798mv100_out/obj/source/component/freetype/release/include/freetype2/freetype/config ; \
        done
rm -f /home/ray/workplace/git_download/HiSTB_origin/HiSTBLinux/out/hi3798mv100/hi3798mv100_out/obj/source/component/zlib/release/include/zlib.h /home/ray/workplace/git_download/HiSTB_origin/HiSTBLinux/out/hi3798mv100/hi3798mv100_out/obj/source/component/zlib/release/include/zconf.h
cp zlib.h zconf.h /home/ray/workplace/git_download/HiSTB_origin/HiSTBLinux/out/hi3798mv100/hi3798mv100_out/obj/source/component/zlib/release/include
chmod 644 /home/ray/workplace/git_download/HiSTB_origin/HiSTBLinux/out/hi3798mv100/hi3798mv100_out/obj/source/component/zlib/release/include/zlib.h /home/ray/workplace/git_download/HiSTB_origin/HiSTBLinux/out/hi3798mv100/hi3798mv100_out/obj/source/component/zlib/release/include/zconf.h
make[3]: Leaving directory '/home/ray/workplace/git_download/HiSTB_origin/HiSTBLinux/out/hi3798mv100/hi3798mv100_out/obj/source/component/zlib/zlib-1.2.11'
/usr/bin/install -c -m 644 /home/ray/workplace/git_download/HiSTB_origin/HiSTBLinux/out/hi3798mv100/hi3798mv100_out/obj/source/component/freetype/freetype-2.8/include/ft2build.h  \
          /home/ray/workplace/git_download/HiSTB_origin/HiSTBLinux/out/hi3798mv100/hi3798mv100_out/obj/source/component/freetype/release/include/freetype2/ft2build.h
make[2]: Leaving directory '/home/ray/workplace/git_download/HiSTB_origin/HiSTBLinux/source/component/zlib'
/usr/bin/install -c -m 644 ./builds/unix/ftconfig.h                        \
          /home/ray/workplace/git_download/HiSTB_origin/HiSTBLinux/out/hi3798mv100/hi3798mv100_out/obj/source/component/freetype/release/include/freetype2/freetype/config/ftconfig.h
make[2]: Entering directory '/home/ray/workplace/git_download/HiSTB_origin/HiSTBLinux/source/component/subtitle'
/usr/bin/install -c -m 644 /home/ray/workplace/git_download/HiSTB_origin/HiSTBLinux/out/hi3798mv100/hi3798mv100_out/obj/source/component/freetype/freetype-2.8/objs/ftmodule.h                          \
          /home/ray/workplace/git_download/HiSTB_origin/HiSTBLinux/out/hi3798mv100/hi3798mv100_out/obj/source/component/freetype/release/include/freetype2/freetype/config/ftmodule.h
/usr/bin/install -c -m 755 ./builds/unix/freetype-config \
          /home/ray/workplace/git_download/HiSTB_origin/HiSTBLinux/out/hi3798mv100/hi3798mv100_out/obj/source/component/freetype/release/bin/freetype-config
make[5]: Leaving directory '/home/ray/workplace/git_download/HiSTB_origin/HiSTBLinux/source/msp/api/omx/omx_audio/omx_adec/dradec/sw'
make[4]: Leaving directory '/home/ray/workplace/git_download/HiSTB_origin/HiSTBLinux/source/msp/api/omx/omx_audio/omx_adec/dradec'
/usr/bin/install -c -m 644 ./builds/unix/freetype2.m4 \
          /home/ray/workplace/git_download/HiSTB_origin/HiSTBLinux/out/hi3798mv100/hi3798mv100_out/obj/source/component/freetype/release/share/aclocal/freetype2.m4
make[4]: Entering directory '/home/ray/workplace/git_download/HiSTB_origin/HiSTBLinux/source/msp/api/omx/omx_audio/omx_adec/vorbisdec'
libtool: finish: PATH="/home/ray/workplace/git_download/HiSTB_origin/HiSTBLinux/tools/linux/utils/bin:/home/ray/workplace/git_download/HiSTB_origin/HiSTBLinux/tools/linux/toolchains/aarch64-histbv100-linux/bin:/home/ray/workplace/git_download/HiSTB_origin/HiSTBLinux/tools/linux/toolchains/arm-histbv320-linux/bin:/home/ray/workplace/git_download/HiSTB_origin/HiSTBLinux/tools/linux/toolchains/arm-histbv310-linux/bin:/usr/local/sbin:/usr/local/bin:/usr/sbin:/usr/bin:/sbin:/bin:/usr/games:/usr/local/games:/snap/bin:/sbin" ldconfig -n /home/ray/workplace/git_download/HiSTB_origin/HiSTBLinux/out/hi3798mv100/hi3798mv100_out/obj/source/component/harfbuzz/release/lib
make[5]: Entering directory '/home/ray/workplace/git_download/HiSTB_origin/HiSTBLinux/source/msp/api/omx/omx_audio/omx_adec/vorbisdec/sw'
----------------------------------------------------------------------
/usr/bin/install -c -m 644 ./builds/unix/freetype2.pc \
          /home/ray/workplace/git_download/HiSTB_origin/HiSTBLinux/out/hi3798mv100/hi3798mv100_out/obj/source/component/freetype/release/lib/pkgconfig/freetype2.pc
Libraries have been installed in:
   /home/ray/workplace/git_download/HiSTB_origin/HiSTBLinux/out/hi3798mv100/hi3798mv100_out/obj/source/component/harfbuzz/release/lib

If you ever happen to want to link against installed libraries
in a given directory, LIBDIR, you must either use libtool, and
specify the full pathname of the library, or use the `-LLIBDIR'
flag during linking and do at least one of the following:
   - add LIBDIR to the `LD_LIBRARY_PATH' environment variable
     during execution
   - add LIBDIR to the `LD_RUN_PATH' environment variable
     during linking
   - use the `-Wl,-rpath -Wl,LIBDIR' linker flag
   - have your system administrator add LIBDIR to `/etc/ld.so.conf'

See any operating system documentation about shared libraries for
more information, such as the ld(1) and ld.so(8) manual pages.
----------------------------------------------------------------------
/usr/bin/install -c -m 644 /home/ray/workplace/git_download/HiSTB_origin/HiSTBLinux/out/hi3798mv100/hi3798mv100_out/obj/source/component/freetype/freetype-2.8/docs/freetype-config.1 \
          /home/ray/workplace/git_download/HiSTB_origin/HiSTBLinux/out/hi3798mv100/hi3798mv100_out/obj/source/component/freetype/release/share/man/man1/freetype-config.1
make[6]: Leaving directory '/home/ray/workplace/git_download/HiSTB_origin/HiSTBLinux/out/hi3798mv100/hi3798mv100_out/obj/source/component/alsa/alsa-lib-1.0.28/include'
make[5]: Leaving directory '/home/ray/workplace/git_download/HiSTB_origin/HiSTBLinux/out/hi3798mv100/hi3798mv100_out/obj/source/component/alsa/alsa-lib-1.0.28/include'
make[4]: Leaving directory '/home/ray/workplace/git_download/HiSTB_origin/HiSTBLinux/out/hi3798mv100/hi3798mv100_out/obj/source/component/alsa/alsa-lib-1.0.28/include'
Making all in src
make[3]: Leaving directory '/home/ray/workplace/git_download/HiSTB_origin/HiSTBLinux/out/hi3798mv100/hi3798mv100_out/obj/source/component/freetype/freetype-2.8'
make[4]: Entering directory '/home/ray/workplace/git_download/HiSTB_origin/HiSTBLinux/out/hi3798mv100/hi3798mv100_out/obj/source/component/alsa/alsa-lib-1.0.28/src'
Making all in control
 /usr/bin/mkdir -p '/home/ray/workplace/git_download/HiSTB_origin/HiSTBLinux/out/hi3798mv100/hi3798mv100_out/obj/source/component/harfbuzz/release/include/harfbuzz'
 /usr/bin/install -c -m 644 hb-version.h '/home/ray/workplace/git_download/HiSTB_origin/HiSTBLinux/out/hi3798mv100/hi3798mv100_out/obj/source/component/harfbuzz/release/include/harfbuzz'
make[2]: Leaving directory '/home/ray/workplace/git_download/HiSTB_origin/HiSTBLinux/source/component/freetype'
 /usr/bin/mkdir -p '/home/ray/workplace/git_download/HiSTB_origin/HiSTBLinux/out/hi3798mv100/hi3798mv100_out/obj/source/component/harfbuzz/release/lib/pkgconfig'
make[5]: Entering directory '/home/ray/workplace/git_download/HiSTB_origin/HiSTBLinux/out/hi3798mv100/hi3798mv100_out/obj/source/component/alsa/alsa-lib-1.0.28/src/control'
make[5]: Nothing to be done for 'all'.
make[5]: Leaving directory '/home/ray/workplace/git_download/HiSTB_origin/HiSTBLinux/out/hi3798mv100/hi3798mv100_out/obj/source/component/alsa/alsa-lib-1.0.28/src/control'
make[2]: Entering directory '/home/ray/workplace/git_download/HiSTB_origin/HiSTBLinux/source/component/subtoutput'
Making all in mixer
 /usr/bin/install -c -m 644 harfbuzz.pc '/home/ray/workplace/git_download/HiSTB_origin/HiSTBLinux/out/hi3798mv100/hi3798mv100_out/obj/source/component/harfbuzz/release/lib/pkgconfig'
make[2]: Leaving directory '/home/ray/workplace/git_download/HiSTB_origin/HiSTBLinux/source/component/subtitle'
make[5]: Leaving directory '/home/ray/workplace/git_download/HiSTB_origin/HiSTBLinux/source/msp/api/omx/omx_audio/omx_adec/vorbisdec/sw'
make[4]: Leaving directory '/home/ray/workplace/git_download/HiSTB_origin/HiSTBLinux/source/msp/api/omx/omx_audio/omx_adec/vorbisdec'
make[2]: Entering directory '/home/ray/workplace/git_download/HiSTB_origin/HiSTBLinux/source/component/teletext'
make[4]: Entering directory '/home/ray/workplace/git_download/HiSTB_origin/HiSTBLinux/source/msp/api/omx/omx_audio/omx_adec/cookdec'
 /usr/bin/mkdir -p '/home/ray/workplace/git_download/HiSTB_origin/HiSTBLinux/out/hi3798mv100/hi3798mv100_out/obj/source/component/harfbuzz/release/include/harfbuzz'
make[5]: Entering directory '/home/ray/workplace/git_download/HiSTB_origin/HiSTBLinux/out/hi3798mv100/hi3798mv100_out/obj/source/component/alsa/alsa-lib-1.0.28/src/mixer'
make[5]: Nothing to be done for 'all'.
make[5]: Leaving directory '/home/ray/workplace/git_download/HiSTB_origin/HiSTBLinux/out/hi3798mv100/hi3798mv100_out/obj/source/component/alsa/alsa-lib-1.0.28/src/mixer'
Making all in pcm
make[5]: Entering directory '/home/ray/workplace/git_download/HiSTB_origin/HiSTBLinux/source/msp/api/omx/omx_audio/omx_adec/cookdec/sw'
 /usr/bin/install -c -m 644 hb.h hb-blob.h hb-buffer.h hb-common.h hb-deprecated.h hb-face.h hb-font.h hb-set.h hb-shape.h hb-shape-plan.h hb-unicode.h hb-ot.h hb-ot-font.h hb-ot-layout.h hb-ot-math.h hb-ot-shape.h hb-ot-tag.h hb-ot-var.h '/home/ray/workplace/git_download/HiSTB_origin/HiSTBLinux/out/hi3798mv100/hi3798mv100_out/obj/source/component/harfbuzz/release/include/harfbuzz'
make[5]: Entering directory '/home/ray/workplace/git_download/HiSTB_origin/HiSTBLinux/out/hi3798mv100/hi3798mv100_out/obj/source/component/alsa/alsa-lib-1.0.28/src/pcm'
make[7]: Leaving directory '/home/ray/workplace/git_download/HiSTB_origin/HiSTBLinux/out/hi3798mv100/hi3798mv100_out/obj/source/component/harfbuzz/harfbuzz-1.4.6/src'
make[6]: Leaving directory '/home/ray/workplace/git_download/HiSTB_origin/HiSTBLinux/out/hi3798mv100/hi3798mv100_out/obj/source/component/harfbuzz/harfbuzz-1.4.6/src'
make[5]: Leaving directory '/home/ray/workplace/git_download/HiSTB_origin/HiSTBLinux/out/hi3798mv100/hi3798mv100_out/obj/source/component/harfbuzz/harfbuzz-1.4.6/src'
make[4]: Leaving directory '/home/ray/workplace/git_download/HiSTB_origin/HiSTBLinux/out/hi3798mv100/hi3798mv100_out/obj/source/component/harfbuzz/harfbuzz-1.4.6/src'
Making install in util
make[4]: Entering directory '/home/ray/workplace/git_download/HiSTB_origin/HiSTBLinux/out/hi3798mv100/hi3798mv100_out/obj/source/component/harfbuzz/harfbuzz-1.4.6/util'
make[5]: Entering directory '/home/ray/workplace/git_download/HiSTB_origin/HiSTBLinux/out/hi3798mv100/hi3798mv100_out/obj/source/component/harfbuzz/harfbuzz-1.4.6/util'
 /usr/bin/mkdir -p '/home/ray/workplace/git_download/HiSTB_origin/HiSTBLinux/out/hi3798mv100/hi3798mv100_out/obj/source/component/harfbuzz/release/bin'
make -C /home/ray/workplace/git_download/HiSTB_origin/HiSTBLinux/out/hi3798mv100/hi3798mv100_out/obj/source/boot/fastboot ARCH=arm CROSS_COMPILE=arm-histbv310-linux- LIBSPRODUCT=/home/ray/workplace/git_download/HiSTB_origin/HiSTBLinux/out/hi3798mv100/hi3798mv100_out/obj/source/boot/product/libproduct.a CONFIG_COMPRESS_BOOT= O= CONFIG_MERGE_IMAGE= CHIP_TYPE=hi3798mv100 hi3798mx_config
make[2]: Entering directory '/home/ray/workplace/git_download/HiSTB_origin/HiSTBLinux/source/boot'
make[2]: warning: jobserver unavailable: using -j1.  Add '+' to parent make rule.
make[2]: Leaving directory '/home/ray/workplace/git_download/HiSTB_origin/HiSTBLinux/source/component/subtoutput'
make[5]: Nothing to be done for 'install-data-am'.
make[5]: Leaving directory '/home/ray/workplace/git_download/HiSTB_origin/HiSTBLinux/out/hi3798mv100/hi3798mv100_out/obj/source/component/harfbuzz/harfbuzz-1.4.6/util'
make[4]: Leaving directory '/home/ray/workplace/git_download/HiSTB_origin/HiSTBLinux/out/hi3798mv100/hi3798mv100_out/obj/source/component/harfbuzz/harfbuzz-1.4.6/util'
make[6]: Entering directory '/home/ray/workplace/git_download/HiSTB_origin/HiSTBLinux/out/hi3798mv100/hi3798mv100_out/obj/source/component/alsa/alsa-lib-1.0.28/src/pcm'
make[6]: Nothing to be done for 'all-am'.
make[6]: Leaving directory '/home/ray/workplace/git_download/HiSTB_origin/HiSTBLinux/out/hi3798mv100/hi3798mv100_out/obj/source/component/alsa/alsa-lib-1.0.28/src/pcm'
Making install in test
make[2]: Entering directory '/home/ray/workplace/git_download/HiSTB_origin/HiSTBLinux/source/component/cc'
make[5]: Leaving directory '/home/ray/workplace/git_download/HiSTB_origin/HiSTBLinux/source/msp/api/omx/omx_audio/omx_adec/cookdec/sw'
make[4]: Leaving directory '/home/ray/workplace/git_download/HiSTB_origin/HiSTBLinux/source/msp/api/omx/omx_audio/omx_adec/cookdec'
make[4]: Entering directory '/home/ray/workplace/git_download/HiSTB_origin/HiSTBLinux/out/hi3798mv100/hi3798mv100_out/obj/source/component/harfbuzz/harfbuzz-1.4.6/test'
make[4]: Entering directory '/home/ray/workplace/git_download/HiSTB_origin/HiSTBLinux/source/msp/api/omx/omx_audio/omx_adec/ffmpegdec'
make[5]: Entering directory '/home/ray/workplace/git_download/HiSTB_origin/HiSTBLinux/source/msp/api/omx/omx_audio/omx_adec/ffmpegdec/sw'
Making install in api
make[5]: Leaving directory '/home/ray/workplace/git_download/HiSTB_origin/HiSTBLinux/out/hi3798mv100/hi3798mv100_out/obj/source/component/alsa/alsa-lib-1.0.28/src/pcm'
make[5]: Entering directory '/home/ray/workplace/git_download/HiSTB_origin/HiSTBLinux/out/hi3798mv100/hi3798mv100_out/obj/source/component/harfbuzz/harfbuzz-1.4.6/test/api'
Making all in timer
make[2]: Leaving directory '/home/ray/workplace/git_download/HiSTB_origin/HiSTBLinux/source/component/teletext'
make[6]: Entering directory '/home/ray/workplace/git_download/HiSTB_origin/HiSTBLinux/out/hi3798mv100/hi3798mv100_out/obj/source/component/harfbuzz/harfbuzz-1.4.6/test/api'
make[6]: Nothing to be done for 'install-exec-am'.
make[6]: Nothing to be done for 'install-data-am'.
make[6]: Leaving directory '/home/ray/workplace/git_download/HiSTB_origin/HiSTBLinux/out/hi3798mv100/hi3798mv100_out/obj/source/component/harfbuzz/harfbuzz-1.4.6/test/api'
make[5]: Leaving directory '/home/ray/workplace/git_download/HiSTB_origin/HiSTBLinux/out/hi3798mv100/hi3798mv100_out/obj/source/component/harfbuzz/harfbuzz-1.4.6/test/api'
Making install in shaping
-e [35mBuild mtd-utils ...[00m
make -C mtd-utils PREFIX=/home/ray/workplace/git_download/HiSTB_origin/HiSTBLinux/out/hi3798mv100/hi3798mv100_out/obj/rootfs CROSS_COMPILE=arm-histbv310-linux- CONFIG_LIBCPP_SUPPORT=y CONFIG_ETH_SUPPORT=y CONFIG_ADVCA_TYPE=n
make[5]: Entering directory '/home/ray/workplace/git_download/HiSTB_origin/HiSTBLinux/out/hi3798mv100/hi3798mv100_out/obj/source/component/alsa/alsa-lib-1.0.28/src/timer'
make[5]: Nothing to be done for 'all'.
make[5]: Leaving directory '/home/ray/workplace/git_download/HiSTB_origin/HiSTBLinux/out/hi3798mv100/hi3798mv100_out/obj/source/component/alsa/alsa-lib-1.0.28/src/timer'
make[2]: Entering directory '/home/ray/workplace/git_download/HiSTB_origin/HiSTBLinux/source/rootfs/mtd-utils'
make[2]: Nothing to be done for 'all'.
make[2]: Leaving directory '/home/ray/workplace/git_download/HiSTB_origin/HiSTBLinux/source/rootfs/mtd-utils'
Making all in rawmidi
make[5]: Entering directory '/home/ray/workplace/git_download/HiSTB_origin/HiSTBLinux/out/hi3798mv100/hi3798mv100_out/obj/source/component/harfbuzz/harfbuzz-1.4.6/test/shaping'
make[2]: Entering directory '/home/ray/workplace/git_download/HiSTB_origin/HiSTBLinux/source/component/wifi'
make -C drv all
make[3]: Entering directory '/home/ray/workplace/git_download/HiSTB_origin/HiSTBLinux/source/component/wifi'
make[3]: warning: jobserver unavailable: using -j1.  Add '+' to parent make rule.
make[3]: Nothing to be done for 'all'.
make[3]: Leaving directory '/home/ray/workplace/git_download/HiSTB_origin/HiSTBLinux/source/component/wifi/drv'
make -C tools all
make[6]: Entering directory '/home/ray/workplace/git_download/HiSTB_origin/HiSTBLinux/out/hi3798mv100/hi3798mv100_out/obj/source/component/harfbuzz/harfbuzz-1.4.6/test/shaping'
make[6]: Nothing to be done for 'install-exec-am'.
make[6]: Nothing to be done for 'install-data-am'.
make[6]: Leaving directory '/home/ray/workplace/git_download/HiSTB_origin/HiSTBLinux/out/hi3798mv100/hi3798mv100_out/obj/source/component/harfbuzz/harfbuzz-1.4.6/test/shaping'
make[5]: Leaving directory '/home/ray/workplace/git_download/HiSTB_origin/HiSTBLinux/out/hi3798mv100/hi3798mv100_out/obj/source/component/harfbuzz/harfbuzz-1.4.6/test/shaping'
make[3]: Entering directory '/home/ray/workplace/git_download/HiSTB_origin/HiSTBLinux/source/component/wifi'
Making install in fuzzing
make[3]: warning: jobserver unavailable: using -j1.  Add '+' to parent make rule.
#
# configuration written to .config
#
make -C libnl all
make[4]: Entering directory '/home/ray/workplace/git_download/HiSTB_origin/HiSTBLinux/source/component/wifi/tools/libnl'
make[5]: Entering directory '/home/ray/workplace/git_download/HiSTB_origin/HiSTBLinux/out/hi3798mv100/hi3798mv100_out/obj/source/component/alsa/alsa-lib-1.0.28/src/rawmidi'
make[5]: Nothing to be done for 'all'.
make[5]: Leaving directory '/home/ray/workplace/git_download/HiSTB_origin/HiSTBLinux/out/hi3798mv100/hi3798mv100_out/obj/source/component/alsa/alsa-lib-1.0.28/src/rawmidi'
make[5]: Entering directory '/home/ray/workplace/git_download/HiSTB_origin/HiSTBLinux/out/hi3798mv100/hi3798mv100_out/obj/source/component/harfbuzz/harfbuzz-1.4.6/test/fuzzing'
Making all in hwdep
-e [31mBuild libnl-3.2.22 ...[00m
cd /home/ray/workplace/git_download/HiSTB_origin/HiSTBLinux/out/hi3798mv100/hi3798mv100_out/obj/source/component/wifi/tools/libnl/libnl-3.2.22 && \
./configure --host=arm-histbv310-linux CC=arm-histbv310-linux-gcc AR=arm-histbv310-linux-ar --prefix=/home/ray/workplace/git_download/HiSTB_origin/HiSTBLinux/out/hi3798mv100/hi3798mv100_out/obj/source/component/wifi/tools/libnl/_install && \
make install && \
cd -
make[3]: Leaving directory '/home/ray/workplace/git_download/HiSTB_origin/HiSTBLinux/out/hi3798mv100/hi3798mv100_out/obj/source/kernel/linux-4.4.y'
make[2]: Leaving directory '/home/ray/workplace/git_download/HiSTB_origin/HiSTBLinux/source/kernel/linux-4.4.y'
make pcie_config
make[2]: Entering directory '/home/ray/workplace/git_download/HiSTB_origin/HiSTBLinux/source/kernel'
make[2]: warning: jobserver unavailable: using -j1.  Add '+' to parent make rule.
[DEBUG] kernel MAKE = make
[DEBUG] kernel MAKEFLAGS = w
make[6]: Entering directory '/home/ray/workplace/git_download/HiSTB_origin/HiSTBLinux/out/hi3798mv100/hi3798mv100_out/obj/source/component/harfbuzz/harfbuzz-1.4.6/test/fuzzing'
make[6]: Nothing to be done for 'install-exec-am'.
make[6]: Nothing to be done for 'install-data-am'.
make[6]: Leaving directory '/home/ray/workplace/git_download/HiSTB_origin/HiSTBLinux/out/hi3798mv100/hi3798mv100_out/obj/source/component/harfbuzz/harfbuzz-1.4.6/test/fuzzing'
make[5]: Leaving directory '/home/ray/workplace/git_download/HiSTB_origin/HiSTBLinux/out/hi3798mv100/hi3798mv100_out/obj/source/component/harfbuzz/harfbuzz-1.4.6/test/fuzzing'
make[2]: Nothing to be done for 'pcie_config'.
make[2]: Leaving directory '/home/ray/workplace/git_download/HiSTB_origin/HiSTBLinux/source/kernel'
make[5]: Entering directory '/home/ray/workplace/git_download/HiSTB_origin/HiSTBLinux/out/hi3798mv100/hi3798mv100_out/obj/source/component/alsa/alsa-lib-1.0.28/src/hwdep'
make[5]: Nothing to be done for 'all'.
make[5]: Leaving directory '/home/ray/workplace/git_download/HiSTB_origin/HiSTBLinux/out/hi3798mv100/hi3798mv100_out/obj/source/component/alsa/alsa-lib-1.0.28/src/hwdep'
make[5]: Entering directory '/home/ray/workplace/git_download/HiSTB_origin/HiSTBLinux/out/hi3798mv100/hi3798mv100_out/obj/source/component/harfbuzz/harfbuzz-1.4.6/test'
make[2]: Entering directory '/home/ray/workplace/git_download/HiSTB_origin/HiSTBLinux/source/kernel/linux-4.4.y'
Making all in seq
make[6]: Entering directory '/home/ray/workplace/git_download/HiSTB_origin/HiSTBLinux/out/hi3798mv100/hi3798mv100_out/obj/source/component/harfbuzz/harfbuzz-1.4.6/test'
make[6]: Nothing to be done for 'install-exec-am'.
make[6]: Nothing to be done for 'install-data-am'.
make[6]: Leaving directory '/home/ray/workplace/git_download/HiSTB_origin/HiSTBLinux/out/hi3798mv100/hi3798mv100_out/obj/source/component/harfbuzz/harfbuzz-1.4.6/test'
make[5]: Leaving directory '/home/ray/workplace/git_download/HiSTB_origin/HiSTBLinux/out/hi3798mv100/hi3798mv100_out/obj/source/component/harfbuzz/harfbuzz-1.4.6/test'
make[4]: Leaving directory '/home/ray/workplace/git_download/HiSTB_origin/HiSTBLinux/out/hi3798mv100/hi3798mv100_out/obj/source/component/harfbuzz/harfbuzz-1.4.6/test'
make[3]: Entering directory '/home/ray/workplace/git_download/HiSTB_origin/HiSTBLinux/out/hi3798mv100/hi3798mv100_out/obj/source/kernel/linux-4.4.y'
make[5]: Leaving directory '/home/ray/workplace/git_download/HiSTB_origin/HiSTBLinux/source/msp/api/omx/omx_audio/omx_adec/ffmpegdec/sw'
Making install in docs
make[4]: Leaving directory '/home/ray/workplace/git_download/HiSTB_origin/HiSTBLinux/source/msp/api/omx/omx_audio/omx_adec/ffmpegdec'
make[3]: Leaving directory '/home/ray/workplace/git_download/HiSTB_origin/HiSTBLinux/source/msp/api/omx/omx_audio/omx_adec'
make[3]: Entering directory '/home/ray/workplace/git_download/HiSTB_origin/HiSTBLinux/source/msp/api/omx/omx_audio/omx_aenc'
make[5]: Entering directory '/home/ray/workplace/git_download/HiSTB_origin/HiSTBLinux/out/hi3798mv100/hi3798mv100_out/obj/source/component/alsa/alsa-lib-1.0.28/src/seq'
make[5]: Nothing to be done for 'all'.
make[5]: Leaving directory '/home/ray/workplace/git_download/HiSTB_origin/HiSTBLinux/out/hi3798mv100/hi3798mv100_out/obj/source/component/alsa/alsa-lib-1.0.28/src/seq'
make[4]: Entering directory '/home/ray/workplace/git_download/HiSTB_origin/HiSTBLinux/out/hi3798mv100/hi3798mv100_out/obj/source/component/harfbuzz/harfbuzz-1.4.6/docs'
Making all in ucm
make[4]: Entering directory '/home/ray/workplace/git_download/HiSTB_origin/HiSTBLinux/source/msp/api/omx/omx_audio/omx_aenc/aacenc'
make[5]: Entering directory '/home/ray/workplace/git_download/HiSTB_origin/HiSTBLinux/source/msp/api/omx/omx_audio/omx_aenc/aacenc/sw'
make[5]: Entering directory '/home/ray/workplace/git_download/HiSTB_origin/HiSTBLinux/out/hi3798mv100/hi3798mv100_out/obj/source/component/harfbuzz/harfbuzz-1.4.6/docs'
make[5]: Nothing to be done for 'install-exec-am'.
make[5]: Entering directory '/home/ray/workplace/git_download/HiSTB_origin/HiSTBLinux/out/hi3798mv100/hi3798mv100_out/obj/source/component/alsa/alsa-lib-1.0.28/src/ucm'
make[5]: Nothing to be done for 'all'.
make[5]: Leaving directory '/home/ray/workplace/git_download/HiSTB_origin/HiSTBLinux/out/hi3798mv100/hi3798mv100_out/obj/source/component/alsa/alsa-lib-1.0.28/src/ucm'
Making all in alisp
 /usr/bin/install -c -m 644 ./html/HarfBuzz.png
 /usr/bin/install -c -m 644 ./html/a-clustering-example-for-levels-0-and-1.html
make[5]: Entering directory '/home/ray/workplace/git_download/HiSTB_origin/HiSTBLinux/out/hi3798mv100/hi3798mv100_out/obj/source/component/alsa/alsa-lib-1.0.28/src/alisp'
make[5]: Nothing to be done for 'all'.
make[5]: Leaving directory '/home/ray/workplace/git_download/HiSTB_origin/HiSTBLinux/out/hi3798mv100/hi3798mv100_out/obj/source/component/alsa/alsa-lib-1.0.28/src/alisp'
Making all in conf
 /usr/bin/install -c -m 644 ./html/adding-text-to-the-buffer.html
 /usr/bin/install -c -m 644 ./html/annotation-glossary.html
make[5]: Entering directory '/home/ray/workplace/git_download/HiSTB_origin/HiSTBLinux/out/hi3798mv100/hi3798mv100_out/obj/source/component/alsa/alsa-lib-1.0.28/src/conf'
 /usr/bin/install -c -m 644 ./html/api-index-0-9-10.html
 /usr/bin/install -c -m 644 ./html/api-index-0-9-11.html
Making all in cards
 /usr/bin/install -c -m 644 ./html/api-index-0-9-2.html
make[6]: Entering directory '/home/ray/workplace/git_download/HiSTB_origin/HiSTBLinux/out/hi3798mv100/hi3798mv100_out/obj/source/component/alsa/alsa-lib-1.0.28/src/conf/cards'
make[6]: Nothing to be done for 'all'.
make[6]: Leaving directory '/home/ray/workplace/git_download/HiSTB_origin/HiSTBLinux/out/hi3798mv100/hi3798mv100_out/obj/source/component/alsa/alsa-lib-1.0.28/src/conf/cards'
Making all in pcm
 /usr/bin/install -c -m 644 ./html/api-index-0-9-20.html
 /usr/bin/install -c -m 644 ./html/api-index-0-9-22.html
make[6]: Entering directory '/home/ray/workplace/git_download/HiSTB_origin/HiSTBLinux/out/hi3798mv100/hi3798mv100_out/obj/source/component/alsa/alsa-lib-1.0.28/src/conf/pcm'
make[6]: Nothing to be done for 'all'.
make[6]: Leaving directory '/home/ray/workplace/git_download/HiSTB_origin/HiSTBLinux/out/hi3798mv100/hi3798mv100_out/obj/source/component/alsa/alsa-lib-1.0.28/src/conf/pcm'
Making all in alsa.conf.d
 /usr/bin/install -c -m 644 ./html/api-index-0-9-28.html
make[6]: Entering directory '/home/ray/workplace/git_download/HiSTB_origin/HiSTBLinux/out/hi3798mv100/hi3798mv100_out/obj/source/component/alsa/alsa-lib-1.0.28/src/conf/alsa.conf.d'
make[6]: Nothing to be done for 'all'.
make[6]: Leaving directory '/home/ray/workplace/git_download/HiSTB_origin/HiSTBLinux/out/hi3798mv100/hi3798mv100_out/obj/source/component/alsa/alsa-lib-1.0.28/src/conf/alsa.conf.d'
Making all in ucm
 /usr/bin/install -c -m 644 ./html/api-index-0-9-30.html
make[6]: Entering directory '/home/ray/workplace/git_download/HiSTB_origin/HiSTBLinux/out/hi3798mv100/hi3798mv100_out/obj/source/component/alsa/alsa-lib-1.0.28/src/conf/ucm'
 /usr/bin/install -c -m 644 ./html/api-index-0-9-31.html
make[2]: Leaving directory '/home/ray/workplace/git_download/HiSTB_origin/HiSTBLinux/source/component/cc'
 /usr/bin/install -c -m 644 ./html/api-index-0-9-38.html
make[5]: Leaving directory '/home/ray/workplace/git_download/HiSTB_origin/HiSTBLinux/source/msp/api/omx/omx_audio/omx_aenc/aacenc/sw'
make[4]: Leaving directory '/home/ray/workplace/git_download/HiSTB_origin/HiSTBLinux/source/msp/api/omx/omx_audio/omx_aenc/aacenc'
-e [35mBuild reg-tools-1.0.0 ...[00m
make[3]: Leaving directory '/home/ray/workplace/git_download/HiSTB_origin/HiSTBLinux/source/msp/api/omx/omx_audio/omx_aenc'
make -C reg-tools-1.0.0 PREFIX=/home/ray/workplace/git_download/HiSTB_origin/HiSTBLinux/out/hi3798mv100/hi3798mv100_out/obj/rootfs CROSS_COMPILE=arm-histbv310-linux- CONFIG_LIBCPP_SUPPORT=y CONFIG_ETH_SUPPORT=y CONFIG_ADVCA_TYPE=n
make[2]: Leaving directory '/home/ray/workplace/git_download/HiSTB_origin/HiSTBLinux/source/msp/api/omx/omx_audio'
make[1]: Leaving directory '/home/ray/workplace/git_download/HiSTB_origin/HiSTBLinux/source/msp/api/omx'
make[2]: Entering directory '/home/ray/workplace/git_download/HiSTB_origin/HiSTBLinux/source/rootfs/reg-tools-1.0.0'
 /usr/bin/install -c -m 644 ./html/api-index-0-9-39.html
Making all in DAISY-I2S
-e [35mBuild pppd ...[00m
make -C pppd PREFIX=/home/ray/workplace/git_download/HiSTB_origin/HiSTBLinux/out/hi3798mv100/hi3798mv100_out/obj/rootfs CROSS_COMPILE=arm-histbv310-linux- CONFIG_LIBCPP_SUPPORT=y CONFIG_ETH_SUPPORT=y CONFIG_ADVCA_TYPE=n
 /usr/bin/install -c -m 644 ./html/api-index-0-9-41.html
make[7]: Entering directory '/home/ray/workplace/git_download/HiSTB_origin/HiSTBLinux/out/hi3798mv100/hi3798mv100_out/obj/source/component/alsa/alsa-lib-1.0.28/src/conf/ucm/DAISY-I2S'
make[2]: Entering directory '/home/ray/workplace/git_download/HiSTB_origin/HiSTBLinux/source/rootfs/pppd'
make[2]: Nothing to be done for 'all'.
make[2]: Leaving directory '/home/ray/workplace/git_download/HiSTB_origin/HiSTBLinux/source/rootfs/pppd'
make[7]: Nothing to be done for 'all'.
make[7]: Leaving directory '/home/ray/workplace/git_download/HiSTB_origin/HiSTBLinux/out/hi3798mv100/hi3798mv100_out/obj/source/component/alsa/alsa-lib-1.0.28/src/conf/ucm/DAISY-I2S'
make -C interface all
Making all in PandaBoard
make[3]: Entering directory '/home/ray/workplace/git_download/HiSTB_origin/HiSTBLinux/out/hi3798mv100/hi3798mv100_out/obj/source/rootfs/reg-tools-1.0.0/tmp/reg-tools-1.0.0'
make[3]: warning: -j1 forced in submake: resetting jobserver mode.
make[3]: Entering directory '/home/ray/workplace/git_download/HiSTB_origin/HiSTBLinux/source/component/wifi'
make[3]: warning: jobserver unavailable: using -j1.  Add '+' to parent make rule.
 /usr/bin/install -c -m 644 ./html/api-index-0-9-42.html
arm-histbv310-linux-strip btools
make[7]: Entering directory '/home/ray/workplace/git_download/HiSTB_origin/HiSTBLinux/out/hi3798mv100/hi3798mv100_out/obj/source/component/alsa/alsa-lib-1.0.28/src/conf/ucm/PandaBoard'
make[7]: Nothing to be done for 'all'.
make[7]: Leaving directory '/home/ray/workplace/git_download/HiSTB_origin/HiSTBLinux/out/hi3798mv100/hi3798mv100_out/obj/source/component/alsa/alsa-lib-1.0.28/src/conf/ucm/PandaBoard'
Making all in PandaBoardES
test -d /home/ray/workplace/git_download/HiSTB_origin/HiSTBLinux/out/hi3798mv100/hi3798mv100_out/obj/rootfs/bin/ || mkdir -p /home/ray/workplace/git_download/HiSTB_origin/HiSTBLinux/out/hi3798mv100/hi3798mv100_out/obj/rootfs/bin/
make[4]: Entering directory '/home/ray/workplace/git_download/HiSTB_origin/HiSTBLinux/source/component/wifi/interface/src/ap'
 /usr/bin/install -c -m 644 ./html/api-index-0-9-5.html
cp -rvf btools /home/ray/workplace/git_download/HiSTB_origin/HiSTBLinux/out/hi3798mv100/hi3798mv100_out/obj/rootfs/bin/
make[7]: Entering directory '/home/ray/workplace/git_download/HiSTB_origin/HiSTBLinux/out/hi3798mv100/hi3798mv100_out/obj/source/component/alsa/alsa-lib-1.0.28/src/conf/ucm/PandaBoardES'
make[7]: Nothing to be done for 'all'.
make[7]: Leaving directory '/home/ray/workplace/git_download/HiSTB_origin/HiSTBLinux/out/hi3798mv100/hi3798mv100_out/obj/source/component/alsa/alsa-lib-1.0.28/src/conf/ucm/PandaBoardES'
'btools' -> '/home/ray/workplace/git_download/HiSTB_origin/HiSTBLinux/out/hi3798mv100/hi3798mv100_out/obj/rootfs/bin/btools'
 /usr/bin/install -c -m 644 ./html/api-index-0-9-7.html
Making all in SDP4430
reg tools OK
make[3]: Leaving directory '/home/ray/workplace/git_download/HiSTB_origin/HiSTBLinux/out/hi3798mv100/hi3798mv100_out/obj/source/rootfs/reg-tools-1.0.0/tmp/reg-tools-1.0.0'
 /usr/bin/install -c -m 644 ./html/api-index-0-9-8.html
make[7]: Entering directory '/home/ray/workplace/git_download/HiSTB_origin/HiSTBLinux/out/hi3798mv100/hi3798mv100_out/obj/source/component/alsa/alsa-lib-1.0.28/src/conf/ucm/SDP4430'
make[7]: Nothing to be done for 'all'.
make[7]: Leaving directory '/home/ray/workplace/git_download/HiSTB_origin/HiSTBLinux/out/hi3798mv100/hi3798mv100_out/obj/source/component/alsa/alsa-lib-1.0.28/src/conf/ucm/SDP4430'
Making all in tegraalc5632
 /usr/bin/install -c -m 644 ./html/api-index-1-0-5.html
removed '/home/ray/workplace/git_download/HiSTB_origin/HiSTBLinux/out/hi3798mv100/hi3798mv100_out/obj/rootfs/bin/btools'
'/home/ray/workplace/git_download/HiSTB_origin/HiSTBLinux/out/hi3798mv100/hi3798mv100_out/obj/source/rootfs/reg-tools-1.0.0/tmp/reg-tools-1.0.0/btools' -> '/home/ray/workplace/git_download/HiSTB_origin/HiSTBLinux/out/hi3798mv100/hi3798mv100_out/obj/rootfs/bin/btools'
make[7]: Entering directory '/home/ray/workplace/git_download/HiSTB_origin/HiSTBLinux/out/hi3798mv100/hi3798mv100_out/obj/source/component/alsa/alsa-lib-1.0.28/src/conf/ucm/tegraalc5632'
make[7]: Nothing to be done for 'all'.
make[7]: Leaving directory '/home/ray/workplace/git_download/HiSTB_origin/HiSTBLinux/out/hi3798mv100/hi3798mv100_out/obj/source/component/alsa/alsa-lib-1.0.28/src/conf/ucm/tegraalc5632'
 /usr/bin/install -c -m 644 ./html/api-index-1-1-2.html
make[7]: Entering directory '/home/ray/workplace/git_download/HiSTB_origin/HiSTBLinux/out/hi3798mv100/hi3798mv100_out/obj/source/component/alsa/alsa-lib-1.0.28/src/conf/ucm'
make[7]: Nothing to be done for 'all-am'.
make[7]: Leaving directory '/home/ray/workplace/git_download/HiSTB_origin/HiSTBLinux/out/hi3798mv100/hi3798mv100_out/obj/source/component/alsa/alsa-lib-1.0.28/src/conf/ucm'
 /usr/bin/install -c -m 644 ./html/api-index-1-1-3.html
make[6]: Leaving directory '/home/ray/workplace/git_download/HiSTB_origin/HiSTBLinux/out/hi3798mv100/hi3798mv100_out/obj/source/component/alsa/alsa-lib-1.0.28/src/conf/ucm'
 /usr/bin/install -c -m 644 ./html/api-index-1-2-3.html
make[6]: Entering directory '/home/ray/workplace/git_download/HiSTB_origin/HiSTBLinux/out/hi3798mv100/hi3798mv100_out/obj/source/component/alsa/alsa-lib-1.0.28/src/conf'
make[6]: Nothing to be done for 'all-am'.
make[6]: Leaving directory '/home/ray/workplace/git_download/HiSTB_origin/HiSTBLinux/out/hi3798mv100/hi3798mv100_out/obj/source/component/alsa/alsa-lib-1.0.28/src/conf'
make[5]: Leaving directory '/home/ray/workplace/git_download/HiSTB_origin/HiSTBLinux/out/hi3798mv100/hi3798mv100_out/obj/source/component/alsa/alsa-lib-1.0.28/src/conf'
 /usr/bin/install -c -m 644 ./html/api-index-1-3-3.html
 /usr/bin/install -c -m 644 ./html/api-index-full.html
 /usr/bin/install -c -m 644 ./html/buffers-language-script-and-direction.html
make[2]: Leaving directory '/home/ray/workplace/git_download/HiSTB_origin/HiSTBLinux/source/rootfs/reg-tools-1.0.0'
 /usr/bin/install -c -m 644 ./html/building.html
make[2]: Entering directory '/home/ray/workplace/git_download/HiSTB_origin/HiSTBLinux/source/component/ntfs'
 /usr/bin/install -c -m 644 ./html/ch08.html
make[5]: Entering directory '/home/ray/workplace/git_download/HiSTB_origin/HiSTBLinux/out/hi3798mv100/hi3798mv100_out/obj/source/component/alsa/alsa-lib-1.0.28/src'
make[5]: Nothing to be done for 'all-am'.
make[5]: Leaving directory '/home/ray/workplace/git_download/HiSTB_origin/HiSTBLinux/out/hi3798mv100/hi3798mv100_out/obj/source/component/alsa/alsa-lib-1.0.28/src'
make[4]: Leaving directory '/home/ray/workplace/git_download/HiSTB_origin/HiSTBLinux/out/hi3798mv100/hi3798mv100_out/obj/source/component/alsa/alsa-lib-1.0.28/src'
Making all in modules
 /usr/bin/install -c -m 644 ./html/clusters.html
 /usr/bin/install -c -m 644 ./html/customizing-unicode-functions.html
make[4]: Entering directory '/home/ray/workplace/git_download/HiSTB_origin/HiSTBLinux/out/hi3798mv100/hi3798mv100_out/obj/source/component/alsa/alsa-lib-1.0.28/modules'
 /usr/bin/install -c -m 644 ./html/deprecated-api-index.html
 /usr/bin/install -c -m 644 ./html/fonts-and-faces.html
Making all in mixer
 /usr/bin/install -c -m 644 ./html/harfbuzz-Buffers.html
make[5]: Entering directory '/home/ray/workplace/git_download/HiSTB_origin/HiSTBLinux/out/hi3798mv100/hi3798mv100_out/obj/source/component/alsa/alsa-lib-1.0.28/modules/mixer'
make[2]: Leaving directory '/home/ray/workplace/git_download/HiSTB_origin/HiSTBLinux/source/component/ntfs'
 /usr/bin/install -c -m 644 ./html/harfbuzz-Shaping.html
-e [35mBuild msp_debug ...[00m
make[4]: Leaving directory '/home/ray/workplace/git_download/HiSTB_origin/HiSTBLinux/source/component/wifi/interface/src/ap'
make -C msp_debug PREFIX=/home/ray/workplace/git_download/HiSTB_origin/HiSTBLinux/out/hi3798mv100/hi3798mv100_out/obj/rootfs CROSS_COMPILE=arm-histbv310-linux- CONFIG_LIBCPP_SUPPORT=y CONFIG_ETH_SUPPORT=y CONFIG_ADVCA_TYPE=n
configure: WARNING: if you wanted to set the --build type, don't use --host.
    If a cross compiler is detected then cross compile mode will be used
make[4]: Entering directory '/home/ray/workplace/git_download/HiSTB_origin/HiSTBLinux/source/component/wifi/interface/src/sta'
 /usr/bin/install -c -m 644 ./html/harfbuzz-hb-blob.html
make[2]: Entering directory '/home/ray/workplace/git_download/HiSTB_origin/HiSTBLinux/source/rootfs/msp_debug'
 /usr/bin/install -c -m 644 ./html/harfbuzz-hb-common.html
Making all in simple
make[2]: Leaving directory '/home/ray/workplace/git_download/HiSTB_origin/HiSTBLinux/source/rootfs/msp_debug'
 /usr/bin/install -c -m 644 ./html/harfbuzz-hb-coretext.html
make[2]: Entering directory '/home/ray/workplace/git_download/HiSTB_origin/HiSTBLinux/source/component/vp'
 /usr/bin/install -c -m 644 ./html/harfbuzz-hb-deprecated.html
make[3]: Entering directory '/home/ray/workplace/git_download/HiSTB_origin/HiSTBLinux/source/component/vp'
make[3]: warning: jobserver unavailable: using -j1.  Add '+' to parent make rule.
 /usr/bin/install -c -m 644 ./html/harfbuzz-hb-face.html
make[6]: Entering directory '/home/ray/workplace/git_download/HiSTB_origin/HiSTBLinux/out/hi3798mv100/hi3798mv100_out/obj/source/component/alsa/alsa-lib-1.0.28/modules/mixer/simple'
make[6]: Nothing to be done for 'all'.
make[6]: Leaving directory '/home/ray/workplace/git_download/HiSTB_origin/HiSTBLinux/out/hi3798mv100/hi3798mv100_out/obj/source/component/alsa/alsa-lib-1.0.28/modules/mixer/simple'
 /usr/bin/install -c -m 644 ./html/harfbuzz-hb-font.html
make[6]: Entering directory '/home/ray/workplace/git_download/HiSTB_origin/HiSTBLinux/out/hi3798mv100/hi3798mv100_out/obj/source/component/alsa/alsa-lib-1.0.28/modules/mixer'
make[6]: Nothing to be done for 'all-am'.
make[6]: Leaving directory '/home/ray/workplace/git_download/HiSTB_origin/HiSTBLinux/out/hi3798mv100/hi3798mv100_out/obj/source/component/alsa/alsa-lib-1.0.28/modules/mixer'
make[5]: Leaving directory '/home/ray/workplace/git_download/HiSTB_origin/HiSTBLinux/out/hi3798mv100/hi3798mv100_out/obj/source/component/alsa/alsa-lib-1.0.28/modules/mixer'
 /usr/bin/install -c -m 644 ./html/harfbuzz-hb-ft.html
make[5]: Entering directory '/home/ray/workplace/git_download/HiSTB_origin/HiSTBLinux/out/hi3798mv100/hi3798mv100_out/obj/source/component/alsa/alsa-lib-1.0.28/modules'
make[5]: Nothing to be done for 'all-am'.
make[5]: Leaving directory '/home/ray/workplace/git_download/HiSTB_origin/HiSTBLinux/out/hi3798mv100/hi3798mv100_out/obj/source/component/alsa/alsa-lib-1.0.28/modules'
 /usr/bin/install -c -m 644 ./html/harfbuzz-hb-glib.html
make[4]: Leaving directory '/home/ray/workplace/git_download/HiSTB_origin/HiSTBLinux/out/hi3798mv100/hi3798mv100_out/obj/source/component/alsa/alsa-lib-1.0.28/modules'
Making all in aserver
 /usr/bin/install -c -m 644 ./html/harfbuzz-hb-gobject.html
 /usr/bin/install -c -m 644 ./html/harfbuzz-hb-graphite2.html
 /usr/bin/install -c -m 644 ./html/harfbuzz-hb-icu.html
make[4]: Entering directory '/home/ray/workplace/git_download/HiSTB_origin/HiSTBLinux/out/hi3798mv100/hi3798mv100_out/obj/source/component/alsa/alsa-lib-1.0.28/aserver'
make[4]: Nothing to be done for 'all'.
make[4]: Leaving directory '/home/ray/workplace/git_download/HiSTB_origin/HiSTBLinux/out/hi3798mv100/hi3798mv100_out/obj/source/component/alsa/alsa-lib-1.0.28/aserver'
 /usr/bin/install -c -m 644 ./html/harfbuzz-hb-ot-font.html
Making all in alsalisp
 /usr/bin/install -c -m 644 ./html/harfbuzz-hb-ot-layout.html
 /usr/bin/install -c -m 644 ./html/harfbuzz-hb-ot-math.html
make[4]: Entering directory '/home/ray/workplace/git_download/HiSTB_origin/HiSTBLinux/out/hi3798mv100/hi3798mv100_out/obj/source/component/alsa/alsa-lib-1.0.28/alsalisp'
make[4]: Nothing to be done for 'all'.
make[4]: Leaving directory '/home/ray/workplace/git_download/HiSTB_origin/HiSTBLinux/out/hi3798mv100/hi3798mv100_out/obj/source/component/alsa/alsa-lib-1.0.28/alsalisp'
Making all in test
 /usr/bin/install -c -m 644 ./html/harfbuzz-hb-ot-shape.html
make[4]: Entering directory '/home/ray/workplace/git_download/HiSTB_origin/HiSTBLinux/out/hi3798mv100/hi3798mv100_out/obj/source/component/alsa/alsa-lib-1.0.28/test'
 /usr/bin/install -c -m 644 ./html/harfbuzz-hb-ot-tag.html
 /usr/bin/install -c -m 644 ./html/harfbuzz-hb-ot.html
 /usr/bin/install -c -m 644 ./html/harfbuzz-hb-set.html
Making all in .
 /usr/bin/install -c -m 644 ./html/harfbuzz-hb-shape-plan.html
make[4]: Leaving directory '/home/ray/workplace/git_download/HiSTB_origin/HiSTBLinux/source/component/wifi/interface/src/sta'
make[3]: Leaving directory '/home/ray/workplace/git_download/HiSTB_origin/HiSTBLinux/source/component/wifi/interface'
make[5]: Entering directory '/home/ray/workplace/git_download/HiSTB_origin/HiSTBLinux/out/hi3798mv100/hi3798mv100_out/obj/source/component/alsa/alsa-lib-1.0.28/test'
make[5]: Nothing to be done for 'all-am'.
make[5]: Leaving directory '/home/ray/workplace/git_download/HiSTB_origin/HiSTBLinux/out/hi3798mv100/hi3798mv100_out/obj/source/component/alsa/alsa-lib-1.0.28/test'
-e [35mBuild pq_debug ...[00m
make -C pq_debug PREFIX=/home/ray/workplace/git_download/HiSTB_origin/HiSTBLinux/out/hi3798mv100/hi3798mv100_out/obj/rootfs CROSS_COMPILE=arm-histbv310-linux- CONFIG_LIBCPP_SUPPORT=y CONFIG_ETH_SUPPORT=y CONFIG_ADVCA_TYPE=n
Making all in lsb
 /usr/bin/install -c -m 644 ./html/harfbuzz-hb-unicode.html
make[5]: Entering directory '/home/ray/workplace/git_download/HiSTB_origin/HiSTBLinux/out/hi3798mv100/hi3798mv100_out/obj/source/component/alsa/alsa-lib-1.0.28/test/lsb'
make[5]: Nothing to be done for 'all'.
make[5]: Leaving directory '/home/ray/workplace/git_download/HiSTB_origin/HiSTBLinux/out/hi3798mv100/hi3798mv100_out/obj/source/component/alsa/alsa-lib-1.0.28/test/lsb'
 /usr/bin/install -c -m 644 ./html/harfbuzz-hb-uniscribe.html
make[2]: Entering directory '/home/ray/workplace/git_download/HiSTB_origin/HiSTBLinux/source/rootfs/pq_debug'
make[4]: Leaving directory '/home/ray/workplace/git_download/HiSTB_origin/HiSTBLinux/out/hi3798mv100/hi3798mv100_out/obj/source/component/alsa/alsa-lib-1.0.28/test'
Making all in utils
 /usr/bin/install -c -m 644 ./html/harfbuzz-hb-version.html
make[3]: Leaving directory '/home/ray/workplace/git_download/HiSTB_origin/HiSTBLinux/source/component/vp/src'
make[3]: Entering directory '/home/ray/workplace/git_download/HiSTB_origin/HiSTBLinux/source/component/vp'
make[3]: warning: jobserver unavailable: using -j1.  Add '+' to parent make rule.
make[4]: Entering directory '/home/ray/workplace/git_download/HiSTB_origin/HiSTBLinux/out/hi3798mv100/hi3798mv100_out/obj/source/component/alsa/alsa-lib-1.0.28/utils'
make[4]: Nothing to be done for 'all'.
make[4]: Leaving directory '/home/ray/workplace/git_download/HiSTB_origin/HiSTBLinux/out/hi3798mv100/hi3798mv100_out/obj/source/component/alsa/alsa-lib-1.0.28/utils'
 /usr/bin/install -c -m 644 ./html/harfbuzz-hb.html
make[2]: Leaving directory '/home/ray/workplace/git_download/HiSTB_origin/HiSTBLinux/source/rootfs/pq_debug'
make[4]: Entering directory '/home/ray/workplace/git_download/HiSTB_origin/HiSTBLinux/out/hi3798mv100/hi3798mv100_out/obj/source/component/alsa/alsa-lib-1.0.28'
make[4]: Nothing to be done for 'all-am'.
make[4]: Leaving directory '/home/ray/workplace/git_download/HiSTB_origin/HiSTBLinux/out/hi3798mv100/hi3798mv100_out/obj/source/component/alsa/alsa-lib-1.0.28'
 /usr/bin/install -c -m 644 ./html/harfbuzz.devhelp2
make[2]: Entering directory '/home/ray/workplace/git_download/HiSTB_origin/HiSTBLinux/source/component/exfat'
make[3]: Leaving directory '/home/ray/workplace/git_download/HiSTB_origin/HiSTBLinux/out/hi3798mv100/hi3798mv100_out/obj/source/component/alsa/alsa-lib-1.0.28'
make[3]: Entering directory '/home/ray/workplace/git_download/HiSTB_origin/HiSTBLinux/out/hi3798mv100/hi3798mv100_out/obj/source/component/alsa/alsa-lib-1.0.28'
make[3]: warning: jobserver unavailable: using -j1.  Add '+' to parent make rule.
if test -z 'arm-histbv310-linux-strip'; then \
  make  INSTALL_PROGRAM="/bin/bash /home/ray/workplace/git_download/HiSTB_origin/HiSTBLinux/out/hi3798mv100/hi3798mv100_out/obj/source/component/alsa/alsa-lib-1.0.28/install-sh -c -s" \
    install_sh_PROGRAM="/bin/bash /home/ray/workplace/git_download/HiSTB_origin/HiSTBLinux/out/hi3798mv100/hi3798mv100_out/obj/source/component/alsa/alsa-lib-1.0.28/install-sh -c -s" INSTALL_STRIP_FLAG=-s \
      install; \
else \
  make  INSTALL_PROGRAM="/bin/bash /home/ray/workplace/git_download/HiSTB_origin/HiSTBLinux/out/hi3798mv100/hi3798mv100_out/obj/source/component/alsa/alsa-lib-1.0.28/install-sh -c -s" \
    install_sh_PROGRAM="/bin/bash /home/ray/workplace/git_download/HiSTB_origin/HiSTBLinux/out/hi3798mv100/hi3798mv100_out/obj/source/component/alsa/alsa-lib-1.0.28/install-sh -c -s" INSTALL_STRIP_FLAG=-s \
    "INSTALL_PROGRAM_ENV=STRIPPROG='arm-histbv310-linux-strip'" install; \
fi
 /usr/bin/install -c -m 644 ./html/hello-harfbuzz.html
 /usr/bin/install -c -m 644 ./html/home.png
checking for a BSD-compatible install...   GEN     ./Makefile
make[4]: Entering directory '/home/ray/workplace/git_download/HiSTB_origin/HiSTBLinux/out/hi3798mv100/hi3798mv100_out/obj/source/component/alsa/alsa-lib-1.0.28'
 /usr/bin/install -c -m 644 ./html/index.html
 /usr/bin/install -c -m 644 ./html/install-harfbuzz.html
 /usr/bin/install -c -m 644 ./html/left-insensitive.png
Making install in doc
 /usr/bin/install -c -m 644 ./html/left.png
make[5]: Entering directory '/home/ray/workplace/git_download/HiSTB_origin/HiSTBLinux/out/hi3798mv100/hi3798mv100_out/obj/source/component/alsa/alsa-lib-1.0.28/doc'
make[2]: Leaving directory '/home/ray/workplace/git_download/HiSTB_origin/HiSTBLinux/source/component/exfat'
 /usr/bin/install -c -m 644 ./html/level-2.html
Generating include/autoconf.mk
/usr/bin/install -c
checking whether build environment is sane...  /usr/bin/install -c -m 644 ./html/object-tree.html
make[2]: Entering directory '/home/ray/workplace/git_download/HiSTB_origin/HiSTBLinux/source/component/openssl'
 /usr/bin/install -c -m 644 ./html/plans-and-caching.html
make[3]: Entering directory '/home/ray/workplace/git_download/HiSTB_origin/HiSTBLinux/out/hi3798mv100/hi3798mv100_out/obj/source/component/openssl/openssl-1.0.2l'
make[3]: warning: -j1 forced in submake: resetting jobserver mode.
Making install in pictures
 /usr/bin/install -c -m 644 ./html/pt01.html
make[6]: Entering directory '/home/ray/workplace/git_download/HiSTB_origin/HiSTBLinux/out/hi3798mv100/hi3798mv100_out/obj/source/component/alsa/alsa-lib-1.0.28/doc/pictures'
making all in crypto...
 /usr/bin/install -c -m 644 ./html/pt02.html
make[7]: Entering directory '/home/ray/workplace/git_download/HiSTB_origin/HiSTBLinux/out/hi3798mv100/hi3798mv100_out/obj/source/component/alsa/alsa-lib-1.0.28/doc/pictures'
make[7]: Nothing to be done for 'install-exec-am'.
make[7]: Nothing to be done for 'install-data-am'.
make[7]: Leaving directory '/home/ray/workplace/git_download/HiSTB_origin/HiSTBLinux/out/hi3798mv100/hi3798mv100_out/obj/source/component/alsa/alsa-lib-1.0.28/doc/pictures'
make[4]: Entering directory '/home/ray/workplace/git_download/HiSTB_origin/HiSTBLinux/out/hi3798mv100/hi3798mv100_out/obj/source/component/openssl/openssl-1.0.2l/crypto'
 /usr/bin/install -c -m 644 ./html/reordering-in-levels-0-and-1.html
make[6]: Leaving directory '/home/ray/workplace/git_download/HiSTB_origin/HiSTBLinux/out/hi3798mv100/hi3798mv100_out/obj/source/component/alsa/alsa-lib-1.0.28/doc/pictures'
making all in crypto/objects...
 /usr/bin/install -c -m 644 ./html/right-insensitive.png
make[6]: Entering directory '/home/ray/workplace/git_download/HiSTB_origin/HiSTBLinux/out/hi3798mv100/hi3798mv100_out/obj/source/component/alsa/alsa-lib-1.0.28/doc'
make[5]: Entering directory '/home/ray/workplace/git_download/HiSTB_origin/HiSTBLinux/out/hi3798mv100/hi3798mv100_out/obj/source/component/openssl/openssl-1.0.2l/crypto/objects'
make[5]: Nothing to be done for 'all'.
make[5]: Leaving directory '/home/ray/workplace/git_download/HiSTB_origin/HiSTBLinux/out/hi3798mv100/hi3798mv100_out/obj/source/component/openssl/openssl-1.0.2l/crypto/objects'
making all in crypto/md4...
 /usr/bin/install -c -m 644 ./html/right.png
make[5]: Entering directory '/home/ray/workplace/git_download/HiSTB_origin/HiSTBLinux/out/hi3798mv100/hi3798mv100_out/obj/source/component/openssl/openssl-1.0.2l/crypto/md4'
make[5]: Nothing to be done for 'all'.
make[5]: Leaving directory '/home/ray/workplace/git_download/HiSTB_origin/HiSTBLinux/out/hi3798mv100/hi3798mv100_out/obj/source/component/openssl/openssl-1.0.2l/crypto/md4'
making all in crypto/md5...
 /usr/bin/install -c -m 644 ./html/setting-buffer-properties.html
make[7]: Entering directory '/home/ray/workplace/git_download/HiSTB_origin/HiSTBLinux/out/hi3798mv100/hi3798mv100_out/obj/source/component/alsa/alsa-lib-1.0.28/doc'
make[7]: Nothing to be done for 'install-exec-am'.
make[7]: Nothing to be done for 'install-data-am'.
make[7]: Leaving directory '/home/ray/workplace/git_download/HiSTB_origin/HiSTBLinux/out/hi3798mv100/hi3798mv100_out/obj/source/component/alsa/alsa-lib-1.0.28/doc'
make[6]: Leaving directory '/home/ray/workplace/git_download/HiSTB_origin/HiSTBLinux/out/hi3798mv100/hi3798mv100_out/obj/source/component/alsa/alsa-lib-1.0.28/doc'
make[5]: Leaving directory '/home/ray/workplace/git_download/HiSTB_origin/HiSTBLinux/out/hi3798mv100/hi3798mv100_out/obj/source/component/alsa/alsa-lib-1.0.28/doc'
make[5]: Entering directory '/home/ray/workplace/git_download/HiSTB_origin/HiSTBLinux/out/hi3798mv100/hi3798mv100_out/obj/source/component/openssl/openssl-1.0.2l/crypto/md5'
make[5]: Nothing to be done for 'all'.
make[5]: Leaving directory '/home/ray/workplace/git_download/HiSTB_origin/HiSTBLinux/out/hi3798mv100/hi3798mv100_out/obj/source/component/openssl/openssl-1.0.2l/crypto/md5'
Making install in include
making all in crypto/sha...
 /usr/bin/install -c -m 644 ./html/shaping-and-shape-plans.html
make[5]: Entering directory '/home/ray/workplace/git_download/HiSTB_origin/HiSTBLinux/out/hi3798mv100/hi3798mv100_out/obj/source/component/alsa/alsa-lib-1.0.28/include'
make[5]: Entering directory '/home/ray/workplace/git_download/HiSTB_origin/HiSTBLinux/out/hi3798mv100/hi3798mv100_out/obj/source/component/openssl/openssl-1.0.2l/crypto/sha'
make[5]: Nothing to be done for 'all'.
make[5]: Leaving directory '/home/ray/workplace/git_download/HiSTB_origin/HiSTBLinux/out/hi3798mv100/hi3798mv100_out/obj/source/component/openssl/openssl-1.0.2l/crypto/sha'
 /usr/bin/install -c -m 644 ./html/style.css
making all in crypto/mdc2...
make[3]: Leaving directory '/home/ray/workplace/git_download/HiSTB_origin/HiSTBLinux/source/component/vp/rtp'
make[2]: Leaving directory '/home/ray/workplace/git_download/HiSTB_origin/HiSTBLinux/source/component/vp'
 /usr/bin/install -c -m 644 ./html/the-distinction-between-levels-0-and-1.html
make[5]: Entering directory '/home/ray/workplace/git_download/HiSTB_origin/HiSTBLinux/out/hi3798mv100/hi3798mv100_out/obj/source/component/openssl/openssl-1.0.2l/crypto/mdc2'
make[5]: Nothing to be done for 'all'.
make[5]: Leaving directory '/home/ray/workplace/git_download/HiSTB_origin/HiSTBLinux/out/hi3798mv100/hi3798mv100_out/obj/source/component/openssl/openssl-1.0.2l/crypto/mdc2'
making all in crypto/hmac...
make[2]: Entering directory '/home/ray/workplace/git_download/HiSTB_origin/HiSTBLinux/source/component/drmengine'
 /usr/bin/install -c -m 644 ./html/up-insensitive.png
make[5]: Entering directory '/home/ray/workplace/git_download/HiSTB_origin/HiSTBLinux/out/hi3798mv100/hi3798mv100_out/obj/source/component/openssl/openssl-1.0.2l/crypto/hmac'
make[5]: Nothing to be done for 'all'.
make[5]: Leaving directory '/home/ray/workplace/git_download/HiSTB_origin/HiSTBLinux/out/hi3798mv100/hi3798mv100_out/obj/source/component/openssl/openssl-1.0.2l/crypto/hmac'
making all in crypto/ripemd...
Making install in sound
 /usr/bin/install -c -m 644 ./html/up.png
make[5]: Entering directory '/home/ray/workplace/git_download/HiSTB_origin/HiSTBLinux/out/hi3798mv100/hi3798mv100_out/obj/source/component/openssl/openssl-1.0.2l/crypto/ripemd'
make[5]: Nothing to be done for 'all'.
make[5]: Leaving directory '/home/ray/workplace/git_download/HiSTB_origin/HiSTBLinux/out/hi3798mv100/hi3798mv100_out/obj/source/component/openssl/openssl-1.0.2l/crypto/ripemd'
making all in crypto/whrlpool...
make[6]: Entering directory '/home/ray/workplace/git_download/HiSTB_origin/HiSTBLinux/out/hi3798mv100/hi3798mv100_out/obj/source/component/alsa/alsa-lib-1.0.28/include/sound'
 /usr/bin/install -c -m 644 ./html/using-harfbuzzs-native-opentype-implementation.html
make[5]: Entering directory '/home/ray/workplace/git_download/HiSTB_origin/HiSTBLinux/out/hi3798mv100/hi3798mv100_out/obj/source/component/openssl/openssl-1.0.2l/crypto/whrlpool'
make[5]: Nothing to be done for 'all'.
make[5]: Leaving directory '/home/ray/workplace/git_download/HiSTB_origin/HiSTBLinux/out/hi3798mv100/hi3798mv100_out/obj/source/component/openssl/openssl-1.0.2l/crypto/whrlpool'
making all in crypto/des...
 /usr/bin/install -c -m 644 ./html/using-your-own-font-functions.html
make[5]: Entering directory '/home/ray/workplace/git_download/HiSTB_origin/HiSTBLinux/out/hi3798mv100/hi3798mv100_out/obj/source/component/openssl/openssl-1.0.2l/crypto/des'
make[5]: Nothing to be done for 'all'.
make[5]: Leaving directory '/home/ray/workplace/git_download/HiSTB_origin/HiSTBLinux/out/hi3798mv100/hi3798mv100_out/obj/source/component/openssl/openssl-1.0.2l/crypto/des'
make[7]: Entering directory '/home/ray/workplace/git_download/HiSTB_origin/HiSTBLinux/out/hi3798mv100/hi3798mv100_out/obj/source/component/alsa/alsa-lib-1.0.28/include/sound'
make[7]: Nothing to be done for 'install-exec-am'.
making all in crypto/aes...
 /usr/bin/install -c -m 644 ./html/what-about-the-other-scripts.html
 /usr/bin/mkdir -p '/home/ray/workplace/git_download/HiSTB_origin/HiSTBLinux/out/hi3798mv100/hi3798mv100_out/obj/source/component/alsa/root/usr/include/alsa/sound'
make[5]: Entering directory '/home/ray/workplace/git_download/HiSTB_origin/HiSTBLinux/out/hi3798mv100/hi3798mv100_out/obj/source/component/openssl/openssl-1.0.2l/crypto/aes'
make[5]: Nothing to be done for 'all'.
make[5]: Leaving directory '/home/ray/workplace/git_download/HiSTB_origin/HiSTBLinux/out/hi3798mv100/hi3798mv100_out/obj/source/component/openssl/openssl-1.0.2l/crypto/aes'
making all in crypto/rc2...
 /usr/bin/install -c -m 644 ./html/what-is-harfbuzz.html
make[5]: Entering directory '/home/ray/workplace/git_download/HiSTB_origin/HiSTBLinux/out/hi3798mv100/hi3798mv100_out/obj/source/component/openssl/openssl-1.0.2l/crypto/rc2'
make[5]: Nothing to be done for 'all'.
make[5]: Leaving directory '/home/ray/workplace/git_download/HiSTB_origin/HiSTBLinux/out/hi3798mv100/hi3798mv100_out/obj/source/component/openssl/openssl-1.0.2l/crypto/rc2'
 /usr/bin/install -c -m 644 ./html/why-is-it-called-harfbuzz.html
making all in crypto/rc4...
 /usr/bin/install -c -m 644 asound_fm.h hdsp.h hdspm.h sb16_csp.h sscape_ioctl.h emu10k1.h type_compat.h '/home/ray/workplace/git_download/HiSTB_origin/HiSTBLinux/out/hi3798mv100/hi3798mv100_out/obj/source/component/alsa/root/usr/include/alsa/sound'
make[2]: Leaving directory '/home/ray/workplace/git_download/HiSTB_origin/HiSTBLinux/source/component/drmengine'
make[5]: Entering directory '/home/ray/workplace/git_download/HiSTB_origin/HiSTBLinux/out/hi3798mv100/hi3798mv100_out/obj/source/component/openssl/openssl-1.0.2l/crypto/rc4'
make[5]: Nothing to be done for 'all'.
make[5]: Leaving directory '/home/ray/workplace/git_download/HiSTB_origin/HiSTBLinux/out/hi3798mv100/hi3798mv100_out/obj/source/component/openssl/openssl-1.0.2l/crypto/rc4'
making all in crypto/idea...
make[5]: Leaving directory '/home/ray/workplace/git_download/HiSTB_origin/HiSTBLinux/out/hi3798mv100/hi3798mv100_out/obj/source/component/harfbuzz/harfbuzz-1.4.6/docs'
make[4]: Leaving directory '/home/ray/workplace/git_download/HiSTB_origin/HiSTBLinux/out/hi3798mv100/hi3798mv100_out/obj/source/component/harfbuzz/harfbuzz-1.4.6/docs'
Making install in win32
make[5]: Entering directory '/home/ray/workplace/git_download/HiSTB_origin/HiSTBLinux/out/hi3798mv100/hi3798mv100_out/obj/source/component/openssl/openssl-1.0.2l/crypto/idea'
make[5]: Nothing to be done for 'all'.
make[5]: Leaving directory '/home/ray/workplace/git_download/HiSTB_origin/HiSTBLinux/out/hi3798mv100/hi3798mv100_out/obj/source/component/openssl/openssl-1.0.2l/crypto/idea'
make[7]: Leaving directory '/home/ray/workplace/git_download/HiSTB_origin/HiSTBLinux/out/hi3798mv100/hi3798mv100_out/obj/source/component/alsa/alsa-lib-1.0.28/include/sound'
making all in crypto/bf...
make[6]: Leaving directory '/home/ray/workplace/git_download/HiSTB_origin/HiSTBLinux/out/hi3798mv100/hi3798mv100_out/obj/source/component/alsa/alsa-lib-1.0.28/include/sound'
make[4]: Entering directory '/home/ray/workplace/git_download/HiSTB_origin/HiSTBLinux/out/hi3798mv100/hi3798mv100_out/obj/source/component/harfbuzz/harfbuzz-1.4.6/win32'
make[5]: Entering directory '/home/ray/workplace/git_download/HiSTB_origin/HiSTBLinux/out/hi3798mv100/hi3798mv100_out/obj/source/component/openssl/openssl-1.0.2l/crypto/bf'
make[5]: Nothing to be done for 'all'.
make[5]: Leaving directory '/home/ray/workplace/git_download/HiSTB_origin/HiSTBLinux/out/hi3798mv100/hi3798mv100_out/obj/source/component/openssl/openssl-1.0.2l/crypto/bf'
'/home/ray/workplace/git_download/HiSTB_origin/HiSTBLinux/source/boot/sysreg/hi3798mv100/hi3798mdmo1f_hi3798mv100_ddr3_1gbyte_16bitx2_2layers_emmc.reg' -> '/home/ray/workplace/git_download/HiSTB_origin/HiSTBLinux/out/hi3798mv100/hi3798mv100_out/obj/source/boot/fastboot/hi3798mdmo1f_hi3798mv100_ddr3_1gbyte_16bitx2_2layers_emmc.reg'
making all in crypto/cast...
make[6]: Entering directory '/home/ray/workplace/git_download/HiSTB_origin/HiSTBLinux/out/hi3798mv100/hi3798mv100_out/obj/source/component/alsa/alsa-lib-1.0.28/include'
make[5]: Entering directory '/home/ray/workplace/git_download/HiSTB_origin/HiSTBLinux/out/hi3798mv100/hi3798mv100_out/obj/source/component/openssl/openssl-1.0.2l/crypto/cast'
make[5]: Nothing to be done for 'all'.
make[5]: Leaving directory '/home/ray/workplace/git_download/HiSTB_origin/HiSTBLinux/out/hi3798mv100/hi3798mv100_out/obj/source/component/openssl/openssl-1.0.2l/crypto/cast'
making all in crypto/camellia...
make[5]: Entering directory '/home/ray/workplace/git_download/HiSTB_origin/HiSTBLinux/out/hi3798mv100/hi3798mv100_out/obj/source/component/harfbuzz/harfbuzz-1.4.6/win32'
make[5]: Nothing to be done for 'install-exec-am'.
make[5]: Nothing to be done for 'install-data-am'.
make[5]: Leaving directory '/home/ray/workplace/git_download/HiSTB_origin/HiSTBLinux/out/hi3798mv100/hi3798mv100_out/obj/source/component/harfbuzz/harfbuzz-1.4.6/win32'
make[4]: Leaving directory '/home/ray/workplace/git_download/HiSTB_origin/HiSTBLinux/out/hi3798mv100/hi3798mv100_out/obj/source/component/harfbuzz/harfbuzz-1.4.6/win32'
make[5]: Entering directory '/home/ray/workplace/git_download/HiSTB_origin/HiSTBLinux/out/hi3798mv100/hi3798mv100_out/obj/source/component/openssl/openssl-1.0.2l/crypto/camellia'
make[5]: Nothing to be done for 'all'.
make[5]: Leaving directory '/home/ray/workplace/git_download/HiSTB_origin/HiSTBLinux/out/hi3798mv100/hi3798mv100_out/obj/source/component/openssl/openssl-1.0.2l/crypto/camellia'
making all in crypto/seed...
make[5]: Entering directory '/home/ray/workplace/git_download/HiSTB_origin/HiSTBLinux/out/hi3798mv100/hi3798mv100_out/obj/source/component/openssl/openssl-1.0.2l/crypto/seed'
make[5]: Nothing to be done for 'all'.
make[5]: Leaving directory '/home/ray/workplace/git_download/HiSTB_origin/HiSTBLinux/out/hi3798mv100/hi3798mv100_out/obj/source/component/openssl/openssl-1.0.2l/crypto/seed'
make[4]: Entering directory '/home/ray/workplace/git_download/HiSTB_origin/HiSTBLinux/out/hi3798mv100/hi3798mv100_out/obj/source/component/harfbuzz/harfbuzz-1.4.6'
making all in crypto/modes...
make[5]: Entering directory '/home/ray/workplace/git_download/HiSTB_origin/HiSTBLinux/out/hi3798mv100/hi3798mv100_out/obj/source/component/openssl/openssl-1.0.2l/crypto/modes'
make[5]: Nothing to be done for 'all'.
make[5]: Leaving directory '/home/ray/workplace/git_download/HiSTB_origin/HiSTBLinux/out/hi3798mv100/hi3798mv100_out/obj/source/component/openssl/openssl-1.0.2l/crypto/modes'
making all in crypto/bn...
make[5]: Entering directory '/home/ray/workplace/git_download/HiSTB_origin/HiSTBLinux/out/hi3798mv100/hi3798mv100_out/obj/source/component/harfbuzz/harfbuzz-1.4.6'
make[5]: Nothing to be done for 'install-exec-am'.
make[5]: Nothing to be done for 'install-data-am'.
make[5]: Leaving directory '/home/ray/workplace/git_download/HiSTB_origin/HiSTBLinux/out/hi3798mv100/hi3798mv100_out/obj/source/component/harfbuzz/harfbuzz-1.4.6'
make[4]: Leaving directory '/home/ray/workplace/git_download/HiSTB_origin/HiSTBLinux/out/hi3798mv100/hi3798mv100_out/obj/source/component/harfbuzz/harfbuzz-1.4.6'
make[3]: Leaving directory '/home/ray/workplace/git_download/HiSTB_origin/HiSTBLinux/out/hi3798mv100/hi3798mv100_out/obj/source/component/harfbuzz/harfbuzz-1.4.6'
make[5]: Entering directory '/home/ray/workplace/git_download/HiSTB_origin/HiSTBLinux/out/hi3798mv100/hi3798mv100_out/obj/source/component/openssl/openssl-1.0.2l/crypto/bn'
make[5]: Nothing to be done for 'all'.
make[5]: Leaving directory '/home/ray/workplace/git_download/HiSTB_origin/HiSTBLinux/out/hi3798mv100/hi3798mv100_out/obj/source/component/openssl/openssl-1.0.2l/crypto/bn'
making all in crypto/ec...
make[5]: Entering directory '/home/ray/workplace/git_download/HiSTB_origin/HiSTBLinux/out/hi3798mv100/hi3798mv100_out/obj/source/component/openssl/openssl-1.0.2l/crypto/ec'
make[5]: Nothing to be done for 'all'.
make[5]: Leaving directory '/home/ray/workplace/git_download/HiSTB_origin/HiSTBLinux/out/hi3798mv100/hi3798mv100_out/obj/source/component/openssl/openssl-1.0.2l/crypto/ec'
making all in crypto/rsa...
make[5]: Entering directory '/home/ray/workplace/git_download/HiSTB_origin/HiSTBLinux/out/hi3798mv100/hi3798mv100_out/obj/source/component/openssl/openssl-1.0.2l/crypto/rsa'
make[5]: Nothing to be done for 'all'.
make[5]: Leaving directory '/home/ray/workplace/git_download/HiSTB_origin/HiSTBLinux/out/hi3798mv100/hi3798mv100_out/obj/source/component/openssl/openssl-1.0.2l/crypto/rsa'
making all in crypto/dsa...
make[5]: Entering directory '/home/ray/workplace/git_download/HiSTB_origin/HiSTBLinux/out/hi3798mv100/hi3798mv100_out/obj/source/component/openssl/openssl-1.0.2l/crypto/dsa'
make[5]: Nothing to be done for 'all'.
make[5]: Leaving directory '/home/ray/workplace/git_download/HiSTB_origin/HiSTBLinux/out/hi3798mv100/hi3798mv100_out/obj/source/component/openssl/openssl-1.0.2l/crypto/dsa'
making all in crypto/ecdsa...
make[5]: Entering directory '/home/ray/workplace/git_download/HiSTB_origin/HiSTBLinux/out/hi3798mv100/hi3798mv100_out/obj/source/component/openssl/openssl-1.0.2l/crypto/ecdsa'
make[5]: Nothing to be done for 'all'.
make[5]: Leaving directory '/home/ray/workplace/git_download/HiSTB_origin/HiSTBLinux/out/hi3798mv100/hi3798mv100_out/obj/source/component/openssl/openssl-1.0.2l/crypto/ecdsa'
making all in crypto/dh...
make[5]: Entering directory '/home/ray/workplace/git_download/HiSTB_origin/HiSTBLinux/out/hi3798mv100/hi3798mv100_out/obj/source/component/openssl/openssl-1.0.2l/crypto/dh'
make[5]: Nothing to be done for 'all'.
make[5]: Leaving directory '/home/ray/workplace/git_download/HiSTB_origin/HiSTBLinux/out/hi3798mv100/hi3798mv100_out/obj/source/component/openssl/openssl-1.0.2l/crypto/dh'
making all in crypto/ecdh...
make[2]: Leaving directory '/home/ray/workplace/git_download/HiSTB_origin/HiSTBLinux/source/component/harfbuzz'
make[5]: Entering directory '/home/ray/workplace/git_download/HiSTB_origin/HiSTBLinux/out/hi3798mv100/hi3798mv100_out/obj/source/component/openssl/openssl-1.0.2l/crypto/ecdh'
make[5]: Nothing to be done for 'all'.
make[5]: Leaving directory '/home/ray/workplace/git_download/HiSTB_origin/HiSTBLinux/out/hi3798mv100/hi3798mv100_out/obj/source/component/openssl/openssl-1.0.2l/crypto/ecdh'
making all in crypto/dso...
make[5]: Entering directory '/home/ray/workplace/git_download/HiSTB_origin/HiSTBLinux/out/hi3798mv100/hi3798mv100_out/obj/source/component/openssl/openssl-1.0.2l/crypto/dso'
make[5]: Nothing to be done for 'all'.
make[5]: Leaving directory '/home/ray/workplace/git_download/HiSTB_origin/HiSTBLinux/out/hi3798mv100/hi3798mv100_out/obj/source/component/openssl/openssl-1.0.2l/crypto/dso'
making all in crypto/engine...
make[5]: Entering directory '/home/ray/workplace/git_download/HiSTB_origin/HiSTBLinux/out/hi3798mv100/hi3798mv100_out/obj/source/component/openssl/openssl-1.0.2l/crypto/engine'
make[5]: Nothing to be done for 'all'.
make[5]: Leaving directory '/home/ray/workplace/git_download/HiSTB_origin/HiSTBLinux/out/hi3798mv100/hi3798mv100_out/obj/source/component/openssl/openssl-1.0.2l/crypto/engine'
making all in crypto/buffer...
make[5]: Entering directory '/home/ray/workplace/git_download/HiSTB_origin/HiSTBLinux/out/hi3798mv100/hi3798mv100_out/obj/source/component/openssl/openssl-1.0.2l/crypto/buffer'
make[5]: Nothing to be done for 'all'.
make[5]: Leaving directory '/home/ray/workplace/git_download/HiSTB_origin/HiSTBLinux/out/hi3798mv100/hi3798mv100_out/obj/source/component/openssl/openssl-1.0.2l/crypto/buffer'
making all in crypto/bio...
make[5]: Entering directory '/home/ray/workplace/git_download/HiSTB_origin/HiSTBLinux/out/hi3798mv100/hi3798mv100_out/obj/source/component/openssl/openssl-1.0.2l/crypto/bio'
make[5]: Nothing to be done for 'all'.
make[5]: Leaving directory '/home/ray/workplace/git_download/HiSTB_origin/HiSTBLinux/out/hi3798mv100/hi3798mv100_out/obj/source/component/openssl/openssl-1.0.2l/crypto/bio'
making all in crypto/stack...
Generating include/autoconf.mk.dep
make[5]: Entering directory '/home/ray/workplace/git_download/HiSTB_origin/HiSTBLinux/out/hi3798mv100/hi3798mv100_out/obj/source/component/openssl/openssl-1.0.2l/crypto/stack'
make[5]: Nothing to be done for 'all'.
make[5]: Leaving directory '/home/ray/workplace/git_download/HiSTB_origin/HiSTBLinux/out/hi3798mv100/hi3798mv100_out/obj/source/component/openssl/openssl-1.0.2l/crypto/stack'
making all in crypto/lhash...
make[5]: Entering directory '/home/ray/workplace/git_download/HiSTB_origin/HiSTBLinux/out/hi3798mv100/hi3798mv100_out/obj/source/component/openssl/openssl-1.0.2l/crypto/lhash'
make[5]: Nothing to be done for 'all'.
make[5]: Leaving directory '/home/ray/workplace/git_download/HiSTB_origin/HiSTBLinux/out/hi3798mv100/hi3798mv100_out/obj/source/component/openssl/openssl-1.0.2l/crypto/lhash'
making all in crypto/rand...
make[5]: Entering directory '/home/ray/workplace/git_download/HiSTB_origin/HiSTBLinux/out/hi3798mv100/hi3798mv100_out/obj/source/component/openssl/openssl-1.0.2l/crypto/rand'
make[5]: Nothing to be done for 'all'.
make[5]: Leaving directory '/home/ray/workplace/git_download/HiSTB_origin/HiSTBLinux/out/hi3798mv100/hi3798mv100_out/obj/source/component/openssl/openssl-1.0.2l/crypto/rand'
making all in crypto/err...
make[7]: Entering directory '/home/ray/workplace/git_download/HiSTB_origin/HiSTBLinux/out/hi3798mv100/hi3798mv100_out/obj/source/component/alsa/alsa-lib-1.0.28/include'
make[7]: Nothing to be done for 'install-exec-am'.
make[5]: Entering directory '/home/ray/workplace/git_download/HiSTB_origin/HiSTBLinux/out/hi3798mv100/hi3798mv100_out/obj/source/component/openssl/openssl-1.0.2l/crypto/err'
make[5]: Nothing to be done for 'all'.
make[5]: Leaving directory '/home/ray/workplace/git_download/HiSTB_origin/HiSTBLinux/out/hi3798mv100/hi3798mv100_out/obj/source/component/openssl/openssl-1.0.2l/crypto/err'
making all in crypto/evp...
make[5]: Entering directory '/home/ray/workplace/git_download/HiSTB_origin/HiSTBLinux/out/hi3798mv100/hi3798mv100_out/obj/source/component/openssl/openssl-1.0.2l/crypto/evp'
make[5]: Nothing to be done for 'all'.
make[5]: Leaving directory '/home/ray/workplace/git_download/HiSTB_origin/HiSTBLinux/out/hi3798mv100/hi3798mv100_out/obj/source/component/openssl/openssl-1.0.2l/crypto/evp'
making all in crypto/asn1...
make[5]: Entering directory '/home/ray/workplace/git_download/HiSTB_origin/HiSTBLinux/out/hi3798mv100/hi3798mv100_out/obj/source/component/openssl/openssl-1.0.2l/crypto/asn1'
make[5]: Nothing to be done for 'all'.
make[5]: Leaving directory '/home/ray/workplace/git_download/HiSTB_origin/HiSTBLinux/out/hi3798mv100/hi3798mv100_out/obj/source/component/openssl/openssl-1.0.2l/crypto/asn1'
making all in crypto/pem...
make[2]: warning: jobserver unavailable: using -j1.  Add '+' to parent make rule.
make[5]: Entering directory '/home/ray/workplace/git_download/HiSTB_origin/HiSTBLinux/out/hi3798mv100/hi3798mv100_out/obj/source/component/openssl/openssl-1.0.2l/crypto/pem'
make[5]: Nothing to be done for 'all'.
make[5]: Leaving directory '/home/ray/workplace/git_download/HiSTB_origin/HiSTBLinux/out/hi3798mv100/hi3798mv100_out/obj/source/component/openssl/openssl-1.0.2l/crypto/pem'
making all in crypto/x509...
make[5]: Entering directory '/home/ray/workplace/git_download/HiSTB_origin/HiSTBLinux/out/hi3798mv100/hi3798mv100_out/obj/source/component/openssl/openssl-1.0.2l/crypto/x509'
make[5]: Nothing to be done for 'all'.
make[5]: Leaving directory '/home/ray/workplace/git_download/HiSTB_origin/HiSTBLinux/out/hi3798mv100/hi3798mv100_out/obj/source/component/openssl/openssl-1.0.2l/crypto/x509'
making all in crypto/x509v3...
make[5]: Entering directory '/home/ray/workplace/git_download/HiSTB_origin/HiSTBLinux/out/hi3798mv100/hi3798mv100_out/obj/source/component/openssl/openssl-1.0.2l/crypto/x509v3'
make[5]: Nothing to be done for 'all'.
make[5]: Leaving directory '/home/ray/workplace/git_download/HiSTB_origin/HiSTBLinux/out/hi3798mv100/hi3798mv100_out/obj/source/component/openssl/openssl-1.0.2l/crypto/x509v3'
making all in crypto/conf...
make[5]: Entering directory '/home/ray/workplace/git_download/HiSTB_origin/HiSTBLinux/out/hi3798mv100/hi3798mv100_out/obj/source/component/openssl/openssl-1.0.2l/crypto/conf'
make[5]: Nothing to be done for 'all'.
make[5]: Leaving directory '/home/ray/workplace/git_download/HiSTB_origin/HiSTBLinux/out/hi3798mv100/hi3798mv100_out/obj/source/component/openssl/openssl-1.0.2l/crypto/conf'
making all in crypto/txt_db...
make[5]: Entering directory '/home/ray/workplace/git_download/HiSTB_origin/HiSTBLinux/out/hi3798mv100/hi3798mv100_out/obj/source/component/openssl/openssl-1.0.2l/crypto/txt_db'
make[5]: Nothing to be done for 'all'.
make[5]: Leaving directory '/home/ray/workplace/git_download/HiSTB_origin/HiSTBLinux/out/hi3798mv100/hi3798mv100_out/obj/source/component/openssl/openssl-1.0.2l/crypto/txt_db'
making all in crypto/pkcs7...
make[5]: Entering directory '/home/ray/workplace/git_download/HiSTB_origin/HiSTBLinux/out/hi3798mv100/hi3798mv100_out/obj/source/component/openssl/openssl-1.0.2l/crypto/pkcs7'
make[5]: Nothing to be done for 'all'.
make[5]: Leaving directory '/home/ray/workplace/git_download/HiSTB_origin/HiSTBLinux/out/hi3798mv100/hi3798mv100_out/obj/source/component/openssl/openssl-1.0.2l/crypto/pkcs7'
making all in crypto/pkcs12...
make[5]: Entering directory '/home/ray/workplace/git_download/HiSTB_origin/HiSTBLinux/out/hi3798mv100/hi3798mv100_out/obj/source/component/openssl/openssl-1.0.2l/crypto/pkcs12'
make[5]: Nothing to be done for 'all'.
make[5]: Leaving directory '/home/ray/workplace/git_download/HiSTB_origin/HiSTBLinux/out/hi3798mv100/hi3798mv100_out/obj/source/component/openssl/openssl-1.0.2l/crypto/pkcs12'
making all in crypto/comp...
make[5]: Entering directory '/home/ray/workplace/git_download/HiSTB_origin/HiSTBLinux/out/hi3798mv100/hi3798mv100_out/obj/source/component/openssl/openssl-1.0.2l/crypto/comp'
make[5]: Nothing to be done for 'all'.
make[5]: Leaving directory '/home/ray/workplace/git_download/HiSTB_origin/HiSTBLinux/out/hi3798mv100/hi3798mv100_out/obj/source/component/openssl/openssl-1.0.2l/crypto/comp'
making all in crypto/ocsp...
make[5]: Entering directory '/home/ray/workplace/git_download/HiSTB_origin/HiSTBLinux/out/hi3798mv100/hi3798mv100_out/obj/source/component/openssl/openssl-1.0.2l/crypto/ocsp'
make[5]: Nothing to be done for 'all'.
make[5]: Leaving directory '/home/ray/workplace/git_download/HiSTB_origin/HiSTBLinux/out/hi3798mv100/hi3798mv100_out/obj/source/component/openssl/openssl-1.0.2l/crypto/ocsp'
making all in crypto/ui...
make[5]: Entering directory '/home/ray/workplace/git_download/HiSTB_origin/HiSTBLinux/out/hi3798mv100/hi3798mv100_out/obj/source/component/openssl/openssl-1.0.2l/crypto/ui'
make[5]: Nothing to be done for 'all'.
make[5]: Leaving directory '/home/ray/workplace/git_download/HiSTB_origin/HiSTBLinux/out/hi3798mv100/hi3798mv100_out/obj/source/component/openssl/openssl-1.0.2l/crypto/ui'
making all in crypto/krb5...
make[5]: Entering directory '/home/ray/workplace/git_download/HiSTB_origin/HiSTBLinux/out/hi3798mv100/hi3798mv100_out/obj/source/component/openssl/openssl-1.0.2l/crypto/krb5'
make[5]: Nothing to be done for 'all'.
make[5]: Leaving directory '/home/ray/workplace/git_download/HiSTB_origin/HiSTBLinux/out/hi3798mv100/hi3798mv100_out/obj/source/component/openssl/openssl-1.0.2l/crypto/krb5'
making all in crypto/cms...
make[5]: Entering directory '/home/ray/workplace/git_download/HiSTB_origin/HiSTBLinux/out/hi3798mv100/hi3798mv100_out/obj/source/component/openssl/openssl-1.0.2l/crypto/cms'
make[5]: Nothing to be done for 'all'.
make[5]: Leaving directory '/home/ray/workplace/git_download/HiSTB_origin/HiSTBLinux/out/hi3798mv100/hi3798mv100_out/obj/source/component/openssl/openssl-1.0.2l/crypto/cms'
 /usr/bin/mkdir -p '/home/ray/workplace/git_download/HiSTB_origin/HiSTBLinux/out/hi3798mv100/hi3798mv100_out/obj/source/component/alsa/root/usr/include/alsa'
making all in crypto/pqueue...
make[5]: Entering directory '/home/ray/workplace/git_download/HiSTB_origin/HiSTBLinux/out/hi3798mv100/hi3798mv100_out/obj/source/component/openssl/openssl-1.0.2l/crypto/pqueue'
make[5]: Nothing to be done for 'all'.
make[5]: Leaving directory '/home/ray/workplace/git_download/HiSTB_origin/HiSTBLinux/out/hi3798mv100/hi3798mv100_out/obj/source/component/openssl/openssl-1.0.2l/crypto/pqueue'
making all in crypto/ts...
 /usr/bin/install -c -m 644 asoundlib.h asoundef.h version.h global.h input.h output.h error.h conf.h control.h iatomic.h use-case.h control_external.h pcm.h pcm_old.h timer.h pcm_plugin.h pcm_rate.h pcm_external.h pcm_extplug.h pcm_ioplug.h rawmidi.h hwdep.h mixer.h mixer_abst.h seq_event.h seq.h seqmid.h seq_midi_event.h alisp.h '/home/ray/workplace/git_download/HiSTB_origin/HiSTBLinux/out/hi3798mv100/hi3798mv100_out/obj/source/component/alsa/root/usr/include/alsa'
make[5]: Entering directory '/home/ray/workplace/git_download/HiSTB_origin/HiSTBLinux/out/hi3798mv100/hi3798mv100_out/obj/source/component/openssl/openssl-1.0.2l/crypto/ts'
make[5]: Nothing to be done for 'all'.
make[5]: Leaving directory '/home/ray/workplace/git_download/HiSTB_origin/HiSTBLinux/out/hi3798mv100/hi3798mv100_out/obj/source/component/openssl/openssl-1.0.2l/crypto/ts'
making all in crypto/srp...
make[5]: Entering directory '/home/ray/workplace/git_download/HiSTB_origin/HiSTBLinux/out/hi3798mv100/hi3798mv100_out/obj/source/component/openssl/openssl-1.0.2l/crypto/srp'
make[5]: Nothing to be done for 'all'.
make[5]: Leaving directory '/home/ray/workplace/git_download/HiSTB_origin/HiSTBLinux/out/hi3798mv100/hi3798mv100_out/obj/source/component/openssl/openssl-1.0.2l/crypto/srp'
making all in crypto/cmac...
make[5]: Entering directory '/home/ray/workplace/git_download/HiSTB_origin/HiSTBLinux/out/hi3798mv100/hi3798mv100_out/obj/source/component/openssl/openssl-1.0.2l/crypto/cmac'
make[5]: Nothing to be done for 'all'.
make[5]: Leaving directory '/home/ray/workplace/git_download/HiSTB_origin/HiSTBLinux/out/hi3798mv100/hi3798mv100_out/obj/source/component/openssl/openssl-1.0.2l/crypto/cmac'
if [ -n "libcrypto.so.1.0.0 libssl.so.1.0.0" ]; then \
	(cd ..; make libcrypto.so.1.0.0); \
fi
make  install-data-hook
make[5]: Entering directory '/home/ray/workplace/git_download/HiSTB_origin/HiSTBLinux/out/hi3798mv100/hi3798mv100_out/obj/source/component/openssl/openssl-1.0.2l'
[ -z "" ] || arm-histbv310-linux-gcc -fPIC -DOPENSSL_PIC -DOPENSSL_THREADS -D_REENTRANT -DDSO_DLFCN -DHAVE_DLFCN_H -O3 -Wall -DOPENSSL_BN_ASM_MONT -DOPENSSL_BN_ASM_GF2m -DSHA1_ASM -DSHA256_ASM -DSHA512_ASM -DAES_ASM -DBSAES_ASM -DGHASH_ASM -Iinclude \
	-DFINGERPRINT_PREMAIN_DSO_LOAD -o fips_premain_dso  \
	fips_premain.c fipscanister.o \
	libcrypto.a -ldl
make[8]: Entering directory '/home/ray/workplace/git_download/HiSTB_origin/HiSTBLinux/out/hi3798mv100/hi3798mv100_out/obj/source/component/alsa/alsa-lib-1.0.28/include'
test -d /home/ray/workplace/git_download/HiSTB_origin/HiSTBLinux/out/hi3798mv100/hi3798mv100_out/obj/source/component/alsa/root/usr/include/sys || mkdir -p /home/ray/workplace/git_download/HiSTB_origin/HiSTBLinux/out/hi3798mv100/hi3798mv100_out/obj/source/component/alsa/root/usr/include/sys
make[6]: Entering directory '/home/ray/workplace/git_download/HiSTB_origin/HiSTBLinux/out/hi3798mv100/hi3798mv100_out/obj/source/component/openssl/openssl-1.0.2l'
/usr/bin/install -c -m 644 ./sys.h /home/ray/workplace/git_download/HiSTB_origin/HiSTBLinux/out/hi3798mv100/hi3798mv100_out/obj/source/component/alsa/root/usr/include/sys/asoundlib.h
make[7]: Entering directory '/home/ray/workplace/git_download/HiSTB_origin/HiSTBLinux/out/hi3798mv100/hi3798mv100_out/obj/source/component/openssl/openssl-1.0.2l'
make[8]: Leaving directory '/home/ray/workplace/git_download/HiSTB_origin/HiSTBLinux/out/hi3798mv100/hi3798mv100_out/obj/source/component/alsa/alsa-lib-1.0.28/include'
make[7]: Leaving directory '/home/ray/workplace/git_download/HiSTB_origin/HiSTBLinux/out/hi3798mv100/hi3798mv100_out/obj/source/component/alsa/alsa-lib-1.0.28/include'
make[6]: Leaving directory '/home/ray/workplace/git_download/HiSTB_origin/HiSTBLinux/out/hi3798mv100/hi3798mv100_out/obj/source/component/alsa/alsa-lib-1.0.28/include'
make[5]: Leaving directory '/home/ray/workplace/git_download/HiSTB_origin/HiSTBLinux/out/hi3798mv100/hi3798mv100_out/obj/source/component/alsa/alsa-lib-1.0.28/include'
Making install in src
make[5]: Entering directory '/home/ray/workplace/git_download/HiSTB_origin/HiSTBLinux/out/hi3798mv100/hi3798mv100_out/obj/source/component/alsa/alsa-lib-1.0.28/src'
Making install in control
make[6]: Entering directory '/home/ray/workplace/git_download/HiSTB_origin/HiSTBLinux/out/hi3798mv100/hi3798mv100_out/obj/source/component/alsa/alsa-lib-1.0.28/src/control'
make[7]: Entering directory '/home/ray/workplace/git_download/HiSTB_origin/HiSTBLinux/out/hi3798mv100/hi3798mv100_out/obj/source/component/alsa/alsa-lib-1.0.28/src/control'
make[7]: Nothing to be done for 'install-exec-am'.
make[7]: Nothing to be done for 'install-data-am'.
make[7]: Leaving directory '/home/ray/workplace/git_download/HiSTB_origin/HiSTBLinux/out/hi3798mv100/hi3798mv100_out/obj/source/component/alsa/alsa-lib-1.0.28/src/control'
make[6]: Leaving directory '/home/ray/workplace/git_download/HiSTB_origin/HiSTBLinux/out/hi3798mv100/hi3798mv100_out/obj/source/component/alsa/alsa-lib-1.0.28/src/control'
Making install in mixer
make[6]: Entering directory '/home/ray/workplace/git_download/HiSTB_origin/HiSTBLinux/out/hi3798mv100/hi3798mv100_out/obj/source/component/alsa/alsa-lib-1.0.28/src/mixer'
make[7]: Entering directory '/home/ray/workplace/git_download/HiSTB_origin/HiSTBLinux/out/hi3798mv100/hi3798mv100_out/obj/source/component/alsa/alsa-lib-1.0.28/src/mixer'
make[7]: Nothing to be done for 'install-exec-am'.
make[7]: Nothing to be done for 'install-data-am'.
make[7]: Leaving directory '/home/ray/workplace/git_download/HiSTB_origin/HiSTBLinux/out/hi3798mv100/hi3798mv100_out/obj/source/component/alsa/alsa-lib-1.0.28/src/mixer'
make[6]: Leaving directory '/home/ray/workplace/git_download/HiSTB_origin/HiSTBLinux/out/hi3798mv100/hi3798mv100_out/obj/source/component/alsa/alsa-lib-1.0.28/src/mixer'
Making install in pcm
scripts/kconfig/conf  --oldconfig Kconfig
make[6]: Entering directory '/home/ray/workplace/git_download/HiSTB_origin/HiSTBLinux/out/hi3798mv100/hi3798mv100_out/obj/source/component/alsa/alsa-lib-1.0.28/src/pcm'
make[7]: Entering directory '/home/ray/workplace/git_download/HiSTB_origin/HiSTBLinux/out/hi3798mv100/hi3798mv100_out/obj/source/component/alsa/alsa-lib-1.0.28/src/pcm'
make[8]: Entering directory '/home/ray/workplace/git_download/HiSTB_origin/HiSTBLinux/out/hi3798mv100/hi3798mv100_out/obj/source/component/alsa/alsa-lib-1.0.28/src/pcm'
make[8]: Nothing to be done for 'install-exec-am'.
make[8]: Nothing to be done for 'install-data-am'.
make[8]: Leaving directory '/home/ray/workplace/git_download/HiSTB_origin/HiSTBLinux/out/hi3798mv100/hi3798mv100_out/obj/source/component/alsa/alsa-lib-1.0.28/src/pcm'
make[7]: Leaving directory '/home/ray/workplace/git_download/HiSTB_origin/HiSTBLinux/out/hi3798mv100/hi3798mv100_out/obj/source/component/alsa/alsa-lib-1.0.28/src/pcm'
make[6]: Leaving directory '/home/ray/workplace/git_download/HiSTB_origin/HiSTBLinux/out/hi3798mv100/hi3798mv100_out/obj/source/component/alsa/alsa-lib-1.0.28/src/pcm'
Making install in timer
make[6]: Entering directory '/home/ray/workplace/git_download/HiSTB_origin/HiSTBLinux/out/hi3798mv100/hi3798mv100_out/obj/source/component/alsa/alsa-lib-1.0.28/src/timer'
make[7]: Entering directory '/home/ray/workplace/git_download/HiSTB_origin/HiSTBLinux/out/hi3798mv100/hi3798mv100_out/obj/source/component/alsa/alsa-lib-1.0.28/src/timer'
make[7]: Nothing to be done for 'install-exec-am'.
make[7]: Nothing to be done for 'install-data-am'.
make[7]: Leaving directory '/home/ray/workplace/git_download/HiSTB_origin/HiSTBLinux/out/hi3798mv100/hi3798mv100_out/obj/source/component/alsa/alsa-lib-1.0.28/src/timer'
make[6]: Leaving directory '/home/ray/workplace/git_download/HiSTB_origin/HiSTBLinux/out/hi3798mv100/hi3798mv100_out/obj/source/component/alsa/alsa-lib-1.0.28/src/timer'
Making install in rawmidi
make[6]: Entering directory '/home/ray/workplace/git_download/HiSTB_origin/HiSTBLinux/out/hi3798mv100/hi3798mv100_out/obj/source/component/alsa/alsa-lib-1.0.28/src/rawmidi'
make[7]: Entering directory '/home/ray/workplace/git_download/HiSTB_origin/HiSTBLinux/out/hi3798mv100/hi3798mv100_out/obj/source/component/alsa/alsa-lib-1.0.28/src/rawmidi'
make[7]: Nothing to be done for 'install-exec-am'.
make[7]: Nothing to be done for 'install-data-am'.
make[7]: Leaving directory '/home/ray/workplace/git_download/HiSTB_origin/HiSTBLinux/out/hi3798mv100/hi3798mv100_out/obj/source/component/alsa/alsa-lib-1.0.28/src/rawmidi'
make[6]: Leaving directory '/home/ray/workplace/git_download/HiSTB_origin/HiSTBLinux/out/hi3798mv100/hi3798mv100_out/obj/source/component/alsa/alsa-lib-1.0.28/src/rawmidi'
Making install in hwdep
make[6]: Entering directory '/home/ray/workplace/git_download/HiSTB_origin/HiSTBLinux/out/hi3798mv100/hi3798mv100_out/obj/source/component/alsa/alsa-lib-1.0.28/src/hwdep'
make[7]: Entering directory '/home/ray/workplace/git_download/HiSTB_origin/HiSTBLinux/out/hi3798mv100/hi3798mv100_out/obj/source/component/alsa/alsa-lib-1.0.28/src/hwdep'
make[7]: Nothing to be done for 'install-exec-am'.
make[7]: Nothing to be done for 'install-data-am'.
make[7]: Leaving directory '/home/ray/workplace/git_download/HiSTB_origin/HiSTBLinux/out/hi3798mv100/hi3798mv100_out/obj/source/component/alsa/alsa-lib-1.0.28/src/hwdep'
make[6]: Leaving directory '/home/ray/workplace/git_download/HiSTB_origin/HiSTBLinux/out/hi3798mv100/hi3798mv100_out/obj/source/component/alsa/alsa-lib-1.0.28/src/hwdep'
Making install in seq
make[6]: Entering directory '/home/ray/workplace/git_download/HiSTB_origin/HiSTBLinux/out/hi3798mv100/hi3798mv100_out/obj/source/component/alsa/alsa-lib-1.0.28/src/seq'
make[7]: Entering directory '/home/ray/workplace/git_download/HiSTB_origin/HiSTBLinux/out/hi3798mv100/hi3798mv100_out/obj/source/component/alsa/alsa-lib-1.0.28/src/seq'
make[7]: Nothing to be done for 'install-exec-am'.
make[7]: Nothing to be done for 'install-data-am'.
make[7]: Leaving directory '/home/ray/workplace/git_download/HiSTB_origin/HiSTBLinux/out/hi3798mv100/hi3798mv100_out/obj/source/component/alsa/alsa-lib-1.0.28/src/seq'
make[6]: Leaving directory '/home/ray/workplace/git_download/HiSTB_origin/HiSTBLinux/out/hi3798mv100/hi3798mv100_out/obj/source/component/alsa/alsa-lib-1.0.28/src/seq'
Making install in ucm
make[6]: Entering directory '/home/ray/workplace/git_download/HiSTB_origin/HiSTBLinux/out/hi3798mv100/hi3798mv100_out/obj/source/component/alsa/alsa-lib-1.0.28/src/ucm'
make[7]: Entering directory '/home/ray/workplace/git_download/HiSTB_origin/HiSTBLinux/out/hi3798mv100/hi3798mv100_out/obj/source/component/alsa/alsa-lib-1.0.28/src/ucm'
make[7]: Nothing to be done for 'install-exec-am'.
make[7]: Nothing to be done for 'install-data-am'.
make[7]: Leaving directory '/home/ray/workplace/git_download/HiSTB_origin/HiSTBLinux/out/hi3798mv100/hi3798mv100_out/obj/source/component/alsa/alsa-lib-1.0.28/src/ucm'
make[6]: Leaving directory '/home/ray/workplace/git_download/HiSTB_origin/HiSTBLinux/out/hi3798mv100/hi3798mv100_out/obj/source/component/alsa/alsa-lib-1.0.28/src/ucm'
Making install in alisp
make[6]: Entering directory '/home/ray/workplace/git_download/HiSTB_origin/HiSTBLinux/out/hi3798mv100/hi3798mv100_out/obj/source/component/alsa/alsa-lib-1.0.28/src/alisp'
make[7]: Entering directory '/home/ray/workplace/git_download/HiSTB_origin/HiSTBLinux/out/hi3798mv100/hi3798mv100_out/obj/source/component/alsa/alsa-lib-1.0.28/src/alisp'
make[7]: Nothing to be done for 'install-exec-am'.
make[7]: Nothing to be done for 'install-data-am'.
make[7]: Leaving directory '/home/ray/workplace/git_download/HiSTB_origin/HiSTBLinux/out/hi3798mv100/hi3798mv100_out/obj/source/component/alsa/alsa-lib-1.0.28/src/alisp'
make[6]: Leaving directory '/home/ray/workplace/git_download/HiSTB_origin/HiSTBLinux/out/hi3798mv100/hi3798mv100_out/obj/source/component/alsa/alsa-lib-1.0.28/src/alisp'
Making install in conf
make[7]: Leaving directory '/home/ray/workplace/git_download/HiSTB_origin/HiSTBLinux/out/hi3798mv100/hi3798mv100_out/obj/source/component/openssl/openssl-1.0.2l'
make[6]: Entering directory '/home/ray/workplace/git_download/HiSTB_origin/HiSTBLinux/out/hi3798mv100/hi3798mv100_out/obj/source/component/alsa/alsa-lib-1.0.28/src/conf'
make[7]: Entering directory '/home/ray/workplace/git_download/HiSTB_origin/HiSTBLinux/out/hi3798mv100/hi3798mv100_out/obj/source/component/openssl/openssl-1.0.2l'
#
# configuration written to .config
#
Making install in cards
make[7]: Leaving directory '/home/ray/workplace/git_download/HiSTB_origin/HiSTBLinux/out/hi3798mv100/hi3798mv100_out/obj/source/component/openssl/openssl-1.0.2l'
make[6]: Leaving directory '/home/ray/workplace/git_download/HiSTB_origin/HiSTBLinux/out/hi3798mv100/hi3798mv100_out/obj/source/component/openssl/openssl-1.0.2l'
make[7]: Entering directory '/home/ray/workplace/git_download/HiSTB_origin/HiSTBLinux/out/hi3798mv100/hi3798mv100_out/obj/source/component/alsa/alsa-lib-1.0.28/src/conf/cards'
make[3]: Leaving directory '/home/ray/workplace/git_download/HiSTB_origin/HiSTBLinux/out/hi3798mv100/hi3798mv100_out/obj/source/kernel/linux-4.4.y'
make[2]: Leaving directory '/home/ray/workplace/git_download/HiSTB_origin/HiSTBLinux/source/kernel/linux-4.4.y'
make -C /home/ray/workplace/git_download/HiSTB_origin/HiSTBLinux/source/kernel/linux-4.4.y ARCH=arm \
	CROSS_COMPILE=arm-histbv310-linux- \
	O=/home/ray/workplace/git_download/HiSTB_origin/HiSTBLinux/out/hi3798mv100/hi3798mv100_out/obj/source/kernel/linux-4.4.y \
	CONFIG_MSP=y \
	HI_CONFIG_WIFI=y \
	HI_CONFIG_BLUETOOTH= \
	CONFIG_ADVCA= \
	 \
	CFLAGS_KERNEL= AFLAGS_KERNEL= uImage modules
make[5]: Leaving directory '/home/ray/workplace/git_download/HiSTB_origin/HiSTBLinux/out/hi3798mv100/hi3798mv100_out/obj/source/component/openssl/openssl-1.0.2l'
make[4]: Leaving directory '/home/ray/workplace/git_download/HiSTB_origin/HiSTBLinux/out/hi3798mv100/hi3798mv100_out/obj/source/component/openssl/openssl-1.0.2l/crypto'
make[2]: Entering directory '/home/ray/workplace/git_download/HiSTB_origin/HiSTBLinux/source/kernel/linux-4.4.y'
make[8]: Entering directory '/home/ray/workplace/git_download/HiSTB_origin/HiSTBLinux/out/hi3798mv100/hi3798mv100_out/obj/source/component/alsa/alsa-lib-1.0.28/src/conf/cards'
make[8]: Nothing to be done for 'install-exec-am'.
making all in engines...
 /usr/bin/mkdir -p '/home/ray/workplace/git_download/HiSTB_origin/HiSTBLinux/out/hi3798mv100/hi3798mv100_out/obj/source/component/alsa/root/usr/share/alsa/cards/SI7018'
make[3]: Entering directory '/home/ray/workplace/git_download/HiSTB_origin/HiSTBLinux/out/hi3798mv100/hi3798mv100_out/obj/source/kernel/linux-4.4.y'
make[4]: Entering directory '/home/ray/workplace/git_download/HiSTB_origin/HiSTBLinux/out/hi3798mv100/hi3798mv100_out/obj/source/component/openssl/openssl-1.0.2l/engines'
echo 

making all in engines/ccgost...
 /usr/bin/install -c -m 644 SI7018/sndoc-mixer.alisp SI7018/sndop-mixer.alisp '/home/ray/workplace/git_download/HiSTB_origin/HiSTBLinux/out/hi3798mv100/hi3798mv100_out/obj/source/component/alsa/root/usr/share/alsa/cards/SI7018'
make[5]: Entering directory '/home/ray/workplace/git_download/HiSTB_origin/HiSTBLinux/out/hi3798mv100/hi3798mv100_out/obj/source/component/openssl/openssl-1.0.2l/engines/ccgost'
make[5]: Nothing to be done for 'all'.
make[5]: Leaving directory '/home/ray/workplace/git_download/HiSTB_origin/HiSTBLinux/out/hi3798mv100/hi3798mv100_out/obj/source/component/openssl/openssl-1.0.2l/engines/ccgost'
make[4]: Leaving directory '/home/ray/workplace/git_download/HiSTB_origin/HiSTBLinux/out/hi3798mv100/hi3798mv100_out/obj/source/component/openssl/openssl-1.0.2l/engines'
making all in ssl...
 /usr/bin/mkdir -p '/home/ray/workplace/git_download/HiSTB_origin/HiSTBLinux/out/hi3798mv100/hi3798mv100_out/obj/source/component/alsa/root/usr/share/alsa/cards'
make[4]: Entering directory '/home/ray/workplace/git_download/HiSTB_origin/HiSTBLinux/out/hi3798mv100/hi3798mv100_out/obj/source/component/openssl/openssl-1.0.2l/ssl'
if [ -n "libcrypto.so.1.0.0 libssl.so.1.0.0" ]; then \
	(cd ..; make libssl.so.1.0.0); \
fi
 /usr/bin/install -c -m 644 aliases.conf AACI.conf ATIIXP.conf ATIIXP-SPDMA.conf ATIIXP-MODEM.conf AU8810.conf AU8820.conf AU8830.conf Audigy.conf Audigy2.conf Aureon51.conf Aureon71.conf CA0106.conf CMI8338.conf CMI8338-SWIEC.conf CMI8738-MC6.conf CMI8738-MC8.conf CMI8788.conf CS46xx.conf Echo_Echo3G.conf EMU10K1.conf EMU10K1X.conf ENS1370.conf ENS1371.conf ES1968.conf FM801.conf FWSpeakers.conf FireWave.conf GUS.conf HDA-Intel.conf ICE1712.conf ICE1724.conf ICH.conf ICH4.conf ICH-MODEM.conf Loopback.conf Maestro3.conf NFORCE.conf PC-Speaker.conf PMac.conf '/home/ray/workplace/git_download/HiSTB_origin/HiSTBLinux/out/hi3798mv100/hi3798mv100_out/obj/source/component/alsa/root/usr/share/alsa/cards'
make[5]: Entering directory '/home/ray/workplace/git_download/HiSTB_origin/HiSTBLinux/out/hi3798mv100/hi3798mv100_out/obj/source/component/openssl/openssl-1.0.2l'
[ -z "" ] || arm-histbv310-linux-gcc -fPIC -DOPENSSL_PIC -DOPENSSL_THREADS -D_REENTRANT -DDSO_DLFCN -DHAVE_DLFCN_H -O3 -Wall -DOPENSSL_BN_ASM_MONT -DOPENSSL_BN_ASM_GF2m -DSHA1_ASM -DSHA256_ASM -DSHA512_ASM -DAES_ASM -DBSAES_ASM -DGHASH_ASM -Iinclude \
	-DFINGERPRINT_PREMAIN_DSO_LOAD -o fips_premain_dso  \
	fips_premain.c fipscanister.o \
	libcrypto.a -ldl
 /usr/bin/install -c -m 644 PMacToonie.conf PS3.conf RME9636.conf RME9652.conf SI7018.conf SB-XFi.conf TRID4DWAVENX.conf USB-Audio.conf YMF744.conf VIA686A.conf VIA8233.conf VIA8233A.conf VIA8237.conf VX222.conf VXPocket.conf VXPocket440.conf aliases.alisp '/home/ray/workplace/git_download/HiSTB_origin/HiSTBLinux/out/hi3798mv100/hi3798mv100_out/obj/source/component/alsa/root/usr/share/alsa/cards'
make[6]: Entering directory '/home/ray/workplace/git_download/HiSTB_origin/HiSTBLinux/out/hi3798mv100/hi3798mv100_out/obj/source/component/openssl/openssl-1.0.2l'
make[7]: Entering directory '/home/ray/workplace/git_download/HiSTB_origin/HiSTBLinux/out/hi3798mv100/hi3798mv100_out/obj/source/component/openssl/openssl-1.0.2l'
make[8]: Leaving directory '/home/ray/workplace/git_download/HiSTB_origin/HiSTBLinux/out/hi3798mv100/hi3798mv100_out/obj/source/component/alsa/alsa-lib-1.0.28/src/conf/cards'
make[7]: Leaving directory '/home/ray/workplace/git_download/HiSTB_origin/HiSTBLinux/out/hi3798mv100/hi3798mv100_out/obj/source/component/alsa/alsa-lib-1.0.28/src/conf/cards'
Making install in pcm
make[7]: Entering directory '/home/ray/workplace/git_download/HiSTB_origin/HiSTBLinux/out/hi3798mv100/hi3798mv100_out/obj/source/component/alsa/alsa-lib-1.0.28/src/conf/pcm'
make[8]: Entering directory '/home/ray/workplace/git_download/HiSTB_origin/HiSTBLinux/out/hi3798mv100/hi3798mv100_out/obj/source/component/alsa/alsa-lib-1.0.28/src/conf/pcm'
make[8]: Nothing to be done for 'install-exec-am'.
 /usr/bin/mkdir -p '/home/ray/workplace/git_download/HiSTB_origin/HiSTBLinux/out/hi3798mv100/hi3798mv100_out/obj/source/component/alsa/root/usr/share/alsa/pcm'
 /usr/bin/install -c -m 644 default.conf front.conf rear.conf center_lfe.conf side.conf surround21.conf surround40.conf surround41.conf surround50.conf surround51.conf surround71.conf iec958.conf hdmi.conf modem.conf dmix.conf dsnoop.conf dpl.conf '/home/ray/workplace/git_download/HiSTB_origin/HiSTBLinux/out/hi3798mv100/hi3798mv100_out/obj/source/component/alsa/root/usr/share/alsa/pcm'
make[8]: Leaving directory '/home/ray/workplace/git_download/HiSTB_origin/HiSTBLinux/out/hi3798mv100/hi3798mv100_out/obj/source/component/alsa/alsa-lib-1.0.28/src/conf/pcm'
make[7]: Leaving directory '/home/ray/workplace/git_download/HiSTB_origin/HiSTBLinux/out/hi3798mv100/hi3798mv100_out/obj/source/component/alsa/alsa-lib-1.0.28/src/conf/pcm'
Making install in alsa.conf.d
make[7]: Entering directory '/home/ray/workplace/git_download/HiSTB_origin/HiSTBLinux/out/hi3798mv100/hi3798mv100_out/obj/source/component/alsa/alsa-lib-1.0.28/src/conf/alsa.conf.d'
make[8]: Entering directory '/home/ray/workplace/git_download/HiSTB_origin/HiSTBLinux/out/hi3798mv100/hi3798mv100_out/obj/source/component/alsa/alsa-lib-1.0.28/src/conf/alsa.conf.d'
make[8]: Nothing to be done for 'install-exec-am'.
 /usr/bin/mkdir -p '/home/ray/workplace/git_download/HiSTB_origin/HiSTBLinux/out/hi3798mv100/hi3798mv100_out/obj/source/component/alsa/root/usr/share/alsa/alsa.conf.d'
 /usr/bin/install -c -m 644 README '/home/ray/workplace/git_download/HiSTB_origin/HiSTBLinux/out/hi3798mv100/hi3798mv100_out/obj/source/component/alsa/root/usr/share/alsa/alsa.conf.d'
make[8]: Leaving directory '/home/ray/workplace/git_download/HiSTB_origin/HiSTBLinux/out/hi3798mv100/hi3798mv100_out/obj/source/component/alsa/alsa-lib-1.0.28/src/conf/alsa.conf.d'
make[7]: Leaving directory '/home/ray/workplace/git_download/HiSTB_origin/HiSTBLinux/out/hi3798mv100/hi3798mv100_out/obj/source/component/alsa/alsa-lib-1.0.28/src/conf/alsa.conf.d'
Making install in ucm
make[7]: Entering directory '/home/ray/workplace/git_download/HiSTB_origin/HiSTBLinux/out/hi3798mv100/hi3798mv100_out/obj/source/component/alsa/alsa-lib-1.0.28/src/conf/ucm'
Configuring for hi3798mx board...
Making install in DAISY-I2S
make[8]: Entering directory '/home/ray/workplace/git_download/HiSTB_origin/HiSTBLinux/out/hi3798mv100/hi3798mv100_out/obj/source/component/alsa/alsa-lib-1.0.28/src/conf/ucm/DAISY-I2S'
make[9]: Entering directory '/home/ray/workplace/git_download/HiSTB_origin/HiSTBLinux/out/hi3798mv100/hi3798mv100_out/obj/source/component/alsa/alsa-lib-1.0.28/src/conf/ucm/DAISY-I2S'
make[9]: Nothing to be done for 'install-exec-am'.
make[2]: Leaving directory '/home/ray/workplace/git_download/HiSTB_origin/HiSTBLinux/out/hi3798mv100/hi3798mv100_out/obj/source/boot/fastboot'
make -C /home/ray/workplace/git_download/HiSTB_origin/HiSTBLinux/out/hi3798mv100/hi3798mv100_out/obj/source/boot/product ARCH=arm CROSS_COMPILE=arm-histbv310-linux- LIBSPRODUCT=/home/ray/workplace/git_download/HiSTB_origin/HiSTBLinux/out/hi3798mv100/hi3798mv100_out/obj/source/boot/product/libproduct.a CONFIG_COMPRESS_BOOT= O= CONFIG_MERGE_IMAGE= CHIP_TYPE=hi3798mv100 O=/home/ray/workplace/git_download/HiSTB_origin/HiSTBLinux/out/hi3798mv100/hi3798mv100_out/obj/source/boot
 /usr/bin/mkdir -p '/home/ray/workplace/git_download/HiSTB_origin/HiSTBLinux/out/hi3798mv100/hi3798mv100_out/obj/source/component/alsa/root/usr/share/alsa/ucm/DAISY-I2S'
make[2]: Entering directory '/home/ray/workplace/git_download/HiSTB_origin/HiSTBLinux/source/boot'
make[2]: warning: jobserver unavailable: using -j1.  Add '+' to parent make rule.
make -C adp all
make[3]: Entering directory '/home/ray/workplace/git_download/HiSTB_origin/HiSTBLinux/out/hi3798mv100/hi3798mv100_out/obj/source/boot/product/adp'
arm-histbv310-linux-gcc -g -Os -D__KERNEL__ -fno-strict-aliasing -fno-common -ffixed-r8 -nostdinc -isystem /home/ray/workplace/git_download/HiSTB_origin/HiSTBLinux/tools/linux/toolchains/arm-histbv310-linux/bin/../lib/gcc/arm-gcc492_glibc224-linux-gnueabi/4.9.2/include  -fno-builtin -ffreestanding  -pipe -marm  -mabi=aapcs-linux -mfloat-abi=soft -mno-thumb-interwork -Wall -Wstrict-prototypes -fno-stack-protector -I/home/ray/workplace/git_download/HiSTB_origin/HiSTBLinux/out/hi3798mv100/hi3798mv100_out/obj/source/boot/fastboot/include -mcpu=cortex-a7 -Werror -Wall -D_GNU_SOURCE -D_XOPEN_SOURCE=600 -O2 -fPIC -DCHIP_TYPE_hi3798mv100 -DSDK_VERSION="HiSTBLinuxV100R005C00SPC050_20170731" -DHI_LOG_SUPPORT=1 -DHI_LOG_LEVEL=4 -DLOG_NETWORK_SUPPORT -DLOG_UDISK_SUPPORT -DHI_PROC_SUPPORT=1 -DHI_HDMI_SUPPORT_1_4 -DHI_PVR_SUPPORT -DHI_VI_SUPPORT -DHI_VENC_SUPPORT -DHI_PQ_V3_0  -I/home/ray/workplace/git_download/HiSTB_origin/HiSTBLinux/out/hi3798mv100/hi3798mv100_out/obj/source/boot/product/driver/include -I/home/ray/workplace/git_download/HiSTB_origin/HiSTBLinux/out/hi3798mv100/hi3798mv100_out/obj/source/boot/product/driver/include_inc -I/home/ray/workplace/git_download/HiSTB_origin/HiSTBLinux/out/hi3798mv100/hi3798mv100_out/obj/source/boot/product/loader/schedule -I/home/ray/workplace/git_download/HiSTB_origin/HiSTBLinux/out/hi3798mv100/hi3798mv100_out/obj/source/boot/product/logo/include -I/home/ray/workplace/git_download/HiSTB_origin/HiSTBLinux/out/hi3798mv100/hi3798mv100_out/obj/source/boot/product/driver/graphic/include -I/home/ray/workplace/git_download/HiSTB_origin/HiSTBLinux/out/hi3798mv100/hi3798mv100_out/obj/source/boot/product/adp/include -I/home/ray/workplace/git_download/HiSTB_origin/HiSTBLinux/out/hi3798mv100/hi3798mv100_out/obj/source/boot/product/pdm/include -I/home/ray/workplace/git_download/HiSTB_origin/HiSTBLinux/source/common/include -I/home/ray/workplace/git_download/HiSTB_origin/HiSTBLinux/source/common/drv/include -I/home/ray/workplace/git_download/HiSTB_origin/HiSTBLinux/out/hi3798mv100/hi3798mv100_out/obj/source/boot/miniboot/app -DCONFIG_ARM -D__ARM__ -DHI_PM_POWERUP_MODE1_SUPPORT -DHI_AVS_SUPPORT -I/home/ray/workplace/git_download/HiSTB_origin/HiSTBLinux/out/hi3798mv100/hi3798mv100_out/obj/source/boot/product/driver/include -I/home/ray/workplace/git_download/HiSTB_origin/HiSTBLinux/out/hi3798mv100/hi3798mv100_out/obj/source/boot/product/driver/include_inc -I/home/ray/workplace/git_download/HiSTB_origin/HiSTBLinux/source/boot/fastboot/arch/arm/include -I/home/ray/workplace/git_download/HiSTB_origin/HiSTBLinux/source/boot/fastboot/include -I/home/ray/workplace/git_download/HiSTB_origin/HiSTBLinux/source/common/include -I/home/ray/workplace/git_download/HiSTB_origin/HiSTBLinux/out/hi3798mv100/hi3798mv100_out/obj/source/boot/product/driver/graphic/include -I/home/ray/workplace/git_download/HiSTB_origin/HiSTBLinux/out/hi3798mv100/hi3798mv100_out/obj/source/boot/product/logo/include -I/home/ray/workplace/git_download/HiSTB_origin/HiSTBLinux/out/hi3798mv100/hi3798mv100_out/obj/source/boot/product/adp/include   -c -o boot_adp.o boot_adp.c
 /usr/bin/install -c -m 644 DAISY-I2S.conf HiFi.conf '/home/ray/workplace/git_download/HiSTB_origin/HiSTBLinux/out/hi3798mv100/hi3798mv100_out/obj/source/component/alsa/root/usr/share/alsa/ucm/DAISY-I2S'
make[9]: Leaving directory '/home/ray/workplace/git_download/HiSTB_origin/HiSTBLinux/out/hi3798mv100/hi3798mv100_out/obj/source/component/alsa/alsa-lib-1.0.28/src/conf/ucm/DAISY-I2S'
make[8]: Leaving directory '/home/ray/workplace/git_download/HiSTB_origin/HiSTBLinux/out/hi3798mv100/hi3798mv100_out/obj/source/component/alsa/alsa-lib-1.0.28/src/conf/ucm/DAISY-I2S'
Making install in PandaBoard
make[8]: Entering directory '/home/ray/workplace/git_download/HiSTB_origin/HiSTBLinux/out/hi3798mv100/hi3798mv100_out/obj/source/component/alsa/alsa-lib-1.0.28/src/conf/ucm/PandaBoard'
make[9]: Entering directory '/home/ray/workplace/git_download/HiSTB_origin/HiSTBLinux/out/hi3798mv100/hi3798mv100_out/obj/source/component/alsa/alsa-lib-1.0.28/src/conf/ucm/PandaBoard'
make[9]: Nothing to be done for 'install-exec-am'.
 /usr/bin/mkdir -p '/home/ray/workplace/git_download/HiSTB_origin/HiSTBLinux/out/hi3798mv100/hi3798mv100_out/obj/source/component/alsa/root/usr/share/alsa/ucm/PandaBoard'
 /usr/bin/install -c -m 644 FMAnalog hifi hifiLP PandaBoard.conf record voice voiceCall '/home/ray/workplace/git_download/HiSTB_origin/HiSTBLinux/out/hi3798mv100/hi3798mv100_out/obj/source/component/alsa/root/usr/share/alsa/ucm/PandaBoard'
make[9]: Leaving directory '/home/ray/workplace/git_download/HiSTB_origin/HiSTBLinux/out/hi3798mv100/hi3798mv100_out/obj/source/component/alsa/alsa-lib-1.0.28/src/conf/ucm/PandaBoard'
make[8]: Leaving directory '/home/ray/workplace/git_download/HiSTB_origin/HiSTBLinux/out/hi3798mv100/hi3798mv100_out/obj/source/component/alsa/alsa-lib-1.0.28/src/conf/ucm/PandaBoard'
Making install in PandaBoardES
make[8]: Entering directory '/home/ray/workplace/git_download/HiSTB_origin/HiSTBLinux/out/hi3798mv100/hi3798mv100_out/obj/source/component/alsa/alsa-lib-1.0.28/src/conf/ucm/PandaBoardES'
make[9]: Entering directory '/home/ray/workplace/git_download/HiSTB_origin/HiSTBLinux/out/hi3798mv100/hi3798mv100_out/obj/source/component/alsa/alsa-lib-1.0.28/src/conf/ucm/PandaBoardES'
make[9]: Nothing to be done for 'install-exec-am'.
 /usr/bin/mkdir -p '/home/ray/workplace/git_download/HiSTB_origin/HiSTBLinux/out/hi3798mv100/hi3798mv100_out/obj/source/component/alsa/root/usr/share/alsa/ucm/PandaBoardES'
 /usr/bin/install -c -m 644 FMAnalog hifi hifiLP PandaBoardES.conf record voice voiceCall '/home/ray/workplace/git_download/HiSTB_origin/HiSTBLinux/out/hi3798mv100/hi3798mv100_out/obj/source/component/alsa/root/usr/share/alsa/ucm/PandaBoardES'
make[2]: Leaving directory '/home/ray/workplace/git_download/HiSTB_origin/HiSTBLinux/source/rootfs/scripts'

make[9]: Leaving directory '/home/ray/workplace/git_download/HiSTB_origin/HiSTBLinux/out/hi3798mv100/hi3798mv100_out/obj/source/component/alsa/alsa-lib-1.0.28/src/conf/ucm/PandaBoardES'
make[8]: Leaving directory '/home/ray/workplace/git_download/HiSTB_origin/HiSTBLinux/out/hi3798mv100/hi3798mv100_out/obj/source/component/alsa/alsa-lib-1.0.28/src/conf/ucm/PandaBoardES'
Making install in SDP4430
File system is ready at "/home/ray/workplace/git_download/HiSTB_origin/HiSTBLinux/out/hi3798mv100/hi3798mv100_out/obj/rootfs"

make[1]: Leaving directory '/home/ray/workplace/git_download/HiSTB_origin/HiSTBLinux/source/rootfs'
make[3]: Leaving directory '/home/ray/workplace/git_download/HiSTB_origin/HiSTBLinux/out/hi3798mv100/hi3798mv100_out/obj/source/boot/product/adp'
make[8]: Entering directory '/home/ray/workplace/git_download/HiSTB_origin/HiSTBLinux/out/hi3798mv100/hi3798mv100_out/obj/source/component/alsa/alsa-lib-1.0.28/src/conf/ucm/SDP4430'
make -C driver all
make[3]: Entering directory '/home/ray/workplace/git_download/HiSTB_origin/HiSTBLinux/out/hi3798mv100/hi3798mv100_out/obj/source/boot/product/driver'
make -C graphic prepare
make[4]: Entering directory '/home/ray/workplace/git_download/HiSTB_origin/HiSTBLinux/out/hi3798mv100/hi3798mv100_out/obj/source/boot/product/driver/graphic'
make[9]: Entering directory '/home/ray/workplace/git_download/HiSTB_origin/HiSTBLinux/out/hi3798mv100/hi3798mv100_out/obj/source/component/alsa/alsa-lib-1.0.28/src/conf/ucm/SDP4430'
make[9]: Nothing to be done for 'install-exec-am'.
 /usr/bin/mkdir -p '/home/ray/workplace/git_download/HiSTB_origin/HiSTBLinux/out/hi3798mv100/hi3798mv100_out/obj/source/component/alsa/root/usr/share/alsa/ucm/SDP4430'
 /usr/bin/install -c -m 644 FMAnalog hifi hifiLP record SDP4430.conf voice voiceCall '/home/ray/workplace/git_download/HiSTB_origin/HiSTBLinux/out/hi3798mv100/hi3798mv100_out/obj/source/component/alsa/root/usr/share/alsa/ucm/SDP4430'
make[9]: Leaving directory '/home/ray/workplace/git_download/HiSTB_origin/HiSTBLinux/out/hi3798mv100/hi3798mv100_out/obj/source/component/alsa/alsa-lib-1.0.28/src/conf/ucm/SDP4430'
make[8]: Leaving directory '/home/ray/workplace/git_download/HiSTB_origin/HiSTBLinux/out/hi3798mv100/hi3798mv100_out/obj/source/component/alsa/alsa-lib-1.0.28/src/conf/ucm/SDP4430'
Making install in tegraalc5632
make[8]: Entering directory '/home/ray/workplace/git_download/HiSTB_origin/HiSTBLinux/out/hi3798mv100/hi3798mv100_out/obj/source/component/alsa/alsa-lib-1.0.28/src/conf/ucm/tegraalc5632'
make[9]: Entering directory '/home/ray/workplace/git_download/HiSTB_origin/HiSTBLinux/out/hi3798mv100/hi3798mv100_out/obj/source/component/alsa/alsa-lib-1.0.28/src/conf/ucm/tegraalc5632'
make[9]: Nothing to be done for 'install-exec-am'.
 /usr/bin/mkdir -p '/home/ray/workplace/git_download/HiSTB_origin/HiSTBLinux/out/hi3798mv100/hi3798mv100_out/obj/source/component/alsa/root/usr/share/alsa/ucm/tegraalc5632'
 /usr/bin/install -c -m 644 tegraalc5632.conf '/home/ray/workplace/git_download/HiSTB_origin/HiSTBLinux/out/hi3798mv100/hi3798mv100_out/obj/source/component/alsa/root/usr/share/alsa/ucm/tegraalc5632'
make[9]: Leaving directory '/home/ray/workplace/git_download/HiSTB_origin/HiSTBLinux/out/hi3798mv100/hi3798mv100_out/obj/source/component/alsa/alsa-lib-1.0.28/src/conf/ucm/tegraalc5632'
make[8]: Leaving directory '/home/ray/workplace/git_download/HiSTB_origin/HiSTBLinux/out/hi3798mv100/hi3798mv100_out/obj/source/component/alsa/alsa-lib-1.0.28/src/conf/ucm/tegraalc5632'
make[8]: Entering directory '/home/ray/workplace/git_download/HiSTB_origin/HiSTBLinux/out/hi3798mv100/hi3798mv100_out/obj/source/component/alsa/alsa-lib-1.0.28/src/conf/ucm'
make[9]: Entering directory '/home/ray/workplace/git_download/HiSTB_origin/HiSTBLinux/out/hi3798mv100/hi3798mv100_out/obj/source/component/alsa/alsa-lib-1.0.28/src/conf/ucm'
make[9]: Nothing to be done for 'install-exec-am'.
make[9]: Nothing to be done for 'install-data-am'.
make[9]: Leaving directory '/home/ray/workplace/git_download/HiSTB_origin/HiSTBLinux/out/hi3798mv100/hi3798mv100_out/obj/source/component/alsa/alsa-lib-1.0.28/src/conf/ucm'
make[8]: Leaving directory '/home/ray/workplace/git_download/HiSTB_origin/HiSTBLinux/out/hi3798mv100/hi3798mv100_out/obj/source/component/alsa/alsa-lib-1.0.28/src/conf/ucm'
make[7]: Leaving directory '/home/ray/workplace/git_download/HiSTB_origin/HiSTBLinux/out/hi3798mv100/hi3798mv100_out/obj/source/component/alsa/alsa-lib-1.0.28/src/conf/ucm'
make[7]: Entering directory '/home/ray/workplace/git_download/HiSTB_origin/HiSTBLinux/out/hi3798mv100/hi3798mv100_out/obj/source/component/alsa/alsa-lib-1.0.28/src/conf'
make[4]: Leaving directory '/home/ray/workplace/git_download/HiSTB_origin/HiSTBLinux/out/hi3798mv100/hi3798mv100_out/obj/source/boot/product/driver/graphic'
make -C disp prepare
make[8]: Entering directory '/home/ray/workplace/git_download/HiSTB_origin/HiSTBLinux/out/hi3798mv100/hi3798mv100_out/obj/source/component/alsa/alsa-lib-1.0.28/src/conf'
make[8]: Nothing to be done for 'install-exec-am'.
make[4]: Entering directory '/home/ray/workplace/git_download/HiSTB_origin/HiSTBLinux/out/hi3798mv100/hi3798mv100_out/obj/source/boot/product/driver/disp'
echo "hahahaha"
 /usr/bin/mkdir -p '/home/ray/workplace/git_download/HiSTB_origin/HiSTBLinux/out/hi3798mv100/hi3798mv100_out/obj/source/component/alsa/root/usr/share/alsa'
hahahaha
 /usr/bin/install -c -m 644 alsa.conf sndo-mixer.alisp smixer.conf '/home/ray/workplace/git_download/HiSTB_origin/HiSTBLinux/out/hi3798mv100/hi3798mv100_out/obj/source/component/alsa/root/usr/share/alsa'
cp -rf /home/ray/workplace/git_download/HiSTB_origin/HiSTBLinux/source/msp/drv/vo/vdp_v2_0  /home/ray/workplace/git_download/HiSTB_origin/HiSTBLinux/out/hi3798mv100/hi3798mv100_out/obj/source/boot/product/driver/disp/
make[8]: Leaving directory '/home/ray/workplace/git_download/HiSTB_origin/HiSTBLinux/out/hi3798mv100/hi3798mv100_out/obj/source/component/alsa/alsa-lib-1.0.28/src/conf'
make[7]: Leaving directory '/home/ray/workplace/git_download/HiSTB_origin/HiSTBLinux/out/hi3798mv100/hi3798mv100_out/obj/source/component/alsa/alsa-lib-1.0.28/src/conf'
make[7]: Leaving directory '/home/ray/workplace/git_download/HiSTB_origin/HiSTBLinux/out/hi3798mv100/hi3798mv100_out/obj/source/component/openssl/openssl-1.0.2l'
make[6]: Leaving directory '/home/ray/workplace/git_download/HiSTB_origin/HiSTBLinux/out/hi3798mv100/hi3798mv100_out/obj/source/component/alsa/alsa-lib-1.0.28/src/conf'
make[7]: Entering directory '/home/ray/workplace/git_download/HiSTB_origin/HiSTBLinux/out/hi3798mv100/hi3798mv100_out/obj/source/component/openssl/openssl-1.0.2l'
make[7]: Leaving directory '/home/ray/workplace/git_download/HiSTB_origin/HiSTBLinux/out/hi3798mv100/hi3798mv100_out/obj/source/component/openssl/openssl-1.0.2l'
make[6]: Leaving directory '/home/ray/workplace/git_download/HiSTB_origin/HiSTBLinux/out/hi3798mv100/hi3798mv100_out/obj/source/component/openssl/openssl-1.0.2l'
make[6]: Entering directory '/home/ray/workplace/git_download/HiSTB_origin/HiSTBLinux/out/hi3798mv100/hi3798mv100_out/obj/source/component/alsa/alsa-lib-1.0.28/src'
make[6]: Entering directory '/home/ray/workplace/git_download/HiSTB_origin/HiSTBLinux/out/hi3798mv100/hi3798mv100_out/obj/source/component/openssl/openssl-1.0.2l'
find . -name "*.o" -o -name "*.so" -o -name "*.a" |xargs rm -fr
make[7]: Entering directory '/home/ray/workplace/git_download/HiSTB_origin/HiSTBLinux/out/hi3798mv100/hi3798mv100_out/obj/source/component/openssl/openssl-1.0.2l'
make[4]: Leaving directory '/home/ray/workplace/git_download/HiSTB_origin/HiSTBLinux/out/hi3798mv100/hi3798mv100_out/obj/source/boot/product/driver/disp'
make -C pq prepare
make[4]: Entering directory '/home/ray/workplace/git_download/HiSTB_origin/HiSTBLinux/out/hi3798mv100/hi3798mv100_out/obj/source/boot/product/driver/pq'
make[4]: Nothing to be done for 'prepare'.
make[4]: Leaving directory '/home/ray/workplace/git_download/HiSTB_origin/HiSTBLinux/out/hi3798mv100/hi3798mv100_out/obj/source/boot/product/driver/pq'
make -C common all
make[4]: Entering directory '/home/ray/workplace/git_download/HiSTB_origin/HiSTBLinux/out/hi3798mv100/hi3798mv100_out/obj/source/boot/product/driver/common'
arm-histbv310-linux-gcc -g -Os -D__KERNEL__ -fno-strict-aliasing -fno-common -ffixed-r8 -nostdinc -isystem /home/ray/workplace/git_download/HiSTB_origin/HiSTBLinux/tools/linux/toolchains/arm-histbv310-linux/bin/../lib/gcc/arm-gcc492_glibc224-linux-gnueabi/4.9.2/include  -fno-builtin -ffreestanding  -pipe -marm  -mabi=aapcs-linux -mfloat-abi=soft -mno-thumb-interwork -Wall -Wstrict-prototypes -fno-stack-protector -I/home/ray/workplace/git_download/HiSTB_origin/HiSTBLinux/out/hi3798mv100/hi3798mv100_out/obj/source/boot/fastboot/include -mcpu=cortex-a7 -Werror -Wall -D_GNU_SOURCE -D_XOPEN_SOURCE=600 -O2 -fPIC -DCHIP_TYPE_hi3798mv100 -DSDK_VERSION="HiSTBLinuxV100R005C00SPC050_20170731" -DHI_LOG_SUPPORT=1 -DHI_LOG_LEVEL=4 -DLOG_NETWORK_SUPPORT -DLOG_UDISK_SUPPORT -DHI_PROC_SUPPORT=1 -DHI_HDMI_SUPPORT_1_4 -DHI_PVR_SUPPORT -DHI_VI_SUPPORT -DHI_VENC_SUPPORT -DHI_PQ_V3_0  -I/home/ray/workplace/git_download/HiSTB_origin/HiSTBLinux/out/hi3798mv100/hi3798mv100_out/obj/source/boot/product/driver/include -I/home/ray/workplace/git_download/HiSTB_origin/HiSTBLinux/out/hi3798mv100/hi3798mv100_out/obj/source/boot/product/driver/include_inc -I/home/ray/workplace/git_download/HiSTB_origin/HiSTBLinux/out/hi3798mv100/hi3798mv100_out/obj/source/boot/product/loader/schedule -I/home/ray/workplace/git_download/HiSTB_origin/HiSTBLinux/out/hi3798mv100/hi3798mv100_out/obj/source/boot/product/logo/include -I/home/ray/workplace/git_download/HiSTB_origin/HiSTBLinux/out/hi3798mv100/hi3798mv100_out/obj/source/boot/product/driver/graphic/include -I/home/ray/workplace/git_download/HiSTB_origin/HiSTBLinux/out/hi3798mv100/hi3798mv100_out/obj/source/boot/product/adp/include -I/home/ray/workplace/git_download/HiSTB_origin/HiSTBLinux/out/hi3798mv100/hi3798mv100_out/obj/source/boot/product/pdm/include -I/home/ray/workplace/git_download/HiSTB_origin/HiSTBLinux/source/common/include -I/home/ray/workplace/git_download/HiSTB_origin/HiSTBLinux/source/common/drv/include -I/home/ray/workplace/git_download/HiSTB_origin/HiSTBLinux/out/hi3798mv100/hi3798mv100_out/obj/source/boot/miniboot/app -DCONFIG_ARM -D__ARM__ -DHI_PM_POWERUP_MODE1_SUPPORT -DHI_AVS_SUPPORT -I/home/ray/workplace/git_download/HiSTB_origin/HiSTBLinux/out/hi3798mv100/hi3798mv100_out/obj/source/boot/product/driver/include -I/home/ray/workplace/git_download/HiSTB_origin/HiSTBLinux/out/hi3798mv100/hi3798mv100_out/obj/source/boot/product/driver/include_inc -I/home/ray/workplace/git_download/HiSTB_origin/HiSTBLinux/source/boot/fastboot/arch/arm/include -I/home/ray/workplace/git_download/HiSTB_origin/HiSTBLinux/source/boot/fastboot/include -I/home/ray/workplace/git_download/HiSTB_origin/HiSTBLinux/source/common/include -DHI_BOOT_LOG_SUPPORT   -c -o boot_debug.o boot_debug.c
make[7]: Entering directory '/home/ray/workplace/git_download/HiSTB_origin/HiSTBLinux/out/hi3798mv100/hi3798mv100_out/obj/source/component/alsa/alsa-lib-1.0.28/src'
 /usr/bin/mkdir -p '/home/ray/workplace/git_download/HiSTB_origin/HiSTBLinux/out/hi3798mv100/hi3798mv100_out/obj/source/component/alsa/root/usr/lib'
 /bin/bash ../libtool   --mode=install /usr/bin/install -c -s  libasound.la '/home/ray/workplace/git_download/HiSTB_origin/HiSTBLinux/out/hi3798mv100/hi3798mv100_out/obj/source/component/alsa/root/usr/lib'
libtool: install: /usr/bin/install -c .libs/libasound.so.2.0.0 /home/ray/workplace/git_download/HiSTB_origin/HiSTBLinux/out/hi3798mv100/hi3798mv100_out/obj/source/component/alsa/root/usr/lib/libasound.so.2.0.0
libtool: install: arm-histbv310-linux-strip --strip-unneeded /home/ray/workplace/git_download/HiSTB_origin/HiSTBLinux/out/hi3798mv100/hi3798mv100_out/obj/source/component/alsa/root/usr/lib/libasound.so.2.0.0
libtool: install: (cd /home/ray/workplace/git_download/HiSTB_origin/HiSTBLinux/out/hi3798mv100/hi3798mv100_out/obj/source/component/alsa/root/usr/lib && { ln -s -f libasound.so.2.0.0 libasound.so.2 || { rm -f libasound.so.2 && ln -s libasound.so.2.0.0 libasound.so.2; }; })
libtool: install: (cd /home/ray/workplace/git_download/HiSTB_origin/HiSTBLinux/out/hi3798mv100/hi3798mv100_out/obj/source/component/alsa/root/usr/lib && { ln -s -f libasound.so.2.0.0 libasound.so || { rm -f libasound.so && ln -s libasound.so.2.0.0 libasound.so; }; })
libtool: install: /usr/bin/install -c .libs/libasound.lai /home/ray/workplace/git_download/HiSTB_origin/HiSTBLinux/out/hi3798mv100/hi3798mv100_out/obj/source/component/alsa/root/usr/lib/libasound.la
libtool: install: warning: remember to run `libtool --finish /usr/lib'
make[7]: Nothing to be done for 'install-data-am'.
make[7]: Leaving directory '/home/ray/workplace/git_download/HiSTB_origin/HiSTBLinux/out/hi3798mv100/hi3798mv100_out/obj/source/component/alsa/alsa-lib-1.0.28/src'
make[6]: Leaving directory '/home/ray/workplace/git_download/HiSTB_origin/HiSTBLinux/out/hi3798mv100/hi3798mv100_out/obj/source/component/alsa/alsa-lib-1.0.28/src'
make[5]: Leaving directory '/home/ray/workplace/git_download/HiSTB_origin/HiSTBLinux/out/hi3798mv100/hi3798mv100_out/obj/source/component/alsa/alsa-lib-1.0.28/src'
Making install in modules
make[5]: Entering directory '/home/ray/workplace/git_download/HiSTB_origin/HiSTBLinux/out/hi3798mv100/hi3798mv100_out/obj/source/component/alsa/alsa-lib-1.0.28/modules'
make[7]: Leaving directory '/home/ray/workplace/git_download/HiSTB_origin/HiSTBLinux/out/hi3798mv100/hi3798mv100_out/obj/source/component/openssl/openssl-1.0.2l'
Making install in mixer
make[6]: Entering directory '/home/ray/workplace/git_download/HiSTB_origin/HiSTBLinux/out/hi3798mv100/hi3798mv100_out/obj/source/component/alsa/alsa-lib-1.0.28/modules/mixer'
make[7]: Entering directory '/home/ray/workplace/git_download/HiSTB_origin/HiSTBLinux/out/hi3798mv100/hi3798mv100_out/obj/source/component/openssl/openssl-1.0.2l'
arm-histbv310-linux-gcc -g -Os -D__KERNEL__ -fno-strict-aliasing -fno-common -ffixed-r8 -nostdinc -isystem /home/ray/workplace/git_download/HiSTB_origin/HiSTBLinux/tools/linux/toolchains/arm-histbv310-linux/bin/../lib/gcc/arm-gcc492_glibc224-linux-gnueabi/4.9.2/include  -fno-builtin -ffreestanding  -pipe -marm  -mabi=aapcs-linux -mfloat-abi=soft -mno-thumb-interwork -Wall -Wstrict-prototypes -fno-stack-protector -I/home/ray/workplace/git_download/HiSTB_origin/HiSTBLinux/out/hi3798mv100/hi3798mv100_out/obj/source/boot/fastboot/include -mcpu=cortex-a7 -Werror -Wall -D_GNU_SOURCE -D_XOPEN_SOURCE=600 -O2 -fPIC -DCHIP_TYPE_hi3798mv100 -DSDK_VERSION="HiSTBLinuxV100R005C00SPC050_20170731" -DHI_LOG_SUPPORT=1 -DHI_LOG_LEVEL=4 -DLOG_NETWORK_SUPPORT -DLOG_UDISK_SUPPORT -DHI_PROC_SUPPORT=1 -DHI_HDMI_SUPPORT_1_4 -DHI_PVR_SUPPORT -DHI_VI_SUPPORT -DHI_VENC_SUPPORT -DHI_PQ_V3_0  -I/home/ray/workplace/git_download/HiSTB_origin/HiSTBLinux/out/hi3798mv100/hi3798mv100_out/obj/source/boot/product/driver/include -I/home/ray/workplace/git_download/HiSTB_origin/HiSTBLinux/out/hi3798mv100/hi3798mv100_out/obj/source/boot/product/driver/include_inc -I/home/ray/workplace/git_download/HiSTB_origin/HiSTBLinux/out/hi3798mv100/hi3798mv100_out/obj/source/boot/product/loader/schedule -I/home/ray/workplace/git_download/HiSTB_origin/HiSTBLinux/out/hi3798mv100/hi3798mv100_out/obj/source/boot/product/logo/include -I/home/ray/workplace/git_download/HiSTB_origin/HiSTBLinux/out/hi3798mv100/hi3798mv100_out/obj/source/boot/product/driver/graphic/include -I/home/ray/workplace/git_download/HiSTB_origin/HiSTBLinux/out/hi3798mv100/hi3798mv100_out/obj/source/boot/product/adp/include -I/home/ray/workplace/git_download/HiSTB_origin/HiSTBLinux/out/hi3798mv100/hi3798mv100_out/obj/source/boot/product/pdm/include -I/home/ray/workplace/git_download/HiSTB_origin/HiSTBLinux/source/common/include -I/home/ray/workplace/git_download/HiSTB_origin/HiSTBLinux/source/common/drv/include -I/home/ray/workplace/git_download/HiSTB_origin/HiSTBLinux/out/hi3798mv100/hi3798mv100_out/obj/source/boot/miniboot/app -DCONFIG_ARM -D__ARM__ -DHI_PM_POWERUP_MODE1_SUPPORT -DHI_AVS_SUPPORT -I/home/ray/workplace/git_download/HiSTB_origin/HiSTBLinux/out/hi3798mv100/hi3798mv100_out/obj/source/boot/product/driver/include -I/home/ray/workplace/git_download/HiSTB_origin/HiSTBLinux/out/hi3798mv100/hi3798mv100_out/obj/source/boot/product/driver/include_inc -I/home/ray/workplace/git_download/HiSTB_origin/HiSTBLinux/source/boot/fastboot/arch/arm/include -I/home/ray/workplace/git_download/HiSTB_origin/HiSTBLinux/source/boot/fastboot/include -I/home/ray/workplace/git_download/HiSTB_origin/HiSTBLinux/source/common/include -DHI_BOOT_LOG_SUPPORT   -c -o boot_mem.o boot_mem.c
make[7]: Leaving directory '/home/ray/workplace/git_download/HiSTB_origin/HiSTBLinux/out/hi3798mv100/hi3798mv100_out/obj/source/component/openssl/openssl-1.0.2l'
Making install in simple
make[6]: Leaving directory '/home/ray/workplace/git_download/HiSTB_origin/HiSTBLinux/out/hi3798mv100/hi3798mv100_out/obj/source/component/openssl/openssl-1.0.2l'
make[5]: Leaving directory '/home/ray/workplace/git_download/HiSTB_origin/HiSTBLinux/out/hi3798mv100/hi3798mv100_out/obj/source/component/openssl/openssl-1.0.2l'
make[4]: Leaving directory '/home/ray/workplace/git_download/HiSTB_origin/HiSTBLinux/out/hi3798mv100/hi3798mv100_out/obj/source/component/openssl/openssl-1.0.2l/ssl'
making all in apps...
make[7]: Entering directory '/home/ray/workplace/git_download/HiSTB_origin/HiSTBLinux/out/hi3798mv100/hi3798mv100_out/obj/source/component/alsa/alsa-lib-1.0.28/modules/mixer/simple'
make[4]: Entering directory '/home/ray/workplace/git_download/HiSTB_origin/HiSTBLinux/out/hi3798mv100/hi3798mv100_out/obj/source/component/openssl/openssl-1.0.2l/apps'
make[4]: Nothing to be done for 'all'.
make[4]: Leaving directory '/home/ray/workplace/git_download/HiSTB_origin/HiSTBLinux/out/hi3798mv100/hi3798mv100_out/obj/source/component/openssl/openssl-1.0.2l/apps'
making all in test...
make[8]: Entering directory '/home/ray/workplace/git_download/HiSTB_origin/HiSTBLinux/out/hi3798mv100/hi3798mv100_out/obj/source/component/alsa/alsa-lib-1.0.28/modules/mixer/simple'
make[4]: Entering directory '/home/ray/workplace/git_download/HiSTB_origin/HiSTBLinux/out/hi3798mv100/hi3798mv100_out/obj/source/component/openssl/openssl-1.0.2l/test'
make[4]: Nothing to be done for 'all'.
make[4]: Leaving directory '/home/ray/workplace/git_download/HiSTB_origin/HiSTBLinux/out/hi3798mv100/hi3798mv100_out/obj/source/component/openssl/openssl-1.0.2l/test'
 /usr/bin/mkdir -p '/home/ray/workplace/git_download/HiSTB_origin/HiSTBLinux/out/hi3798mv100/hi3798mv100_out/obj/source/component/alsa/root/usr/lib/alsa-lib/smixer'
making all in tools...
 /bin/bash ../../../libtool   --mode=install /usr/bin/install -c -s  smixer-sbase.la smixer-ac97.la smixer-hda.la '/home/ray/workplace/git_download/HiSTB_origin/HiSTBLinux/out/hi3798mv100/hi3798mv100_out/obj/source/component/alsa/root/usr/lib/alsa-lib/smixer'
make[4]: Entering directory '/home/ray/workplace/git_download/HiSTB_origin/HiSTBLinux/out/hi3798mv100/hi3798mv100_out/obj/source/component/openssl/openssl-1.0.2l/tools'
make[4]: Nothing to be done for 'all'.
make[4]: Leaving directory '/home/ray/workplace/git_download/HiSTB_origin/HiSTBLinux/out/hi3798mv100/hi3798mv100_out/obj/source/component/openssl/openssl-1.0.2l/tools'
make[3]: Leaving directory '/home/ray/workplace/git_download/HiSTB_origin/HiSTBLinux/out/hi3798mv100/hi3798mv100_out/obj/source/component/openssl/openssl-1.0.2l'
make[3]: Entering directory '/home/ray/workplace/git_download/HiSTB_origin/HiSTBLinux/out/hi3798mv100/hi3798mv100_out/obj/source/component/openssl/openssl-1.0.2l'
make[3]: warning: -j1 forced in submake: resetting jobserver mode.
making all in crypto...
make[4]: Entering directory '/home/ray/workplace/git_download/HiSTB_origin/HiSTBLinux/out/hi3798mv100/hi3798mv100_out/obj/source/component/openssl/openssl-1.0.2l/crypto'
making all in crypto/objects...
make[5]: Entering directory '/home/ray/workplace/git_download/HiSTB_origin/HiSTBLinux/out/hi3798mv100/hi3798mv100_out/obj/source/component/openssl/openssl-1.0.2l/crypto/objects'
make[5]: Nothing to be done for 'all'.
make[5]: Leaving directory '/home/ray/workplace/git_download/HiSTB_origin/HiSTBLinux/out/hi3798mv100/hi3798mv100_out/obj/source/component/openssl/openssl-1.0.2l/crypto/objects'
making all in crypto/md4...
arm-histbv310-linux-gcc -g -Os -D__KERNEL__ -fno-strict-aliasing -fno-common -ffixed-r8 -nostdinc -isystem /home/ray/workplace/git_download/HiSTB_origin/HiSTBLinux/tools/linux/toolchains/arm-histbv310-linux/bin/../lib/gcc/arm-gcc492_glibc224-linux-gnueabi/4.9.2/include  -fno-builtin -ffreestanding  -pipe -marm  -mabi=aapcs-linux -mfloat-abi=soft -mno-thumb-interwork -Wall -Wstrict-prototypes -fno-stack-protector -I/home/ray/workplace/git_download/HiSTB_origin/HiSTBLinux/out/hi3798mv100/hi3798mv100_out/obj/source/boot/fastboot/include -mcpu=cortex-a7 -Werror -Wall -D_GNU_SOURCE -D_XOPEN_SOURCE=600 -O2 -fPIC -DCHIP_TYPE_hi3798mv100 -DSDK_VERSION="HiSTBLinuxV100R005C00SPC050_20170731" -DHI_LOG_SUPPORT=1 -DHI_LOG_LEVEL=4 -DLOG_NETWORK_SUPPORT -DLOG_UDISK_SUPPORT -DHI_PROC_SUPPORT=1 -DHI_HDMI_SUPPORT_1_4 -DHI_PVR_SUPPORT -DHI_VI_SUPPORT -DHI_VENC_SUPPORT -DHI_PQ_V3_0  -I/home/ray/workplace/git_download/HiSTB_origin/HiSTBLinux/out/hi3798mv100/hi3798mv100_out/obj/source/boot/product/driver/include -I/home/ray/workplace/git_download/HiSTB_origin/HiSTBLinux/out/hi3798mv100/hi3798mv100_out/obj/source/boot/product/driver/include_inc -I/home/ray/workplace/git_download/HiSTB_origin/HiSTBLinux/out/hi3798mv100/hi3798mv100_out/obj/source/boot/product/loader/schedule -I/home/ray/workplace/git_download/HiSTB_origin/HiSTBLinux/out/hi3798mv100/hi3798mv100_out/obj/source/boot/product/logo/include -I/home/ray/workplace/git_download/HiSTB_origin/HiSTBLinux/out/hi3798mv100/hi3798mv100_out/obj/source/boot/product/driver/graphic/include -I/home/ray/workplace/git_download/HiSTB_origin/HiSTBLinux/out/hi3798mv100/hi3798mv100_out/obj/source/boot/product/adp/include -I/home/ray/workplace/git_download/HiSTB_origin/HiSTBLinux/out/hi3798mv100/hi3798mv100_out/obj/source/boot/product/pdm/include -I/home/ray/workplace/git_download/HiSTB_origin/HiSTBLinux/source/common/include -I/home/ray/workplace/git_download/HiSTB_origin/HiSTBLinux/source/common/drv/include -I/home/ray/workplace/git_download/HiSTB_origin/HiSTBLinux/out/hi3798mv100/hi3798mv100_out/obj/source/boot/miniboot/app -DCONFIG_ARM -D__ARM__ -DHI_PM_POWERUP_MODE1_SUPPORT -DHI_AVS_SUPPORT -I/home/ray/workplace/git_download/HiSTB_origin/HiSTBLinux/out/hi3798mv100/hi3798mv100_out/obj/source/boot/product/driver/include -I/home/ray/workplace/git_download/HiSTB_origin/HiSTBLinux/out/hi3798mv100/hi3798mv100_out/obj/source/boot/product/driver/include_inc -I/home/ray/workplace/git_download/HiSTB_origin/HiSTBLinux/source/boot/fastboot/arch/arm/include -I/home/ray/workplace/git_download/HiSTB_origin/HiSTBLinux/source/boot/fastboot/include -I/home/ray/workplace/git_download/HiSTB_origin/HiSTBLinux/source/common/include -DHI_BOOT_LOG_SUPPORT   -c -o common_str.o common_str.c
libtool: install: warning: relinking `smixer-sbase.la'
make[5]: Entering directory '/home/ray/workplace/git_download/HiSTB_origin/HiSTBLinux/out/hi3798mv100/hi3798mv100_out/obj/source/component/openssl/openssl-1.0.2l/crypto/md4'
make[5]: Nothing to be done for 'all'.
make[5]: Leaving directory '/home/ray/workplace/git_download/HiSTB_origin/HiSTBLinux/out/hi3798mv100/hi3798mv100_out/obj/source/component/openssl/openssl-1.0.2l/crypto/md4'
libtool: install: (cd /home/ray/workplace/git_download/HiSTB_origin/HiSTBLinux/out/hi3798mv100/hi3798mv100_out/obj/source/component/alsa/alsa-lib-1.0.28/modules/mixer/simple; /bin/bash /home/ray/workplace/git_download/HiSTB_origin/HiSTBLinux/out/hi3798mv100/hi3798mv100_out/obj/source/component/alsa/alsa-lib-1.0.28/libtool  --silent --tag CC --mode=relink arm-histbv310-linux-gcc -g -O2 -W -Wall -D_GNU_SOURCE -module -avoid-version -o smixer-sbase.la -rpath /usr/lib/alsa-lib/smixer sbase.lo ../../../src/libasound.la -inst-prefix-dir /home/ray/workplace/git_download/HiSTB_origin/HiSTBLinux/out/hi3798mv100/hi3798mv100_out/obj/source/component/alsa/root)
making all in crypto/md5...
make[5]: Entering directory '/home/ray/workplace/git_download/HiSTB_origin/HiSTBLinux/out/hi3798mv100/hi3798mv100_out/obj/source/component/openssl/openssl-1.0.2l/crypto/md5'
make[5]: Nothing to be done for 'all'.
make[5]: Leaving directory '/home/ray/workplace/git_download/HiSTB_origin/HiSTBLinux/out/hi3798mv100/hi3798mv100_out/obj/source/component/openssl/openssl-1.0.2l/crypto/md5'
making all in crypto/sha...
make[5]: Entering directory '/home/ray/workplace/git_download/HiSTB_origin/HiSTBLinux/out/hi3798mv100/hi3798mv100_out/obj/source/component/openssl/openssl-1.0.2l/crypto/sha'
make[5]: Nothing to be done for 'all'.
make[5]: Leaving directory '/home/ray/workplace/git_download/HiSTB_origin/HiSTBLinux/out/hi3798mv100/hi3798mv100_out/obj/source/component/openssl/openssl-1.0.2l/crypto/sha'
making all in crypto/mdc2...
make[5]: Entering directory '/home/ray/workplace/git_download/HiSTB_origin/HiSTBLinux/out/hi3798mv100/hi3798mv100_out/obj/source/component/openssl/openssl-1.0.2l/crypto/mdc2'
make[5]: Nothing to be done for 'all'.
make[5]: Leaving directory '/home/ray/workplace/git_download/HiSTB_origin/HiSTBLinux/out/hi3798mv100/hi3798mv100_out/obj/source/component/openssl/openssl-1.0.2l/crypto/mdc2'
making all in crypto/hmac...
make[5]: Entering directory '/home/ray/workplace/git_download/HiSTB_origin/HiSTBLinux/out/hi3798mv100/hi3798mv100_out/obj/source/component/openssl/openssl-1.0.2l/crypto/hmac'
make[5]: Nothing to be done for 'all'.
make[5]: Leaving directory '/home/ray/workplace/git_download/HiSTB_origin/HiSTBLinux/out/hi3798mv100/hi3798mv100_out/obj/source/component/openssl/openssl-1.0.2l/crypto/hmac'
making all in crypto/ripemd...
make[5]: Entering directory '/home/ray/workplace/git_download/HiSTB_origin/HiSTBLinux/out/hi3798mv100/hi3798mv100_out/obj/source/component/openssl/openssl-1.0.2l/crypto/ripemd'
make[5]: Nothing to be done for 'all'.
make[5]: Leaving directory '/home/ray/workplace/git_download/HiSTB_origin/HiSTBLinux/out/hi3798mv100/hi3798mv100_out/obj/source/component/openssl/openssl-1.0.2l/crypto/ripemd'
making all in crypto/whrlpool...
make[5]: Entering directory '/home/ray/workplace/git_download/HiSTB_origin/HiSTBLinux/out/hi3798mv100/hi3798mv100_out/obj/source/component/openssl/openssl-1.0.2l/crypto/whrlpool'
make[5]: Nothing to be done for 'all'.
make[5]: Leaving directory '/home/ray/workplace/git_download/HiSTB_origin/HiSTBLinux/out/hi3798mv100/hi3798mv100_out/obj/source/component/openssl/openssl-1.0.2l/crypto/whrlpool'
making all in crypto/des...
make[5]: Entering directory '/home/ray/workplace/git_download/HiSTB_origin/HiSTBLinux/out/hi3798mv100/hi3798mv100_out/obj/source/component/openssl/openssl-1.0.2l/crypto/des'
make[5]: Nothing to be done for 'all'.
make[5]: Leaving directory '/home/ray/workplace/git_download/HiSTB_origin/HiSTBLinux/out/hi3798mv100/hi3798mv100_out/obj/source/component/openssl/openssl-1.0.2l/crypto/des'
making all in crypto/aes...
make[5]: Entering directory '/home/ray/workplace/git_download/HiSTB_origin/HiSTBLinux/out/hi3798mv100/hi3798mv100_out/obj/source/component/openssl/openssl-1.0.2l/crypto/aes'
make[5]: Nothing to be done for 'all'.
make[5]: Leaving directory '/home/ray/workplace/git_download/HiSTB_origin/HiSTBLinux/out/hi3798mv100/hi3798mv100_out/obj/source/component/openssl/openssl-1.0.2l/crypto/aes'
making all in crypto/rc2...
make[5]: Entering directory '/home/ray/workplace/git_download/HiSTB_origin/HiSTBLinux/out/hi3798mv100/hi3798mv100_out/obj/source/component/openssl/openssl-1.0.2l/crypto/rc2'
make[5]: Nothing to be done for 'all'.
make[5]: Leaving directory '/home/ray/workplace/git_download/HiSTB_origin/HiSTBLinux/out/hi3798mv100/hi3798mv100_out/obj/source/component/openssl/openssl-1.0.2l/crypto/rc2'
making all in crypto/rc4...
make[5]: Entering directory '/home/ray/workplace/git_download/HiSTB_origin/HiSTBLinux/out/hi3798mv100/hi3798mv100_out/obj/source/component/openssl/openssl-1.0.2l/crypto/rc4'
make[5]: Nothing to be done for 'all'.
make[5]: Leaving directory '/home/ray/workplace/git_download/HiSTB_origin/HiSTBLinux/out/hi3798mv100/hi3798mv100_out/obj/source/component/openssl/openssl-1.0.2l/crypto/rc4'
making all in crypto/idea...
make[5]: Entering directory '/home/ray/workplace/git_download/HiSTB_origin/HiSTBLinux/out/hi3798mv100/hi3798mv100_out/obj/source/component/openssl/openssl-1.0.2l/crypto/idea'
make[5]: Nothing to be done for 'all'.
make[5]: Leaving directory '/home/ray/workplace/git_download/HiSTB_origin/HiSTBLinux/out/hi3798mv100/hi3798mv100_out/obj/source/component/openssl/openssl-1.0.2l/crypto/idea'
making all in crypto/bf...
make[5]: Entering directory '/home/ray/workplace/git_download/HiSTB_origin/HiSTBLinux/out/hi3798mv100/hi3798mv100_out/obj/source/component/openssl/openssl-1.0.2l/crypto/bf'
make[5]: Nothing to be done for 'all'.
make[5]: Leaving directory '/home/ray/workplace/git_download/HiSTB_origin/HiSTBLinux/out/hi3798mv100/hi3798mv100_out/obj/source/component/openssl/openssl-1.0.2l/crypto/bf'
making all in crypto/cast...
make[5]: Entering directory '/home/ray/workplace/git_download/HiSTB_origin/HiSTBLinux/out/hi3798mv100/hi3798mv100_out/obj/source/component/openssl/openssl-1.0.2l/crypto/cast'
make[5]: Nothing to be done for 'all'.
make[5]: Leaving directory '/home/ray/workplace/git_download/HiSTB_origin/HiSTBLinux/out/hi3798mv100/hi3798mv100_out/obj/source/component/openssl/openssl-1.0.2l/crypto/cast'
making all in crypto/camellia...
make[5]: Entering directory '/home/ray/workplace/git_download/HiSTB_origin/HiSTBLinux/out/hi3798mv100/hi3798mv100_out/obj/source/component/openssl/openssl-1.0.2l/crypto/camellia'
make[5]: Nothing to be done for 'all'.
make[5]: Leaving directory '/home/ray/workplace/git_download/HiSTB_origin/HiSTBLinux/out/hi3798mv100/hi3798mv100_out/obj/source/component/openssl/openssl-1.0.2l/crypto/camellia'
making all in crypto/seed...
make[5]: Entering directory '/home/ray/workplace/git_download/HiSTB_origin/HiSTBLinux/out/hi3798mv100/hi3798mv100_out/obj/source/component/openssl/openssl-1.0.2l/crypto/seed'
make[5]: Nothing to be done for 'all'.
make[5]: Leaving directory '/home/ray/workplace/git_download/HiSTB_origin/HiSTBLinux/out/hi3798mv100/hi3798mv100_out/obj/source/component/openssl/openssl-1.0.2l/crypto/seed'
making all in crypto/modes...
make[5]: Entering directory '/home/ray/workplace/git_download/HiSTB_origin/HiSTBLinux/out/hi3798mv100/hi3798mv100_out/obj/source/component/openssl/openssl-1.0.2l/crypto/modes'
make[5]: Nothing to be done for 'all'.
make[5]: Leaving directory '/home/ray/workplace/git_download/HiSTB_origin/HiSTBLinux/out/hi3798mv100/hi3798mv100_out/obj/source/component/openssl/openssl-1.0.2l/crypto/modes'
making all in crypto/bn...
arm-histbv310-linux-gcc -g -Os -D__KERNEL__ -fno-strict-aliasing -fno-common -ffixed-r8 -nostdinc -isystem /home/ray/workplace/git_download/HiSTB_origin/HiSTBLinux/tools/linux/toolchains/arm-histbv310-linux/bin/../lib/gcc/arm-gcc492_glibc224-linux-gnueabi/4.9.2/include  -fno-builtin -ffreestanding  -pipe -marm  -mabi=aapcs-linux -mfloat-abi=soft -mno-thumb-interwork -Wall -Wstrict-prototypes -fno-stack-protector -I/home/ray/workplace/git_download/HiSTB_origin/HiSTBLinux/out/hi3798mv100/hi3798mv100_out/obj/source/boot/fastboot/include -mcpu=cortex-a7 -Werror -Wall -D_GNU_SOURCE -D_XOPEN_SOURCE=600 -O2 -fPIC -DCHIP_TYPE_hi3798mv100 -DSDK_VERSION="HiSTBLinuxV100R005C00SPC050_20170731" -DHI_LOG_SUPPORT=1 -DHI_LOG_LEVEL=4 -DLOG_NETWORK_SUPPORT -DLOG_UDISK_SUPPORT -DHI_PROC_SUPPORT=1 -DHI_HDMI_SUPPORT_1_4 -DHI_PVR_SUPPORT -DHI_VI_SUPPORT -DHI_VENC_SUPPORT -DHI_PQ_V3_0  -I/home/ray/workplace/git_download/HiSTB_origin/HiSTBLinux/out/hi3798mv100/hi3798mv100_out/obj/source/boot/product/driver/include -I/home/ray/workplace/git_download/HiSTB_origin/HiSTBLinux/out/hi3798mv100/hi3798mv100_out/obj/source/boot/product/driver/include_inc -I/home/ray/workplace/git_download/HiSTB_origin/HiSTBLinux/out/hi3798mv100/hi3798mv100_out/obj/source/boot/product/loader/schedule -I/home/ray/workplace/git_download/HiSTB_origin/HiSTBLinux/out/hi3798mv100/hi3798mv100_out/obj/source/boot/product/logo/include -I/home/ray/workplace/git_download/HiSTB_origin/HiSTBLinux/out/hi3798mv100/hi3798mv100_out/obj/source/boot/product/driver/graphic/include -I/home/ray/workplace/git_download/HiSTB_origin/HiSTBLinux/out/hi3798mv100/hi3798mv100_out/obj/source/boot/product/adp/include -I/home/ray/workplace/git_download/HiSTB_origin/HiSTBLinux/out/hi3798mv100/hi3798mv100_out/obj/source/boot/product/pdm/include -I/home/ray/workplace/git_download/HiSTB_origin/HiSTBLinux/source/common/include -I/home/ray/workplace/git_download/HiSTB_origin/HiSTBLinux/source/common/drv/include -I/home/ray/workplace/git_download/HiSTB_origin/HiSTBLinux/out/hi3798mv100/hi3798mv100_out/obj/source/boot/miniboot/app -DCONFIG_ARM -D__ARM__ -DHI_PM_POWERUP_MODE1_SUPPORT -DHI_AVS_SUPPORT -I/home/ray/workplace/git_download/HiSTB_origin/HiSTBLinux/out/hi3798mv100/hi3798mv100_out/obj/source/boot/product/driver/include -I/home/ray/workplace/git_download/HiSTB_origin/HiSTBLinux/out/hi3798mv100/hi3798mv100_out/obj/source/boot/product/driver/include_inc -I/home/ray/workplace/git_download/HiSTB_origin/HiSTBLinux/source/boot/fastboot/arch/arm/include -I/home/ray/workplace/git_download/HiSTB_origin/HiSTBLinux/source/boot/fastboot/include -I/home/ray/workplace/git_download/HiSTB_origin/HiSTBLinux/source/common/include -DHI_BOOT_LOG_SUPPORT   -c -o drv_sys.o drv_sys.c
make[5]: Entering directory '/home/ray/workplace/git_download/HiSTB_origin/HiSTBLinux/out/hi3798mv100/hi3798mv100_out/obj/source/component/openssl/openssl-1.0.2l/crypto/bn'
make[5]: Nothing to be done for 'all'.
make[5]: Leaving directory '/home/ray/workplace/git_download/HiSTB_origin/HiSTBLinux/out/hi3798mv100/hi3798mv100_out/obj/source/component/openssl/openssl-1.0.2l/crypto/bn'
making all in crypto/ec...
make[5]: Entering directory '/home/ray/workplace/git_download/HiSTB_origin/HiSTBLinux/out/hi3798mv100/hi3798mv100_out/obj/source/component/openssl/openssl-1.0.2l/crypto/ec'
make[5]: Nothing to be done for 'all'.
make[5]: Leaving directory '/home/ray/workplace/git_download/HiSTB_origin/HiSTBLinux/out/hi3798mv100/hi3798mv100_out/obj/source/component/openssl/openssl-1.0.2l/crypto/ec'
making all in crypto/rsa...
make[5]: Entering directory '/home/ray/workplace/git_download/HiSTB_origin/HiSTBLinux/out/hi3798mv100/hi3798mv100_out/obj/source/component/openssl/openssl-1.0.2l/crypto/rsa'
make[5]: Nothing to be done for 'all'.
make[5]: Leaving directory '/home/ray/workplace/git_download/HiSTB_origin/HiSTBLinux/out/hi3798mv100/hi3798mv100_out/obj/source/component/openssl/openssl-1.0.2l/crypto/rsa'
making all in crypto/dsa...
make[5]: Entering directory '/home/ray/workplace/git_download/HiSTB_origin/HiSTBLinux/out/hi3798mv100/hi3798mv100_out/obj/source/component/openssl/openssl-1.0.2l/crypto/dsa'
make[5]: Nothing to be done for 'all'.
make[5]: Leaving directory '/home/ray/workplace/git_download/HiSTB_origin/HiSTBLinux/out/hi3798mv100/hi3798mv100_out/obj/source/component/openssl/openssl-1.0.2l/crypto/dsa'
making all in crypto/ecdsa...
make[5]: Entering directory '/home/ray/workplace/git_download/HiSTB_origin/HiSTBLinux/out/hi3798mv100/hi3798mv100_out/obj/source/component/openssl/openssl-1.0.2l/crypto/ecdsa'
make[5]: Nothing to be done for 'all'.
make[5]: Leaving directory '/home/ray/workplace/git_download/HiSTB_origin/HiSTBLinux/out/hi3798mv100/hi3798mv100_out/obj/source/component/openssl/openssl-1.0.2l/crypto/ecdsa'
making all in crypto/dh...
make[5]: Entering directory '/home/ray/workplace/git_download/HiSTB_origin/HiSTBLinux/out/hi3798mv100/hi3798mv100_out/obj/source/component/openssl/openssl-1.0.2l/crypto/dh'
make[5]: Nothing to be done for 'all'.
make[5]: Leaving directory '/home/ray/workplace/git_download/HiSTB_origin/HiSTBLinux/out/hi3798mv100/hi3798mv100_out/obj/source/component/openssl/openssl-1.0.2l/crypto/dh'
making all in crypto/ecdh...
make[5]: Entering directory '/home/ray/workplace/git_download/HiSTB_origin/HiSTBLinux/out/hi3798mv100/hi3798mv100_out/obj/source/component/openssl/openssl-1.0.2l/crypto/ecdh'
make[5]: Nothing to be done for 'all'.
make[5]: Leaving directory '/home/ray/workplace/git_download/HiSTB_origin/HiSTBLinux/out/hi3798mv100/hi3798mv100_out/obj/source/component/openssl/openssl-1.0.2l/crypto/ecdh'
making all in crypto/dso...
make[5]: Entering directory '/home/ray/workplace/git_download/HiSTB_origin/HiSTBLinux/out/hi3798mv100/hi3798mv100_out/obj/source/component/openssl/openssl-1.0.2l/crypto/dso'
make[5]: Nothing to be done for 'all'.
make[5]: Leaving directory '/home/ray/workplace/git_download/HiSTB_origin/HiSTBLinux/out/hi3798mv100/hi3798mv100_out/obj/source/component/openssl/openssl-1.0.2l/crypto/dso'
making all in crypto/engine...
make[5]: Entering directory '/home/ray/workplace/git_download/HiSTB_origin/HiSTBLinux/out/hi3798mv100/hi3798mv100_out/obj/source/component/openssl/openssl-1.0.2l/crypto/engine'
make[5]: Nothing to be done for 'all'.
make[5]: Leaving directory '/home/ray/workplace/git_download/HiSTB_origin/HiSTBLinux/out/hi3798mv100/hi3798mv100_out/obj/source/component/openssl/openssl-1.0.2l/crypto/engine'
making all in crypto/buffer...
make[5]: Entering directory '/home/ray/workplace/git_download/HiSTB_origin/HiSTBLinux/out/hi3798mv100/hi3798mv100_out/obj/source/component/openssl/openssl-1.0.2l/crypto/buffer'
make[5]: Nothing to be done for 'all'.
make[5]: Leaving directory '/home/ray/workplace/git_download/HiSTB_origin/HiSTBLinux/out/hi3798mv100/hi3798mv100_out/obj/source/component/openssl/openssl-1.0.2l/crypto/buffer'
making all in crypto/bio...
make[5]: Entering directory '/home/ray/workplace/git_download/HiSTB_origin/HiSTBLinux/out/hi3798mv100/hi3798mv100_out/obj/source/component/openssl/openssl-1.0.2l/crypto/bio'
make[5]: Nothing to be done for 'all'.
make[5]: Leaving directory '/home/ray/workplace/git_download/HiSTB_origin/HiSTBLinux/out/hi3798mv100/hi3798mv100_out/obj/source/component/openssl/openssl-1.0.2l/crypto/bio'
making all in crypto/stack...
make[5]: Entering directory '/home/ray/workplace/git_download/HiSTB_origin/HiSTBLinux/out/hi3798mv100/hi3798mv100_out/obj/source/component/openssl/openssl-1.0.2l/crypto/stack'
make[5]: Nothing to be done for 'all'.
make[5]: Leaving directory '/home/ray/workplace/git_download/HiSTB_origin/HiSTBLinux/out/hi3798mv100/hi3798mv100_out/obj/source/component/openssl/openssl-1.0.2l/crypto/stack'
making all in crypto/lhash...
make[5]: Entering directory '/home/ray/workplace/git_download/HiSTB_origin/HiSTBLinux/out/hi3798mv100/hi3798mv100_out/obj/source/component/openssl/openssl-1.0.2l/crypto/lhash'
make[5]: Nothing to be done for 'all'.
make[5]: Leaving directory '/home/ray/workplace/git_download/HiSTB_origin/HiSTBLinux/out/hi3798mv100/hi3798mv100_out/obj/source/component/openssl/openssl-1.0.2l/crypto/lhash'
making all in crypto/rand...
make[5]: Entering directory '/home/ray/workplace/git_download/HiSTB_origin/HiSTBLinux/out/hi3798mv100/hi3798mv100_out/obj/source/component/openssl/openssl-1.0.2l/crypto/rand'
make[5]: Nothing to be done for 'all'.
make[5]: Leaving directory '/home/ray/workplace/git_download/HiSTB_origin/HiSTBLinux/out/hi3798mv100/hi3798mv100_out/obj/source/component/openssl/openssl-1.0.2l/crypto/rand'
making all in crypto/err...
make[5]: Entering directory '/home/ray/workplace/git_download/HiSTB_origin/HiSTBLinux/out/hi3798mv100/hi3798mv100_out/obj/source/component/openssl/openssl-1.0.2l/crypto/err'
make[5]: Nothing to be done for 'all'.
make[5]: Leaving directory '/home/ray/workplace/git_download/HiSTB_origin/HiSTBLinux/out/hi3798mv100/hi3798mv100_out/obj/source/component/openssl/openssl-1.0.2l/crypto/err'
making all in crypto/evp...
make[5]: Entering directory '/home/ray/workplace/git_download/HiSTB_origin/HiSTBLinux/out/hi3798mv100/hi3798mv100_out/obj/source/component/openssl/openssl-1.0.2l/crypto/evp'
make[5]: Nothing to be done for 'all'.
make[5]: Leaving directory '/home/ray/workplace/git_download/HiSTB_origin/HiSTBLinux/out/hi3798mv100/hi3798mv100_out/obj/source/component/openssl/openssl-1.0.2l/crypto/evp'
making all in crypto/asn1...
make[5]: Entering directory '/home/ray/workplace/git_download/HiSTB_origin/HiSTBLinux/out/hi3798mv100/hi3798mv100_out/obj/source/component/openssl/openssl-1.0.2l/crypto/asn1'
make[5]: Nothing to be done for 'all'.
make[5]: Leaving directory '/home/ray/workplace/git_download/HiSTB_origin/HiSTBLinux/out/hi3798mv100/hi3798mv100_out/obj/source/component/openssl/openssl-1.0.2l/crypto/asn1'
making all in crypto/pem...
make[5]: Entering directory '/home/ray/workplace/git_download/HiSTB_origin/HiSTBLinux/out/hi3798mv100/hi3798mv100_out/obj/source/component/openssl/openssl-1.0.2l/crypto/pem'
make[5]: Nothing to be done for 'all'.
make[5]: Leaving directory '/home/ray/workplace/git_download/HiSTB_origin/HiSTBLinux/out/hi3798mv100/hi3798mv100_out/obj/source/component/openssl/openssl-1.0.2l/crypto/pem'
making all in crypto/x509...
make[5]: Entering directory '/home/ray/workplace/git_download/HiSTB_origin/HiSTBLinux/out/hi3798mv100/hi3798mv100_out/obj/source/component/openssl/openssl-1.0.2l/crypto/x509'
make[5]: Nothing to be done for 'all'.
make[5]: Leaving directory '/home/ray/workplace/git_download/HiSTB_origin/HiSTBLinux/out/hi3798mv100/hi3798mv100_out/obj/source/component/openssl/openssl-1.0.2l/crypto/x509'
making all in crypto/x509v3...
make[5]: Entering directory '/home/ray/workplace/git_download/HiSTB_origin/HiSTBLinux/out/hi3798mv100/hi3798mv100_out/obj/source/component/openssl/openssl-1.0.2l/crypto/x509v3'
make[5]: Nothing to be done for 'all'.
make[5]: Leaving directory '/home/ray/workplace/git_download/HiSTB_origin/HiSTBLinux/out/hi3798mv100/hi3798mv100_out/obj/source/component/openssl/openssl-1.0.2l/crypto/x509v3'
making all in crypto/conf...
make[5]: Entering directory '/home/ray/workplace/git_download/HiSTB_origin/HiSTBLinux/out/hi3798mv100/hi3798mv100_out/obj/source/component/openssl/openssl-1.0.2l/crypto/conf'
make[5]: Nothing to be done for 'all'.
make[5]: Leaving directory '/home/ray/workplace/git_download/HiSTB_origin/HiSTBLinux/out/hi3798mv100/hi3798mv100_out/obj/source/component/openssl/openssl-1.0.2l/crypto/conf'
libtool: install: /usr/bin/install -c .libs/smixer-sbase.soT /home/ray/workplace/git_download/HiSTB_origin/HiSTBLinux/out/hi3798mv100/hi3798mv100_out/obj/source/component/alsa/root/usr/lib/alsa-lib/smixer/smixer-sbase.so
making all in crypto/txt_db...
make[5]: Entering directory '/home/ray/workplace/git_download/HiSTB_origin/HiSTBLinux/out/hi3798mv100/hi3798mv100_out/obj/source/component/openssl/openssl-1.0.2l/crypto/txt_db'
make[5]: Nothing to be done for 'all'.
make[5]: Leaving directory '/home/ray/workplace/git_download/HiSTB_origin/HiSTBLinux/out/hi3798mv100/hi3798mv100_out/obj/source/component/openssl/openssl-1.0.2l/crypto/txt_db'
libtool: install: arm-histbv310-linux-strip --strip-unneeded /home/ray/workplace/git_download/HiSTB_origin/HiSTBLinux/out/hi3798mv100/hi3798mv100_out/obj/source/component/alsa/root/usr/lib/alsa-lib/smixer/smixer-sbase.so
making all in crypto/pkcs7...
libtool: install: /usr/bin/install -c .libs/smixer-sbase.lai /home/ray/workplace/git_download/HiSTB_origin/HiSTBLinux/out/hi3798mv100/hi3798mv100_out/obj/source/component/alsa/root/usr/lib/alsa-lib/smixer/smixer-sbase.la
make[5]: Entering directory '/home/ray/workplace/git_download/HiSTB_origin/HiSTBLinux/out/hi3798mv100/hi3798mv100_out/obj/source/component/openssl/openssl-1.0.2l/crypto/pkcs7'
make[5]: Nothing to be done for 'all'.
make[5]: Leaving directory '/home/ray/workplace/git_download/HiSTB_origin/HiSTBLinux/out/hi3798mv100/hi3798mv100_out/obj/source/component/openssl/openssl-1.0.2l/crypto/pkcs7'
making all in crypto/pkcs12...
make[5]: Entering directory '/home/ray/workplace/git_download/HiSTB_origin/HiSTBLinux/out/hi3798mv100/hi3798mv100_out/obj/source/component/openssl/openssl-1.0.2l/crypto/pkcs12'
make[5]: Nothing to be done for 'all'.
make[5]: Leaving directory '/home/ray/workplace/git_download/HiSTB_origin/HiSTBLinux/out/hi3798mv100/hi3798mv100_out/obj/source/component/openssl/openssl-1.0.2l/crypto/pkcs12'
making all in crypto/comp...
make[5]: Entering directory '/home/ray/workplace/git_download/HiSTB_origin/HiSTBLinux/out/hi3798mv100/hi3798mv100_out/obj/source/component/openssl/openssl-1.0.2l/crypto/comp'
make[5]: Nothing to be done for 'all'.
make[5]: Leaving directory '/home/ray/workplace/git_download/HiSTB_origin/HiSTBLinux/out/hi3798mv100/hi3798mv100_out/obj/source/component/openssl/openssl-1.0.2l/crypto/comp'
making all in crypto/ocsp...
arm-histbv310-linux-gcc -g -Os -D__KERNEL__ -fno-strict-aliasing -fno-common -ffixed-r8 -nostdinc -isystem /home/ray/workplace/git_download/HiSTB_origin/HiSTBLinux/tools/linux/toolchains/arm-histbv310-linux/bin/../lib/gcc/arm-gcc492_glibc224-linux-gnueabi/4.9.2/include  -fno-builtin -ffreestanding  -pipe -marm  -mabi=aapcs-linux -mfloat-abi=soft -mno-thumb-interwork -Wall -Wstrict-prototypes -fno-stack-protector -I/home/ray/workplace/git_download/HiSTB_origin/HiSTBLinux/out/hi3798mv100/hi3798mv100_out/obj/source/boot/fastboot/include -mcpu=cortex-a7 -Werror -Wall -D_GNU_SOURCE -D_XOPEN_SOURCE=600 -O2 -fPIC -DCHIP_TYPE_hi3798mv100 -DSDK_VERSION="HiSTBLinuxV100R005C00SPC050_20170731" -DHI_LOG_SUPPORT=1 -DHI_LOG_LEVEL=4 -DLOG_NETWORK_SUPPORT -DLOG_UDISK_SUPPORT -DHI_PROC_SUPPORT=1 -DHI_HDMI_SUPPORT_1_4 -DHI_PVR_SUPPORT -DHI_VI_SUPPORT -DHI_VENC_SUPPORT -DHI_PQ_V3_0  -I/home/ray/workplace/git_download/HiSTB_origin/HiSTBLinux/out/hi3798mv100/hi3798mv100_out/obj/source/boot/product/driver/include -I/home/ray/workplace/git_download/HiSTB_origin/HiSTBLinux/out/hi3798mv100/hi3798mv100_out/obj/source/boot/product/driver/include_inc -I/home/ray/workplace/git_download/HiSTB_origin/HiSTBLinux/out/hi3798mv100/hi3798mv100_out/obj/source/boot/product/loader/schedule -I/home/ray/workplace/git_download/HiSTB_origin/HiSTBLinux/out/hi3798mv100/hi3798mv100_out/obj/source/boot/product/logo/include -I/home/ray/workplace/git_download/HiSTB_origin/HiSTBLinux/out/hi3798mv100/hi3798mv100_out/obj/source/boot/product/driver/graphic/include -I/home/ray/workplace/git_download/HiSTB_origin/HiSTBLinux/out/hi3798mv100/hi3798mv100_out/obj/source/boot/product/adp/include -I/home/ray/workplace/git_download/HiSTB_origin/HiSTBLinux/out/hi3798mv100/hi3798mv100_out/obj/source/boot/product/pdm/include -I/home/ray/workplace/git_download/HiSTB_origin/HiSTBLinux/source/common/include -I/home/ray/workplace/git_download/HiSTB_origin/HiSTBLinux/source/common/drv/include -I/home/ray/workplace/git_download/HiSTB_origin/HiSTBLinux/out/hi3798mv100/hi3798mv100_out/obj/source/boot/miniboot/app -DCONFIG_ARM -D__ARM__ -DHI_PM_POWERUP_MODE1_SUPPORT -DHI_AVS_SUPPORT -I/home/ray/workplace/git_download/HiSTB_origin/HiSTBLinux/out/hi3798mv100/hi3798mv100_out/obj/source/boot/product/driver/include -I/home/ray/workplace/git_download/HiSTB_origin/HiSTBLinux/out/hi3798mv100/hi3798mv100_out/obj/source/boot/product/driver/include_inc -I/home/ray/workplace/git_download/HiSTB_origin/HiSTBLinux/source/boot/fastboot/arch/arm/include -I/home/ray/workplace/git_download/HiSTB_origin/HiSTBLinux/source/boot/fastboot/include -I/home/ray/workplace/git_download/HiSTB_origin/HiSTBLinux/source/common/include -DHI_BOOT_LOG_SUPPORT   -c -o drv_osal.o drv_osal.c
make[5]: Entering directory '/home/ray/workplace/git_download/HiSTB_origin/HiSTBLinux/out/hi3798mv100/hi3798mv100_out/obj/source/component/openssl/openssl-1.0.2l/crypto/ocsp'
make[5]: Nothing to be done for 'all'.
make[5]: Leaving directory '/home/ray/workplace/git_download/HiSTB_origin/HiSTBLinux/out/hi3798mv100/hi3798mv100_out/obj/source/component/openssl/openssl-1.0.2l/crypto/ocsp'
making all in crypto/ui...
libtool: install: warning: relinking `smixer-ac97.la'
libtool: install: (cd /home/ray/workplace/git_download/HiSTB_origin/HiSTBLinux/out/hi3798mv100/hi3798mv100_out/obj/source/component/alsa/alsa-lib-1.0.28/modules/mixer/simple; /bin/bash /home/ray/workplace/git_download/HiSTB_origin/HiSTBLinux/out/hi3798mv100/hi3798mv100_out/obj/source/component/alsa/alsa-lib-1.0.28/libtool  --silent --tag CC --mode=relink arm-histbv310-linux-gcc -g -O2 -W -Wall -D_GNU_SOURCE -module -avoid-version -o smixer-ac97.la -rpath /usr/lib/alsa-lib/smixer ac97.lo sbasedl.lo ../../../src/libasound.la -ldl -inst-prefix-dir /home/ray/workplace/git_download/HiSTB_origin/HiSTBLinux/out/hi3798mv100/hi3798mv100_out/obj/source/component/alsa/root)
make[5]: Entering directory '/home/ray/workplace/git_download/HiSTB_origin/HiSTBLinux/out/hi3798mv100/hi3798mv100_out/obj/source/component/openssl/openssl-1.0.2l/crypto/ui'
make[5]: Nothing to be done for 'all'.
make[5]: Leaving directory '/home/ray/workplace/git_download/HiSTB_origin/HiSTBLinux/out/hi3798mv100/hi3798mv100_out/obj/source/component/openssl/openssl-1.0.2l/crypto/ui'
making all in crypto/krb5...
make[5]: Entering directory '/home/ray/workplace/git_download/HiSTB_origin/HiSTBLinux/out/hi3798mv100/hi3798mv100_out/obj/source/component/openssl/openssl-1.0.2l/crypto/krb5'
make[5]: Nothing to be done for 'all'.
make[5]: Leaving directory '/home/ray/workplace/git_download/HiSTB_origin/HiSTBLinux/out/hi3798mv100/hi3798mv100_out/obj/source/component/openssl/openssl-1.0.2l/crypto/krb5'
yes
making all in crypto/cms...
make[5]: Entering directory '/home/ray/workplace/git_download/HiSTB_origin/HiSTBLinux/out/hi3798mv100/hi3798mv100_out/obj/source/component/openssl/openssl-1.0.2l/crypto/cms'
make[5]: Nothing to be done for 'all'.
make[5]: Leaving directory '/home/ray/workplace/git_download/HiSTB_origin/HiSTBLinux/out/hi3798mv100/hi3798mv100_out/obj/source/component/openssl/openssl-1.0.2l/crypto/cms'
making all in crypto/pqueue...
make[5]: Entering directory '/home/ray/workplace/git_download/HiSTB_origin/HiSTBLinux/out/hi3798mv100/hi3798mv100_out/obj/source/component/openssl/openssl-1.0.2l/crypto/pqueue'
make[5]: Nothing to be done for 'all'.
make[5]: Leaving directory '/home/ray/workplace/git_download/HiSTB_origin/HiSTBLinux/out/hi3798mv100/hi3798mv100_out/obj/source/component/openssl/openssl-1.0.2l/crypto/pqueue'
making all in crypto/ts...
checking for arm-histbv310-linux-strip... arm-histbv310-linux-strip
checking for a thread-safe mkdir -p... make[5]: Entering directory '/home/ray/workplace/git_download/HiSTB_origin/HiSTBLinux/out/hi3798mv100/hi3798mv100_out/obj/source/component/openssl/openssl-1.0.2l/crypto/ts'
make[5]: Nothing to be done for 'all'.
make[5]: Leaving directory '/home/ray/workplace/git_download/HiSTB_origin/HiSTBLinux/out/hi3798mv100/hi3798mv100_out/obj/source/component/openssl/openssl-1.0.2l/crypto/ts'
making all in crypto/srp...
/usr/bin/mkdir -p
checking for gawk... gawk
checking whether make sets $(MAKE)... make[5]: Entering directory '/home/ray/workplace/git_download/HiSTB_origin/HiSTBLinux/out/hi3798mv100/hi3798mv100_out/obj/source/component/openssl/openssl-1.0.2l/crypto/srp'
make[5]: Nothing to be done for 'all'.
make[5]: Leaving directory '/home/ray/workplace/git_download/HiSTB_origin/HiSTBLinux/out/hi3798mv100/hi3798mv100_out/obj/source/component/openssl/openssl-1.0.2l/crypto/srp'
making all in crypto/cmac...
make[5]: Entering directory '/home/ray/workplace/git_download/HiSTB_origin/HiSTBLinux/out/hi3798mv100/hi3798mv100_out/obj/source/component/openssl/openssl-1.0.2l/crypto/cmac'
make[5]: Nothing to be done for 'all'.
make[5]: Leaving directory '/home/ray/workplace/git_download/HiSTB_origin/HiSTBLinux/out/hi3798mv100/hi3798mv100_out/obj/source/component/openssl/openssl-1.0.2l/crypto/cmac'
if [ -n "libcrypto.so.1.0.0 libssl.so.1.0.0" ]; then \
	(cd ..; make libcrypto.so.1.0.0); \
fi
make[5]: Entering directory '/home/ray/workplace/git_download/HiSTB_origin/HiSTBLinux/out/hi3798mv100/hi3798mv100_out/obj/source/component/openssl/openssl-1.0.2l'
[ -z "" ] || arm-histbv310-linux-gcc -fPIC -DOPENSSL_PIC -DOPENSSL_THREADS -D_REENTRANT -DDSO_DLFCN -DHAVE_DLFCN_H -O3 -Wall -DOPENSSL_BN_ASM_MONT -DOPENSSL_BN_ASM_GF2m -DSHA1_ASM -DSHA256_ASM -DSHA512_ASM -DAES_ASM -DBSAES_ASM -DGHASH_ASM -Iinclude \
	-DFINGERPRINT_PREMAIN_DSO_LOAD -o fips_premain_dso  \
	fips_premain.c fipscanister.o \
	libcrypto.a -ldl
yes
make[6]: Entering directory '/home/ray/workplace/git_download/HiSTB_origin/HiSTBLinux/out/hi3798mv100/hi3798mv100_out/obj/source/component/openssl/openssl-1.0.2l'
make[7]: Entering directory '/home/ray/workplace/git_download/HiSTB_origin/HiSTBLinux/out/hi3798mv100/hi3798mv100_out/obj/source/component/openssl/openssl-1.0.2l'
checking whether make supports nested variables... arm-histbv310-linux-gcc -g -Os -D__KERNEL__ -fno-strict-aliasing -fno-common -ffixed-r8 -nostdinc -isystem /home/ray/workplace/git_download/HiSTB_origin/HiSTBLinux/tools/linux/toolchains/arm-histbv310-linux/bin/../lib/gcc/arm-gcc492_glibc224-linux-gnueabi/4.9.2/include  -fno-builtin -ffreestanding  -pipe -marm  -mabi=aapcs-linux -mfloat-abi=soft -mno-thumb-interwork -Wall -Wstrict-prototypes -fno-stack-protector -I/home/ray/workplace/git_download/HiSTB_origin/HiSTBLinux/out/hi3798mv100/hi3798mv100_out/obj/source/boot/fastboot/include -mcpu=cortex-a7 -Werror -Wall -D_GNU_SOURCE -D_XOPEN_SOURCE=600 -O2 -fPIC -DCHIP_TYPE_hi3798mv100 -DSDK_VERSION="HiSTBLinuxV100R005C00SPC050_20170731" -DHI_LOG_SUPPORT=1 -DHI_LOG_LEVEL=4 -DLOG_NETWORK_SUPPORT -DLOG_UDISK_SUPPORT -DHI_PROC_SUPPORT=1 -DHI_HDMI_SUPPORT_1_4 -DHI_PVR_SUPPORT -DHI_VI_SUPPORT -DHI_VENC_SUPPORT -DHI_PQ_V3_0  -I/home/ray/workplace/git_download/HiSTB_origin/HiSTBLinux/out/hi3798mv100/hi3798mv100_out/obj/source/boot/product/driver/include -I/home/ray/workplace/git_download/HiSTB_origin/HiSTBLinux/out/hi3798mv100/hi3798mv100_out/obj/source/boot/product/driver/include_inc -I/home/ray/workplace/git_download/HiSTB_origin/HiSTBLinux/out/hi3798mv100/hi3798mv100_out/obj/source/boot/product/loader/schedule -I/home/ray/workplace/git_download/HiSTB_origin/HiSTBLinux/out/hi3798mv100/hi3798mv100_out/obj/source/boot/product/logo/include -I/home/ray/workplace/git_download/HiSTB_origin/HiSTBLinux/out/hi3798mv100/hi3798mv100_out/obj/source/boot/product/driver/graphic/include -I/home/ray/workplace/git_download/HiSTB_origin/HiSTBLinux/out/hi3798mv100/hi3798mv100_out/obj/source/boot/product/adp/include -I/home/ray/workplace/git_download/HiSTB_origin/HiSTBLinux/out/hi3798mv100/hi3798mv100_out/obj/source/boot/product/pdm/include -I/home/ray/workplace/git_download/HiSTB_origin/HiSTBLinux/source/common/include -I/home/ray/workplace/git_download/HiSTB_origin/HiSTBLinux/source/common/drv/include -I/home/ray/workplace/git_download/HiSTB_origin/HiSTBLinux/out/hi3798mv100/hi3798mv100_out/obj/source/boot/miniboot/app -DCONFIG_ARM -D__ARM__ -DHI_PM_POWERUP_MODE1_SUPPORT -DHI_AVS_SUPPORT -I/home/ray/workplace/git_download/HiSTB_origin/HiSTBLinux/out/hi3798mv100/hi3798mv100_out/obj/source/boot/product/driver/include -I/home/ray/workplace/git_download/HiSTB_origin/HiSTBLinux/out/hi3798mv100/hi3798mv100_out/obj/source/boot/product/driver/include_inc -I/home/ray/workplace/git_download/HiSTB_origin/HiSTBLinux/source/boot/fastboot/arch/arm/include -I/home/ray/workplace/git_download/HiSTB_origin/HiSTBLinux/source/boot/fastboot/include -I/home/ray/workplace/git_download/HiSTB_origin/HiSTBLinux/source/common/include -DHI_BOOT_LOG_SUPPORT   -c -o drv_reg_common.o drv_reg_common.c
yes
checking for style of include used by make... GNU
checking for arm-histbv310-linux-gcc... arm-histbv310-linux-gcc
checking whether the C compiler works... make[4]: Leaving directory '/home/ray/workplace/git_download/HiSTB_origin/HiSTBLinux/out/hi3798mv100/hi3798mv100_out/obj/source/boot/product/driver/common'
make -C db all
make[4]: Entering directory '/home/ray/workplace/git_download/HiSTB_origin/HiSTBLinux/out/hi3798mv100/hi3798mv100_out/obj/source/boot/product/driver/db'
arm-histbv310-linux-gcc -g -Os -D__KERNEL__ -fno-strict-aliasing -fno-common -ffixed-r8 -nostdinc -isystem /home/ray/workplace/git_download/HiSTB_origin/HiSTBLinux/tools/linux/toolchains/arm-histbv310-linux/bin/../lib/gcc/arm-gcc492_glibc224-linux-gnueabi/4.9.2/include  -fno-builtin -ffreestanding  -pipe -marm  -mabi=aapcs-linux -mfloat-abi=soft -mno-thumb-interwork -Wall -Wstrict-prototypes -fno-stack-protector -I/home/ray/workplace/git_download/HiSTB_origin/HiSTBLinux/out/hi3798mv100/hi3798mv100_out/obj/source/boot/fastboot/include -mcpu=cortex-a7 -Werror -Wall -D_GNU_SOURCE -D_XOPEN_SOURCE=600 -O2 -fPIC -DCHIP_TYPE_hi3798mv100 -DSDK_VERSION="HiSTBLinuxV100R005C00SPC050_20170731" -DHI_LOG_SUPPORT=1 -DHI_LOG_LEVEL=4 -DLOG_NETWORK_SUPPORT -DLOG_UDISK_SUPPORT -DHI_PROC_SUPPORT=1 -DHI_HDMI_SUPPORT_1_4 -DHI_PVR_SUPPORT -DHI_VI_SUPPORT -DHI_VENC_SUPPORT -DHI_PQ_V3_0  -I/home/ray/workplace/git_download/HiSTB_origin/HiSTBLinux/out/hi3798mv100/hi3798mv100_out/obj/source/boot/product/driver/include -I/home/ray/workplace/git_download/HiSTB_origin/HiSTBLinux/out/hi3798mv100/hi3798mv100_out/obj/source/boot/product/driver/include_inc -I/home/ray/workplace/git_download/HiSTB_origin/HiSTBLinux/out/hi3798mv100/hi3798mv100_out/obj/source/boot/product/loader/schedule -I/home/ray/workplace/git_download/HiSTB_origin/HiSTBLinux/out/hi3798mv100/hi3798mv100_out/obj/source/boot/product/logo/include -I/home/ray/workplace/git_download/HiSTB_origin/HiSTBLinux/out/hi3798mv100/hi3798mv100_out/obj/source/boot/product/driver/graphic/include -I/home/ray/workplace/git_download/HiSTB_origin/HiSTBLinux/out/hi3798mv100/hi3798mv100_out/obj/source/boot/product/adp/include -I/home/ray/workplace/git_download/HiSTB_origin/HiSTBLinux/out/hi3798mv100/hi3798mv100_out/obj/source/boot/product/pdm/include -I/home/ray/workplace/git_download/HiSTB_origin/HiSTBLinux/source/common/include -I/home/ray/workplace/git_download/HiSTB_origin/HiSTBLinux/source/common/drv/include -I/home/ray/workplace/git_download/HiSTB_origin/HiSTBLinux/out/hi3798mv100/hi3798mv100_out/obj/source/boot/miniboot/app -DCONFIG_ARM -D__ARM__ -DHI_PM_POWERUP_MODE1_SUPPORT -DHI_AVS_SUPPORT -I/home/ray/workplace/git_download/HiSTB_origin/HiSTBLinux/out/hi3798mv100/hi3798mv100_out/obj/source/boot/product/driver/include -I/home/ray/workplace/git_download/HiSTB_origin/HiSTBLinux/out/hi3798mv100/hi3798mv100_out/obj/source/boot/product/driver/include_inc -I/home/ray/workplace/git_download/HiSTB_origin/HiSTBLinux/source/boot/fastboot/arch/arm/include -I/home/ray/workplace/git_download/HiSTB_origin/HiSTBLinux/source/boot/fastboot/include   -c -o hi_db.o hi_db.c
libtool: install: /usr/bin/install -c .libs/smixer-ac97.soT /home/ray/workplace/git_download/HiSTB_origin/HiSTBLinux/out/hi3798mv100/hi3798mv100_out/obj/source/component/alsa/root/usr/lib/alsa-lib/smixer/smixer-ac97.so
libtool: install: arm-histbv310-linux-strip --strip-unneeded /home/ray/workplace/git_download/HiSTB_origin/HiSTBLinux/out/hi3798mv100/hi3798mv100_out/obj/source/component/alsa/root/usr/lib/alsa-lib/smixer/smixer-ac97.so
libtool: install: /usr/bin/install -c .libs/smixer-ac97.lai /home/ray/workplace/git_download/HiSTB_origin/HiSTBLinux/out/hi3798mv100/hi3798mv100_out/obj/source/component/alsa/root/usr/lib/alsa-lib/smixer/smixer-ac97.la
libtool: install: warning: relinking `smixer-hda.la'
libtool: install: (cd /home/ray/workplace/git_download/HiSTB_origin/HiSTBLinux/out/hi3798mv100/hi3798mv100_out/obj/source/component/alsa/alsa-lib-1.0.28/modules/mixer/simple; /bin/bash /home/ray/workplace/git_download/HiSTB_origin/HiSTBLinux/out/hi3798mv100/hi3798mv100_out/obj/source/component/alsa/alsa-lib-1.0.28/libtool  --silent --tag CC --mode=relink arm-histbv310-linux-gcc -g -O2 -W -Wall -D_GNU_SOURCE -module -avoid-version -o smixer-hda.la -rpath /usr/lib/alsa-lib/smixer hda.lo sbasedl.lo ../../../src/libasound.la -ldl -inst-prefix-dir /home/ray/workplace/git_download/HiSTB_origin/HiSTBLinux/out/hi3798mv100/hi3798mv100_out/obj/source/component/alsa/root)
yes
checking for C compiler default output file name... a.out
checking for suffix of executables... 
checking whether we are cross compiling... make[4]: Leaving directory '/home/ray/workplace/git_download/HiSTB_origin/HiSTBLinux/out/hi3798mv100/hi3798mv100_out/obj/source/boot/product/driver/db'
make -C flash all
make[4]: Entering directory '/home/ray/workplace/git_download/HiSTB_origin/HiSTBLinux/out/hi3798mv100/hi3798mv100_out/obj/source/boot/product/driver/flash'
arm-histbv310-linux-gcc -g -Os -D__KERNEL__ -fno-strict-aliasing -fno-common -ffixed-r8 -nostdinc -isystem /home/ray/workplace/git_download/HiSTB_origin/HiSTBLinux/tools/linux/toolchains/arm-histbv310-linux/bin/../lib/gcc/arm-gcc492_glibc224-linux-gnueabi/4.9.2/include  -fno-builtin -ffreestanding  -pipe -marm  -mabi=aapcs-linux -mfloat-abi=soft -mno-thumb-interwork -Wall -Wstrict-prototypes -fno-stack-protector -I/home/ray/workplace/git_download/HiSTB_origin/HiSTBLinux/out/hi3798mv100/hi3798mv100_out/obj/source/boot/fastboot/include -mcpu=cortex-a7 -Werror -Wall -D_GNU_SOURCE -D_XOPEN_SOURCE=600 -O2 -fPIC -DCHIP_TYPE_hi3798mv100 -DSDK_VERSION="HiSTBLinuxV100R005C00SPC050_20170731" -DHI_LOG_SUPPORT=1 -DHI_LOG_LEVEL=4 -DLOG_NETWORK_SUPPORT -DLOG_UDISK_SUPPORT -DHI_PROC_SUPPORT=1 -DHI_HDMI_SUPPORT_1_4 -DHI_PVR_SUPPORT -DHI_VI_SUPPORT -DHI_VENC_SUPPORT -DHI_PQ_V3_0  -I/home/ray/workplace/git_download/HiSTB_origin/HiSTBLinux/out/hi3798mv100/hi3798mv100_out/obj/source/boot/product/driver/include -I/home/ray/workplace/git_download/HiSTB_origin/HiSTBLinux/out/hi3798mv100/hi3798mv100_out/obj/source/boot/product/driver/include_inc -I/home/ray/workplace/git_download/HiSTB_origin/HiSTBLinux/out/hi3798mv100/hi3798mv100_out/obj/source/boot/product/loader/schedule -I/home/ray/workplace/git_download/HiSTB_origin/HiSTBLinux/out/hi3798mv100/hi3798mv100_out/obj/source/boot/product/logo/include -I/home/ray/workplace/git_download/HiSTB_origin/HiSTBLinux/out/hi3798mv100/hi3798mv100_out/obj/source/boot/product/driver/graphic/include -I/home/ray/workplace/git_download/HiSTB_origin/HiSTBLinux/out/hi3798mv100/hi3798mv100_out/obj/source/boot/product/adp/include -I/home/ray/workplace/git_download/HiSTB_origin/HiSTBLinux/out/hi3798mv100/hi3798mv100_out/obj/source/boot/product/pdm/include -I/home/ray/workplace/git_download/HiSTB_origin/HiSTBLinux/source/common/include -I/home/ray/workplace/git_download/HiSTB_origin/HiSTBLinux/source/common/drv/include -I/home/ray/workplace/git_download/HiSTB_origin/HiSTBLinux/out/hi3798mv100/hi3798mv100_out/obj/source/boot/miniboot/app -DCONFIG_ARM -D__ARM__ -DHI_PM_POWERUP_MODE1_SUPPORT -DHI_AVS_SUPPORT -I/home/ray/workplace/git_download/HiSTB_origin/HiSTBLinux/out/hi3798mv100/hi3798mv100_out/obj/source/boot/product/driver/include -I/home/ray/workplace/git_download/HiSTB_origin/HiSTBLinux/out/hi3798mv100/hi3798mv100_out/obj/source/boot/product/driver/include_inc -I/home/ray/workplace/git_download/HiSTB_origin/HiSTBLinux/source/boot/fastboot/arch/arm/include -I/home/ray/workplace/git_download/HiSTB_origin/HiSTBLinux/source/boot/fastboot/include   -c -o hi_adp_flash_fastboot.o hi_adp_flash_fastboot.c
make[7]: Leaving directory '/home/ray/workplace/git_download/HiSTB_origin/HiSTBLinux/out/hi3798mv100/hi3798mv100_out/obj/source/component/openssl/openssl-1.0.2l'
make[7]: Entering directory '/home/ray/workplace/git_download/HiSTB_origin/HiSTBLinux/out/hi3798mv100/hi3798mv100_out/obj/source/component/openssl/openssl-1.0.2l'
  GEN     ./Makefile
make[7]: Leaving directory '/home/ray/workplace/git_download/HiSTB_origin/HiSTBLinux/out/hi3798mv100/hi3798mv100_out/obj/source/component/openssl/openssl-1.0.2l'
make[6]: Leaving directory '/home/ray/workplace/git_download/HiSTB_origin/HiSTBLinux/out/hi3798mv100/hi3798mv100_out/obj/source/component/openssl/openssl-1.0.2l'
make[5]: Leaving directory '/home/ray/workplace/git_download/HiSTB_origin/HiSTBLinux/out/hi3798mv100/hi3798mv100_out/obj/source/component/openssl/openssl-1.0.2l'
make[4]: Leaving directory '/home/ray/workplace/git_download/HiSTB_origin/HiSTBLinux/out/hi3798mv100/hi3798mv100_out/obj/source/component/openssl/openssl-1.0.2l/crypto'
making all in engines...
make[4]: Entering directory '/home/ray/workplace/git_download/HiSTB_origin/HiSTBLinux/out/hi3798mv100/hi3798mv100_out/obj/source/component/openssl/openssl-1.0.2l/engines'
echo 

making all in engines/ccgost...
make[5]: Entering directory '/home/ray/workplace/git_download/HiSTB_origin/HiSTBLinux/out/hi3798mv100/hi3798mv100_out/obj/source/component/openssl/openssl-1.0.2l/engines/ccgost'
make[5]: Nothing to be done for 'all'.
make[5]: Leaving directory '/home/ray/workplace/git_download/HiSTB_origin/HiSTBLinux/out/hi3798mv100/hi3798mv100_out/obj/source/component/openssl/openssl-1.0.2l/engines/ccgost'
make[4]: Leaving directory '/home/ray/workplace/git_download/HiSTB_origin/HiSTBLinux/out/hi3798mv100/hi3798mv100_out/obj/source/component/openssl/openssl-1.0.2l/engines'
making all in ssl...
make[4]: Entering directory '/home/ray/workplace/git_download/HiSTB_origin/HiSTBLinux/out/hi3798mv100/hi3798mv100_out/obj/source/component/openssl/openssl-1.0.2l/ssl'
if [ -n "libcrypto.so.1.0.0 libssl.so.1.0.0" ]; then \
	(cd ..; make libssl.so.1.0.0); \
fi
make[5]: Entering directory '/home/ray/workplace/git_download/HiSTB_origin/HiSTBLinux/out/hi3798mv100/hi3798mv100_out/obj/source/component/openssl/openssl-1.0.2l'
[ -z "" ] || arm-histbv310-linux-gcc -fPIC -DOPENSSL_PIC -DOPENSSL_THREADS -D_REENTRANT -DDSO_DLFCN -DHAVE_DLFCN_H -O3 -Wall -DOPENSSL_BN_ASM_MONT -DOPENSSL_BN_ASM_GF2m -DSHA1_ASM -DSHA256_ASM -DSHA512_ASM -DAES_ASM -DBSAES_ASM -DGHASH_ASM -Iinclude \
	-DFINGERPRINT_PREMAIN_DSO_LOAD -o fips_premain_dso  \
	fips_premain.c fipscanister.o \
	libcrypto.a -ldl
yes
checking for suffix of object files... make[6]: Entering directory '/home/ray/workplace/git_download/HiSTB_origin/HiSTBLinux/out/hi3798mv100/hi3798mv100_out/obj/source/component/openssl/openssl-1.0.2l'
libtool: install: /usr/bin/install -c .libs/smixer-hda.soT /home/ray/workplace/git_download/HiSTB_origin/HiSTBLinux/out/hi3798mv100/hi3798mv100_out/obj/source/component/alsa/root/usr/lib/alsa-lib/smixer/smixer-hda.so
make[7]: Entering directory '/home/ray/workplace/git_download/HiSTB_origin/HiSTBLinux/out/hi3798mv100/hi3798mv100_out/obj/source/component/openssl/openssl-1.0.2l'
libtool: install: arm-histbv310-linux-strip --strip-unneeded /home/ray/workplace/git_download/HiSTB_origin/HiSTBLinux/out/hi3798mv100/hi3798mv100_out/obj/source/component/alsa/root/usr/lib/alsa-lib/smixer/smixer-hda.so
libtool: install: /usr/bin/install -c .libs/smixer-hda.lai /home/ray/workplace/git_download/HiSTB_origin/HiSTBLinux/out/hi3798mv100/hi3798mv100_out/obj/source/component/alsa/root/usr/lib/alsa-lib/smixer/smixer-hda.la
libtool: install: warning: remember to run `libtool --finish /usr/lib/alsa-lib/smixer'
make[8]: Nothing to be done for 'install-data-am'.
make[8]: Leaving directory '/home/ray/workplace/git_download/HiSTB_origin/HiSTBLinux/out/hi3798mv100/hi3798mv100_out/obj/source/component/alsa/alsa-lib-1.0.28/modules/mixer/simple'
make[7]: Leaving directory '/home/ray/workplace/git_download/HiSTB_origin/HiSTBLinux/out/hi3798mv100/hi3798mv100_out/obj/source/component/alsa/alsa-lib-1.0.28/modules/mixer/simple'
make[7]: Entering directory '/home/ray/workplace/git_download/HiSTB_origin/HiSTBLinux/out/hi3798mv100/hi3798mv100_out/obj/source/component/alsa/alsa-lib-1.0.28/modules/mixer'
make[8]: Entering directory '/home/ray/workplace/git_download/HiSTB_origin/HiSTBLinux/out/hi3798mv100/hi3798mv100_out/obj/source/component/alsa/alsa-lib-1.0.28/modules/mixer'
make[8]: Nothing to be done for 'install-exec-am'.
make[8]: Nothing to be done for 'install-data-am'.
make[8]: Leaving directory '/home/ray/workplace/git_download/HiSTB_origin/HiSTBLinux/out/hi3798mv100/hi3798mv100_out/obj/source/component/alsa/alsa-lib-1.0.28/modules/mixer'
make[7]: Leaving directory '/home/ray/workplace/git_download/HiSTB_origin/HiSTBLinux/out/hi3798mv100/hi3798mv100_out/obj/source/component/alsa/alsa-lib-1.0.28/modules/mixer'
make[6]: Leaving directory '/home/ray/workplace/git_download/HiSTB_origin/HiSTBLinux/out/hi3798mv100/hi3798mv100_out/obj/source/component/alsa/alsa-lib-1.0.28/modules/mixer'
make[6]: Entering directory '/home/ray/workplace/git_download/HiSTB_origin/HiSTBLinux/out/hi3798mv100/hi3798mv100_out/obj/source/component/alsa/alsa-lib-1.0.28/modules'
o
checking whether we are using the GNU C compiler... make[7]: Entering directory '/home/ray/workplace/git_download/HiSTB_origin/HiSTBLinux/out/hi3798mv100/hi3798mv100_out/obj/source/component/alsa/alsa-lib-1.0.28/modules'
make[7]: Nothing to be done for 'install-exec-am'.
make[7]: Nothing to be done for 'install-data-am'.
make[7]: Leaving directory '/home/ray/workplace/git_download/HiSTB_origin/HiSTBLinux/out/hi3798mv100/hi3798mv100_out/obj/source/component/alsa/alsa-lib-1.0.28/modules'
make[6]: Leaving directory '/home/ray/workplace/git_download/HiSTB_origin/HiSTBLinux/out/hi3798mv100/hi3798mv100_out/obj/source/component/alsa/alsa-lib-1.0.28/modules'
make[5]: Leaving directory '/home/ray/workplace/git_download/HiSTB_origin/HiSTBLinux/out/hi3798mv100/hi3798mv100_out/obj/source/component/alsa/alsa-lib-1.0.28/modules'
Making install in aserver
make[5]: Entering directory '/home/ray/workplace/git_download/HiSTB_origin/HiSTBLinux/out/hi3798mv100/hi3798mv100_out/obj/source/component/alsa/alsa-lib-1.0.28/aserver'
arm-histbv310-linux-gcc -g -Os -D__KERNEL__ -fno-strict-aliasing -fno-common -ffixed-r8 -nostdinc -isystem /home/ray/workplace/git_download/HiSTB_origin/HiSTBLinux/tools/linux/toolchains/arm-histbv310-linux/bin/../lib/gcc/arm-gcc492_glibc224-linux-gnueabi/4.9.2/include  -fno-builtin -ffreestanding  -pipe -marm  -mabi=aapcs-linux -mfloat-abi=soft -mno-thumb-interwork -Wall -Wstrict-prototypes -fno-stack-protector -I/home/ray/workplace/git_download/HiSTB_origin/HiSTBLinux/out/hi3798mv100/hi3798mv100_out/obj/source/boot/fastboot/include -mcpu=cortex-a7 -Werror -Wall -D_GNU_SOURCE -D_XOPEN_SOURCE=600 -O2 -fPIC -DCHIP_TYPE_hi3798mv100 -DSDK_VERSION="HiSTBLinuxV100R005C00SPC050_20170731" -DHI_LOG_SUPPORT=1 -DHI_LOG_LEVEL=4 -DLOG_NETWORK_SUPPORT -DLOG_UDISK_SUPPORT -DHI_PROC_SUPPORT=1 -DHI_HDMI_SUPPORT_1_4 -DHI_PVR_SUPPORT -DHI_VI_SUPPORT -DHI_VENC_SUPPORT -DHI_PQ_V3_0  -I/home/ray/workplace/git_download/HiSTB_origin/HiSTBLinux/out/hi3798mv100/hi3798mv100_out/obj/source/boot/product/driver/include -I/home/ray/workplace/git_download/HiSTB_origin/HiSTBLinux/out/hi3798mv100/hi3798mv100_out/obj/source/boot/product/driver/include_inc -I/home/ray/workplace/git_download/HiSTB_origin/HiSTBLinux/out/hi3798mv100/hi3798mv100_out/obj/source/boot/product/loader/schedule -I/home/ray/workplace/git_download/HiSTB_origin/HiSTBLinux/out/hi3798mv100/hi3798mv100_out/obj/source/boot/product/logo/include -I/home/ray/workplace/git_download/HiSTB_origin/HiSTBLinux/out/hi3798mv100/hi3798mv100_out/obj/source/boot/product/driver/graphic/include -I/home/ray/workplace/git_download/HiSTB_origin/HiSTBLinux/out/hi3798mv100/hi3798mv100_out/obj/source/boot/product/adp/include -I/home/ray/workplace/git_download/HiSTB_origin/HiSTBLinux/out/hi3798mv100/hi3798mv100_out/obj/source/boot/product/pdm/include -I/home/ray/workplace/git_download/HiSTB_origin/HiSTBLinux/source/common/include -I/home/ray/workplace/git_download/HiSTB_origin/HiSTBLinux/source/common/drv/include -I/home/ray/workplace/git_download/HiSTB_origin/HiSTBLinux/out/hi3798mv100/hi3798mv100_out/obj/source/boot/miniboot/app -DCONFIG_ARM -D__ARM__ -DHI_PM_POWERUP_MODE1_SUPPORT -DHI_AVS_SUPPORT -I/home/ray/workplace/git_download/HiSTB_origin/HiSTBLinux/out/hi3798mv100/hi3798mv100_out/obj/source/boot/product/driver/include -I/home/ray/workplace/git_download/HiSTB_origin/HiSTBLinux/out/hi3798mv100/hi3798mv100_out/obj/source/boot/product/driver/include_inc -I/home/ray/workplace/git_download/HiSTB_origin/HiSTBLinux/source/boot/fastboot/arch/arm/include -I/home/ray/workplace/git_download/HiSTB_origin/HiSTBLinux/source/boot/fastboot/include   -c -o mtd_part.o mtd_part.c
yes
checking whether arm-histbv310-linux-gcc accepts -g... make[6]: Entering directory '/home/ray/workplace/git_download/HiSTB_origin/HiSTBLinux/out/hi3798mv100/hi3798mv100_out/obj/source/component/alsa/alsa-lib-1.0.28/aserver'
 /usr/bin/mkdir -p '/home/ray/workplace/git_download/HiSTB_origin/HiSTBLinux/out/hi3798mv100/hi3798mv100_out/obj/source/component/alsa/root/usr/bin'
 STRIPPROG='arm-histbv310-linux-strip' /bin/bash ../libtool   --mode=install /bin/bash /home/ray/workplace/git_download/HiSTB_origin/HiSTBLinux/out/hi3798mv100/hi3798mv100_out/obj/source/component/alsa/alsa-lib-1.0.28/install-sh -c -s aserver '/home/ray/workplace/git_download/HiSTB_origin/HiSTBLinux/out/hi3798mv100/hi3798mv100_out/obj/source/component/alsa/root/usr/bin'
yes
checking for arm-histbv310-linux-gcc option to accept ISO C89... libtool: install: warning: `../src/libasound.la' has not been installed in `/usr/lib'
make[4]: Leaving directory '/home/ray/workplace/git_download/HiSTB_origin/HiSTBLinux/out/hi3798mv100/hi3798mv100_out/obj/source/boot/product/driver/flash'
make -C pq all
make[4]: Entering directory '/home/ray/workplace/git_download/HiSTB_origin/HiSTBLinux/out/hi3798mv100/hi3798mv100_out/obj/source/boot/product/driver/pq'
arm-histbv310-linux-gcc -g -Os -D__KERNEL__ -fno-strict-aliasing -fno-common -ffixed-r8 -nostdinc -isystem /home/ray/workplace/git_download/HiSTB_origin/HiSTBLinux/tools/linux/toolchains/arm-histbv310-linux/bin/../lib/gcc/arm-gcc492_glibc224-linux-gnueabi/4.9.2/include  -fno-builtin -ffreestanding  -pipe -marm  -mabi=aapcs-linux -mfloat-abi=soft -mno-thumb-interwork -Wall -Wstrict-prototypes -fno-stack-protector -I/home/ray/workplace/git_download/HiSTB_origin/HiSTBLinux/out/hi3798mv100/hi3798mv100_out/obj/source/boot/fastboot/include -mcpu=cortex-a7 -Werror -Wall -D_GNU_SOURCE -D_XOPEN_SOURCE=600 -O2 -fPIC -DCHIP_TYPE_hi3798mv100 -DSDK_VERSION="HiSTBLinuxV100R005C00SPC050_20170731" -DHI_LOG_SUPPORT=1 -DHI_LOG_LEVEL=4 -DLOG_NETWORK_SUPPORT -DLOG_UDISK_SUPPORT -DHI_PROC_SUPPORT=1 -DHI_HDMI_SUPPORT_1_4 -DHI_PVR_SUPPORT -DHI_VI_SUPPORT -DHI_VENC_SUPPORT -DHI_PQ_V3_0  -I/home/ray/workplace/git_download/HiSTB_origin/HiSTBLinux/out/hi3798mv100/hi3798mv100_out/obj/source/boot/product/driver/include -I/home/ray/workplace/git_download/HiSTB_origin/HiSTBLinux/out/hi3798mv100/hi3798mv100_out/obj/source/boot/product/driver/include_inc -I/home/ray/workplace/git_download/HiSTB_origin/HiSTBLinux/out/hi3798mv100/hi3798mv100_out/obj/source/boot/product/loader/schedule -I/home/ray/workplace/git_download/HiSTB_origin/HiSTBLinux/out/hi3798mv100/hi3798mv100_out/obj/source/boot/product/logo/include -I/home/ray/workplace/git_download/HiSTB_origin/HiSTBLinux/out/hi3798mv100/hi3798mv100_out/obj/source/boot/product/driver/graphic/include -I/home/ray/workplace/git_download/HiSTB_origin/HiSTBLinux/out/hi3798mv100/hi3798mv100_out/obj/source/boot/product/adp/include -I/home/ray/workplace/git_download/HiSTB_origin/HiSTBLinux/out/hi3798mv100/hi3798mv100_out/obj/source/boot/product/pdm/include -I/home/ray/workplace/git_download/HiSTB_origin/HiSTBLinux/source/common/include -I/home/ray/workplace/git_download/HiSTB_origin/HiSTBLinux/source/common/drv/include -I/home/ray/workplace/git_download/HiSTB_origin/HiSTBLinux/out/hi3798mv100/hi3798mv100_out/obj/source/boot/miniboot/app -DCONFIG_ARM -D__ARM__ -DHI_PM_POWERUP_MODE1_SUPPORT -DHI_AVS_SUPPORT -I/home/ray/workplace/git_download/HiSTB_origin/HiSTBLinux/out/hi3798mv100/hi3798mv100_out/obj/source/boot/product/driver/include -I/home/ray/workplace/git_download/HiSTB_origin/HiSTBLinux/out/hi3798mv100/hi3798mv100_out/obj/source/boot/product/driver/include_inc -I/home/ray/workplace/git_download/HiSTB_origin/HiSTBLinux/source/boot/fastboot/arch/arm/include -I/home/ray/workplace/git_download/HiSTB_origin/HiSTBLinux/source/boot/fastboot/include -DHI_BUILD_IN_BOOT -DHI_PQ_VERSION_V3   -c -o /home/ray/workplace/git_download/HiSTB_origin/HiSTBLinux/out/hi3798mv100/hi3798mv100_out/obj/source/boot/product/driver/pq/drv_pq.o /home/ray/workplace/git_download/HiSTB_origin/HiSTBLinux/out/hi3798mv100/hi3798mv100_out/obj/source/boot/product/driver/pq/drv_pq.c
libtool: install: /bin/bash /home/ray/workplace/git_download/HiSTB_origin/HiSTBLinux/out/hi3798mv100/hi3798mv100_out/obj/source/component/alsa/alsa-lib-1.0.28/install-sh -c -s .libs/aserver /home/ray/workplace/git_download/HiSTB_origin/HiSTBLinux/out/hi3798mv100/hi3798mv100_out/obj/source/component/alsa/root/usr/bin/aserver
make[6]: Nothing to be done for 'install-data-am'.
make[6]: Leaving directory '/home/ray/workplace/git_download/HiSTB_origin/HiSTBLinux/out/hi3798mv100/hi3798mv100_out/obj/source/component/alsa/alsa-lib-1.0.28/aserver'
make[5]: Leaving directory '/home/ray/workplace/git_download/HiSTB_origin/HiSTBLinux/out/hi3798mv100/hi3798mv100_out/obj/source/component/alsa/alsa-lib-1.0.28/aserver'
Making install in alsalisp
make[5]: Entering directory '/home/ray/workplace/git_download/HiSTB_origin/HiSTBLinux/out/hi3798mv100/hi3798mv100_out/obj/source/component/alsa/alsa-lib-1.0.28/alsalisp'
none needed
checking dependency style of arm-histbv310-linux-gcc... make[6]: Entering directory '/home/ray/workplace/git_download/HiSTB_origin/HiSTBLinux/out/hi3798mv100/hi3798mv100_out/obj/source/component/alsa/alsa-lib-1.0.28/alsalisp'
make[6]: Nothing to be done for 'install-exec-am'.
make[6]: Nothing to be done for 'install-data-am'.
make[6]: Leaving directory '/home/ray/workplace/git_download/HiSTB_origin/HiSTBLinux/out/hi3798mv100/hi3798mv100_out/obj/source/component/alsa/alsa-lib-1.0.28/alsalisp'
make[5]: Leaving directory '/home/ray/workplace/git_download/HiSTB_origin/HiSTBLinux/out/hi3798mv100/hi3798mv100_out/obj/source/component/alsa/alsa-lib-1.0.28/alsalisp'
Making install in test
make[5]: Entering directory '/home/ray/workplace/git_download/HiSTB_origin/HiSTBLinux/out/hi3798mv100/hi3798mv100_out/obj/source/component/alsa/alsa-lib-1.0.28/test'
Making install in .
make[6]: Entering directory '/home/ray/workplace/git_download/HiSTB_origin/HiSTBLinux/out/hi3798mv100/hi3798mv100_out/obj/source/component/alsa/alsa-lib-1.0.28/test'
make[7]: Entering directory '/home/ray/workplace/git_download/HiSTB_origin/HiSTBLinux/out/hi3798mv100/hi3798mv100_out/obj/source/component/alsa/alsa-lib-1.0.28/test'
make[7]: Nothing to be done for 'install-exec-am'.
make[7]: Nothing to be done for 'install-data-am'.
make[7]: Leaving directory '/home/ray/workplace/git_download/HiSTB_origin/HiSTBLinux/out/hi3798mv100/hi3798mv100_out/obj/source/component/alsa/alsa-lib-1.0.28/test'
make[6]: Leaving directory '/home/ray/workplace/git_download/HiSTB_origin/HiSTBLinux/out/hi3798mv100/hi3798mv100_out/obj/source/component/alsa/alsa-lib-1.0.28/test'
Making install in lsb
make[6]: Entering directory '/home/ray/workplace/git_download/HiSTB_origin/HiSTBLinux/out/hi3798mv100/hi3798mv100_out/obj/source/component/alsa/alsa-lib-1.0.28/test/lsb'
make[7]: Entering directory '/home/ray/workplace/git_download/HiSTB_origin/HiSTBLinux/out/hi3798mv100/hi3798mv100_out/obj/source/component/alsa/alsa-lib-1.0.28/test/lsb'
make[7]: Nothing to be done for 'install-exec-am'.
make[7]: Nothing to be done for 'install-data-am'.
make[7]: Leaving directory '/home/ray/workplace/git_download/HiSTB_origin/HiSTBLinux/out/hi3798mv100/hi3798mv100_out/obj/source/component/alsa/alsa-lib-1.0.28/test/lsb'
make[6]: Leaving directory '/home/ray/workplace/git_download/HiSTB_origin/HiSTBLinux/out/hi3798mv100/hi3798mv100_out/obj/source/component/alsa/alsa-lib-1.0.28/test/lsb'
make[5]: Leaving directory '/home/ray/workplace/git_download/HiSTB_origin/HiSTBLinux/out/hi3798mv100/hi3798mv100_out/obj/source/component/alsa/alsa-lib-1.0.28/test'
Making install in utils
make[5]: Entering directory '/home/ray/workplace/git_download/HiSTB_origin/HiSTBLinux/out/hi3798mv100/hi3798mv100_out/obj/source/component/alsa/alsa-lib-1.0.28/utils'
make[6]: Entering directory '/home/ray/workplace/git_download/HiSTB_origin/HiSTBLinux/out/hi3798mv100/hi3798mv100_out/obj/source/component/alsa/alsa-lib-1.0.28/utils'
make[6]: Nothing to be done for 'install-exec-am'.
make[4]: Leaving directory '/home/ray/workplace/git_download/HiSTB_origin/HiSTBLinux/out/hi3798mv100/hi3798mv100_out/obj/source/boot/product/driver/pq'
make -C disp all
 /usr/bin/mkdir -p '/home/ray/workplace/git_download/HiSTB_origin/HiSTBLinux/out/hi3798mv100/hi3798mv100_out/obj/source/component/alsa/root/usr/share/aclocal'
make[4]: Entering directory '/home/ray/workplace/git_download/HiSTB_origin/HiSTBLinux/out/hi3798mv100/hi3798mv100_out/obj/source/boot/product/driver/disp'
arm-histbv310-linux-gcc -g -Os -D__KERNEL__ -fno-strict-aliasing -fno-common -ffixed-r8 -nostdinc -isystem /home/ray/workplace/git_download/HiSTB_origin/HiSTBLinux/tools/linux/toolchains/arm-histbv310-linux/bin/../lib/gcc/arm-gcc492_glibc224-linux-gnueabi/4.9.2/include  -fno-builtin -ffreestanding  -pipe -marm  -mabi=aapcs-linux -mfloat-abi=soft -mno-thumb-interwork -Wall -Wstrict-prototypes -fno-stack-protector -I/home/ray/workplace/git_download/HiSTB_origin/HiSTBLinux/out/hi3798mv100/hi3798mv100_out/obj/source/boot/fastboot/include -mcpu=cortex-a7 -Werror -Wall -D_GNU_SOURCE -D_XOPEN_SOURCE=600 -O2 -fPIC -DCHIP_TYPE_hi3798mv100 -DSDK_VERSION="HiSTBLinuxV100R005C00SPC050_20170731" -DHI_LOG_SUPPORT=1 -DHI_LOG_LEVEL=4 -DLOG_NETWORK_SUPPORT -DLOG_UDISK_SUPPORT -DHI_PROC_SUPPORT=1 -DHI_HDMI_SUPPORT_1_4 -DHI_PVR_SUPPORT -DHI_VI_SUPPORT -DHI_VENC_SUPPORT -DHI_PQ_V3_0  -I/home/ray/workplace/git_download/HiSTB_origin/HiSTBLinux/out/hi3798mv100/hi3798mv100_out/obj/source/boot/product/driver/include -I/home/ray/workplace/git_download/HiSTB_origin/HiSTBLinux/out/hi3798mv100/hi3798mv100_out/obj/source/boot/product/driver/include_inc -I/home/ray/workplace/git_download/HiSTB_origin/HiSTBLinux/out/hi3798mv100/hi3798mv100_out/obj/source/boot/product/loader/schedule -I/home/ray/workplace/git_download/HiSTB_origin/HiSTBLinux/out/hi3798mv100/hi3798mv100_out/obj/source/boot/product/logo/include -I/home/ray/workplace/git_download/HiSTB_origin/HiSTBLinux/out/hi3798mv100/hi3798mv100_out/obj/source/boot/product/driver/graphic/include -I/home/ray/workplace/git_download/HiSTB_origin/HiSTBLinux/out/hi3798mv100/hi3798mv100_out/obj/source/boot/product/adp/include -I/home/ray/workplace/git_download/HiSTB_origin/HiSTBLinux/out/hi3798mv100/hi3798mv100_out/obj/source/boot/product/pdm/include -I/home/ray/workplace/git_download/HiSTB_origin/HiSTBLinux/source/common/include -I/home/ray/workplace/git_download/HiSTB_origin/HiSTBLinux/source/common/drv/include -I/home/ray/workplace/git_download/HiSTB_origin/HiSTBLinux/out/hi3798mv100/hi3798mv100_out/obj/source/boot/miniboot/app -DCONFIG_ARM -D__ARM__ -DHI_PM_POWERUP_MODE1_SUPPORT -DHI_AVS_SUPPORT -D__DISP_PLATFORM_BOOT__ -D__DISP_SELF_START__ -D__DISP_D0_FOLLOW_D1__ -DHI_BUILD_IN_BOOT -DHI_VO_VDAC_VIDEO_BUFFER -I/home/ray/workplace/git_download/HiSTB_origin/HiSTBLinux/out/hi3798mv100/hi3798mv100_out/obj/source/boot/product/driver/include -I/home/ray/workplace/git_download/HiSTB_origin/HiSTBLinux/out/hi3798mv100/hi3798mv100_out/obj/source/boot/product/driver/pq/ -I/home/ray/workplace/git_download/HiSTB_origin/HiSTBLinux/out/hi3798mv100/hi3798mv100_out/obj/source/boot/product/driver/include_inc -I/home/ray/workplace/git_download/HiSTB_origin/HiSTBLinux/source/boot/fastboot/arch/arm/include -I/home/ray/workplace/git_download/HiSTB_origin/HiSTBLinux/source/boot/fastboot/include -I/home/ray/workplace/git_download/HiSTB_origin/HiSTBLinux/source/boot/product/driver/include -I/home/ray/workplace/git_download/HiSTB_origin/HiSTBLinux/out/hi3798mv100/hi3798mv100_out/obj/source/boot/product/driver/disp/vdp_v2_0/alg -I/home/ray/workplace/git_download/HiSTB_origin/HiSTBLinux/out/hi3798mv100/hi3798mv100_out/obj/source/boot/product/driver/disp/vdp_v2_0/com -I/home/ray/workplace/git_download/HiSTB_origin/HiSTBLinux/out/hi3798mv100/hi3798mv100_out/obj/source/boot/product/driver/disp/vdp_v2_0/drv -I/home/ray/workplace/git_download/HiSTB_origin/HiSTBLinux/out/hi3798mv100/hi3798mv100_out/obj/source/boot/product/driver/disp/vdp_v2_0/hal/common -I/home/ray/workplace/git_download/HiSTB_origin/HiSTBLinux/out/hi3798mv100/hi3798mv100_out/obj/source/boot/product/driver/disp/vdp_v2_0/hal/3798m -I/home/ray/workplace/git_download/HiSTB_origin/HiSTBLinux/out/hi3798mv100/hi3798mv100_out/obj/source/boot/product/driver/disp/vdp_v2_0/hal/3798m/inc -I/home/ray/workplace/git_download/HiSTB_origin/HiSTBLinux/source/common/drv/include/hi3798cv200   -c -o /home/ray/workplace/git_download/HiSTB_origin/HiSTBLinux/out/hi3798mv100/hi3798mv100_out/obj/source/boot/product/driver/disp/vdp_v2_0/drv_disp_adp2unf.o /home/ray/workplace/git_download/HiSTB_origin/HiSTBLinux/out/hi3798mv100/hi3798mv100_out/obj/source/boot/product/driver/disp/vdp_v2_0/drv_disp_adp2unf.c
 /usr/bin/install -c -m 644 alsa.m4 '/home/ray/workplace/git_download/HiSTB_origin/HiSTBLinux/out/hi3798mv100/hi3798mv100_out/obj/source/component/alsa/root/usr/share/aclocal'
make[7]: Leaving directory '/home/ray/workplace/git_download/HiSTB_origin/HiSTBLinux/out/hi3798mv100/hi3798mv100_out/obj/source/component/openssl/openssl-1.0.2l'
 /usr/bin/mkdir -p '/home/ray/workplace/git_download/HiSTB_origin/HiSTBLinux/out/hi3798mv100/hi3798mv100_out/obj/source/component/alsa/root/usr/lib/pkgconfig'
make[7]: Entering directory '/home/ray/workplace/git_download/HiSTB_origin/HiSTBLinux/out/hi3798mv100/hi3798mv100_out/obj/source/component/openssl/openssl-1.0.2l'
 /usr/bin/install -c -m 644 alsa.pc '/home/ray/workplace/git_download/HiSTB_origin/HiSTBLinux/out/hi3798mv100/hi3798mv100_out/obj/source/component/alsa/root/usr/lib/pkgconfig'
gcc3
checking for arm-histbv310-linux-ar... arm-histbv310-linux-ar
checking the archiver (arm-histbv310-linux-ar) interface... make[6]: Leaving directory '/home/ray/workplace/git_download/HiSTB_origin/HiSTBLinux/out/hi3798mv100/hi3798mv100_out/obj/source/component/alsa/alsa-lib-1.0.28/utils'
make[5]: Leaving directory '/home/ray/workplace/git_download/HiSTB_origin/HiSTBLinux/out/hi3798mv100/hi3798mv100_out/obj/source/component/alsa/alsa-lib-1.0.28/utils'
make[7]: Leaving directory '/home/ray/workplace/git_download/HiSTB_origin/HiSTBLinux/out/hi3798mv100/hi3798mv100_out/obj/source/component/openssl/openssl-1.0.2l'
make[6]: Leaving directory '/home/ray/workplace/git_download/HiSTB_origin/HiSTBLinux/out/hi3798mv100/hi3798mv100_out/obj/source/component/openssl/openssl-1.0.2l'
make[5]: Entering directory '/home/ray/workplace/git_download/HiSTB_origin/HiSTBLinux/out/hi3798mv100/hi3798mv100_out/obj/source/component/alsa/alsa-lib-1.0.28'
make[6]: Entering directory '/home/ray/workplace/git_download/HiSTB_origin/HiSTBLinux/out/hi3798mv100/hi3798mv100_out/obj/source/component/openssl/openssl-1.0.2l'
make[6]: Entering directory '/home/ray/workplace/git_download/HiSTB_origin/HiSTBLinux/out/hi3798mv100/hi3798mv100_out/obj/source/component/alsa/alsa-lib-1.0.28'
make[6]: Nothing to be done for 'install-exec-am'.
make[6]: Nothing to be done for 'install-data-am'.
make[6]: Leaving directory '/home/ray/workplace/git_download/HiSTB_origin/HiSTBLinux/out/hi3798mv100/hi3798mv100_out/obj/source/component/alsa/alsa-lib-1.0.28'
make[5]: Leaving directory '/home/ray/workplace/git_download/HiSTB_origin/HiSTBLinux/out/hi3798mv100/hi3798mv100_out/obj/source/component/alsa/alsa-lib-1.0.28'
make[4]: Leaving directory '/home/ray/workplace/git_download/HiSTB_origin/HiSTBLinux/out/hi3798mv100/hi3798mv100_out/obj/source/component/alsa/alsa-lib-1.0.28'
make[7]: Entering directory '/home/ray/workplace/git_download/HiSTB_origin/HiSTBLinux/out/hi3798mv100/hi3798mv100_out/obj/source/component/openssl/openssl-1.0.2l'
make[3]: Leaving directory '/home/ray/workplace/git_download/HiSTB_origin/HiSTBLinux/out/hi3798mv100/hi3798mv100_out/obj/source/component/alsa/alsa-lib-1.0.28'
scripts/kconfig/conf  --silentoldconfig Kconfig
make[3]: Entering directory '/home/ray/workplace/git_download/HiSTB_origin/HiSTBLinux/out/hi3798mv100/hi3798mv100_out/obj/source/component/alsa/alsa-utils-1.0.28'
make[3]: warning: jobserver unavailable: using -j1.  Add '+' to parent make rule.
Making all in include
ar
checking for arm-histbv310-linux-gcc... (cached) arm-histbv310-linux-gcc
make[4]: Entering directory '/home/ray/workplace/git_download/HiSTB_origin/HiSTBLinux/out/hi3798mv100/hi3798mv100_out/obj/source/component/alsa/alsa-utils-1.0.28/include'
make  all-am
make[5]: Entering directory '/home/ray/workplace/git_download/HiSTB_origin/HiSTBLinux/out/hi3798mv100/hi3798mv100_out/obj/source/component/alsa/alsa-utils-1.0.28/include'
checking whether we are using the GNU C compiler... (cached) yes
checking whether arm-histbv310-linux-gcc accepts -g... (cached) yes
checking for arm-histbv310-linux-gcc option to accept ISO C89... (cached) none needed
checking dependency style of arm-histbv310-linux-gcc... (cached) gcc3
checking whether arm-histbv310-linux-gcc and cc understand -c and -o together... make[7]: Leaving directory '/home/ray/workplace/git_download/HiSTB_origin/HiSTBLinux/out/hi3798mv100/hi3798mv100_out/obj/source/component/openssl/openssl-1.0.2l'
make[7]: Entering directory '/home/ray/workplace/git_download/HiSTB_origin/HiSTBLinux/out/hi3798mv100/hi3798mv100_out/obj/source/component/openssl/openssl-1.0.2l'
make[5]: Leaving directory '/home/ray/workplace/git_download/HiSTB_origin/HiSTBLinux/out/hi3798mv100/hi3798mv100_out/obj/source/component/alsa/alsa-utils-1.0.28/include'
make[4]: Leaving directory '/home/ray/workplace/git_download/HiSTB_origin/HiSTBLinux/out/hi3798mv100/hi3798mv100_out/obj/source/component/alsa/alsa-utils-1.0.28/include'
Making all in alsactl
make[7]: Leaving directory '/home/ray/workplace/git_download/HiSTB_origin/HiSTBLinux/out/hi3798mv100/hi3798mv100_out/obj/source/component/openssl/openssl-1.0.2l'
make[6]: Leaving directory '/home/ray/workplace/git_download/HiSTB_origin/HiSTBLinux/out/hi3798mv100/hi3798mv100_out/obj/source/component/openssl/openssl-1.0.2l'
make[4]: Entering directory '/home/ray/workplace/git_download/HiSTB_origin/HiSTBLinux/out/hi3798mv100/hi3798mv100_out/obj/source/component/alsa/alsa-utils-1.0.28/alsactl'
make[5]: Leaving directory '/home/ray/workplace/git_download/HiSTB_origin/HiSTBLinux/out/hi3798mv100/hi3798mv100_out/obj/source/component/openssl/openssl-1.0.2l'
make[4]: Leaving directory '/home/ray/workplace/git_download/HiSTB_origin/HiSTBLinux/out/hi3798mv100/hi3798mv100_out/obj/source/component/openssl/openssl-1.0.2l/ssl'
making all in apps...
Making all in init
make[5]: Entering directory '/home/ray/workplace/git_download/HiSTB_origin/HiSTBLinux/out/hi3798mv100/hi3798mv100_out/obj/source/component/alsa/alsa-utils-1.0.28/alsactl/init'
make[5]: Nothing to be done for 'all'.
make[5]: Leaving directory '/home/ray/workplace/git_download/HiSTB_origin/HiSTBLinux/out/hi3798mv100/hi3798mv100_out/obj/source/component/alsa/alsa-utils-1.0.28/alsactl/init'
make[4]: Entering directory '/home/ray/workplace/git_download/HiSTB_origin/HiSTBLinux/out/hi3798mv100/hi3798mv100_out/obj/source/component/openssl/openssl-1.0.2l/apps'
make[4]: Nothing to be done for 'all'.
make[4]: Leaving directory '/home/ray/workplace/git_download/HiSTB_origin/HiSTBLinux/out/hi3798mv100/hi3798mv100_out/obj/source/component/openssl/openssl-1.0.2l/apps'
making all in test...
make[5]: Entering directory '/home/ray/workplace/git_download/HiSTB_origin/HiSTBLinux/out/hi3798mv100/hi3798mv100_out/obj/source/component/alsa/alsa-utils-1.0.28/alsactl'
arm-histbv310-linux-gcc -DHAVE_CONFIG_H -I. -I../include     -D__USE_GNU -DSYS_ASOUNDRC=\"/var/lib/alsa/asound.state\" -DSYS_LOCKFILE=\"/var/lock/asound.state.lock\" -DSYS_PIDFILE=\"/var/run/alsactl.pid\" -I/home/ray/workplace/git_download/HiSTB_origin/HiSTBLinux/out/hi3798mv100/hi3798mv100_out/obj/source/component/alsa/root//usr/include -MT alsactl-alsactl.o -MD -MP -MF .deps/alsactl-alsactl.Tpo -c -o alsactl-alsactl.o `test -f 'alsactl.c' || echo './'`alsactl.c
make[4]: Entering directory '/home/ray/workplace/git_download/HiSTB_origin/HiSTBLinux/out/hi3798mv100/hi3798mv100_out/obj/source/component/openssl/openssl-1.0.2l/test'
make[4]: Nothing to be done for 'all'.
make[4]: Leaving directory '/home/ray/workplace/git_download/HiSTB_origin/HiSTBLinux/out/hi3798mv100/hi3798mv100_out/obj/source/component/openssl/openssl-1.0.2l/test'
making all in tools...
make[4]: Entering directory '/home/ray/workplace/git_download/HiSTB_origin/HiSTBLinux/out/hi3798mv100/hi3798mv100_out/obj/source/component/openssl/openssl-1.0.2l/tools'
make[4]: Nothing to be done for 'all'.
make[4]: Leaving directory '/home/ray/workplace/git_download/HiSTB_origin/HiSTBLinux/out/hi3798mv100/hi3798mv100_out/obj/source/component/openssl/openssl-1.0.2l/tools'
arm-histbv310-linux-gcc -g -Os -D__KERNEL__ -fno-strict-aliasing -fno-common -ffixed-r8 -nostdinc -isystem /home/ray/workplace/git_download/HiSTB_origin/HiSTBLinux/tools/linux/toolchains/arm-histbv310-linux/bin/../lib/gcc/arm-gcc492_glibc224-linux-gnueabi/4.9.2/include  -fno-builtin -ffreestanding  -pipe -marm  -mabi=aapcs-linux -mfloat-abi=soft -mno-thumb-interwork -Wall -Wstrict-prototypes -fno-stack-protector -I/home/ray/workplace/git_download/HiSTB_origin/HiSTBLinux/out/hi3798mv100/hi3798mv100_out/obj/source/boot/fastboot/include -mcpu=cortex-a7 -Werror -Wall -D_GNU_SOURCE -D_XOPEN_SOURCE=600 -O2 -fPIC -DCHIP_TYPE_hi3798mv100 -DSDK_VERSION="HiSTBLinuxV100R005C00SPC050_20170731" -DHI_LOG_SUPPORT=1 -DHI_LOG_LEVEL=4 -DLOG_NETWORK_SUPPORT -DLOG_UDISK_SUPPORT -DHI_PROC_SUPPORT=1 -DHI_HDMI_SUPPORT_1_4 -DHI_PVR_SUPPORT -DHI_VI_SUPPORT -DHI_VENC_SUPPORT -DHI_PQ_V3_0  -I/home/ray/workplace/git_download/HiSTB_origin/HiSTBLinux/out/hi3798mv100/hi3798mv100_out/obj/source/boot/product/driver/include -I/home/ray/workplace/git_download/HiSTB_origin/HiSTBLinux/out/hi3798mv100/hi3798mv100_out/obj/source/boot/product/driver/include_inc -I/home/ray/workplace/git_download/HiSTB_origin/HiSTBLinux/out/hi3798mv100/hi3798mv100_out/obj/source/boot/product/loader/schedule -I/home/ray/workplace/git_download/HiSTB_origin/HiSTBLinux/out/hi3798mv100/hi3798mv100_out/obj/source/boot/product/logo/include -I/home/ray/workplace/git_download/HiSTB_origin/HiSTBLinux/out/hi3798mv100/hi3798mv100_out/obj/source/boot/product/driver/graphic/include -I/home/ray/workplace/git_download/HiSTB_origin/HiSTBLinux/out/hi3798mv100/hi3798mv100_out/obj/source/boot/product/adp/include -I/home/ray/workplace/git_download/HiSTB_origin/HiSTBLinux/out/hi3798mv100/hi3798mv100_out/obj/source/boot/product/pdm/include -I/home/ray/workplace/git_download/HiSTB_origin/HiSTBLinux/source/common/include -I/home/ray/workplace/git_download/HiSTB_origin/HiSTBLinux/source/common/drv/include -I/home/ray/workplace/git_download/HiSTB_origin/HiSTBLinux/out/hi3798mv100/hi3798mv100_out/obj/source/boot/miniboot/app -DCONFIG_ARM -D__ARM__ -DHI_PM_POWERUP_MODE1_SUPPORT -DHI_AVS_SUPPORT -D__DISP_PLATFORM_BOOT__ -D__DISP_SELF_START__ -D__DISP_D0_FOLLOW_D1__ -DHI_BUILD_IN_BOOT -DHI_VO_VDAC_VIDEO_BUFFER -I/home/ray/workplace/git_download/HiSTB_origin/HiSTBLinux/out/hi3798mv100/hi3798mv100_out/obj/source/boot/product/driver/include -I/home/ray/workplace/git_download/HiSTB_origin/HiSTBLinux/out/hi3798mv100/hi3798mv100_out/obj/source/boot/product/driver/pq/ -I/home/ray/workplace/git_download/HiSTB_origin/HiSTBLinux/out/hi3798mv100/hi3798mv100_out/obj/source/boot/product/driver/include_inc -I/home/ray/workplace/git_download/HiSTB_origin/HiSTBLinux/source/boot/fastboot/arch/arm/include -I/home/ray/workplace/git_download/HiSTB_origin/HiSTBLinux/source/boot/fastboot/include -I/home/ray/workplace/git_download/HiSTB_origin/HiSTBLinux/source/boot/product/driver/include -I/home/ray/workplace/git_download/HiSTB_origin/HiSTBLinux/out/hi3798mv100/hi3798mv100_out/obj/source/boot/product/driver/disp/vdp_v2_0/alg -I/home/ray/workplace/git_download/HiSTB_origin/HiSTBLinux/out/hi3798mv100/hi3798mv100_out/obj/source/boot/product/driver/disp/vdp_v2_0/com -I/home/ray/workplace/git_download/HiSTB_origin/HiSTBLinux/out/hi3798mv100/hi3798mv100_out/obj/source/boot/product/driver/disp/vdp_v2_0/drv -I/home/ray/workplace/git_download/HiSTB_origin/HiSTBLinux/out/hi3798mv100/hi3798mv100_out/obj/source/boot/product/driver/disp/vdp_v2_0/hal/common -I/home/ray/workplace/git_download/HiSTB_origin/HiSTBLinux/out/hi3798mv100/hi3798mv100_out/obj/source/boot/product/driver/disp/vdp_v2_0/hal/3798m -I/home/ray/workplace/git_download/HiSTB_origin/HiSTBLinux/out/hi3798mv100/hi3798mv100_out/obj/source/boot/product/driver/disp/vdp_v2_0/hal/3798m/inc -I/home/ray/workplace/git_download/HiSTB_origin/HiSTBLinux/source/common/drv/include/hi3798cv200   -c -o /home/ray/workplace/git_download/HiSTB_origin/HiSTBLinux/out/hi3798mv100/hi3798mv100_out/obj/source/boot/product/driver/disp/vdp_v2_0/drv/drv_display.o /home/ray/workplace/git_download/HiSTB_origin/HiSTBLinux/out/hi3798mv100/hi3798mv100_out/obj/source/boot/product/driver/disp/vdp_v2_0/drv/drv_display.c
yes
checking build system type... mv -f .deps/alsactl-alsactl.Tpo .deps/alsactl-alsactl.Po
arm-histbv310-linux-gcc -DHAVE_CONFIG_H -I. -I../include     -D__USE_GNU -DSYS_ASOUNDRC=\"/var/lib/alsa/asound.state\" -DSYS_LOCKFILE=\"/var/lock/asound.state.lock\" -DSYS_PIDFILE=\"/var/run/alsactl.pid\" -I/home/ray/workplace/git_download/HiSTB_origin/HiSTBLinux/out/hi3798mv100/hi3798mv100_out/obj/source/component/alsa/root//usr/include -MT alsactl-state.o -MD -MP -MF .deps/alsactl-state.Tpo -c -o alsactl-state.o `test -f 'state.c' || echo './'`state.c
installing man1/CA.pl.1
x86_64-unknown-linux-gnu
checking host system type... arm-histbv310-linux-gnu
checking how to print strings... printf
checking for a sed that does not truncate output... /usr/bin/sed
checking for grep that handles long lines and -e... /usr/bin/grep
checking for egrep... /usr/bin/grep -E
checking for fgrep... /usr/bin/grep -F
checking for ld used by arm-histbv310-linux-gcc... installing man1/asn1parse.1
mv -f .deps/alsactl-state.Tpo .deps/alsactl-state.Po
arm-histbv310-linux-gcc -DHAVE_CONFIG_H -I. -I../include     -D__USE_GNU -DSYS_ASOUNDRC=\"/var/lib/alsa/asound.state\" -DSYS_LOCKFILE=\"/var/lock/asound.state.lock\" -DSYS_PIDFILE=\"/var/run/alsactl.pid\" -I/home/ray/workplace/git_download/HiSTB_origin/HiSTBLinux/out/hi3798mv100/hi3798mv100_out/obj/source/component/alsa/root//usr/include -MT alsactl-utils.o -MD -MP -MF .deps/alsactl-utils.Tpo -c -o alsactl-utils.o `test -f 'utils.c' || echo './'`utils.c
arm-histbv310-linux-ld
checking if the linker (arm-histbv310-linux-ld) is GNU ld... yes
checking for BSD- or MS-compatible name lister (nm)... arm-histbv310-linux-nm
checking the name lister (arm-histbv310-linux-nm) interface... installing man1/c_rehash.1
BSD nm
checking whether ln -s works... yes
checking the maximum length of command line arguments... 1572864
checking whether the shell understands some XSI constructs... yes
checking whether the shell understands "+="... yes
checking how to convert x86_64-unknown-linux-gnu file names to arm-histbv310-linux-gnu format... func_convert_file_noop
checking how to convert x86_64-unknown-linux-gnu file names to toolchain format... func_convert_file_noop
checking for arm-histbv310-linux-ld option to reload object files... -r
checking for arm-histbv310-linux-objdump... arm-histbv310-linux-objdump
checking how to recognize dependent libraries... pass_all
checking for arm-histbv310-linux-dlltool... no
checking for dlltool... no
checking how to associate runtime and link libraries... printf %s\n
checking for arm-histbv310-linux-ar... (cached) arm-histbv310-linux-ar
checking for archiver @FILE support... mv -f .deps/alsactl-utils.Tpo .deps/alsactl-utils.Po
arm-histbv310-linux-gcc -DHAVE_CONFIG_H -I. -I../include     -D__USE_GNU -DSYS_ASOUNDRC=\"/var/lib/alsa/asound.state\" -DSYS_LOCKFILE=\"/var/lock/asound.state.lock\" -DSYS_PIDFILE=\"/var/run/alsactl.pid\" -I/home/ray/workplace/git_download/HiSTB_origin/HiSTBLinux/out/hi3798mv100/hi3798mv100_out/obj/source/component/alsa/root//usr/include -MT alsactl-init_parse.o -MD -MP -MF .deps/alsactl-init_parse.Tpo -c -o alsactl-init_parse.o `test -f 'init_parse.c' || echo './'`init_parse.c
@
checking for arm-histbv310-linux-strip... (cached) arm-histbv310-linux-strip
checking for arm-histbv310-linux-ranlib... arm-histbv310-linux-ranlib
checking command to parse arm-histbv310-linux-nm output from arm-histbv310-linux-gcc object... installing man1/ca.1
ok
checking for sysroot... no
checking for arm-histbv310-linux-mt... no
checking for mt... mt
configure: WARNING: using cross tools not prefixed with host triplet
checking if mt is a manifest tool... no
checking how to run the C preprocessor... arm-histbv310-linux-cpp
installing man1/ciphers.1
checking for ANSI C header files... mv -f .deps/alsactl-init_parse.Tpo .deps/alsactl-init_parse.Po
arm-histbv310-linux-gcc -DHAVE_CONFIG_H -I. -I../include     -D__USE_GNU -DSYS_ASOUNDRC=\"/var/lib/alsa/asound.state\" -DSYS_LOCKFILE=\"/var/lock/asound.state.lock\" -DSYS_PIDFILE=\"/var/run/alsactl.pid\" -I/home/ray/workplace/git_download/HiSTB_origin/HiSTBLinux/out/hi3798mv100/hi3798mv100_out/obj/source/component/alsa/root//usr/include -MT alsactl-daemon.o -MD -MP -MF .deps/alsactl-daemon.Tpo -c -o alsactl-daemon.o `test -f 'daemon.c' || echo './'`daemon.c
installing man1/cms.1
yes
checking for sys/types.h...   CHK     include/config/kernel.release
mv -f .deps/alsactl-daemon.Tpo .deps/alsactl-daemon.Po
arm-histbv310-linux-gcc -DHAVE_CONFIG_H -I. -I../include     -D__USE_GNU -DSYS_ASOUNDRC=\"/var/lib/alsa/asound.state\" -DSYS_LOCKFILE=\"/var/lock/asound.state.lock\" -DSYS_PIDFILE=\"/var/run/alsactl.pid\" -I/home/ray/workplace/git_download/HiSTB_origin/HiSTBLinux/out/hi3798mv100/hi3798mv100_out/obj/source/component/alsa/root//usr/include -MT alsactl-monitor.o -MD -MP -MF .deps/alsactl-monitor.Tpo -c -o alsactl-monitor.o `test -f 'monitor.c' || echo './'`monitor.c
arm-histbv310-linux-gcc -g -Os -D__KERNEL__ -fno-strict-aliasing -fno-common -ffixed-r8 -nostdinc -isystem /home/ray/workplace/git_download/HiSTB_origin/HiSTBLinux/tools/linux/toolchains/arm-histbv310-linux/bin/../lib/gcc/arm-gcc492_glibc224-linux-gnueabi/4.9.2/include  -fno-builtin -ffreestanding  -pipe -marm  -mabi=aapcs-linux -mfloat-abi=soft -mno-thumb-interwork -Wall -Wstrict-prototypes -fno-stack-protector -I/home/ray/workplace/git_download/HiSTB_origin/HiSTBLinux/out/hi3798mv100/hi3798mv100_out/obj/source/boot/fastboot/include -mcpu=cortex-a7 -Werror -Wall -D_GNU_SOURCE -D_XOPEN_SOURCE=600 -O2 -fPIC -DCHIP_TYPE_hi3798mv100 -DSDK_VERSION="HiSTBLinuxV100R005C00SPC050_20170731" -DHI_LOG_SUPPORT=1 -DHI_LOG_LEVEL=4 -DLOG_NETWORK_SUPPORT -DLOG_UDISK_SUPPORT -DHI_PROC_SUPPORT=1 -DHI_HDMI_SUPPORT_1_4 -DHI_PVR_SUPPORT -DHI_VI_SUPPORT -DHI_VENC_SUPPORT -DHI_PQ_V3_0  -I/home/ray/workplace/git_download/HiSTB_origin/HiSTBLinux/out/hi3798mv100/hi3798mv100_out/obj/source/boot/product/driver/include -I/home/ray/workplace/git_download/HiSTB_origin/HiSTBLinux/out/hi3798mv100/hi3798mv100_out/obj/source/boot/product/driver/include_inc -I/home/ray/workplace/git_download/HiSTB_origin/HiSTBLinux/out/hi3798mv100/hi3798mv100_out/obj/source/boot/product/loader/schedule -I/home/ray/workplace/git_download/HiSTB_origin/HiSTBLinux/out/hi3798mv100/hi3798mv100_out/obj/source/boot/product/logo/include -I/home/ray/workplace/git_download/HiSTB_origin/HiSTBLinux/out/hi3798mv100/hi3798mv100_out/obj/source/boot/product/driver/graphic/include -I/home/ray/workplace/git_download/HiSTB_origin/HiSTBLinux/out/hi3798mv100/hi3798mv100_out/obj/source/boot/product/adp/include -I/home/ray/workplace/git_download/HiSTB_origin/HiSTBLinux/out/hi3798mv100/hi3798mv100_out/obj/source/boot/product/pdm/include -I/home/ray/workplace/git_download/HiSTB_origin/HiSTBLinux/source/common/include -I/home/ray/workplace/git_download/HiSTB_origin/HiSTBLinux/source/common/drv/include -I/home/ray/workplace/git_download/HiSTB_origin/HiSTBLinux/out/hi3798mv100/hi3798mv100_out/obj/source/boot/miniboot/app -DCONFIG_ARM -D__ARM__ -DHI_PM_POWERUP_MODE1_SUPPORT -DHI_AVS_SUPPORT -D__DISP_PLATFORM_BOOT__ -D__DISP_SELF_START__ -D__DISP_D0_FOLLOW_D1__ -DHI_BUILD_IN_BOOT -DHI_VO_VDAC_VIDEO_BUFFER -I/home/ray/workplace/git_download/HiSTB_origin/HiSTBLinux/out/hi3798mv100/hi3798mv100_out/obj/source/boot/product/driver/include -I/home/ray/workplace/git_download/HiSTB_origin/HiSTBLinux/out/hi3798mv100/hi3798mv100_out/obj/source/boot/product/driver/pq/ -I/home/ray/workplace/git_download/HiSTB_origin/HiSTBLinux/out/hi3798mv100/hi3798mv100_out/obj/source/boot/product/driver/include_inc -I/home/ray/workplace/git_download/HiSTB_origin/HiSTBLinux/source/boot/fastboot/arch/arm/include -I/home/ray/workplace/git_download/HiSTB_origin/HiSTBLinux/source/boot/fastboot/include -I/home/ray/workplace/git_download/HiSTB_origin/HiSTBLinux/source/boot/product/driver/include -I/home/ray/workplace/git_download/HiSTB_origin/HiSTBLinux/out/hi3798mv100/hi3798mv100_out/obj/source/boot/product/driver/disp/vdp_v2_0/alg -I/home/ray/workplace/git_download/HiSTB_origin/HiSTBLinux/out/hi3798mv100/hi3798mv100_out/obj/source/boot/product/driver/disp/vdp_v2_0/com -I/home/ray/workplace/git_download/HiSTB_origin/HiSTBLinux/out/hi3798mv100/hi3798mv100_out/obj/source/boot/product/driver/disp/vdp_v2_0/drv -I/home/ray/workplace/git_download/HiSTB_origin/HiSTBLinux/out/hi3798mv100/hi3798mv100_out/obj/source/boot/product/driver/disp/vdp_v2_0/hal/common -I/home/ray/workplace/git_download/HiSTB_origin/HiSTBLinux/out/hi3798mv100/hi3798mv100_out/obj/source/boot/product/driver/disp/vdp_v2_0/hal/3798m -I/home/ray/workplace/git_download/HiSTB_origin/HiSTBLinux/out/hi3798mv100/hi3798mv100_out/obj/source/boot/product/driver/disp/vdp_v2_0/hal/3798m/inc -I/home/ray/workplace/git_download/HiSTB_origin/HiSTBLinux/source/common/drv/include/hi3798cv200   -c -o /home/ray/workplace/git_download/HiSTB_origin/HiSTBLinux/out/hi3798mv100/hi3798mv100_out/obj/source/boot/product/driver/disp/vdp_v2_0/alg/drv_disp_alg_rgb2yuv.o /home/ray/workplace/git_download/HiSTB_origin/HiSTBLinux/out/hi3798mv100/hi3798mv100_out/obj/source/boot/product/driver/disp/vdp_v2_0/alg/drv_disp_alg_rgb2yuv.c
  GEN     ./Makefile
yes
  CHK     include/generated/uapi/linux/version.h
checking for sys/stat.h... installing man5/config.5
arm-histbv310-linux-gcc -g -Os -D__KERNEL__ -fno-strict-aliasing -fno-common -ffixed-r8 -nostdinc -isystem /home/ray/workplace/git_download/HiSTB_origin/HiSTBLinux/tools/linux/toolchains/arm-histbv310-linux/bin/../lib/gcc/arm-gcc492_glibc224-linux-gnueabi/4.9.2/include  -fno-builtin -ffreestanding  -pipe -marm  -mabi=aapcs-linux -mfloat-abi=soft -mno-thumb-interwork -Wall -Wstrict-prototypes -fno-stack-protector -I/home/ray/workplace/git_download/HiSTB_origin/HiSTBLinux/out/hi3798mv100/hi3798mv100_out/obj/source/boot/fastboot/include -mcpu=cortex-a7 -Werror -Wall -D_GNU_SOURCE -D_XOPEN_SOURCE=600 -O2 -fPIC -DCHIP_TYPE_hi3798mv100 -DSDK_VERSION="HiSTBLinuxV100R005C00SPC050_20170731" -DHI_LOG_SUPPORT=1 -DHI_LOG_LEVEL=4 -DLOG_NETWORK_SUPPORT -DLOG_UDISK_SUPPORT -DHI_PROC_SUPPORT=1 -DHI_HDMI_SUPPORT_1_4 -DHI_PVR_SUPPORT -DHI_VI_SUPPORT -DHI_VENC_SUPPORT -DHI_PQ_V3_0  -I/home/ray/workplace/git_download/HiSTB_origin/HiSTBLinux/out/hi3798mv100/hi3798mv100_out/obj/source/boot/product/driver/include -I/home/ray/workplace/git_download/HiSTB_origin/HiSTBLinux/out/hi3798mv100/hi3798mv100_out/obj/source/boot/product/driver/include_inc -I/home/ray/workplace/git_download/HiSTB_origin/HiSTBLinux/out/hi3798mv100/hi3798mv100_out/obj/source/boot/product/loader/schedule -I/home/ray/workplace/git_download/HiSTB_origin/HiSTBLinux/out/hi3798mv100/hi3798mv100_out/obj/source/boot/product/logo/include -I/home/ray/workplace/git_download/HiSTB_origin/HiSTBLinux/out/hi3798mv100/hi3798mv100_out/obj/source/boot/product/driver/graphic/include -I/home/ray/workplace/git_download/HiSTB_origin/HiSTBLinux/out/hi3798mv100/hi3798mv100_out/obj/source/boot/product/adp/include -I/home/ray/workplace/git_download/HiSTB_origin/HiSTBLinux/out/hi3798mv100/hi3798mv100_out/obj/source/boot/product/pdm/include -I/home/ray/workplace/git_download/HiSTB_origin/HiSTBLinux/source/common/include -I/home/ray/workplace/git_download/HiSTB_origin/HiSTBLinux/source/common/drv/include -I/home/ray/workplace/git_download/HiSTB_origin/HiSTBLinux/out/hi3798mv100/hi3798mv100_out/obj/source/boot/miniboot/app -DCONFIG_ARM -D__ARM__ -DHI_PM_POWERUP_MODE1_SUPPORT -DHI_AVS_SUPPORT -D__DISP_PLATFORM_BOOT__ -D__DISP_SELF_START__ -D__DISP_D0_FOLLOW_D1__ -DHI_BUILD_IN_BOOT -DHI_VO_VDAC_VIDEO_BUFFER -I/home/ray/workplace/git_download/HiSTB_origin/HiSTBLinux/out/hi3798mv100/hi3798mv100_out/obj/source/boot/product/driver/include -I/home/ray/workplace/git_download/HiSTB_origin/HiSTBLinux/out/hi3798mv100/hi3798mv100_out/obj/source/boot/product/driver/pq/ -I/home/ray/workplace/git_download/HiSTB_origin/HiSTBLinux/out/hi3798mv100/hi3798mv100_out/obj/source/boot/product/driver/include_inc -I/home/ray/workplace/git_download/HiSTB_origin/HiSTBLinux/source/boot/fastboot/arch/arm/include -I/home/ray/workplace/git_download/HiSTB_origin/HiSTBLinux/source/boot/fastboot/include -I/home/ray/workplace/git_download/HiSTB_origin/HiSTBLinux/source/boot/product/driver/include -I/home/ray/workplace/git_download/HiSTB_origin/HiSTBLinux/out/hi3798mv100/hi3798mv100_out/obj/source/boot/product/driver/disp/vdp_v2_0/alg -I/home/ray/workplace/git_download/HiSTB_origin/HiSTBLinux/out/hi3798mv100/hi3798mv100_out/obj/source/boot/product/driver/disp/vdp_v2_0/com -I/home/ray/workplace/git_download/HiSTB_origin/HiSTBLinux/out/hi3798mv100/hi3798mv100_out/obj/source/boot/product/driver/disp/vdp_v2_0/drv -I/home/ray/workplace/git_download/HiSTB_origin/HiSTBLinux/out/hi3798mv100/hi3798mv100_out/obj/source/boot/product/driver/disp/vdp_v2_0/hal/common -I/home/ray/workplace/git_download/HiSTB_origin/HiSTBLinux/out/hi3798mv100/hi3798mv100_out/obj/source/boot/product/driver/disp/vdp_v2_0/hal/3798m -I/home/ray/workplace/git_download/HiSTB_origin/HiSTBLinux/out/hi3798mv100/hi3798mv100_out/obj/source/boot/product/driver/disp/vdp_v2_0/hal/3798m/inc -I/home/ray/workplace/git_download/HiSTB_origin/HiSTBLinux/source/common/drv/include/hi3798cv200   -c -o /home/ray/workplace/git_download/HiSTB_origin/HiSTBLinux/out/hi3798mv100/hi3798mv100_out/obj/source/boot/product/driver/disp/vdp_v2_0/com/drv_disp_osal.o /home/ray/workplace/git_download/HiSTB_origin/HiSTBLinux/out/hi3798mv100/hi3798mv100_out/obj/source/boot/product/driver/disp/vdp_v2_0/com/drv_disp_osal.c
  CHK     include/generated/utsrelease.h
mv -f .deps/alsactl-monitor.Tpo .deps/alsactl-monitor.Po
yes
arm-histbv310-linux-gcc  -D__USE_GNU -DSYS_ASOUNDRC=\"/var/lib/alsa/asound.state\" -DSYS_LOCKFILE=\"/var/lock/asound.state.lock\" -DSYS_PIDFILE=\"/var/run/alsactl.pid\" -I/home/ray/workplace/git_download/HiSTB_origin/HiSTBLinux/out/hi3798mv100/hi3798mv100_out/obj/source/component/alsa/root//usr/include  -L/home/ray/workplace/git_download/HiSTB_origin/HiSTBLinux/out/hi3798mv100/hi3798mv100_out/obj/source/component/alsa/root//usr/lib -o alsactl alsactl-alsactl.o alsactl-state.o alsactl-lock.o alsactl-utils.o alsactl-init_parse.o alsactl-daemon.o alsactl-monitor.o  -lasound -lm -ldl -lpthread
checking for stdlib.h... arm-histbv310-linux-gcc -g -Os -D__KERNEL__ -fno-strict-aliasing -fno-common -ffixed-r8 -nostdinc -isystem /home/ray/workplace/git_download/HiSTB_origin/HiSTBLinux/tools/linux/toolchains/arm-histbv310-linux/bin/../lib/gcc/arm-gcc492_glibc224-linux-gnueabi/4.9.2/include  -fno-builtin -ffreestanding  -pipe -marm  -mabi=aapcs-linux -mfloat-abi=soft -mno-thumb-interwork -Wall -Wstrict-prototypes -fno-stack-protector -I/home/ray/workplace/git_download/HiSTB_origin/HiSTBLinux/out/hi3798mv100/hi3798mv100_out/obj/source/boot/fastboot/include -mcpu=cortex-a7 -Werror -Wall -D_GNU_SOURCE -D_XOPEN_SOURCE=600 -O2 -fPIC -DCHIP_TYPE_hi3798mv100 -DSDK_VERSION="HiSTBLinuxV100R005C00SPC050_20170731" -DHI_LOG_SUPPORT=1 -DHI_LOG_LEVEL=4 -DLOG_NETWORK_SUPPORT -DLOG_UDISK_SUPPORT -DHI_PROC_SUPPORT=1 -DHI_HDMI_SUPPORT_1_4 -DHI_PVR_SUPPORT -DHI_VI_SUPPORT -DHI_VENC_SUPPORT -DHI_PQ_V3_0  -I/home/ray/workplace/git_download/HiSTB_origin/HiSTBLinux/out/hi3798mv100/hi3798mv100_out/obj/source/boot/product/driver/include -I/home/ray/workplace/git_download/HiSTB_origin/HiSTBLinux/out/hi3798mv100/hi3798mv100_out/obj/source/boot/product/driver/include_inc -I/home/ray/workplace/git_download/HiSTB_origin/HiSTBLinux/out/hi3798mv100/hi3798mv100_out/obj/source/boot/product/loader/schedule -I/home/ray/workplace/git_download/HiSTB_origin/HiSTBLinux/out/hi3798mv100/hi3798mv100_out/obj/source/boot/product/logo/include -I/home/ray/workplace/git_download/HiSTB_origin/HiSTBLinux/out/hi3798mv100/hi3798mv100_out/obj/source/boot/product/driver/graphic/include -I/home/ray/workplace/git_download/HiSTB_origin/HiSTBLinux/out/hi3798mv100/hi3798mv100_out/obj/source/boot/product/adp/include -I/home/ray/workplace/git_download/HiSTB_origin/HiSTBLinux/out/hi3798mv100/hi3798mv100_out/obj/source/boot/product/pdm/include -I/home/ray/workplace/git_download/HiSTB_origin/HiSTBLinux/source/common/include -I/home/ray/workplace/git_download/HiSTB_origin/HiSTBLinux/source/common/drv/include -I/home/ray/workplace/git_download/HiSTB_origin/HiSTBLinux/out/hi3798mv100/hi3798mv100_out/obj/source/boot/miniboot/app -DCONFIG_ARM -D__ARM__ -DHI_PM_POWERUP_MODE1_SUPPORT -DHI_AVS_SUPPORT -D__DISP_PLATFORM_BOOT__ -D__DISP_SELF_START__ -D__DISP_D0_FOLLOW_D1__ -DHI_BUILD_IN_BOOT -DHI_VO_VDAC_VIDEO_BUFFER -I/home/ray/workplace/git_download/HiSTB_origin/HiSTBLinux/out/hi3798mv100/hi3798mv100_out/obj/source/boot/product/driver/include -I/home/ray/workplace/git_download/HiSTB_origin/HiSTBLinux/out/hi3798mv100/hi3798mv100_out/obj/source/boot/product/driver/pq/ -I/home/ray/workplace/git_download/HiSTB_origin/HiSTBLinux/out/hi3798mv100/hi3798mv100_out/obj/source/boot/product/driver/include_inc -I/home/ray/workplace/git_download/HiSTB_origin/HiSTBLinux/source/boot/fastboot/arch/arm/include -I/home/ray/workplace/git_download/HiSTB_origin/HiSTBLinux/source/boot/fastboot/include -I/home/ray/workplace/git_download/HiSTB_origin/HiSTBLinux/source/boot/product/driver/include -I/home/ray/workplace/git_download/HiSTB_origin/HiSTBLinux/out/hi3798mv100/hi3798mv100_out/obj/source/boot/product/driver/disp/vdp_v2_0/alg -I/home/ray/workplace/git_download/HiSTB_origin/HiSTBLinux/out/hi3798mv100/hi3798mv100_out/obj/source/boot/product/driver/disp/vdp_v2_0/com -I/home/ray/workplace/git_download/HiSTB_origin/HiSTBLinux/out/hi3798mv100/hi3798mv100_out/obj/source/boot/product/driver/disp/vdp_v2_0/drv -I/home/ray/workplace/git_download/HiSTB_origin/HiSTBLinux/out/hi3798mv100/hi3798mv100_out/obj/source/boot/product/driver/disp/vdp_v2_0/hal/common -I/home/ray/workplace/git_download/HiSTB_origin/HiSTBLinux/out/hi3798mv100/hi3798mv100_out/obj/source/boot/product/driver/disp/vdp_v2_0/hal/3798m -I/home/ray/workplace/git_download/HiSTB_origin/HiSTBLinux/out/hi3798mv100/hi3798mv100_out/obj/source/boot/product/driver/disp/vdp_v2_0/hal/3798m/inc -I/home/ray/workplace/git_download/HiSTB_origin/HiSTBLinux/source/common/drv/include/hi3798cv200   -c -o /home/ray/workplace/git_download/HiSTB_origin/HiSTBLinux/out/hi3798mv100/hi3798mv100_out/obj/source/boot/product/driver/disp/vdp_v2_0/hal/common/drv_disp_da.o /home/ray/workplace/git_download/HiSTB_origin/HiSTBLinux/out/hi3798mv100/hi3798mv100_out/obj/source/boot/product/driver/disp/vdp_v2_0/hal/common/drv_disp_da.c
installing man1/crl.1
yes
checking for string.h... arm-histbv310-linux-gcc -g -Os -D__KERNEL__ -fno-strict-aliasing -fno-common -ffixed-r8 -nostdinc -isystem /home/ray/workplace/git_download/HiSTB_origin/HiSTBLinux/tools/linux/toolchains/arm-histbv310-linux/bin/../lib/gcc/arm-gcc492_glibc224-linux-gnueabi/4.9.2/include  -fno-builtin -ffreestanding  -pipe -marm  -mabi=aapcs-linux -mfloat-abi=soft -mno-thumb-interwork -Wall -Wstrict-prototypes -fno-stack-protector -I/home/ray/workplace/git_download/HiSTB_origin/HiSTBLinux/out/hi3798mv100/hi3798mv100_out/obj/source/boot/fastboot/include -mcpu=cortex-a7 -Werror -Wall -D_GNU_SOURCE -D_XOPEN_SOURCE=600 -O2 -fPIC -DCHIP_TYPE_hi3798mv100 -DSDK_VERSION="HiSTBLinuxV100R005C00SPC050_20170731" -DHI_LOG_SUPPORT=1 -DHI_LOG_LEVEL=4 -DLOG_NETWORK_SUPPORT -DLOG_UDISK_SUPPORT -DHI_PROC_SUPPORT=1 -DHI_HDMI_SUPPORT_1_4 -DHI_PVR_SUPPORT -DHI_VI_SUPPORT -DHI_VENC_SUPPORT -DHI_PQ_V3_0  -I/home/ray/workplace/git_download/HiSTB_origin/HiSTBLinux/out/hi3798mv100/hi3798mv100_out/obj/source/boot/product/driver/include -I/home/ray/workplace/git_download/HiSTB_origin/HiSTBLinux/out/hi3798mv100/hi3798mv100_out/obj/source/boot/product/driver/include_inc -I/home/ray/workplace/git_download/HiSTB_origin/HiSTBLinux/out/hi3798mv100/hi3798mv100_out/obj/source/boot/product/loader/schedule -I/home/ray/workplace/git_download/HiSTB_origin/HiSTBLinux/out/hi3798mv100/hi3798mv100_out/obj/source/boot/product/logo/include -I/home/ray/workplace/git_download/HiSTB_origin/HiSTBLinux/out/hi3798mv100/hi3798mv100_out/obj/source/boot/product/driver/graphic/include -I/home/ray/workplace/git_download/HiSTB_origin/HiSTBLinux/out/hi3798mv100/hi3798mv100_out/obj/source/boot/product/adp/include -I/home/ray/workplace/git_download/HiSTB_origin/HiSTBLinux/out/hi3798mv100/hi3798mv100_out/obj/source/boot/product/pdm/include -I/home/ray/workplace/git_download/HiSTB_origin/HiSTBLinux/source/common/include -I/home/ray/workplace/git_download/HiSTB_origin/HiSTBLinux/source/common/drv/include -I/home/ray/workplace/git_download/HiSTB_origin/HiSTBLinux/out/hi3798mv100/hi3798mv100_out/obj/source/boot/miniboot/app -DCONFIG_ARM -D__ARM__ -DHI_PM_POWERUP_MODE1_SUPPORT -DHI_AVS_SUPPORT -D__DISP_PLATFORM_BOOT__ -D__DISP_SELF_START__ -D__DISP_D0_FOLLOW_D1__ -DHI_BUILD_IN_BOOT -DHI_VO_VDAC_VIDEO_BUFFER -I/home/ray/workplace/git_download/HiSTB_origin/HiSTBLinux/out/hi3798mv100/hi3798mv100_out/obj/source/boot/product/driver/include -I/home/ray/workplace/git_download/HiSTB_origin/HiSTBLinux/out/hi3798mv100/hi3798mv100_out/obj/source/boot/product/driver/pq/ -I/home/ray/workplace/git_download/HiSTB_origin/HiSTBLinux/out/hi3798mv100/hi3798mv100_out/obj/source/boot/product/driver/include_inc -I/home/ray/workplace/git_download/HiSTB_origin/HiSTBLinux/source/boot/fastboot/arch/arm/include -I/home/ray/workplace/git_download/HiSTB_origin/HiSTBLinux/source/boot/fastboot/include -I/home/ray/workplace/git_download/HiSTB_origin/HiSTBLinux/source/boot/product/driver/include -I/home/ray/workplace/git_download/HiSTB_origin/HiSTBLinux/out/hi3798mv100/hi3798mv100_out/obj/source/boot/product/driver/disp/vdp_v2_0/alg -I/home/ray/workplace/git_download/HiSTB_origin/HiSTBLinux/out/hi3798mv100/hi3798mv100_out/obj/source/boot/product/driver/disp/vdp_v2_0/com -I/home/ray/workplace/git_download/HiSTB_origin/HiSTBLinux/out/hi3798mv100/hi3798mv100_out/obj/source/boot/product/driver/disp/vdp_v2_0/drv -I/home/ray/workplace/git_download/HiSTB_origin/HiSTBLinux/out/hi3798mv100/hi3798mv100_out/obj/source/boot/product/driver/disp/vdp_v2_0/hal/common -I/home/ray/workplace/git_download/HiSTB_origin/HiSTBLinux/out/hi3798mv100/hi3798mv100_out/obj/source/boot/product/driver/disp/vdp_v2_0/hal/3798m -I/home/ray/workplace/git_download/HiSTB_origin/HiSTBLinux/out/hi3798mv100/hi3798mv100_out/obj/source/boot/product/driver/disp/vdp_v2_0/hal/3798m/inc -I/home/ray/workplace/git_download/HiSTB_origin/HiSTBLinux/source/common/drv/include/hi3798cv200   -c -o /home/ray/workplace/git_download/HiSTB_origin/HiSTBLinux/out/hi3798mv100/hi3798mv100_out/obj/source/boot/product/driver/disp/vdp_v2_0/hal/common/drv_disp_intf.o /home/ray/workplace/git_download/HiSTB_origin/HiSTBLinux/out/hi3798mv100/hi3798mv100_out/obj/source/boot/product/driver/disp/vdp_v2_0/hal/common/drv_disp_intf.c
make[5]: Leaving directory '/home/ray/workplace/git_download/HiSTB_origin/HiSTBLinux/out/hi3798mv100/hi3798mv100_out/obj/source/component/alsa/alsa-utils-1.0.28/alsactl'
make[4]: Leaving directory '/home/ray/workplace/git_download/HiSTB_origin/HiSTBLinux/out/hi3798mv100/hi3798mv100_out/obj/source/component/alsa/alsa-utils-1.0.28/alsactl'
Making all in alsaucm
make[4]: Entering directory '/home/ray/workplace/git_download/HiSTB_origin/HiSTBLinux/out/hi3798mv100/hi3798mv100_out/obj/source/component/alsa/alsa-utils-1.0.28/alsaucm'
arm-histbv310-linux-gcc -DHAVE_CONFIG_H -I. -I../include  -Wall -I../include -I../../alsa-lib/include   -I/home/ray/workplace/git_download/HiSTB_origin/HiSTBLinux/out/hi3798mv100/hi3798mv100_out/obj/source/component/alsa/root//usr/include -MT usecase.o -MD -MP -MF .deps/usecase.Tpo -c -o usecase.o usecase.c
installing man1/crl2pkcs7.1
yes
arm-histbv310-linux-gcc -g -Os -D__KERNEL__ -fno-strict-aliasing -fno-common -ffixed-r8 -nostdinc -isystem /home/ray/workplace/git_download/HiSTB_origin/HiSTBLinux/tools/linux/toolchains/arm-histbv310-linux/bin/../lib/gcc/arm-gcc492_glibc224-linux-gnueabi/4.9.2/include  -fno-builtin -ffreestanding  -pipe -marm  -mabi=aapcs-linux -mfloat-abi=soft -mno-thumb-interwork -Wall -Wstrict-prototypes -fno-stack-protector -I/home/ray/workplace/git_download/HiSTB_origin/HiSTBLinux/out/hi3798mv100/hi3798mv100_out/obj/source/boot/fastboot/include -mcpu=cortex-a7 -Werror -Wall -D_GNU_SOURCE -D_XOPEN_SOURCE=600 -O2 -fPIC -DCHIP_TYPE_hi3798mv100 -DSDK_VERSION="HiSTBLinuxV100R005C00SPC050_20170731" -DHI_LOG_SUPPORT=1 -DHI_LOG_LEVEL=4 -DLOG_NETWORK_SUPPORT -DLOG_UDISK_SUPPORT -DHI_PROC_SUPPORT=1 -DHI_HDMI_SUPPORT_1_4 -DHI_PVR_SUPPORT -DHI_VI_SUPPORT -DHI_VENC_SUPPORT -DHI_PQ_V3_0  -I/home/ray/workplace/git_download/HiSTB_origin/HiSTBLinux/out/hi3798mv100/hi3798mv100_out/obj/source/boot/product/driver/include -I/home/ray/workplace/git_download/HiSTB_origin/HiSTBLinux/out/hi3798mv100/hi3798mv100_out/obj/source/boot/product/driver/include_inc -I/home/ray/workplace/git_download/HiSTB_origin/HiSTBLinux/out/hi3798mv100/hi3798mv100_out/obj/source/boot/product/loader/schedule -I/home/ray/workplace/git_download/HiSTB_origin/HiSTBLinux/out/hi3798mv100/hi3798mv100_out/obj/source/boot/product/logo/include -I/home/ray/workplace/git_download/HiSTB_origin/HiSTBLinux/out/hi3798mv100/hi3798mv100_out/obj/source/boot/product/driver/graphic/include -I/home/ray/workplace/git_download/HiSTB_origin/HiSTBLinux/out/hi3798mv100/hi3798mv100_out/obj/source/boot/product/adp/include -I/home/ray/workplace/git_download/HiSTB_origin/HiSTBLinux/out/hi3798mv100/hi3798mv100_out/obj/source/boot/product/pdm/include -I/home/ray/workplace/git_download/HiSTB_origin/HiSTBLinux/source/common/include -I/home/ray/workplace/git_download/HiSTB_origin/HiSTBLinux/source/common/drv/include -I/home/ray/workplace/git_download/HiSTB_origin/HiSTBLinux/out/hi3798mv100/hi3798mv100_out/obj/source/boot/miniboot/app -DCONFIG_ARM -D__ARM__ -DHI_PM_POWERUP_MODE1_SUPPORT -DHI_AVS_SUPPORT -D__DISP_PLATFORM_BOOT__ -D__DISP_SELF_START__ -D__DISP_D0_FOLLOW_D1__ -DHI_BUILD_IN_BOOT -DHI_VO_VDAC_VIDEO_BUFFER -I/home/ray/workplace/git_download/HiSTB_origin/HiSTBLinux/out/hi3798mv100/hi3798mv100_out/obj/source/boot/product/driver/include -I/home/ray/workplace/git_download/HiSTB_origin/HiSTBLinux/out/hi3798mv100/hi3798mv100_out/obj/source/boot/product/driver/pq/ -I/home/ray/workplace/git_download/HiSTB_origin/HiSTBLinux/out/hi3798mv100/hi3798mv100_out/obj/source/boot/product/driver/include_inc -I/home/ray/workplace/git_download/HiSTB_origin/HiSTBLinux/source/boot/fastboot/arch/arm/include -I/home/ray/workplace/git_download/HiSTB_origin/HiSTBLinux/source/boot/fastboot/include -I/home/ray/workplace/git_download/HiSTB_origin/HiSTBLinux/source/boot/product/driver/include -I/home/ray/workplace/git_download/HiSTB_origin/HiSTBLinux/out/hi3798mv100/hi3798mv100_out/obj/source/boot/product/driver/disp/vdp_v2_0/alg -I/home/ray/workplace/git_download/HiSTB_origin/HiSTBLinux/out/hi3798mv100/hi3798mv100_out/obj/source/boot/product/driver/disp/vdp_v2_0/com -I/home/ray/workplace/git_download/HiSTB_origin/HiSTBLinux/out/hi3798mv100/hi3798mv100_out/obj/source/boot/product/driver/disp/vdp_v2_0/drv -I/home/ray/workplace/git_download/HiSTB_origin/HiSTBLinux/out/hi3798mv100/hi3798mv100_out/obj/source/boot/product/driver/disp/vdp_v2_0/hal/common -I/home/ray/workplace/git_download/HiSTB_origin/HiSTBLinux/out/hi3798mv100/hi3798mv100_out/obj/source/boot/product/driver/disp/vdp_v2_0/hal/3798m -I/home/ray/workplace/git_download/HiSTB_origin/HiSTBLinux/out/hi3798mv100/hi3798mv100_out/obj/source/boot/product/driver/disp/vdp_v2_0/hal/3798m/inc -I/home/ray/workplace/git_download/HiSTB_origin/HiSTBLinux/source/common/drv/include/hi3798cv200   -c -o /home/ray/workplace/git_download/HiSTB_origin/HiSTBLinux/out/hi3798mv100/hi3798mv100_out/obj/source/boot/product/driver/disp/vdp_v2_0/hal/common/drv_disp_hw.o /home/ray/workplace/git_download/HiSTB_origin/HiSTBLinux/out/hi3798mv100/hi3798mv100_out/obj/source/boot/product/driver/disp/vdp_v2_0/hal/common/drv_disp_hw.c
checking for memory.h... arm-histbv310-linux-gcc -g -Os -D__KERNEL__ -fno-strict-aliasing -fno-common -ffixed-r8 -nostdinc -isystem /home/ray/workplace/git_download/HiSTB_origin/HiSTBLinux/tools/linux/toolchains/arm-histbv310-linux/bin/../lib/gcc/arm-gcc492_glibc224-linux-gnueabi/4.9.2/include  -fno-builtin -ffreestanding  -pipe -marm  -mabi=aapcs-linux -mfloat-abi=soft -mno-thumb-interwork -Wall -Wstrict-prototypes -fno-stack-protector -I/home/ray/workplace/git_download/HiSTB_origin/HiSTBLinux/out/hi3798mv100/hi3798mv100_out/obj/source/boot/fastboot/include -mcpu=cortex-a7 -Werror -Wall -D_GNU_SOURCE -D_XOPEN_SOURCE=600 -O2 -fPIC -DCHIP_TYPE_hi3798mv100 -DSDK_VERSION="HiSTBLinuxV100R005C00SPC050_20170731" -DHI_LOG_SUPPORT=1 -DHI_LOG_LEVEL=4 -DLOG_NETWORK_SUPPORT -DLOG_UDISK_SUPPORT -DHI_PROC_SUPPORT=1 -DHI_HDMI_SUPPORT_1_4 -DHI_PVR_SUPPORT -DHI_VI_SUPPORT -DHI_VENC_SUPPORT -DHI_PQ_V3_0  -I/home/ray/workplace/git_download/HiSTB_origin/HiSTBLinux/out/hi3798mv100/hi3798mv100_out/obj/source/boot/product/driver/include -I/home/ray/workplace/git_download/HiSTB_origin/HiSTBLinux/out/hi3798mv100/hi3798mv100_out/obj/source/boot/product/driver/include_inc -I/home/ray/workplace/git_download/HiSTB_origin/HiSTBLinux/out/hi3798mv100/hi3798mv100_out/obj/source/boot/product/loader/schedule -I/home/ray/workplace/git_download/HiSTB_origin/HiSTBLinux/out/hi3798mv100/hi3798mv100_out/obj/source/boot/product/logo/include -I/home/ray/workplace/git_download/HiSTB_origin/HiSTBLinux/out/hi3798mv100/hi3798mv100_out/obj/source/boot/product/driver/graphic/include -I/home/ray/workplace/git_download/HiSTB_origin/HiSTBLinux/out/hi3798mv100/hi3798mv100_out/obj/source/boot/product/adp/include -I/home/ray/workplace/git_download/HiSTB_origin/HiSTBLinux/out/hi3798mv100/hi3798mv100_out/obj/source/boot/product/pdm/include -I/home/ray/workplace/git_download/HiSTB_origin/HiSTBLinux/source/common/include -I/home/ray/workplace/git_download/HiSTB_origin/HiSTBLinux/source/common/drv/include -I/home/ray/workplace/git_download/HiSTB_origin/HiSTBLinux/out/hi3798mv100/hi3798mv100_out/obj/source/boot/miniboot/app -DCONFIG_ARM -D__ARM__ -DHI_PM_POWERUP_MODE1_SUPPORT -DHI_AVS_SUPPORT -D__DISP_PLATFORM_BOOT__ -D__DISP_SELF_START__ -D__DISP_D0_FOLLOW_D1__ -DHI_BUILD_IN_BOOT -DHI_VO_VDAC_VIDEO_BUFFER -I/home/ray/workplace/git_download/HiSTB_origin/HiSTBLinux/out/hi3798mv100/hi3798mv100_out/obj/source/boot/product/driver/include -I/home/ray/workplace/git_download/HiSTB_origin/HiSTBLinux/out/hi3798mv100/hi3798mv100_out/obj/source/boot/product/driver/pq/ -I/home/ray/workplace/git_download/HiSTB_origin/HiSTBLinux/out/hi3798mv100/hi3798mv100_out/obj/source/boot/product/driver/include_inc -I/home/ray/workplace/git_download/HiSTB_origin/HiSTBLinux/source/boot/fastboot/arch/arm/include -I/home/ray/workplace/git_download/HiSTB_origin/HiSTBLinux/source/boot/fastboot/include -I/home/ray/workplace/git_download/HiSTB_origin/HiSTBLinux/source/boot/product/driver/include -I/home/ray/workplace/git_download/HiSTB_origin/HiSTBLinux/out/hi3798mv100/hi3798mv100_out/obj/source/boot/product/driver/disp/vdp_v2_0/alg -I/home/ray/workplace/git_download/HiSTB_origin/HiSTBLinux/out/hi3798mv100/hi3798mv100_out/obj/source/boot/product/driver/disp/vdp_v2_0/com -I/home/ray/workplace/git_download/HiSTB_origin/HiSTBLinux/out/hi3798mv100/hi3798mv100_out/obj/source/boot/product/driver/disp/vdp_v2_0/drv -I/home/ray/workplace/git_download/HiSTB_origin/HiSTBLinux/out/hi3798mv100/hi3798mv100_out/obj/source/boot/product/driver/disp/vdp_v2_0/hal/common -I/home/ray/workplace/git_download/HiSTB_origin/HiSTBLinux/out/hi3798mv100/hi3798mv100_out/obj/source/boot/product/driver/disp/vdp_v2_0/hal/3798m -I/home/ray/workplace/git_download/HiSTB_origin/HiSTBLinux/out/hi3798mv100/hi3798mv100_out/obj/source/boot/product/driver/disp/vdp_v2_0/hal/3798m/inc -I/home/ray/workplace/git_download/HiSTB_origin/HiSTBLinux/source/common/drv/include/hi3798cv200   -c -o /home/ray/workplace/git_download/HiSTB_origin/HiSTBLinux/out/hi3798mv100/hi3798mv100_out/obj/source/boot/product/driver/disp/vdp_v2_0/hal/common/drv_disp_hal.o /home/ray/workplace/git_download/HiSTB_origin/HiSTBLinux/out/hi3798mv100/hi3798mv100_out/obj/source/boot/product/driver/disp/vdp_v2_0/hal/common/drv_disp_hal.c
yes
mv -f .deps/usecase.Tpo .deps/usecase.Po
installing man1/dgst.1
checking for strings.h... arm-histbv310-linux-gcc  -I/home/ray/workplace/git_download/HiSTB_origin/HiSTBLinux/out/hi3798mv100/hi3798mv100_out/obj/source/component/alsa/root//usr/include  -L/home/ray/workplace/git_download/HiSTB_origin/HiSTBLinux/out/hi3798mv100/hi3798mv100_out/obj/source/component/alsa/root//usr/lib -o alsaucm usecase.o -lasound -L../../alsa-lib/src/.libs -lasound -lm -ldl -lpthread
yes
checking for inttypes.h... make[4]: Leaving directory '/home/ray/workplace/git_download/HiSTB_origin/HiSTBLinux/out/hi3798mv100/hi3798mv100_out/obj/source/component/alsa/alsa-utils-1.0.28/alsaucm'
Making all in utils
make[4]: Entering directory '/home/ray/workplace/git_download/HiSTB_origin/HiSTBLinux/out/hi3798mv100/hi3798mv100_out/obj/source/component/alsa/alsa-utils-1.0.28/utils'
make[4]: Nothing to be done for 'all'.
make[4]: Leaving directory '/home/ray/workplace/git_download/HiSTB_origin/HiSTBLinux/out/hi3798mv100/hi3798mv100_out/obj/source/component/alsa/alsa-utils-1.0.28/utils'
Making all in m4
make[4]: Entering directory '/home/ray/workplace/git_download/HiSTB_origin/HiSTBLinux/out/hi3798mv100/hi3798mv100_out/obj/source/component/alsa/alsa-utils-1.0.28/m4'
make[4]: Nothing to be done for 'all'.
make[4]: Leaving directory '/home/ray/workplace/git_download/HiSTB_origin/HiSTBLinux/out/hi3798mv100/hi3798mv100_out/obj/source/component/alsa/alsa-utils-1.0.28/m4'
Making all in po
sha.1 => dgst.1
make[4]: Entering directory '/home/ray/workplace/git_download/HiSTB_origin/HiSTBLinux/out/hi3798mv100/hi3798mv100_out/obj/source/component/alsa/alsa-utils-1.0.28/po'
make[4]: Leaving directory '/home/ray/workplace/git_download/HiSTB_origin/HiSTBLinux/out/hi3798mv100/hi3798mv100_out/obj/source/component/alsa/alsa-utils-1.0.28/po'
Making all in amixer
sha1.1 => dgst.1
mdc2.1 => dgst.1
make[4]: Entering directory '/home/ray/workplace/git_download/HiSTB_origin/HiSTBLinux/out/hi3798mv100/hi3798mv100_out/obj/source/component/alsa/alsa-utils-1.0.28/amixer'
arm-histbv310-linux-gcc -DHAVE_CONFIG_H -I. -I../include  -I../include   -I/home/ray/workplace/git_download/HiSTB_origin/HiSTBLinux/out/hi3798mv100/hi3798mv100_out/obj/source/component/alsa/root//usr/include -MT amixer.o -MD -MP -MF .deps/amixer.Tpo -c -o amixer.o amixer.c
ripemd160.1 => dgst.1
sha224.1 => dgst.1
sha256.1 => dgst.1
sha384.1 => dgst.1
sha512.1 => dgst.1
yes
md2.1 => dgst.1
md4.1 => dgst.1
md5.1 => dgst.1
checking for stdint.h... dss1.1 => dgst.1
installing man1/dhparam.1
yes
checking for unistd.h... installing man1/dsa.1
yes
checking for dlfcn.h... mv -f .deps/amixer.Tpo .deps/amixer.Po
arm-histbv310-linux-gcc -DHAVE_CONFIG_H -I. -I../include  -I../include   -I/home/ray/workplace/git_download/HiSTB_origin/HiSTBLinux/out/hi3798mv100/hi3798mv100_out/obj/source/component/alsa/root//usr/include -MT volume_mapping.o -MD -MP -MF .deps/volume_mapping.Tpo -c -o volume_mapping.o `test -f '../alsamixer/volume_mapping.c' || echo './'`../alsamixer/volume_mapping.c
installing man1/dsaparam.1
yes
checking for objdir... .libs
mv -f .deps/volume_mapping.Tpo .deps/volume_mapping.Po
installing man1/ec.1
arm-histbv310-linux-gcc  -I/home/ray/workplace/git_download/HiSTB_origin/HiSTBLinux/out/hi3798mv100/hi3798mv100_out/obj/source/component/alsa/root//usr/include  -L/home/ray/workplace/git_download/HiSTB_origin/HiSTBLinux/out/hi3798mv100/hi3798mv100_out/obj/source/component/alsa/root//usr/lib -o amixer amixer.o volume_mapping.o -lm -lasound -lm -ldl -lpthread
checking if arm-histbv310-linux-gcc supports -fno-rtti -fno-exceptions... make[4]: Leaving directory '/home/ray/workplace/git_download/HiSTB_origin/HiSTBLinux/out/hi3798mv100/hi3798mv100_out/obj/source/component/alsa/alsa-utils-1.0.28/amixer'
Making all in amidi
arm-histbv310-linux-gcc -g -Os -D__KERNEL__ -fno-strict-aliasing -fno-common -ffixed-r8 -nostdinc -isystem /home/ray/workplace/git_download/HiSTB_origin/HiSTBLinux/tools/linux/toolchains/arm-histbv310-linux/bin/../lib/gcc/arm-gcc492_glibc224-linux-gnueabi/4.9.2/include  -fno-builtin -ffreestanding  -pipe -marm  -mabi=aapcs-linux -mfloat-abi=soft -mno-thumb-interwork -Wall -Wstrict-prototypes -fno-stack-protector -I/home/ray/workplace/git_download/HiSTB_origin/HiSTBLinux/out/hi3798mv100/hi3798mv100_out/obj/source/boot/fastboot/include -mcpu=cortex-a7 -Werror -Wall -D_GNU_SOURCE -D_XOPEN_SOURCE=600 -O2 -fPIC -DCHIP_TYPE_hi3798mv100 -DSDK_VERSION="HiSTBLinuxV100R005C00SPC050_20170731" -DHI_LOG_SUPPORT=1 -DHI_LOG_LEVEL=4 -DLOG_NETWORK_SUPPORT -DLOG_UDISK_SUPPORT -DHI_PROC_SUPPORT=1 -DHI_HDMI_SUPPORT_1_4 -DHI_PVR_SUPPORT -DHI_VI_SUPPORT -DHI_VENC_SUPPORT -DHI_PQ_V3_0  -I/home/ray/workplace/git_download/HiSTB_origin/HiSTBLinux/out/hi3798mv100/hi3798mv100_out/obj/source/boot/product/driver/include -I/home/ray/workplace/git_download/HiSTB_origin/HiSTBLinux/out/hi3798mv100/hi3798mv100_out/obj/source/boot/product/driver/include_inc -I/home/ray/workplace/git_download/HiSTB_origin/HiSTBLinux/out/hi3798mv100/hi3798mv100_out/obj/source/boot/product/loader/schedule -I/home/ray/workplace/git_download/HiSTB_origin/HiSTBLinux/out/hi3798mv100/hi3798mv100_out/obj/source/boot/product/logo/include -I/home/ray/workplace/git_download/HiSTB_origin/HiSTBLinux/out/hi3798mv100/hi3798mv100_out/obj/source/boot/product/driver/graphic/include -I/home/ray/workplace/git_download/HiSTB_origin/HiSTBLinux/out/hi3798mv100/hi3798mv100_out/obj/source/boot/product/adp/include -I/home/ray/workplace/git_download/HiSTB_origin/HiSTBLinux/out/hi3798mv100/hi3798mv100_out/obj/source/boot/product/pdm/include -I/home/ray/workplace/git_download/HiSTB_origin/HiSTBLinux/source/common/include -I/home/ray/workplace/git_download/HiSTB_origin/HiSTBLinux/source/common/drv/include -I/home/ray/workplace/git_download/HiSTB_origin/HiSTBLinux/out/hi3798mv100/hi3798mv100_out/obj/source/boot/miniboot/app -DCONFIG_ARM -D__ARM__ -DHI_PM_POWERUP_MODE1_SUPPORT -DHI_AVS_SUPPORT -D__DISP_PLATFORM_BOOT__ -D__DISP_SELF_START__ -D__DISP_D0_FOLLOW_D1__ -DHI_BUILD_IN_BOOT -DHI_VO_VDAC_VIDEO_BUFFER -I/home/ray/workplace/git_download/HiSTB_origin/HiSTBLinux/out/hi3798mv100/hi3798mv100_out/obj/source/boot/product/driver/include -I/home/ray/workplace/git_download/HiSTB_origin/HiSTBLinux/out/hi3798mv100/hi3798mv100_out/obj/source/boot/product/driver/pq/ -I/home/ray/workplace/git_download/HiSTB_origin/HiSTBLinux/out/hi3798mv100/hi3798mv100_out/obj/source/boot/product/driver/include_inc -I/home/ray/workplace/git_download/HiSTB_origin/HiSTBLinux/source/boot/fastboot/arch/arm/include -I/home/ray/workplace/git_download/HiSTB_origin/HiSTBLinux/source/boot/fastboot/include -I/home/ray/workplace/git_download/HiSTB_origin/HiSTBLinux/source/boot/product/driver/include -I/home/ray/workplace/git_download/HiSTB_origin/HiSTBLinux/out/hi3798mv100/hi3798mv100_out/obj/source/boot/product/driver/disp/vdp_v2_0/alg -I/home/ray/workplace/git_download/HiSTB_origin/HiSTBLinux/out/hi3798mv100/hi3798mv100_out/obj/source/boot/product/driver/disp/vdp_v2_0/com -I/home/ray/workplace/git_download/HiSTB_origin/HiSTBLinux/out/hi3798mv100/hi3798mv100_out/obj/source/boot/product/driver/disp/vdp_v2_0/drv -I/home/ray/workplace/git_download/HiSTB_origin/HiSTBLinux/out/hi3798mv100/hi3798mv100_out/obj/source/boot/product/driver/disp/vdp_v2_0/hal/common -I/home/ray/workplace/git_download/HiSTB_origin/HiSTBLinux/out/hi3798mv100/hi3798mv100_out/obj/source/boot/product/driver/disp/vdp_v2_0/hal/3798m -I/home/ray/workplace/git_download/HiSTB_origin/HiSTBLinux/out/hi3798mv100/hi3798mv100_out/obj/source/boot/product/driver/disp/vdp_v2_0/hal/3798m/inc -I/home/ray/workplace/git_download/HiSTB_origin/HiSTBLinux/source/common/drv/include/hi3798cv200   -c -o /home/ray/workplace/git_download/HiSTB_origin/HiSTBLinux/out/hi3798mv100/hi3798mv100_out/obj/source/boot/product/driver/disp/vdp_v2_0/hal/common/drv_disp_rwzb.o /home/ray/workplace/git_download/HiSTB_origin/HiSTBLinux/out/hi3798mv100/hi3798mv100_out/obj/source/boot/product/driver/disp/vdp_v2_0/hal/common/drv_disp_rwzb.c
installing man1/ecparam.1
make[4]: Entering directory '/home/ray/workplace/git_download/HiSTB_origin/HiSTBLinux/out/hi3798mv100/hi3798mv100_out/obj/source/component/alsa/alsa-utils-1.0.28/amidi'
arm-histbv310-linux-gcc -DHAVE_CONFIG_H -I. -I../include  -I../include   -I/home/ray/workplace/git_download/HiSTB_origin/HiSTBLinux/out/hi3798mv100/hi3798mv100_out/obj/source/component/alsa/root//usr/include -MT amidi.o -MD -MP -MF .deps/amidi.Tpo -c -o amidi.o amidi.c
no
checking for arm-histbv310-linux-gcc option to produce PIC... -fPIC -DPIC
checking if arm-histbv310-linux-gcc PIC flag -fPIC -DPIC works...   Using /home/ray/workplace/git_download/HiSTB_origin/HiSTBLinux/source/kernel/linux-4.4.y as source for kernel
yes
checking if arm-histbv310-linux-gcc static flag -static works... arm-histbv310-linux-gcc -g -Os -D__KERNEL__ -fno-strict-aliasing -fno-common -ffixed-r8 -nostdinc -isystem /home/ray/workplace/git_download/HiSTB_origin/HiSTBLinux/tools/linux/toolchains/arm-histbv310-linux/bin/../lib/gcc/arm-gcc492_glibc224-linux-gnueabi/4.9.2/include  -fno-builtin -ffreestanding  -pipe -marm  -mabi=aapcs-linux -mfloat-abi=soft -mno-thumb-interwork -Wall -Wstrict-prototypes -fno-stack-protector -I/home/ray/workplace/git_download/HiSTB_origin/HiSTBLinux/out/hi3798mv100/hi3798mv100_out/obj/source/boot/fastboot/include -mcpu=cortex-a7 -Werror -Wall -D_GNU_SOURCE -D_XOPEN_SOURCE=600 -O2 -fPIC -DCHIP_TYPE_hi3798mv100 -DSDK_VERSION="HiSTBLinuxV100R005C00SPC050_20170731" -DHI_LOG_SUPPORT=1 -DHI_LOG_LEVEL=4 -DLOG_NETWORK_SUPPORT -DLOG_UDISK_SUPPORT -DHI_PROC_SUPPORT=1 -DHI_HDMI_SUPPORT_1_4 -DHI_PVR_SUPPORT -DHI_VI_SUPPORT -DHI_VENC_SUPPORT -DHI_PQ_V3_0  -I/home/ray/workplace/git_download/HiSTB_origin/HiSTBLinux/out/hi3798mv100/hi3798mv100_out/obj/source/boot/product/driver/include -I/home/ray/workplace/git_download/HiSTB_origin/HiSTBLinux/out/hi3798mv100/hi3798mv100_out/obj/source/boot/product/driver/include_inc -I/home/ray/workplace/git_download/HiSTB_origin/HiSTBLinux/out/hi3798mv100/hi3798mv100_out/obj/source/boot/product/loader/schedule -I/home/ray/workplace/git_download/HiSTB_origin/HiSTBLinux/out/hi3798mv100/hi3798mv100_out/obj/source/boot/product/logo/include -I/home/ray/workplace/git_download/HiSTB_origin/HiSTBLinux/out/hi3798mv100/hi3798mv100_out/obj/source/boot/product/driver/graphic/include -I/home/ray/workplace/git_download/HiSTB_origin/HiSTBLinux/out/hi3798mv100/hi3798mv100_out/obj/source/boot/product/adp/include -I/home/ray/workplace/git_download/HiSTB_origin/HiSTBLinux/out/hi3798mv100/hi3798mv100_out/obj/source/boot/product/pdm/include -I/home/ray/workplace/git_download/HiSTB_origin/HiSTBLinux/source/common/include -I/home/ray/workplace/git_download/HiSTB_origin/HiSTBLinux/source/common/drv/include -I/home/ray/workplace/git_download/HiSTB_origin/HiSTBLinux/out/hi3798mv100/hi3798mv100_out/obj/source/boot/miniboot/app -DCONFIG_ARM -D__ARM__ -DHI_PM_POWERUP_MODE1_SUPPORT -DHI_AVS_SUPPORT -D__DISP_PLATFORM_BOOT__ -D__DISP_SELF_START__ -D__DISP_D0_FOLLOW_D1__ -DHI_BUILD_IN_BOOT -DHI_VO_VDAC_VIDEO_BUFFER -I/home/ray/workplace/git_download/HiSTB_origin/HiSTBLinux/out/hi3798mv100/hi3798mv100_out/obj/source/boot/product/driver/include -I/home/ray/workplace/git_download/HiSTB_origin/HiSTBLinux/out/hi3798mv100/hi3798mv100_out/obj/source/boot/product/driver/pq/ -I/home/ray/workplace/git_download/HiSTB_origin/HiSTBLinux/out/hi3798mv100/hi3798mv100_out/obj/source/boot/product/driver/include_inc -I/home/ray/workplace/git_download/HiSTB_origin/HiSTBLinux/source/boot/fastboot/arch/arm/include -I/home/ray/workplace/git_download/HiSTB_origin/HiSTBLinux/source/boot/fastboot/include -I/home/ray/workplace/git_download/HiSTB_origin/HiSTBLinux/source/boot/product/driver/include -I/home/ray/workplace/git_download/HiSTB_origin/HiSTBLinux/out/hi3798mv100/hi3798mv100_out/obj/source/boot/product/driver/disp/vdp_v2_0/alg -I/home/ray/workplace/git_download/HiSTB_origin/HiSTBLinux/out/hi3798mv100/hi3798mv100_out/obj/source/boot/product/driver/disp/vdp_v2_0/com -I/home/ray/workplace/git_download/HiSTB_origin/HiSTBLinux/out/hi3798mv100/hi3798mv100_out/obj/source/boot/product/driver/disp/vdp_v2_0/drv -I/home/ray/workplace/git_download/HiSTB_origin/HiSTBLinux/out/hi3798mv100/hi3798mv100_out/obj/source/boot/product/driver/disp/vdp_v2_0/hal/common -I/home/ray/workplace/git_download/HiSTB_origin/HiSTBLinux/out/hi3798mv100/hi3798mv100_out/obj/source/boot/product/driver/disp/vdp_v2_0/hal/3798m -I/home/ray/workplace/git_download/HiSTB_origin/HiSTBLinux/out/hi3798mv100/hi3798mv100_out/obj/source/boot/product/driver/disp/vdp_v2_0/hal/3798m/inc -I/home/ray/workplace/git_download/HiSTB_origin/HiSTBLinux/source/common/drv/include/hi3798cv200   -c -o /home/ray/workplace/git_download/HiSTB_origin/HiSTBLinux/out/hi3798mv100/hi3798mv100_out/obj/source/boot/product/driver/disp/vdp_v2_0/hal/3798m/hal_specific_config.o /home/ray/workplace/git_download/HiSTB_origin/HiSTBLinux/out/hi3798mv100/hi3798mv100_out/obj/source/boot/product/driver/disp/vdp_v2_0/hal/3798m/hal_specific_config.c
installing man1/enc.1
mv -f .deps/amidi.Tpo .deps/amidi.Po
arm-histbv310-linux-gcc  -I/home/ray/workplace/git_download/HiSTB_origin/HiSTBLinux/out/hi3798mv100/hi3798mv100_out/obj/source/component/alsa/root//usr/include  -L/home/ray/workplace/git_download/HiSTB_origin/HiSTBLinux/out/hi3798mv100/hi3798mv100_out/obj/source/component/alsa/root//usr/lib -o amidi amidi.o  -lasound -lm -ldl -lpthread
installing man1/errstr.1
make[4]: Leaving directory '/home/ray/workplace/git_download/HiSTB_origin/HiSTBLinux/out/hi3798mv100/hi3798mv100_out/obj/source/component/alsa/alsa-utils-1.0.28/amidi'
Making all in aplay
  CC      scripts/mod/empty.o
make[4]: Entering directory '/home/ray/workplace/git_download/HiSTB_origin/HiSTBLinux/out/hi3798mv100/hi3798mv100_out/obj/source/component/alsa/alsa-utils-1.0.28/aplay'
arm-histbv310-linux-gcc -DHAVE_CONFIG_H -I. -I../include  -I../include   -I/home/ray/workplace/git_download/HiSTB_origin/HiSTBLinux/out/hi3798mv100/hi3798mv100_out/obj/source/component/alsa/root//usr/include -MT aplay.o -MD -MP -MF .deps/aplay.Tpo -c -o aplay.o aplay.c
  CC      scripts/mod/devicetable-offsets.s
  MKELF   scripts/mod/elfconfig.h
arm-histbv310-linux-gcc -g -Os -D__KERNEL__ -fno-strict-aliasing -fno-common -ffixed-r8 -nostdinc -isystem /home/ray/workplace/git_download/HiSTB_origin/HiSTBLinux/tools/linux/toolchains/arm-histbv310-linux/bin/../lib/gcc/arm-gcc492_glibc224-linux-gnueabi/4.9.2/include  -fno-builtin -ffreestanding  -pipe -marm  -mabi=aapcs-linux -mfloat-abi=soft -mno-thumb-interwork -Wall -Wstrict-prototypes -fno-stack-protector -I/home/ray/workplace/git_download/HiSTB_origin/HiSTBLinux/out/hi3798mv100/hi3798mv100_out/obj/source/boot/fastboot/include -mcpu=cortex-a7 -Werror -Wall -D_GNU_SOURCE -D_XOPEN_SOURCE=600 -O2 -fPIC -DCHIP_TYPE_hi3798mv100 -DSDK_VERSION="HiSTBLinuxV100R005C00SPC050_20170731" -DHI_LOG_SUPPORT=1 -DHI_LOG_LEVEL=4 -DLOG_NETWORK_SUPPORT -DLOG_UDISK_SUPPORT -DHI_PROC_SUPPORT=1 -DHI_HDMI_SUPPORT_1_4 -DHI_PVR_SUPPORT -DHI_VI_SUPPORT -DHI_VENC_SUPPORT -DHI_PQ_V3_0  -I/home/ray/workplace/git_download/HiSTB_origin/HiSTBLinux/out/hi3798mv100/hi3798mv100_out/obj/source/boot/product/driver/include -I/home/ray/workplace/git_download/HiSTB_origin/HiSTBLinux/out/hi3798mv100/hi3798mv100_out/obj/source/boot/product/driver/include_inc -I/home/ray/workplace/git_download/HiSTB_origin/HiSTBLinux/out/hi3798mv100/hi3798mv100_out/obj/source/boot/product/loader/schedule -I/home/ray/workplace/git_download/HiSTB_origin/HiSTBLinux/out/hi3798mv100/hi3798mv100_out/obj/source/boot/product/logo/include -I/home/ray/workplace/git_download/HiSTB_origin/HiSTBLinux/out/hi3798mv100/hi3798mv100_out/obj/source/boot/product/driver/graphic/include -I/home/ray/workplace/git_download/HiSTB_origin/HiSTBLinux/out/hi3798mv100/hi3798mv100_out/obj/source/boot/product/adp/include -I/home/ray/workplace/git_download/HiSTB_origin/HiSTBLinux/out/hi3798mv100/hi3798mv100_out/obj/source/boot/product/pdm/include -I/home/ray/workplace/git_download/HiSTB_origin/HiSTBLinux/source/common/include -I/home/ray/workplace/git_download/HiSTB_origin/HiSTBLinux/source/common/drv/include -I/home/ray/workplace/git_download/HiSTB_origin/HiSTBLinux/out/hi3798mv100/hi3798mv100_out/obj/source/boot/miniboot/app -DCONFIG_ARM -D__ARM__ -DHI_PM_POWERUP_MODE1_SUPPORT -DHI_AVS_SUPPORT -D__DISP_PLATFORM_BOOT__ -D__DISP_SELF_START__ -D__DISP_D0_FOLLOW_D1__ -DHI_BUILD_IN_BOOT -DHI_VO_VDAC_VIDEO_BUFFER -I/home/ray/workplace/git_download/HiSTB_origin/HiSTBLinux/out/hi3798mv100/hi3798mv100_out/obj/source/boot/product/driver/include -I/home/ray/workplace/git_download/HiSTB_origin/HiSTBLinux/out/hi3798mv100/hi3798mv100_out/obj/source/boot/product/driver/pq/ -I/home/ray/workplace/git_download/HiSTB_origin/HiSTBLinux/out/hi3798mv100/hi3798mv100_out/obj/source/boot/product/driver/include_inc -I/home/ray/workplace/git_download/HiSTB_origin/HiSTBLinux/source/boot/fastboot/arch/arm/include -I/home/ray/workplace/git_download/HiSTB_origin/HiSTBLinux/source/boot/fastboot/include -I/home/ray/workplace/git_download/HiSTB_origin/HiSTBLinux/source/boot/product/driver/include -I/home/ray/workplace/git_download/HiSTB_origin/HiSTBLinux/out/hi3798mv100/hi3798mv100_out/obj/source/boot/product/driver/disp/vdp_v2_0/alg -I/home/ray/workplace/git_download/HiSTB_origin/HiSTBLinux/out/hi3798mv100/hi3798mv100_out/obj/source/boot/product/driver/disp/vdp_v2_0/com -I/home/ray/workplace/git_download/HiSTB_origin/HiSTBLinux/out/hi3798mv100/hi3798mv100_out/obj/source/boot/product/driver/disp/vdp_v2_0/drv -I/home/ray/workplace/git_download/HiSTB_origin/HiSTBLinux/out/hi3798mv100/hi3798mv100_out/obj/source/boot/product/driver/disp/vdp_v2_0/hal/common -I/home/ray/workplace/git_download/HiSTB_origin/HiSTBLinux/out/hi3798mv100/hi3798mv100_out/obj/source/boot/product/driver/disp/vdp_v2_0/hal/3798m -I/home/ray/workplace/git_download/HiSTB_origin/HiSTBLinux/out/hi3798mv100/hi3798mv100_out/obj/source/boot/product/driver/disp/vdp_v2_0/hal/3798m/inc -I/home/ray/workplace/git_download/HiSTB_origin/HiSTBLinux/source/common/drv/include/hi3798cv200   -c -o /home/ray/workplace/git_download/HiSTB_origin/HiSTBLinux/out/hi3798mv100/hi3798mv100_out/obj/source/boot/product/driver/disp/vdp_v2_0/hal/3798m/vdp_software_selfdefine.o /home/ray/workplace/git_download/HiSTB_origin/HiSTBLinux/out/hi3798mv100/hi3798mv100_out/obj/source/boot/product/driver/disp/vdp_v2_0/hal/3798m/vdp_software_selfdefine.c
  HOSTCC  scripts/mod/modpost.o
installing man1/gendsa.1
  HOSTCC  scripts/mod/sumversion.o
  GEN     scripts/mod/devicetable-offsets.h
  HOSTCC  scripts/mod/file2alias.o
yes
checking if arm-histbv310-linux-gcc supports -c -o file.o... installing man1/genpkey.1
yes
checking if arm-histbv310-linux-gcc supports -c -o file.o... (cached) yes
checking whether the arm-histbv310-linux-gcc linker (arm-histbv310-linux-ld) supports shared libraries... yes
checking whether -lc should be explicitly linked in... arm-histbv310-linux-gcc -g -Os -D__KERNEL__ -fno-strict-aliasing -fno-common -ffixed-r8 -nostdinc -isystem /home/ray/workplace/git_download/HiSTB_origin/HiSTBLinux/tools/linux/toolchains/arm-histbv310-linux/bin/../lib/gcc/arm-gcc492_glibc224-linux-gnueabi/4.9.2/include  -fno-builtin -ffreestanding  -pipe -marm  -mabi=aapcs-linux -mfloat-abi=soft -mno-thumb-interwork -Wall -Wstrict-prototypes -fno-stack-protector -I/home/ray/workplace/git_download/HiSTB_origin/HiSTBLinux/out/hi3798mv100/hi3798mv100_out/obj/source/boot/fastboot/include -mcpu=cortex-a7 -Werror -Wall -D_GNU_SOURCE -D_XOPEN_SOURCE=600 -O2 -fPIC -DCHIP_TYPE_hi3798mv100 -DSDK_VERSION="HiSTBLinuxV100R005C00SPC050_20170731" -DHI_LOG_SUPPORT=1 -DHI_LOG_LEVEL=4 -DLOG_NETWORK_SUPPORT -DLOG_UDISK_SUPPORT -DHI_PROC_SUPPORT=1 -DHI_HDMI_SUPPORT_1_4 -DHI_PVR_SUPPORT -DHI_VI_SUPPORT -DHI_VENC_SUPPORT -DHI_PQ_V3_0  -I/home/ray/workplace/git_download/HiSTB_origin/HiSTBLinux/out/hi3798mv100/hi3798mv100_out/obj/source/boot/product/driver/include -I/home/ray/workplace/git_download/HiSTB_origin/HiSTBLinux/out/hi3798mv100/hi3798mv100_out/obj/source/boot/product/driver/include_inc -I/home/ray/workplace/git_download/HiSTB_origin/HiSTBLinux/out/hi3798mv100/hi3798mv100_out/obj/source/boot/product/loader/schedule -I/home/ray/workplace/git_download/HiSTB_origin/HiSTBLinux/out/hi3798mv100/hi3798mv100_out/obj/source/boot/product/logo/include -I/home/ray/workplace/git_download/HiSTB_origin/HiSTBLinux/out/hi3798mv100/hi3798mv100_out/obj/source/boot/product/driver/graphic/include -I/home/ray/workplace/git_download/HiSTB_origin/HiSTBLinux/out/hi3798mv100/hi3798mv100_out/obj/source/boot/product/adp/include -I/home/ray/workplace/git_download/HiSTB_origin/HiSTBLinux/out/hi3798mv100/hi3798mv100_out/obj/source/boot/product/pdm/include -I/home/ray/workplace/git_download/HiSTB_origin/HiSTBLinux/source/common/include -I/home/ray/workplace/git_download/HiSTB_origin/HiSTBLinux/source/common/drv/include -I/home/ray/workplace/git_download/HiSTB_origin/HiSTBLinux/out/hi3798mv100/hi3798mv100_out/obj/source/boot/miniboot/app -DCONFIG_ARM -D__ARM__ -DHI_PM_POWERUP_MODE1_SUPPORT -DHI_AVS_SUPPORT -D__DISP_PLATFORM_BOOT__ -D__DISP_SELF_START__ -D__DISP_D0_FOLLOW_D1__ -DHI_BUILD_IN_BOOT -DHI_VO_VDAC_VIDEO_BUFFER -I/home/ray/workplace/git_download/HiSTB_origin/HiSTBLinux/out/hi3798mv100/hi3798mv100_out/obj/source/boot/product/driver/include -I/home/ray/workplace/git_download/HiSTB_origin/HiSTBLinux/out/hi3798mv100/hi3798mv100_out/obj/source/boot/product/driver/pq/ -I/home/ray/workplace/git_download/HiSTB_origin/HiSTBLinux/out/hi3798mv100/hi3798mv100_out/obj/source/boot/product/driver/include_inc -I/home/ray/workplace/git_download/HiSTB_origin/HiSTBLinux/source/boot/fastboot/arch/arm/include -I/home/ray/workplace/git_download/HiSTB_origin/HiSTBLinux/source/boot/fastboot/include -I/home/ray/workplace/git_download/HiSTB_origin/HiSTBLinux/source/boot/product/driver/include -I/home/ray/workplace/git_download/HiSTB_origin/HiSTBLinux/out/hi3798mv100/hi3798mv100_out/obj/source/boot/product/driver/disp/vdp_v2_0/alg -I/home/ray/workplace/git_download/HiSTB_origin/HiSTBLinux/out/hi3798mv100/hi3798mv100_out/obj/source/boot/product/driver/disp/vdp_v2_0/com -I/home/ray/workplace/git_download/HiSTB_origin/HiSTBLinux/out/hi3798mv100/hi3798mv100_out/obj/source/boot/product/driver/disp/vdp_v2_0/drv -I/home/ray/workplace/git_download/HiSTB_origin/HiSTBLinux/out/hi3798mv100/hi3798mv100_out/obj/source/boot/product/driver/disp/vdp_v2_0/hal/common -I/home/ray/workplace/git_download/HiSTB_origin/HiSTBLinux/out/hi3798mv100/hi3798mv100_out/obj/source/boot/product/driver/disp/vdp_v2_0/hal/3798m -I/home/ray/workplace/git_download/HiSTB_origin/HiSTBLinux/out/hi3798mv100/hi3798mv100_out/obj/source/boot/product/driver/disp/vdp_v2_0/hal/3798m/inc -I/home/ray/workplace/git_download/HiSTB_origin/HiSTBLinux/source/common/drv/include/hi3798cv200   -c -o /home/ray/workplace/git_download/HiSTB_origin/HiSTBLinux/out/hi3798mv100/hi3798mv100_out/obj/source/boot/product/driver/disp/vdp_v2_0/hal/3798m/vdp_driver.o /home/ray/workplace/git_download/HiSTB_origin/HiSTBLinux/out/hi3798mv100/hi3798mv100_out/obj/source/boot/product/driver/disp/vdp_v2_0/hal/3798m/vdp_driver.c
no
checking dynamic linker characteristics... installing man1/genrsa.1
make[4]: 'include/generated/mach-types.h' is up to date.
mv -f .deps/aplay.Tpo .deps/aplay.Po
  CC      kernel/bounds.s
arm-histbv310-linux-gcc  -I/home/ray/workplace/git_download/HiSTB_origin/HiSTBLinux/out/hi3798mv100/hi3798mv100_out/obj/source/component/alsa/root//usr/include  -L/home/ray/workplace/git_download/HiSTB_origin/HiSTBLinux/out/hi3798mv100/hi3798mv100_out/obj/source/component/alsa/root//usr/lib -o aplay aplay.o  -lrt -lasound -lm -ldl -lpthread
installing man1/nseq.1
GNU/Linux ld.so
checking how to hardcode library paths into programs... immediate
checking whether stripping libraries is possible...   CHK     include/generated/timeconst.h
yes
checking if libtool supports shared libraries... yes
checking whether to build shared libraries... yes
checking whether to build static libraries... yes
checking for flex... flex
checking for bison... bison -y
checking for an ANSI C-conforming const...   CHK     include/generated/bounds.h
  CC      arch/arm/kernel/asm-offsets.s
make[4]: Leaving directory '/home/ray/workplace/git_download/HiSTB_origin/HiSTBLinux/out/hi3798mv100/hi3798mv100_out/obj/source/component/alsa/alsa-utils-1.0.28/aplay'
yes
checking for inline... Making all in iecset
make[4]: Entering directory '/home/ray/workplace/git_download/HiSTB_origin/HiSTBLinux/out/hi3798mv100/hi3798mv100_out/obj/source/component/alsa/alsa-utils-1.0.28/iecset'
arm-histbv310-linux-gcc -DHAVE_CONFIG_H -I. -I../include  -I../include   -I/home/ray/workplace/git_download/HiSTB_origin/HiSTBLinux/out/hi3798mv100/hi3798mv100_out/obj/source/component/alsa/root//usr/include -MT iecset.o -MD -MP -MF .deps/iecset.Tpo -c -o iecset.o iecset.c
installing man1/ocsp.1
inline
checking for arm-histbv310-linux-pkg-config... no
checking for pkg-config... no
checking for CHECK... no
configure: WARNING: *** Disabling building of unit tests
checking for pow in -lm... mv -f .deps/iecset.Tpo .deps/iecset.Po
arm-histbv310-linux-gcc -DHAVE_CONFIG_H -I. -I../include  -I../include   -I/home/ray/workplace/git_download/HiSTB_origin/HiSTBLinux/out/hi3798mv100/hi3798mv100_out/obj/source/component/alsa/root//usr/include -MT iecbits.o -MD -MP -MF .deps/iecbits.Tpo -c -o iecbits.o iecbits.c
installing man1/openssl.1
yes
checking for pthread_mutex_lock in -lpthread...   CHK     include/generated/asm-offsets.h
mv -f .deps/iecbits.Tpo .deps/iecbits.Po
grep: include/linux/mali/mali_utgard_uk_types.h: No such file or directory
  CALL    /home/ray/workplace/git_download/HiSTB_origin/HiSTBLinux/source/kernel/linux-4.4.y/scripts/checksyscalls.sh
arm-histbv310-linux-gcc  -I/home/ray/workplace/git_download/HiSTB_origin/HiSTBLinux/out/hi3798mv100/hi3798mv100_out/obj/source/component/alsa/root//usr/include  -L/home/ray/workplace/git_download/HiSTB_origin/HiSTBLinux/out/hi3798mv100/hi3798mv100_out/obj/source/component/alsa/root//usr/lib -o iecset iecset.o iecbits.o -lm -lasound -lm -ldl -lpthread
yes
  HOSTLD  scripts/mod/modpost
installing man1/passwd.1
configure: creating ./config.status
make[4]: Leaving directory '/home/ray/workplace/git_download/HiSTB_origin/HiSTBLinux/out/hi3798mv100/hi3798mv100_out/obj/source/component/alsa/alsa-utils-1.0.28/iecset'
Making all in speaker-test
make[4]: Entering directory '/home/ray/workplace/git_download/HiSTB_origin/HiSTBLinux/out/hi3798mv100/hi3798mv100_out/obj/source/component/alsa/alsa-utils-1.0.28/speaker-test'
Making all in samples
make[5]: Entering directory '/home/ray/workplace/git_download/HiSTB_origin/HiSTBLinux/out/hi3798mv100/hi3798mv100_out/obj/source/component/alsa/alsa-utils-1.0.28/speaker-test/samples'
make[5]: Nothing to be done for 'all'.
make[5]: Leaving directory '/home/ray/workplace/git_download/HiSTB_origin/HiSTBLinux/out/hi3798mv100/hi3798mv100_out/obj/source/component/alsa/alsa-utils-1.0.28/speaker-test/samples'
make[5]: Entering directory '/home/ray/workplace/git_download/HiSTB_origin/HiSTBLinux/out/hi3798mv100/hi3798mv100_out/obj/source/component/alsa/alsa-utils-1.0.28/speaker-test'
arm-histbv310-linux-gcc -DHAVE_CONFIG_H -I. -I../include  -I../include   -I/home/ray/workplace/git_download/HiSTB_origin/HiSTBLinux/out/hi3798mv100/hi3798mv100_out/obj/source/component/alsa/root//usr/include -MT speaker-test.o -MD -MP -MF .deps/speaker-test.Tpo -c -o speaker-test.o speaker-test.c
installing man1/pkcs12.1
make[4]: Leaving directory '/home/ray/workplace/git_download/HiSTB_origin/HiSTBLinux/out/hi3798mv100/hi3798mv100_out/obj/source/boot/product/driver/disp'
make -C graphic all
make[4]: Entering directory '/home/ray/workplace/git_download/HiSTB_origin/HiSTBLinux/out/hi3798mv100/hi3798mv100_out/obj/source/boot/product/driver/graphic'
installing man1/pkcs7.1
mv -f .deps/speaker-test.Tpo .deps/speaker-test.Po
arm-histbv310-linux-gcc  -I/home/ray/workplace/git_download/HiSTB_origin/HiSTBLinux/out/hi3798mv100/hi3798mv100_out/obj/source/component/alsa/root//usr/include  -L/home/ray/workplace/git_download/HiSTB_origin/HiSTBLinux/out/hi3798mv100/hi3798mv100_out/obj/source/component/alsa/root//usr/lib -o speaker-test speaker-test.o pink.o  -lm -lasound -lm -ldl -lpthread
installing man1/pkcs8.1
make[5]: Leaving directory '/home/ray/workplace/git_download/HiSTB_origin/HiSTBLinux/out/hi3798mv100/hi3798mv100_out/obj/source/component/alsa/alsa-utils-1.0.28/speaker-test'
make[4]: Leaving directory '/home/ray/workplace/git_download/HiSTB_origin/HiSTBLinux/out/hi3798mv100/hi3798mv100_out/obj/source/component/alsa/alsa-utils-1.0.28/speaker-test'
Making all in alsaloop
make[4]: Entering directory '/home/ray/workplace/git_download/HiSTB_origin/HiSTBLinux/out/hi3798mv100/hi3798mv100_out/obj/source/component/alsa/alsa-utils-1.0.28/alsaloop'
arm-histbv310-linux-gcc -DHAVE_CONFIG_H -I. -I../include  -I../include  -D_GNU_SOURCE -I/home/ray/workplace/git_download/HiSTB_origin/HiSTBLinux/out/hi3798mv100/hi3798mv100_out/obj/source/component/alsa/root//usr/include -MT alsaloop.o -MD -MP -MF .deps/alsaloop.Tpo -c -o alsaloop.o alsaloop.c
installing man1/pkey.1
mv -f .deps/alsaloop.Tpo .deps/alsaloop.Po
arm-histbv310-linux-gcc -DHAVE_CONFIG_H -I. -I../include  -I../include  -D_GNU_SOURCE -I/home/ray/workplace/git_download/HiSTB_origin/HiSTBLinux/out/hi3798mv100/hi3798mv100_out/obj/source/component/alsa/root//usr/include -MT pcmjob.o -MD -MP -MF .deps/pcmjob.Tpo -c -o pcmjob.o pcmjob.c
installing man1/pkeyparam.1
installing man1/pkeyutl.1
installing man1/rand.1
mv -f .deps/pcmjob.Tpo .deps/pcmjob.Po
arm-histbv310-linux-gcc -DHAVE_CONFIG_H -I. -I../include  -I../include  -D_GNU_SOURCE -I/home/ray/workplace/git_download/HiSTB_origin/HiSTBLinux/out/hi3798mv100/hi3798mv100_out/obj/source/component/alsa/root//usr/include -MT control.o -MD -MP -MF .deps/control.Tpo -c -o control.o control.c
installing man1/req.1
mv -f .deps/control.Tpo .deps/control.Po
arm-histbv310-linux-gcc -D_GNU_SOURCE -I/home/ray/workplace/git_download/HiSTB_origin/HiSTBLinux/out/hi3798mv100/hi3798mv100_out/obj/source/component/alsa/root//usr/include  -L/home/ray/workplace/git_download/HiSTB_origin/HiSTBLinux/out/hi3798mv100/hi3798mv100_out/obj/source/component/alsa/root//usr/lib -o alsaloop alsaloop.o pcmjob.o control.o -lm  -lasound -lm -ldl -lpthread
installing man1/rsa.1
  CC      init/main.o
make[4]: Leaving directory '/home/ray/workplace/git_download/HiSTB_origin/HiSTBLinux/out/hi3798mv100/hi3798mv100_out/obj/source/component/alsa/alsa-utils-1.0.28/alsaloop'
Making all in seq
  CC      arch/arm/vfp/vfpmodule.o
make[4]: Entering directory '/home/ray/workplace/git_download/HiSTB_origin/HiSTBLinux/out/hi3798mv100/hi3798mv100_out/obj/source/component/alsa/alsa-utils-1.0.28/seq'
  CC      arch/arm/nwfpe/fpa11.o
Making all in aconnect
make[5]: Entering directory '/home/ray/workplace/git_download/HiSTB_origin/HiSTBLinux/out/hi3798mv100/hi3798mv100_out/obj/source/component/alsa/alsa-utils-1.0.28/seq/aconnect'
arm-histbv310-linux-gcc -DHAVE_CONFIG_H -I. -I../../include  -I../../include   -I/home/ray/workplace/git_download/HiSTB_origin/HiSTBLinux/out/hi3798mv100/hi3798mv100_out/obj/source/component/alsa/root//usr/include -MT aconnect.o -MD -MP -MF .deps/aconnect.Tpo -c -o aconnect.o aconnect.c
installing man1/rsautl.1
  CC      arch/arm/nwfpe/fpa11_cpdo.o
  CC      arch/arm/vdso/vgettimeofday.o
installing man1/s_client.1
mv -f .deps/aconnect.Tpo .deps/aconnect.Po
arm-histbv310-linux-gcc  -I/home/ray/workplace/git_download/HiSTB_origin/HiSTBLinux/out/hi3798mv100/hi3798mv100_out/obj/source/component/alsa/root//usr/include  -L/home/ray/workplace/git_download/HiSTB_origin/HiSTBLinux/out/hi3798mv100/hi3798mv100_out/obj/source/component/alsa/root//usr/lib -o aconnect aconnect.o  -lasound -lm -ldl -lpthread
  CC      arch/arm/nwfpe/fpa11_cpdt.o
config.status: creating Makefile
make[5]: Leaving directory '/home/ray/workplace/git_download/HiSTB_origin/HiSTBLinux/out/hi3798mv100/hi3798mv100_out/obj/source/component/alsa/alsa-utils-1.0.28/seq/aconnect'
Making all in aplaymidi
config.status: creating libnl-3.0.pc
make[5]: Entering directory '/home/ray/workplace/git_download/HiSTB_origin/HiSTBLinux/out/hi3798mv100/hi3798mv100_out/obj/source/component/alsa/alsa-utils-1.0.28/seq/aplaymidi'
arm-histbv310-linux-gcc -DHAVE_CONFIG_H -I. -I../../include  -I../../include   -I/home/ray/workplace/git_download/HiSTB_origin/HiSTBLinux/out/hi3798mv100/hi3798mv100_out/obj/source/component/alsa/root//usr/include -MT aplaymidi.o -MD -MP -MF .deps/aplaymidi.Tpo -c -o aplaymidi.o aplaymidi.c
  VDSO    arch/arm/vdso/vdso.so.raw
installing man1/s_server.1
  MUNGE   arch/arm/vdso/vdso.so.dbg
  OBJCOPY arch/arm/vdso/vdso.so
config.status: creating libnl-route-3.0.pc
  AS      arch/arm/vdso/vdso.o
  CC      arch/arm/vfp/vfpsingle.o
  LD      arch/arm/vdso/built-in.o
config.status: creating libnl-genl-3.0.pc
  CC      arch/arm/vfp/vfpdouble.o
config.status: creating libnl-nf-3.0.pc
installing man1/s_time.1
mv -f .deps/aplaymidi.Tpo .deps/aplaymidi.Po
config.status: creating libnl-cli-3.0.pc
arm-histbv310-linux-gcc  -I/home/ray/workplace/git_download/HiSTB_origin/HiSTBLinux/out/hi3798mv100/hi3798mv100_out/obj/source/component/alsa/root//usr/include  -L/home/ray/workplace/git_download/HiSTB_origin/HiSTBLinux/out/hi3798mv100/hi3798mv100_out/obj/source/component/alsa/root//usr/lib -o aplaymidi aplaymidi.o  -lasound -lm -ldl -lpthread
config.status: creating lib/Makefile
  CC      arch/arm/nwfpe/fpa11_cprt.o
config.status: creating include/Makefile
arm-histbv310-linux-gcc -DHAVE_CONFIG_H -I. -I../../include  -I../../include   -I/home/ray/workplace/git_download/HiSTB_origin/HiSTBLinux/out/hi3798mv100/hi3798mv100_out/obj/source/component/alsa/root//usr/include -MT arecordmidi.o -MD -MP -MF .deps/arecordmidi.Tpo -c -o arecordmidi.o arecordmidi.c
installing man1/sess_id.1
config.status: creating src/Makefile
  CHK     include/generated/compile.h
config.status: creating src/lib/Makefile
  CC      arch/arm/nwfpe/fpmodule.o
  CC      init/do_mounts.o
installing man1/smime.1
config.status: creating tests/Makefile
config.status: creating man/Makefile
mv -f .deps/arecordmidi.Tpo .deps/arecordmidi.Po
  CC      arch/arm/nwfpe/fpopcode.o
arm-histbv310-linux-gcc  -I/home/ray/workplace/git_download/HiSTB_origin/HiSTBLinux/out/hi3798mv100/hi3798mv100_out/obj/source/component/alsa/root//usr/include  -L/home/ray/workplace/git_download/HiSTB_origin/HiSTBLinux/out/hi3798mv100/hi3798mv100_out/obj/source/component/alsa/root//usr/lib -o arecordmidi arecordmidi.o  -lasound -lm -ldl -lpthread
config.status: creating python/Makefile
installing man1/speed.1
  CC      arch/arm/nwfpe/softfloat.o
config.status: creating python/setup.py
make[5]: Leaving directory '/home/ray/workplace/git_download/HiSTB_origin/HiSTBLinux/out/hi3798mv100/hi3798mv100_out/obj/source/component/alsa/alsa-utils-1.0.28/seq/aplaymidi'
Making all in aseqdump
make[5]: Entering directory '/home/ray/workplace/git_download/HiSTB_origin/HiSTBLinux/out/hi3798mv100/hi3798mv100_out/obj/source/component/alsa/alsa-utils-1.0.28/seq/aseqdump'
arm-histbv310-linux-gcc -DHAVE_CONFIG_H -I. -I../../include  -I../../include   -I/home/ray/workplace/git_download/HiSTB_origin/HiSTBLinux/out/hi3798mv100/hi3798mv100_out/obj/source/component/alsa/root//usr/include -MT aseqdump.o -MD -MP -MF .deps/aseqdump.Tpo -c -o aseqdump.o aseqdump.c
  LD      arch/arm/vfp/vfp.o
config.status: creating python/netlink/Makefile
  LD      arch/arm/vfp/built-in.o
  CC      arch/arm/nwfpe/single_cpdo.o
config.status: creating python/netlink/route/Makefile
installing man1/spkac.1
config.status: creating include/netlink/version.h
  CC      init/do_mounts_rd.o
mv -f .deps/aseqdump.Tpo .deps/aseqdump.Po
arm-histbv310-linux-gcc  -I/home/ray/workplace/git_download/HiSTB_origin/HiSTBLinux/out/hi3798mv100/hi3798mv100_out/obj/source/component/alsa/root//usr/include  -L/home/ray/workplace/git_download/HiSTB_origin/HiSTBLinux/out/hi3798mv100/hi3798mv100_out/obj/source/component/alsa/root//usr/lib -o aseqdump aseqdump.o  -lasound -lm -ldl -lpthread
config.status: creating lib/defs.h
installing man1/ts.1
config.status: lib/defs.h is unchanged
config.status: executing depfiles commands
  CC      arch/arm/kernel/elf.o
make[5]: Leaving directory '/home/ray/workplace/git_download/HiSTB_origin/HiSTBLinux/out/hi3798mv100/hi3798mv100_out/obj/source/component/alsa/alsa-utils-1.0.28/seq/aseqdump'
Making all in aseqnet
make[5]: Entering directory '/home/ray/workplace/git_download/HiSTB_origin/HiSTBLinux/out/hi3798mv100/hi3798mv100_out/obj/source/component/alsa/alsa-utils-1.0.28/seq/aseqnet'
arm-histbv310-linux-gcc -DHAVE_CONFIG_H -I. -I../../include  -I../../include   -I/home/ray/workplace/git_download/HiSTB_origin/HiSTBLinux/out/hi3798mv100/hi3798mv100_out/obj/source/component/alsa/root//usr/include -MT aseqnet.o -MD -MP -MF .deps/aseqnet.Tpo -c -o aseqnet.o aseqnet.c
installing man1/tsget.1
mv -f .deps/aseqnet.Tpo .deps/aseqnet.Po
arm-histbv310-linux-gcc  -I/home/ray/workplace/git_download/HiSTB_origin/HiSTBLinux/out/hi3798mv100/hi3798mv100_out/obj/source/component/alsa/root//usr/include  -L/home/ray/workplace/git_download/HiSTB_origin/HiSTBLinux/out/hi3798mv100/hi3798mv100_out/obj/source/component/alsa/root//usr/lib -o aseqnet aseqnet.o  -lasound -lm -ldl -lpthread
  CC      arch/arm/kernel/irq.o
installing man1/verify.1
  CC      arch/arm/kernel/opcodes.o
  CC      init/do_mounts_initrd.o
make[5]: Leaving directory '/home/ray/workplace/git_download/HiSTB_origin/HiSTBLinux/out/hi3798mv100/hi3798mv100_out/obj/source/component/alsa/alsa-utils-1.0.28/seq/aseqnet'
make[5]: Entering directory '/home/ray/workplace/git_download/HiSTB_origin/HiSTBLinux/out/hi3798mv100/hi3798mv100_out/obj/source/component/alsa/alsa-utils-1.0.28/seq'
make[5]: Nothing to be done for 'all-am'.
make[5]: Leaving directory '/home/ray/workplace/git_download/HiSTB_origin/HiSTBLinux/out/hi3798mv100/hi3798mv100_out/obj/source/component/alsa/alsa-utils-1.0.28/seq'
make[4]: Leaving directory '/home/ray/workplace/git_download/HiSTB_origin/HiSTBLinux/out/hi3798mv100/hi3798mv100_out/obj/source/component/alsa/alsa-utils-1.0.28/seq'
make[4]: Entering directory '/home/ray/workplace/git_download/HiSTB_origin/HiSTBLinux/out/hi3798mv100/hi3798mv100_out/obj/source/component/alsa/alsa-utils-1.0.28'
make[4]: Nothing to be done for 'all-am'.
make[4]: Leaving directory '/home/ray/workplace/git_download/HiSTB_origin/HiSTBLinux/out/hi3798mv100/hi3798mv100_out/obj/source/component/alsa/alsa-utils-1.0.28'
make[3]: Leaving directory '/home/ray/workplace/git_download/HiSTB_origin/HiSTBLinux/out/hi3798mv100/hi3798mv100_out/obj/source/component/alsa/alsa-utils-1.0.28'
make[3]: Entering directory '/home/ray/workplace/git_download/HiSTB_origin/HiSTBLinux/out/hi3798mv100/hi3798mv100_out/obj/source/component/alsa/alsa-utils-1.0.28'
make[3]: warning: jobserver unavailable: using -j1.  Add '+' to parent make rule.
if test -z 'arm-histbv310-linux-strip'; then \
  make  INSTALL_PROGRAM="/bin/bash /home/ray/workplace/git_download/HiSTB_origin/HiSTBLinux/out/hi3798mv100/hi3798mv100_out/obj/source/component/alsa/alsa-utils-1.0.28/install-sh -c -s" \
    install_sh_PROGRAM="/bin/bash /home/ray/workplace/git_download/HiSTB_origin/HiSTBLinux/out/hi3798mv100/hi3798mv100_out/obj/source/component/alsa/alsa-utils-1.0.28/install-sh -c -s" INSTALL_STRIP_FLAG=-s \
      install; \
else \
  make  INSTALL_PROGRAM="/bin/bash /home/ray/workplace/git_download/HiSTB_origin/HiSTBLinux/out/hi3798mv100/hi3798mv100_out/obj/source/component/alsa/alsa-utils-1.0.28/install-sh -c -s" \
    install_sh_PROGRAM="/bin/bash /home/ray/workplace/git_download/HiSTB_origin/HiSTBLinux/out/hi3798mv100/hi3798mv100_out/obj/source/component/alsa/alsa-utils-1.0.28/install-sh -c -s" INSTALL_STRIP_FLAG=-s \
    "INSTALL_PROGRAM_ENV=STRIPPROG='arm-histbv310-linux-strip'" install; \
fi
make[4]: Entering directory '/home/ray/workplace/git_download/HiSTB_origin/HiSTBLinux/out/hi3798mv100/hi3798mv100_out/obj/source/component/alsa/alsa-utils-1.0.28'
Making install in include
make[5]: Entering directory '/home/ray/workplace/git_download/HiSTB_origin/HiSTBLinux/out/hi3798mv100/hi3798mv100_out/obj/source/component/alsa/alsa-utils-1.0.28/include'
installing man1/version.1
  CC      init/noinitramfs.o
make[6]: Entering directory '/home/ray/workplace/git_download/HiSTB_origin/HiSTBLinux/out/hi3798mv100/hi3798mv100_out/obj/source/component/alsa/alsa-utils-1.0.28/include'
make[6]: Nothing to be done for 'install-exec-am'.
make[6]: Nothing to be done for 'install-data-am'.
make[6]: Leaving directory '/home/ray/workplace/git_download/HiSTB_origin/HiSTBLinux/out/hi3798mv100/hi3798mv100_out/obj/source/component/alsa/alsa-utils-1.0.28/include'
make[5]: Leaving directory '/home/ray/workplace/git_download/HiSTB_origin/HiSTBLinux/out/hi3798mv100/hi3798mv100_out/obj/source/component/alsa/alsa-utils-1.0.28/include'
Making install in alsactl
make[5]: Entering directory '/home/ray/workplace/git_download/HiSTB_origin/HiSTBLinux/out/hi3798mv100/hi3798mv100_out/obj/source/component/alsa/alsa-utils-1.0.28/alsactl'
Making install in init
make[6]: Entering directory '/home/ray/workplace/git_download/HiSTB_origin/HiSTBLinux/out/hi3798mv100/hi3798mv100_out/obj/source/component/alsa/alsa-utils-1.0.28/alsactl/init'
make[7]: Entering directory '/home/ray/workplace/git_download/HiSTB_origin/HiSTBLinux/out/hi3798mv100/hi3798mv100_out/obj/source/component/alsa/alsa-utils-1.0.28/alsactl/init'
make[7]: Nothing to be done for 'install-exec-am'.
 /usr/bin/mkdir -p '/home/ray/workplace/git_download/HiSTB_origin/HiSTBLinux/out/hi3798mv100/hi3798mv100_out/obj/source/component/alsa/root/usr/share/alsa/init'
 /usr/bin/install -c -m 644 00main default help info test hda ca0106 '/home/ray/workplace/git_download/HiSTB_origin/HiSTBLinux/out/hi3798mv100/hi3798mv100_out/obj/source/component/alsa/root/usr/share/alsa/init'
make[7]: Leaving directory '/home/ray/workplace/git_download/HiSTB_origin/HiSTBLinux/out/hi3798mv100/hi3798mv100_out/obj/source/component/alsa/alsa-utils-1.0.28/alsactl/init'
make[6]: Leaving directory '/home/ray/workplace/git_download/HiSTB_origin/HiSTBLinux/out/hi3798mv100/hi3798mv100_out/obj/source/component/alsa/alsa-utils-1.0.28/alsactl/init'
config.status: executing libtool commands
make[6]: Entering directory '/home/ray/workplace/git_download/HiSTB_origin/HiSTBLinux/out/hi3798mv100/hi3798mv100_out/obj/source/component/alsa/alsa-utils-1.0.28/alsactl'
installing man1/x509.1
make[7]: Entering directory '/home/ray/workplace/git_download/HiSTB_origin/HiSTBLinux/out/hi3798mv100/hi3798mv100_out/obj/source/component/alsa/alsa-utils-1.0.28/alsactl'
 /usr/bin/mkdir -p '/home/ray/workplace/git_download/HiSTB_origin/HiSTBLinux/out/hi3798mv100/hi3798mv100_out/obj/source/component/alsa/root/usr/sbin'
 STRIPPROG='arm-histbv310-linux-strip' /bin/bash /home/ray/workplace/git_download/HiSTB_origin/HiSTBLinux/out/hi3798mv100/hi3798mv100_out/obj/source/component/alsa/alsa-utils-1.0.28/install-sh -c -s alsactl '/home/ray/workplace/git_download/HiSTB_origin/HiSTBLinux/out/hi3798mv100/hi3798mv100_out/obj/source/component/alsa/root/usr/sbin'
  CC      arch/arm/kernel/process.o
 /usr/bin/mkdir -p '/home/ray/workplace/git_download/HiSTB_origin/HiSTBLinux/out/hi3798mv100/hi3798mv100_out/obj/source/component/alsa/root/usr/share/man/man1'
 /usr/bin/install -c -m 644 alsactl.1 '/home/ray/workplace/git_download/HiSTB_origin/HiSTBLinux/out/hi3798mv100/hi3798mv100_out/obj/source/component/alsa/root/usr/share/man/man1'
 /usr/bin/mkdir -p '/home/ray/workplace/git_download/HiSTB_origin/HiSTBLinux/out/hi3798mv100/hi3798mv100_out/obj/source/component/alsa/root/usr/share/man/man7'
 /usr/bin/mkdir -p '/home/ray/workplace/git_download/HiSTB_origin/HiSTBLinux/out/hi3798mv100/hi3798mv100_out/obj/source/component/alsa/root/lib/udev/rules.d'
 /usr/bin/install -c -m 644 90-alsa-restore.rules '/home/ray/workplace/git_download/HiSTB_origin/HiSTBLinux/out/hi3798mv100/hi3798mv100_out/obj/source/component/alsa/root/lib/udev/rules.d'
make  install-data-hook
make[8]: Entering directory '/home/ray/workplace/git_download/HiSTB_origin/HiSTBLinux/out/hi3798mv100/hi3798mv100_out/obj/source/component/alsa/alsa-utils-1.0.28/alsactl'
make[8]: Nothing to be done for 'install-data-hook'.
make[8]: Leaving directory '/home/ray/workplace/git_download/HiSTB_origin/HiSTBLinux/out/hi3798mv100/hi3798mv100_out/obj/source/component/alsa/alsa-utils-1.0.28/alsactl'
make[7]: Leaving directory '/home/ray/workplace/git_download/HiSTB_origin/HiSTBLinux/out/hi3798mv100/hi3798mv100_out/obj/source/component/alsa/alsa-utils-1.0.28/alsactl'
make[6]: Leaving directory '/home/ray/workplace/git_download/HiSTB_origin/HiSTBLinux/out/hi3798mv100/hi3798mv100_out/obj/source/component/alsa/alsa-utils-1.0.28/alsactl'
make[5]: Leaving directory '/home/ray/workplace/git_download/HiSTB_origin/HiSTBLinux/out/hi3798mv100/hi3798mv100_out/obj/source/component/alsa/alsa-utils-1.0.28/alsactl'
Making install in alsaucm
make[5]: Entering directory '/home/ray/workplace/git_download/HiSTB_origin/HiSTBLinux/out/hi3798mv100/hi3798mv100_out/obj/source/component/alsa/alsa-utils-1.0.28/alsaucm'
installing man5/x509v3_config.5
  CC      init/initramfs.o
make[6]: Entering directory '/home/ray/workplace/git_download/HiSTB_origin/HiSTBLinux/out/hi3798mv100/hi3798mv100_out/obj/source/component/alsa/alsa-utils-1.0.28/alsaucm'
-------------------------------------------------------------------------------
                                  NOTE

 There have been some changes starting with 3.2 regarding where and how libnl
 is being installed on the system in order to allow multiple libnl versions
 to be installed in parallel:

    - Headers will be installed in ${prefix}/include/libnl3, therefore
      you will need to add "-I/usr/include/libnl3" to CFLAGS

    - The library basename was renamed to libnl-3, i.e. the SO names become
      libnl-3.so., libnl-route-3.so, etc.

    - libtool versioning was assumed, to ease detection of compatible library
      versions.

 If you are using pkg-config for detecting and linking against the library 
 things will continue magically as if nothing every happened. If you are 
 linking manually you need to adapt your Makefiles or switch to using 
 pkg-config files.

-------------------------------------------------------------------------------
 /usr/bin/mkdir -p '/home/ray/workplace/git_download/HiSTB_origin/HiSTBLinux/out/hi3798mv100/hi3798mv100_out/obj/source/component/alsa/root/usr/bin'
 STRIPPROG='arm-histbv310-linux-strip' /bin/bash /home/ray/workplace/git_download/HiSTB_origin/HiSTBLinux/out/hi3798mv100/hi3798mv100_out/obj/source/component/alsa/alsa-utils-1.0.28/install-sh -c -s alsaucm '/home/ray/workplace/git_download/HiSTB_origin/HiSTBLinux/out/hi3798mv100/hi3798mv100_out/obj/source/component/alsa/root/usr/bin'
make[6]: Nothing to be done for 'install-data-am'.
make[6]: Leaving directory '/home/ray/workplace/git_download/HiSTB_origin/HiSTBLinux/out/hi3798mv100/hi3798mv100_out/obj/source/component/alsa/alsa-utils-1.0.28/alsaucm'
make[5]: Leaving directory '/home/ray/workplace/git_download/HiSTB_origin/HiSTBLinux/out/hi3798mv100/hi3798mv100_out/obj/source/component/alsa/alsa-utils-1.0.28/alsaucm'
Making install in utils
make[5]: Entering directory '/home/ray/workplace/git_download/HiSTB_origin/HiSTBLinux/out/hi3798mv100/hi3798mv100_out/obj/source/component/alsa/alsa-utils-1.0.28/utils'
make[5]: Entering directory '/home/ray/workplace/git_download/HiSTB_origin/HiSTBLinux/out/hi3798mv100/hi3798mv100_out/obj/source/component/wifi/tools/libnl/libnl-3.2.22'
make[6]: Entering directory '/home/ray/workplace/git_download/HiSTB_origin/HiSTBLinux/out/hi3798mv100/hi3798mv100_out/obj/source/component/alsa/alsa-utils-1.0.28/utils'
make[6]: Nothing to be done for 'install-exec-am'.
make[6]: Nothing to be done for 'install-data-am'.
make[6]: Leaving directory '/home/ray/workplace/git_download/HiSTB_origin/HiSTBLinux/out/hi3798mv100/hi3798mv100_out/obj/source/component/alsa/alsa-utils-1.0.28/utils'
make[5]: Leaving directory '/home/ray/workplace/git_download/HiSTB_origin/HiSTBLinux/out/hi3798mv100/hi3798mv100_out/obj/source/component/alsa/alsa-utils-1.0.28/utils'
Making install in m4
make[5]: Entering directory '/home/ray/workplace/git_download/HiSTB_origin/HiSTBLinux/out/hi3798mv100/hi3798mv100_out/obj/source/component/alsa/alsa-utils-1.0.28/m4'
Making install in include
make[6]: Entering directory '/home/ray/workplace/git_download/HiSTB_origin/HiSTBLinux/out/hi3798mv100/hi3798mv100_out/obj/source/component/alsa/alsa-utils-1.0.28/m4'
make[6]: Nothing to be done for 'install-exec-am'.
make[6]: Nothing to be done for 'install-data-am'.
make[6]: Leaving directory '/home/ray/workplace/git_download/HiSTB_origin/HiSTBLinux/out/hi3798mv100/hi3798mv100_out/obj/source/component/alsa/alsa-utils-1.0.28/m4'
make[5]: Leaving directory '/home/ray/workplace/git_download/HiSTB_origin/HiSTBLinux/out/hi3798mv100/hi3798mv100_out/obj/source/component/alsa/alsa-utils-1.0.28/m4'
Making install in po
make[6]: Entering directory '/home/ray/workplace/git_download/HiSTB_origin/HiSTBLinux/out/hi3798mv100/hi3798mv100_out/obj/source/component/wifi/tools/libnl/libnl-3.2.22/include'
make[5]: Entering directory '/home/ray/workplace/git_download/HiSTB_origin/HiSTBLinux/out/hi3798mv100/hi3798mv100_out/obj/source/component/alsa/alsa-utils-1.0.28/po'
if test "alsa-utils" = "gettext-tools"; then \
  /usr/bin/mkdir -p /home/ray/workplace/git_download/HiSTB_origin/HiSTBLinux/out/hi3798mv100/hi3798mv100_out/obj/source/component/alsa/root/usr/share/gettext/po; \
  for file in Makefile.in.in remove-potcdate.sin quot.sed boldquot.sed en@quot.header en@boldquot.header insert-header.sin Rules-quot   Makevars.template; do \
    /usr/bin/install -c -m 644 ./$file \
		    /home/ray/workplace/git_download/HiSTB_origin/HiSTBLinux/out/hi3798mv100/hi3798mv100_out/obj/source/component/alsa/root/usr/share/gettext/po/$file; \
  done; \
  for file in Makevars; do \
    rm -f /home/ray/workplace/git_download/HiSTB_origin/HiSTBLinux/out/hi3798mv100/hi3798mv100_out/obj/source/component/alsa/root/usr/share/gettext/po/$file; \
  done; \
else \
  : ; \
fi
  CC      arch/arm/mm/dma-mapping.o
make[7]: Entering directory '/home/ray/workplace/git_download/HiSTB_origin/HiSTBLinux/out/hi3798mv100/hi3798mv100_out/obj/source/component/wifi/tools/libnl/libnl-3.2.22/include'
make[7]: Nothing to be done for 'install-exec-am'.
make[5]: Leaving directory '/home/ray/workplace/git_download/HiSTB_origin/HiSTBLinux/out/hi3798mv100/hi3798mv100_out/obj/source/component/alsa/alsa-utils-1.0.28/po'
Making install in amixer
 /usr/bin/mkdir -p '/home/ray/workplace/git_download/HiSTB_origin/HiSTBLinux/out/hi3798mv100/hi3798mv100_out/obj/source/component/wifi/tools/libnl/_install/include/libnl3'
make[5]: Entering directory '/home/ray/workplace/git_download/HiSTB_origin/HiSTBLinux/out/hi3798mv100/hi3798mv100_out/obj/source/component/alsa/alsa-utils-1.0.28/amixer'
 /usr/bin/mkdir -p '/home/ray/workplace/git_download/HiSTB_origin/HiSTBLinux/out/hi3798mv100/hi3798mv100_out/obj/source/component/wifi/tools/libnl/_install/include/libnl3/netlink/route'
 /usr/bin/install -c -m 644  netlink/route/addr.h netlink/route/class.h netlink/route/classifier.h netlink/route/link.h netlink/route/neighbour.h netlink/route/neightbl.h netlink/route/nexthop.h netlink/route/pktloc.h netlink/route/qdisc.h netlink/route/route.h netlink/route/rtnl.h netlink/route/rule.h netlink/route/tc.h netlink/route/tc-api.h '/home/ray/workplace/git_download/HiSTB_origin/HiSTBLinux/out/hi3798mv100/hi3798mv100_out/obj/source/component/wifi/tools/libnl/_install/include/libnl3/netlink/route'
make[6]: Entering directory '/home/ray/workplace/git_download/HiSTB_origin/HiSTBLinux/out/hi3798mv100/hi3798mv100_out/obj/source/component/alsa/alsa-utils-1.0.28/amixer'
 /usr/bin/mkdir -p '/home/ray/workplace/git_download/HiSTB_origin/HiSTBLinux/out/hi3798mv100/hi3798mv100_out/obj/source/component/wifi/tools/libnl/_install/include/libnl3/netlink'
 /usr/bin/mkdir -p '/home/ray/workplace/git_download/HiSTB_origin/HiSTBLinux/out/hi3798mv100/hi3798mv100_out/obj/source/component/alsa/root/usr/bin'
installing man3/ASN1_OBJECT_new.3
 /usr/bin/install -c -m 644  netlink/addr.h netlink/attr.h netlink/cache.h netlink/data.h netlink/errno.h netlink/handlers.h netlink/hash.h netlink/hashtable.h netlink/list.h netlink/msg.h netlink/netlink-compat.h netlink/netlink-kernel.h netlink/netlink.h netlink/object.h netlink/socket.h netlink/types.h netlink/utils.h netlink/version.h netlink/cache-api.h netlink/object-api.h '/home/ray/workplace/git_download/HiSTB_origin/HiSTBLinux/out/hi3798mv100/hi3798mv100_out/obj/source/component/wifi/tools/libnl/_install/include/libnl3/netlink'
 /usr/bin/mkdir -p '/home/ray/workplace/git_download/HiSTB_origin/HiSTBLinux/out/hi3798mv100/hi3798mv100_out/obj/source/component/wifi/tools/libnl/_install/include/libnl3/netlink/route/cls'
 STRIPPROG='arm-histbv310-linux-strip' /bin/bash /home/ray/workplace/git_download/HiSTB_origin/HiSTBLinux/out/hi3798mv100/hi3798mv100_out/obj/source/component/alsa/alsa-utils-1.0.28/install-sh -c -s amixer '/home/ray/workplace/git_download/HiSTB_origin/HiSTBLinux/out/hi3798mv100/hi3798mv100_out/obj/source/component/alsa/root/usr/bin'
 /usr/bin/install -c -m 644  netlink/route/cls/basic.h netlink/route/cls/cgroup.h netlink/route/cls/ematch.h netlink/route/cls/fw.h netlink/route/cls/police.h netlink/route/cls/u32.h '/home/ray/workplace/git_download/HiSTB_origin/HiSTBLinux/out/hi3798mv100/hi3798mv100_out/obj/source/component/wifi/tools/libnl/_install/include/libnl3/netlink/route/cls'
 /usr/bin/mkdir -p '/home/ray/workplace/git_download/HiSTB_origin/HiSTBLinux/out/hi3798mv100/hi3798mv100_out/obj/source/component/wifi/tools/libnl/_install/include/libnl3/netlink/route/cls/ematch'
 /usr/bin/install -c -m 644  netlink/route/cls/ematch/cmp.h netlink/route/cls/ematch/meta.h netlink/route/cls/ematch/nbyte.h netlink/route/cls/ematch/text.h '/home/ray/workplace/git_download/HiSTB_origin/HiSTBLinux/out/hi3798mv100/hi3798mv100_out/obj/source/component/wifi/tools/libnl/_install/include/libnl3/netlink/route/cls/ematch'
 /usr/bin/mkdir -p '/home/ray/workplace/git_download/HiSTB_origin/HiSTBLinux/out/hi3798mv100/hi3798mv100_out/obj/source/component/wifi/tools/libnl/_install/include/libnl3/netlink/route/qdisc'
 /usr/bin/install -c -m 644  netlink/route/qdisc/cbq.h netlink/route/qdisc/dsmark.h netlink/route/qdisc/fifo.h netlink/route/qdisc/htb.h netlink/route/qdisc/netem.h netlink/route/qdisc/prio.h netlink/route/qdisc/red.h netlink/route/qdisc/sfq.h netlink/route/qdisc/tbf.h netlink/route/qdisc/plug.h '/home/ray/workplace/git_download/HiSTB_origin/HiSTBLinux/out/hi3798mv100/hi3798mv100_out/obj/source/component/wifi/tools/libnl/_install/include/libnl3/netlink/route/qdisc'
 /usr/bin/mkdir -p '/home/ray/workplace/git_download/HiSTB_origin/HiSTBLinux/out/hi3798mv100/hi3798mv100_out/obj/source/component/wifi/tools/libnl/_install/include/libnl3/netlink/fib_lookup'
 /usr/bin/install -c -m 644  netlink/fib_lookup/lookup.h netlink/fib_lookup/request.h '/home/ray/workplace/git_download/HiSTB_origin/HiSTBLinux/out/hi3798mv100/hi3798mv100_out/obj/source/component/wifi/tools/libnl/_install/include/libnl3/netlink/fib_lookup'
 /usr/bin/mkdir -p '/home/ray/workplace/git_download/HiSTB_origin/HiSTBLinux/out/hi3798mv100/hi3798mv100_out/obj/source/component/wifi/tools/libnl/_install/include/libnl3/netlink/cli'
 /usr/bin/mkdir -p '/home/ray/workplace/git_download/HiSTB_origin/HiSTBLinux/out/hi3798mv100/hi3798mv100_out/obj/source/component/alsa/root/usr/share/man/man1'
 /usr/bin/install -c -m 644  netlink/cli/addr.h netlink/cli/class.h netlink/cli/cls.h netlink/cli/ct.h netlink/cli/exp.h netlink/cli/link.h netlink/cli/neigh.h netlink/cli/qdisc.h netlink/cli/route.h netlink/cli/rule.h netlink/cli/tc.h netlink/cli/utils.h '/home/ray/workplace/git_download/HiSTB_origin/HiSTBLinux/out/hi3798mv100/hi3798mv100_out/obj/source/component/wifi/tools/libnl/_install/include/libnl3/netlink/cli'
 /usr/bin/mkdir -p '/home/ray/workplace/git_download/HiSTB_origin/HiSTBLinux/out/hi3798mv100/hi3798mv100_out/obj/source/component/wifi/tools/libnl/_install/include/libnl3/netlink/route/link'
 /usr/bin/install -c -m 644  netlink/route/link/bonding.h netlink/route/link/bridge.h netlink/route/link/can.h netlink/route/link/inet.h netlink/route/link/vlan.h netlink/route/link/api.h netlink/route/link/info-api.h '/home/ray/workplace/git_download/HiSTB_origin/HiSTBLinux/out/hi3798mv100/hi3798mv100_out/obj/source/component/wifi/tools/libnl/_install/include/libnl3/netlink/route/link'
 /usr/bin/install -c -m 644 amixer.1 '/home/ray/workplace/git_download/HiSTB_origin/HiSTBLinux/out/hi3798mv100/hi3798mv100_out/obj/source/component/alsa/root/usr/share/man/man1'
 /usr/bin/mkdir -p '/home/ray/workplace/git_download/HiSTB_origin/HiSTBLinux/out/hi3798mv100/hi3798mv100_out/obj/source/component/wifi/tools/libnl/_install/include/libnl3/netlink/genl'
 /usr/bin/install -c -m 644  netlink/genl/ctrl.h netlink/genl/family.h netlink/genl/genl.h netlink/genl/mngt.h '/home/ray/workplace/git_download/HiSTB_origin/HiSTBLinux/out/hi3798mv100/hi3798mv100_out/obj/source/component/wifi/tools/libnl/_install/include/libnl3/netlink/genl'
make[6]: Leaving directory '/home/ray/workplace/git_download/HiSTB_origin/HiSTBLinux/out/hi3798mv100/hi3798mv100_out/obj/source/component/alsa/alsa-utils-1.0.28/amixer'
make[5]: Leaving directory '/home/ray/workplace/git_download/HiSTB_origin/HiSTBLinux/out/hi3798mv100/hi3798mv100_out/obj/source/component/alsa/alsa-utils-1.0.28/amixer'
Making install in amidi
 /usr/bin/mkdir -p '/home/ray/workplace/git_download/HiSTB_origin/HiSTBLinux/out/hi3798mv100/hi3798mv100_out/obj/source/component/wifi/tools/libnl/_install/include/libnl3/netlink/netfilter'
 /usr/bin/install -c -m 644  netlink/netfilter/ct.h netlink/netfilter/exp.h netlink/netfilter/log.h netlink/netfilter/log_msg.h netlink/netfilter/netfilter.h netlink/netfilter/nfnl.h netlink/netfilter/queue.h netlink/netfilter/queue_msg.h '/home/ray/workplace/git_download/HiSTB_origin/HiSTBLinux/out/hi3798mv100/hi3798mv100_out/obj/source/component/wifi/tools/libnl/_install/include/libnl3/netlink/netfilter'
make[5]: Entering directory '/home/ray/workplace/git_download/HiSTB_origin/HiSTBLinux/out/hi3798mv100/hi3798mv100_out/obj/source/component/alsa/alsa-utils-1.0.28/amidi'
make[7]: Leaving directory '/home/ray/workplace/git_download/HiSTB_origin/HiSTBLinux/out/hi3798mv100/hi3798mv100_out/obj/source/component/wifi/tools/libnl/libnl-3.2.22/include'
make[6]: Leaving directory '/home/ray/workplace/git_download/HiSTB_origin/HiSTBLinux/out/hi3798mv100/hi3798mv100_out/obj/source/component/wifi/tools/libnl/libnl-3.2.22/include'
Making install in lib
make[6]: Entering directory '/home/ray/workplace/git_download/HiSTB_origin/HiSTBLinux/out/hi3798mv100/hi3798mv100_out/obj/source/component/alsa/alsa-utils-1.0.28/amidi'
 /usr/bin/mkdir -p '/home/ray/workplace/git_download/HiSTB_origin/HiSTBLinux/out/hi3798mv100/hi3798mv100_out/obj/source/component/alsa/root/usr/bin'
ASN1_OBJECT_free.3 => ASN1_OBJECT_new.3
 STRIPPROG='arm-histbv310-linux-strip' /bin/bash /home/ray/workplace/git_download/HiSTB_origin/HiSTBLinux/out/hi3798mv100/hi3798mv100_out/obj/source/component/alsa/alsa-utils-1.0.28/install-sh -c -s amidi '/home/ray/workplace/git_download/HiSTB_origin/HiSTBLinux/out/hi3798mv100/hi3798mv100_out/obj/source/component/alsa/root/usr/bin'
installing man3/ASN1_STRING_length.3
  CC      arch/arm/kernel/ptrace.o
 /usr/bin/mkdir -p '/home/ray/workplace/git_download/HiSTB_origin/HiSTBLinux/out/hi3798mv100/hi3798mv100_out/obj/source/component/alsa/root/usr/share/man/man1'
make[6]: Entering directory '/home/ray/workplace/git_download/HiSTB_origin/HiSTBLinux/out/hi3798mv100/hi3798mv100_out/obj/source/component/wifi/tools/libnl/libnl-3.2.22/lib'
make  install-am
  CC      arch/arm/nwfpe/double_cpdo.o
 /usr/bin/install -c -m 644 amidi.1 '/home/ray/workplace/git_download/HiSTB_origin/HiSTBLinux/out/hi3798mv100/hi3798mv100_out/obj/source/component/alsa/root/usr/share/man/man1'
make[6]: Leaving directory '/home/ray/workplace/git_download/HiSTB_origin/HiSTBLinux/out/hi3798mv100/hi3798mv100_out/obj/source/component/alsa/alsa-utils-1.0.28/amidi'
make[5]: Leaving directory '/home/ray/workplace/git_download/HiSTB_origin/HiSTBLinux/out/hi3798mv100/hi3798mv100_out/obj/source/component/alsa/alsa-utils-1.0.28/amidi'
Making install in aplay
make[5]: Entering directory '/home/ray/workplace/git_download/HiSTB_origin/HiSTBLinux/out/hi3798mv100/hi3798mv100_out/obj/source/component/alsa/alsa-utils-1.0.28/aplay'
make[6]: Entering directory '/home/ray/workplace/git_download/HiSTB_origin/HiSTBLinux/out/hi3798mv100/hi3798mv100_out/obj/source/component/alsa/alsa-utils-1.0.28/aplay'
 /usr/bin/mkdir -p '/home/ray/workplace/git_download/HiSTB_origin/HiSTBLinux/out/hi3798mv100/hi3798mv100_out/obj/source/component/alsa/root/usr/bin'
 STRIPPROG='arm-histbv310-linux-strip' /bin/bash /home/ray/workplace/git_download/HiSTB_origin/HiSTBLinux/out/hi3798mv100/hi3798mv100_out/obj/source/component/alsa/alsa-utils-1.0.28/install-sh -c -s aplay '/home/ray/workplace/git_download/HiSTB_origin/HiSTBLinux/out/hi3798mv100/hi3798mv100_out/obj/source/component/alsa/root/usr/bin'
ASN1_STRING_dup.3 => ASN1_STRING_length.3
ASN1_STRING_cmp.3 => ASN1_STRING_length.3
make[7]: Entering directory '/home/ray/workplace/git_download/HiSTB_origin/HiSTBLinux/out/hi3798mv100/hi3798mv100_out/obj/source/component/wifi/tools/libnl/libnl-3.2.22/lib'
ASN1_STRING_set.3 => ASN1_STRING_length.3
ASN1_STRING_length_set.3 => ASN1_STRING_length.3
  CC      arch/arm/nwfpe/extended_cpdo.o
make  install-exec-hook
ASN1_STRING_type.3 => ASN1_STRING_length.3
  CC     addr.lo
ASN1_STRING_data.3 => ASN1_STRING_length.3
ASN1_STRING_to_UTF8.3 => ASN1_STRING_length.3
make[7]: Entering directory '/home/ray/workplace/git_download/HiSTB_origin/HiSTBLinux/out/hi3798mv100/hi3798mv100_out/obj/source/component/alsa/alsa-utils-1.0.28/aplay'
rm -f /home/ray/workplace/git_download/HiSTB_origin/HiSTBLinux/out/hi3798mv100/hi3798mv100_out/obj/source/component/alsa/root/usr/bin/arecord
installing man3/ASN1_STRING_new.3
(cd /home/ray/workplace/git_download/HiSTB_origin/HiSTBLinux/out/hi3798mv100/hi3798mv100_out/obj/source/component/alsa/root/usr/bin && ln -s aplay arecord)
make[7]: Leaving directory '/home/ray/workplace/git_download/HiSTB_origin/HiSTBLinux/out/hi3798mv100/hi3798mv100_out/obj/source/component/alsa/alsa-utils-1.0.28/aplay'
 /usr/bin/mkdir -p '/home/ray/workplace/git_download/HiSTB_origin/HiSTBLinux/out/hi3798mv100/hi3798mv100_out/obj/source/component/alsa/root/usr/share/man/man1'
 /usr/bin/install -c -m 644 aplay.1 arecord.1 '/home/ray/workplace/git_download/HiSTB_origin/HiSTBLinux/out/hi3798mv100/hi3798mv100_out/obj/source/component/alsa/root/usr/share/man/man1'
make  install-data-hook
make[7]: Entering directory '/home/ray/workplace/git_download/HiSTB_origin/HiSTBLinux/out/hi3798mv100/hi3798mv100_out/obj/source/component/alsa/alsa-utils-1.0.28/aplay'
rm -f /home/ray/workplace/git_download/HiSTB_origin/HiSTBLinux/out/hi3798mv100/hi3798mv100_out/obj/source/component/alsa/root/usr/share/man/man1/arecord.1
(cd /home/ray/workplace/git_download/HiSTB_origin/HiSTBLinux/out/hi3798mv100/hi3798mv100_out/obj/source/component/alsa/root/usr/share/man/man1 && ln -s aplay.1 arecord.1)
make[7]: Leaving directory '/home/ray/workplace/git_download/HiSTB_origin/HiSTBLinux/out/hi3798mv100/hi3798mv100_out/obj/source/component/alsa/alsa-utils-1.0.28/aplay'
make[6]: Leaving directory '/home/ray/workplace/git_download/HiSTB_origin/HiSTBLinux/out/hi3798mv100/hi3798mv100_out/obj/source/component/alsa/alsa-utils-1.0.28/aplay'
make[5]: Leaving directory '/home/ray/workplace/git_download/HiSTB_origin/HiSTBLinux/out/hi3798mv100/hi3798mv100_out/obj/source/component/alsa/alsa-utils-1.0.28/aplay'
Making install in iecset
  LD      arch/arm/nwfpe/nwfpe.o
make[5]: Entering directory '/home/ray/workplace/git_download/HiSTB_origin/HiSTBLinux/out/hi3798mv100/hi3798mv100_out/obj/source/component/alsa/alsa-utils-1.0.28/iecset'
  CC      init/calibrate.o
  LD      arch/arm/nwfpe/built-in.o
make[6]: Entering directory '/home/ray/workplace/git_download/HiSTB_origin/HiSTBLinux/out/hi3798mv100/hi3798mv100_out/obj/source/component/alsa/alsa-utils-1.0.28/iecset'
 /usr/bin/mkdir -p '/home/ray/workplace/git_download/HiSTB_origin/HiSTBLinux/out/hi3798mv100/hi3798mv100_out/obj/source/component/alsa/root/usr/bin'
  CC      init/init_task.o
ASN1_STRING_type_new.3 => ASN1_STRING_new.3
 STRIPPROG='arm-histbv310-linux-strip' /bin/bash /home/ray/workplace/git_download/HiSTB_origin/HiSTBLinux/out/hi3798mv100/hi3798mv100_out/obj/source/component/alsa/alsa-utils-1.0.28/install-sh -c -s iecset '/home/ray/workplace/git_download/HiSTB_origin/HiSTBLinux/out/hi3798mv100/hi3798mv100_out/obj/source/component/alsa/root/usr/bin'
ASN1_STRING_free.3 => ASN1_STRING_new.3
installing man3/ASN1_STRING_print_ex.3
 /usr/bin/mkdir -p '/home/ray/workplace/git_download/HiSTB_origin/HiSTBLinux/out/hi3798mv100/hi3798mv100_out/obj/source/component/alsa/root/usr/share/man/man1'
 /usr/bin/install -c -m 644 iecset.1 '/home/ray/workplace/git_download/HiSTB_origin/HiSTBLinux/out/hi3798mv100/hi3798mv100_out/obj/source/component/alsa/root/usr/share/man/man1'
make[6]: Leaving directory '/home/ray/workplace/git_download/HiSTB_origin/HiSTBLinux/out/hi3798mv100/hi3798mv100_out/obj/source/component/alsa/alsa-utils-1.0.28/iecset'
make[5]: Leaving directory '/home/ray/workplace/git_download/HiSTB_origin/HiSTBLinux/out/hi3798mv100/hi3798mv100_out/obj/source/component/alsa/alsa-utils-1.0.28/iecset'
Making install in speaker-test
make[5]: Entering directory '/home/ray/workplace/git_download/HiSTB_origin/HiSTBLinux/out/hi3798mv100/hi3798mv100_out/obj/source/component/alsa/alsa-utils-1.0.28/speaker-test'
Making install in samples
make[6]: Entering directory '/home/ray/workplace/git_download/HiSTB_origin/HiSTBLinux/out/hi3798mv100/hi3798mv100_out/obj/source/component/alsa/alsa-utils-1.0.28/speaker-test/samples'
make[7]: Entering directory '/home/ray/workplace/git_download/HiSTB_origin/HiSTBLinux/out/hi3798mv100/hi3798mv100_out/obj/source/component/alsa/alsa-utils-1.0.28/speaker-test/samples'
make[7]: Nothing to be done for 'install-exec-am'.
 /usr/bin/mkdir -p '/home/ray/workplace/git_download/HiSTB_origin/HiSTBLinux/out/hi3798mv100/hi3798mv100_out/obj/source/component/alsa/root/usr/share/alsa/speaker-test'
 /usr/bin/install -c -m 644 sample_map.csv '/home/ray/workplace/git_download/HiSTB_origin/HiSTBLinux/out/hi3798mv100/hi3798mv100_out/obj/source/component/alsa/root/usr/share/alsa/speaker-test'
 /usr/bin/mkdir -p '/home/ray/workplace/git_download/HiSTB_origin/HiSTBLinux/out/hi3798mv100/hi3798mv100_out/obj/source/component/alsa/root/usr/share/sounds/alsa'
 /usr/bin/install -c -m 644 Front_Left.wav Rear_Center.wav Rear_Right.wav Side_Right.wav Front_Center.wav Front_Right.wav Noise.wav Rear_Left.wav Side_Left.wav '/home/ray/workplace/git_download/HiSTB_origin/HiSTBLinux/out/hi3798mv100/hi3798mv100_out/obj/source/component/alsa/root/usr/share/sounds/alsa'
make[7]: Leaving directory '/home/ray/workplace/git_download/HiSTB_origin/HiSTBLinux/out/hi3798mv100/hi3798mv100_out/obj/source/component/alsa/alsa-utils-1.0.28/speaker-test/samples'
make[6]: Leaving directory '/home/ray/workplace/git_download/HiSTB_origin/HiSTBLinux/out/hi3798mv100/hi3798mv100_out/obj/source/component/alsa/alsa-utils-1.0.28/speaker-test/samples'
ASN1_STRING_print_ex_fp.3 => ASN1_STRING_print_ex.3
ASN1_STRING_print.3 => ASN1_STRING_print_ex.3
make[6]: Entering directory '/home/ray/workplace/git_download/HiSTB_origin/HiSTBLinux/out/hi3798mv100/hi3798mv100_out/obj/source/component/alsa/alsa-utils-1.0.28/speaker-test'
installing man3/ASN1_TIME_set.3
make[7]: Entering directory '/home/ray/workplace/git_download/HiSTB_origin/HiSTBLinux/out/hi3798mv100/hi3798mv100_out/obj/source/component/alsa/alsa-utils-1.0.28/speaker-test'
 /usr/bin/mkdir -p '/home/ray/workplace/git_download/HiSTB_origin/HiSTBLinux/out/hi3798mv100/hi3798mv100_out/obj/source/component/alsa/root/usr/bin'
 STRIPPROG='arm-histbv310-linux-strip' /bin/bash /home/ray/workplace/git_download/HiSTB_origin/HiSTBLinux/out/hi3798mv100/hi3798mv100_out/obj/source/component/alsa/alsa-utils-1.0.28/install-sh -c -s speaker-test '/home/ray/workplace/git_download/HiSTB_origin/HiSTBLinux/out/hi3798mv100/hi3798mv100_out/obj/source/component/alsa/root/usr/bin'
  CC      arch/arm/common/firmware.o
 /usr/bin/mkdir -p '/home/ray/workplace/git_download/HiSTB_origin/HiSTBLinux/out/hi3798mv100/hi3798mv100_out/obj/source/component/alsa/root/usr/share/man/man1'
 /usr/bin/install -c -m 644 speaker-test.1 '/home/ray/workplace/git_download/HiSTB_origin/HiSTBLinux/out/hi3798mv100/hi3798mv100_out/obj/source/component/alsa/root/usr/share/man/man1'
make[7]: Leaving directory '/home/ray/workplace/git_download/HiSTB_origin/HiSTBLinux/out/hi3798mv100/hi3798mv100_out/obj/source/component/alsa/alsa-utils-1.0.28/speaker-test'
make[6]: Leaving directory '/home/ray/workplace/git_download/HiSTB_origin/HiSTBLinux/out/hi3798mv100/hi3798mv100_out/obj/source/component/alsa/alsa-utils-1.0.28/speaker-test'
make[5]: Leaving directory '/home/ray/workplace/git_download/HiSTB_origin/HiSTBLinux/out/hi3798mv100/hi3798mv100_out/obj/source/component/alsa/alsa-utils-1.0.28/speaker-test'
Making install in alsaloop
make[5]: Entering directory '/home/ray/workplace/git_download/HiSTB_origin/HiSTBLinux/out/hi3798mv100/hi3798mv100_out/obj/source/component/alsa/alsa-utils-1.0.28/alsaloop'
make[6]: Entering directory '/home/ray/workplace/git_download/HiSTB_origin/HiSTBLinux/out/hi3798mv100/hi3798mv100_out/obj/source/component/alsa/alsa-utils-1.0.28/alsaloop'
 /usr/bin/mkdir -p '/home/ray/workplace/git_download/HiSTB_origin/HiSTBLinux/out/hi3798mv100/hi3798mv100_out/obj/source/component/alsa/root/usr/bin'
ASN1_TIME_adj.3 => ASN1_TIME_set.3
 STRIPPROG='arm-histbv310-linux-strip' /bin/bash /home/ray/workplace/git_download/HiSTB_origin/HiSTBLinux/out/hi3798mv100/hi3798mv100_out/obj/source/component/alsa/alsa-utils-1.0.28/install-sh -c -s alsaloop '/home/ray/workplace/git_download/HiSTB_origin/HiSTBLinux/out/hi3798mv100/hi3798mv100_out/obj/source/component/alsa/root/usr/bin'
ASN1_TIME_check.3 => ASN1_TIME_set.3
ASN1_TIME_set_string.3 => ASN1_TIME_set.3
ASN1_TIME_print.3 => ASN1_TIME_set.3
ASN1_TIME_diff.3 => ASN1_TIME_set.3
installing man3/ASN1_generate_nconf.3
 /usr/bin/mkdir -p '/home/ray/workplace/git_download/HiSTB_origin/HiSTBLinux/out/hi3798mv100/hi3798mv100_out/obj/source/component/alsa/root/usr/share/man/man1'
  CC      init/version.o
 /usr/bin/install -c -m 644 alsaloop.1 '/home/ray/workplace/git_download/HiSTB_origin/HiSTBLinux/out/hi3798mv100/hi3798mv100_out/obj/source/component/alsa/root/usr/share/man/man1'
make[6]: Leaving directory '/home/ray/workplace/git_download/HiSTB_origin/HiSTBLinux/out/hi3798mv100/hi3798mv100_out/obj/source/component/alsa/alsa-utils-1.0.28/alsaloop'
make[5]: Leaving directory '/home/ray/workplace/git_download/HiSTB_origin/HiSTBLinux/out/hi3798mv100/hi3798mv100_out/obj/source/component/alsa/alsa-utils-1.0.28/alsaloop'
Making install in seq
make[5]: Entering directory '/home/ray/workplace/git_download/HiSTB_origin/HiSTBLinux/out/hi3798mv100/hi3798mv100_out/obj/source/component/alsa/alsa-utils-1.0.28/seq'
  CC      arch/arm/kernel/reboot.o
Making install in aconnect
make[6]: Entering directory '/home/ray/workplace/git_download/HiSTB_origin/HiSTBLinux/out/hi3798mv100/hi3798mv100_out/obj/source/component/alsa/alsa-utils-1.0.28/seq/aconnect'
make[7]: Entering directory '/home/ray/workplace/git_download/HiSTB_origin/HiSTBLinux/out/hi3798mv100/hi3798mv100_out/obj/source/component/alsa/alsa-utils-1.0.28/seq/aconnect'
 /usr/bin/mkdir -p '/home/ray/workplace/git_download/HiSTB_origin/HiSTBLinux/out/hi3798mv100/hi3798mv100_out/obj/source/component/alsa/root/usr/bin'
 STRIPPROG='arm-histbv310-linux-strip' /bin/bash /home/ray/workplace/git_download/HiSTB_origin/HiSTBLinux/out/hi3798mv100/hi3798mv100_out/obj/source/component/alsa/alsa-utils-1.0.28/install-sh -c -s aconnect '/home/ray/workplace/git_download/HiSTB_origin/HiSTBLinux/out/hi3798mv100/hi3798mv100_out/obj/source/component/alsa/root/usr/bin'
 /usr/bin/mkdir -p '/home/ray/workplace/git_download/HiSTB_origin/HiSTBLinux/out/hi3798mv100/hi3798mv100_out/obj/source/component/alsa/root/usr/share/man/man1'
ASN1_generate_v3.3 => ASN1_generate_nconf.3
 /usr/bin/install -c -m 644 aconnect.1 '/home/ray/workplace/git_download/HiSTB_origin/HiSTBLinux/out/hi3798mv100/hi3798mv100_out/obj/source/component/alsa/root/usr/share/man/man1'
installing man3/BIO_ctrl.3
make[7]: Leaving directory '/home/ray/workplace/git_download/HiSTB_origin/HiSTBLinux/out/hi3798mv100/hi3798mv100_out/obj/source/component/alsa/alsa-utils-1.0.28/seq/aconnect'
make[6]: Leaving directory '/home/ray/workplace/git_download/HiSTB_origin/HiSTBLinux/out/hi3798mv100/hi3798mv100_out/obj/source/component/alsa/alsa-utils-1.0.28/seq/aconnect'
Making install in aplaymidi
make[6]: Entering directory '/home/ray/workplace/git_download/HiSTB_origin/HiSTBLinux/out/hi3798mv100/hi3798mv100_out/obj/source/component/alsa/alsa-utils-1.0.28/seq/aplaymidi'
make[7]: Entering directory '/home/ray/workplace/git_download/HiSTB_origin/HiSTBLinux/out/hi3798mv100/hi3798mv100_out/obj/source/component/alsa/alsa-utils-1.0.28/seq/aplaymidi'
  LD      arch/arm/common/built-in.o
 /usr/bin/mkdir -p '/home/ray/workplace/git_download/HiSTB_origin/HiSTBLinux/out/hi3798mv100/hi3798mv100_out/obj/source/component/alsa/root/usr/bin'
  CC      arch/arm/kernel/return_address.o
  LD      init/mounts.o
 STRIPPROG='arm-histbv310-linux-strip' /bin/bash /home/ray/workplace/git_download/HiSTB_origin/HiSTBLinux/out/hi3798mv100/hi3798mv100_out/obj/source/component/alsa/alsa-utils-1.0.28/install-sh -c -s aplaymidi arecordmidi '/home/ray/workplace/git_download/HiSTB_origin/HiSTBLinux/out/hi3798mv100/hi3798mv100_out/obj/source/component/alsa/root/usr/bin'
  LD      init/built-in.o
  CC      arch/arm/mm/extable.o
 /usr/bin/mkdir -p '/home/ray/workplace/git_download/HiSTB_origin/HiSTBLinux/out/hi3798mv100/hi3798mv100_out/obj/source/component/alsa/root/usr/share/man/man1'
BIO_callback_ctrl.3 => BIO_ctrl.3
 /usr/bin/install -c -m 644 aplaymidi.1 arecordmidi.1 '/home/ray/workplace/git_download/HiSTB_origin/HiSTBLinux/out/hi3798mv100/hi3798mv100_out/obj/source/component/alsa/root/usr/share/man/man1'
BIO_ptr_ctrl.3 => BIO_ctrl.3
  CC      arch/arm/mm/fault.o
make[7]: Leaving directory '/home/ray/workplace/git_download/HiSTB_origin/HiSTBLinux/out/hi3798mv100/hi3798mv100_out/obj/source/component/alsa/alsa-utils-1.0.28/seq/aplaymidi'
make[6]: Leaving directory '/home/ray/workplace/git_download/HiSTB_origin/HiSTBLinux/out/hi3798mv100/hi3798mv100_out/obj/source/component/alsa/alsa-utils-1.0.28/seq/aplaymidi'
Making install in aseqdump
BIO_int_ctrl.3 => BIO_ctrl.3
BIO_reset.3 => BIO_ctrl.3
make[6]: Entering directory '/home/ray/workplace/git_download/HiSTB_origin/HiSTBLinux/out/hi3798mv100/hi3798mv100_out/obj/source/component/alsa/alsa-utils-1.0.28/seq/aseqdump'
BIO_seek.3 => BIO_ctrl.3
BIO_tell.3 => BIO_ctrl.3
BIO_flush.3 => BIO_ctrl.3
make[7]: Entering directory '/home/ray/workplace/git_download/HiSTB_origin/HiSTBLinux/out/hi3798mv100/hi3798mv100_out/obj/source/component/alsa/alsa-utils-1.0.28/seq/aseqdump'
 /usr/bin/mkdir -p '/home/ray/workplace/git_download/HiSTB_origin/HiSTBLinux/out/hi3798mv100/hi3798mv100_out/obj/source/component/alsa/root/usr/bin'
  CC      arch/arm/mm/init.o
BIO_eof.3 => BIO_ctrl.3
BIO_set_close.3 => BIO_ctrl.3
 STRIPPROG='arm-histbv310-linux-strip' /bin/bash /home/ray/workplace/git_download/HiSTB_origin/HiSTBLinux/out/hi3798mv100/hi3798mv100_out/obj/source/component/alsa/alsa-utils-1.0.28/install-sh -c -s aseqdump '/home/ray/workplace/git_download/HiSTB_origin/HiSTBLinux/out/hi3798mv100/hi3798mv100_out/obj/source/component/alsa/root/usr/bin'
BIO_get_close.3 => BIO_ctrl.3
BIO_pending.3 => BIO_ctrl.3
BIO_wpending.3 => BIO_ctrl.3
BIO_ctrl_pending.3 => BIO_ctrl.3
BIO_ctrl_wpending.3 => BIO_ctrl.3
 /usr/bin/mkdir -p '/home/ray/workplace/git_download/HiSTB_origin/HiSTBLinux/out/hi3798mv100/hi3798mv100_out/obj/source/component/alsa/root/usr/share/man/man1'
BIO_get_info_callback.3 => BIO_ctrl.3
BIO_set_info_callback.3 => BIO_ctrl.3
 /usr/bin/install -c -m 644 aseqdump.1 '/home/ray/workplace/git_download/HiSTB_origin/HiSTBLinux/out/hi3798mv100/hi3798mv100_out/obj/source/component/alsa/root/usr/share/man/man1'
installing man3/BIO_f_base64.3
make[7]: Leaving directory '/home/ray/workplace/git_download/HiSTB_origin/HiSTBLinux/out/hi3798mv100/hi3798mv100_out/obj/source/component/alsa/alsa-utils-1.0.28/seq/aseqdump'
make[6]: Leaving directory '/home/ray/workplace/git_download/HiSTB_origin/HiSTBLinux/out/hi3798mv100/hi3798mv100_out/obj/source/component/alsa/alsa-utils-1.0.28/seq/aseqdump'
Making install in aseqnet
make[6]: Entering directory '/home/ray/workplace/git_download/HiSTB_origin/HiSTBLinux/out/hi3798mv100/hi3798mv100_out/obj/source/component/alsa/alsa-utils-1.0.28/seq/aseqnet'
  CC      arch/arm/kernel/setup.o
make[7]: Entering directory '/home/ray/workplace/git_download/HiSTB_origin/HiSTBLinux/out/hi3798mv100/hi3798mv100_out/obj/source/component/alsa/alsa-utils-1.0.28/seq/aseqnet'
 /usr/bin/mkdir -p '/home/ray/workplace/git_download/HiSTB_origin/HiSTBLinux/out/hi3798mv100/hi3798mv100_out/obj/source/component/alsa/root/usr/bin'
 STRIPPROG='arm-histbv310-linux-strip' /bin/bash /home/ray/workplace/git_download/HiSTB_origin/HiSTBLinux/out/hi3798mv100/hi3798mv100_out/obj/source/component/alsa/alsa-utils-1.0.28/install-sh -c -s aseqnet '/home/ray/workplace/git_download/HiSTB_origin/HiSTBLinux/out/hi3798mv100/hi3798mv100_out/obj/source/component/alsa/root/usr/bin'
  CC     attr.lo
 /usr/bin/mkdir -p '/home/ray/workplace/git_download/HiSTB_origin/HiSTBLinux/out/hi3798mv100/hi3798mv100_out/obj/source/component/alsa/root/usr/share/man/man1'
  CC      arch/arm/kernel/signal.o
 /usr/bin/install -c -m 644 aseqnet.1 '/home/ray/workplace/git_download/HiSTB_origin/HiSTBLinux/out/hi3798mv100/hi3798mv100_out/obj/source/component/alsa/root/usr/share/man/man1'
make[7]: Leaving directory '/home/ray/workplace/git_download/HiSTB_origin/HiSTBLinux/out/hi3798mv100/hi3798mv100_out/obj/source/component/alsa/alsa-utils-1.0.28/seq/aseqnet'
make[6]: Leaving directory '/home/ray/workplace/git_download/HiSTB_origin/HiSTBLinux/out/hi3798mv100/hi3798mv100_out/obj/source/component/alsa/alsa-utils-1.0.28/seq/aseqnet'
make[6]: Entering directory '/home/ray/workplace/git_download/HiSTB_origin/HiSTBLinux/out/hi3798mv100/hi3798mv100_out/obj/source/component/alsa/alsa-utils-1.0.28/seq'
make[7]: Entering directory '/home/ray/workplace/git_download/HiSTB_origin/HiSTBLinux/out/hi3798mv100/hi3798mv100_out/obj/source/component/alsa/alsa-utils-1.0.28/seq'
make[7]: Nothing to be done for 'install-exec-am'.
make[7]: Nothing to be done for 'install-data-am'.
make[7]: Leaving directory '/home/ray/workplace/git_download/HiSTB_origin/HiSTBLinux/out/hi3798mv100/hi3798mv100_out/obj/source/component/alsa/alsa-utils-1.0.28/seq'
installing man3/BIO_f_buffer.3
make[6]: Leaving directory '/home/ray/workplace/git_download/HiSTB_origin/HiSTBLinux/out/hi3798mv100/hi3798mv100_out/obj/source/component/alsa/alsa-utils-1.0.28/seq'
make[5]: Leaving directory '/home/ray/workplace/git_download/HiSTB_origin/HiSTBLinux/out/hi3798mv100/hi3798mv100_out/obj/source/component/alsa/alsa-utils-1.0.28/seq'
make[5]: Entering directory '/home/ray/workplace/git_download/HiSTB_origin/HiSTBLinux/out/hi3798mv100/hi3798mv100_out/obj/source/component/alsa/alsa-utils-1.0.28'
make[6]: Entering directory '/home/ray/workplace/git_download/HiSTB_origin/HiSTBLinux/out/hi3798mv100/hi3798mv100_out/obj/source/component/alsa/alsa-utils-1.0.28'
make[6]: Nothing to be done for 'install-exec-am'.
make  install-data-hook
make[7]: Entering directory '/home/ray/workplace/git_download/HiSTB_origin/HiSTBLinux/out/hi3798mv100/hi3798mv100_out/obj/source/component/alsa/alsa-utils-1.0.28'
/usr/bin/mkdir -p -m 0755 /home/ray/workplace/git_download/HiSTB_origin/HiSTBLinux/out/hi3798mv100/hi3798mv100_out/obj/source/component/alsa/root/var/lib/alsa
make[7]: Leaving directory '/home/ray/workplace/git_download/HiSTB_origin/HiSTBLinux/out/hi3798mv100/hi3798mv100_out/obj/source/component/alsa/alsa-utils-1.0.28'
make[6]: Leaving directory '/home/ray/workplace/git_download/HiSTB_origin/HiSTBLinux/out/hi3798mv100/hi3798mv100_out/obj/source/component/alsa/alsa-utils-1.0.28'
make[5]: Leaving directory '/home/ray/workplace/git_download/HiSTB_origin/HiSTBLinux/out/hi3798mv100/hi3798mv100_out/obj/source/component/alsa/alsa-utils-1.0.28'
make[4]: Leaving directory '/home/ray/workplace/git_download/HiSTB_origin/HiSTBLinux/out/hi3798mv100/hi3798mv100_out/obj/source/component/alsa/alsa-utils-1.0.28'
make[3]: Leaving directory '/home/ray/workplace/git_download/HiSTB_origin/HiSTBLinux/out/hi3798mv100/hi3798mv100_out/obj/source/component/alsa/alsa-utils-1.0.28'
make[2]: Leaving directory '/home/ray/workplace/git_download/HiSTB_origin/HiSTBLinux/source/component/alsa'
installing man3/BIO_f_cipher.3
  CC      arch/arm/kernel/stacktrace.o
  CC      arch/arm/kernel/sys_arm.o
  CC      arch/arm/mm/iomap.o
BIO_set_cipher.3 => BIO_f_cipher.3
BIO_get_cipher_status.3 => BIO_f_cipher.3
BIO_get_cipher_ctx.3 => BIO_f_cipher.3
installing man3/BIO_f_md.3
BIO_set_md.3 => BIO_f_md.3
BIO_get_md.3 => BIO_f_md.3
BIO_get_md_ctx.3 => BIO_f_md.3
installing man3/BIO_f_null.3
  CC      arch/arm/mach-hi3798mx/core.o
  CC      arch/arm/mach-hi3798mx/pmu.o
  CC      arch/arm/kernel/time.o
installing man3/BIO_f_ssl.3
  CC      arch/arm/mm/fault-armv.o
BIO_set_ssl.3 => BIO_f_ssl.3
BIO_get_ssl.3 => BIO_f_ssl.3
  CC      arch/arm/kernel/traps.o
BIO_set_ssl_mode.3 => BIO_f_ssl.3
BIO_set_ssl_renegotiate_bytes.3 => BIO_f_ssl.3
BIO_get_num_renegotiates.3 => BIO_f_ssl.3
BIO_set_ssl_renegotiate_timeout.3 => BIO_f_ssl.3
BIO_new_ssl.3 => BIO_f_ssl.3
BIO_new_ssl_connect.3 => BIO_f_ssl.3
BIO_new_buffer_ssl_connect.3 => BIO_f_ssl.3
BIO_ssl_copy_session_id.3 => BIO_f_ssl.3
BIO_ssl_shutdown.3 => BIO_f_ssl.3
installing man3/BIO_find_type.3
  CC      arch/arm/mach-hi3798mx/platsmp.o
  CC      arch/arm/kernel/atags_parse.o
  CC     cache.lo
  CC      arch/arm/mm/flush.o
  CC      kernel/fork.o
BIO_next.3 => BIO_find_type.3
BIO_method_type.3 => BIO_find_type.3
installing man3/BIO_new.3
BIO_set.3 => BIO_new.3
BIO_free.3 => BIO_new.3
BIO_vfree.3 => BIO_new.3
BIO_free_all.3 => BIO_new.3
installing man3/BIO_new_CMS.3
  CC      arch/arm/mach-hi3798mx/hotplug.o
  CC      arch/arm/mm/idmap.o
  CC      arch/arm/kernel/cpuidle.o
installing man3/BIO_push.3
  CC      arch/arm/kernel/armksyms.o
BIO_pop.3 => BIO_push.3
  LD      arch/arm/mach-hi3798mx/built-in.o
installing man3/BIO_read.3
  CC      arch/arm/kernel/module.o
  CC      arch/arm/mm/ioremap.o
  CC      arch/arm/mm/mmap.o
BIO_write.3 => BIO_read.3
BIO_gets.3 => BIO_read.3
BIO_puts.3 => BIO_read.3
installing man3/BIO_s_accept.3
  CC      arch/arm/mm/pgd.o
BIO_set_accept_port.3 => BIO_s_accept.3
BIO_get_accept_port.3 => BIO_s_accept.3
BIO_new_accept.3 => BIO_s_accept.3
BIO_set_nbio_accept.3 => BIO_s_accept.3
BIO_set_accept_bios.3 => BIO_s_accept.3
BIO_set_bind_mode.3 => BIO_s_accept.3
BIO_get_bind_mode.3 => BIO_s_accept.3
BIO_do_accept.3 => BIO_s_accept.3
installing man3/BIO_s_bio.3
  CC      arch/arm/kernel/module-plts.o
  CC      arch/arm/kernel/bios32.o
  CC      arch/arm/kernel/isa.o
BIO_make_bio_pair.3 => BIO_s_bio.3
BIO_destroy_bio_pair.3 => BIO_s_bio.3
BIO_shutdown_wr.3 => BIO_s_bio.3
BIO_set_write_buf_size.3 => BIO_s_bio.3
BIO_get_write_buf_size.3 => BIO_s_bio.3
BIO_new_bio_pair.3 => BIO_s_bio.3
BIO_get_write_guarantee.3 => BIO_s_bio.3
  CC      arch/arm/mm/mmu.o
BIO_ctrl_get_write_guarantee.3 => BIO_s_bio.3
BIO_get_read_request.3 => BIO_s_bio.3
BIO_ctrl_get_read_request.3 => BIO_s_bio.3
BIO_ctrl_reset_read_request.3 => BIO_s_bio.3
  CC      arch/arm/mm/pageattr.o
installing man3/BIO_s_connect.3
  CC      arch/arm/mm/proc-syms.o
  CC     cache_mngr.lo
BIO_new_connect.3 => BIO_s_connect.3
BIO_set_conn_hostname.3 => BIO_s_connect.3
BIO_set_conn_port.3 => BIO_s_connect.3
BIO_set_conn_ip.3 => BIO_s_connect.3
BIO_set_conn_int_port.3 => BIO_s_connect.3
BIO_get_conn_hostname.3 => BIO_s_connect.3
BIO_get_conn_port.3 => BIO_s_connect.3
BIO_get_conn_ip.3 => BIO_s_connect.3
BIO_get_conn_int_port.3 => BIO_s_connect.3
  CC      kernel/exec_domain.o
BIO_set_nbio.3 => BIO_s_connect.3
BIO_do_connect.3 => BIO_s_connect.3
installing man3/BIO_s_fd.3
  CC      kernel/panic.o
  CC      kernel/cpu.o
  CC      arch/arm/kernel/suspend.o
BIO_set_fd.3 => BIO_s_fd.3
BIO_get_fd.3 => BIO_s_fd.3
BIO_new_fd.3 => BIO_s_fd.3
installing man3/BIO_s_file.3
BIO_new_file.3 => BIO_s_file.3
BIO_new_fp.3 => BIO_s_file.3
BIO_set_fp.3 => BIO_s_file.3
BIO_get_fp.3 => BIO_s_file.3
BIO_read_filename.3 => BIO_s_file.3
BIO_write_filename.3 => BIO_s_file.3
  CC      arch/arm/kernel/smp.o
BIO_append_filename.3 => BIO_s_file.3
BIO_rw_filename.3 => BIO_s_file.3
installing man3/BIO_s_mem.3
  CC      arch/arm/mm/alignment.o
  CC      kernel/exit.o
  CC      arch/arm/mm/highmem.o
BIO_set_mem_eof_return.3 => BIO_s_mem.3
BIO_get_mem_data.3 => BIO_s_mem.3
BIO_set_mem_buf.3 => BIO_s_mem.3
BIO_get_mem_ptr.3 => BIO_s_mem.3
BIO_new_mem_buf.3 => BIO_s_mem.3
installing man3/BIO_s_null.3
  CC     cache_mngt.lo
installing man3/BIO_s_socket.3
arm-histbv310-linux-ar -rc libgraphic.a msp/drv/tde/tde_adp.o msp/drv/tde/tde_hal_k.o msp/drv/tde/tde_handle_k.o msp/drv/tde/tde_osictl_k.o msp/drv/tde/tde_osilist_k.o msp/drv/tde/tde_osr.o msp/drv/tde/tde_osr_k.o msp/drv/tde/tde_proc_k.o msp/drv/tde/wmalloc_k.o msp/api/tde/unf_tde.o dec/bmp_decode.o dec/hi_gfx_decode.o dec/hi_gfx_io.o dec/jpeg_decode.o hard-dec/jpeg_drv_dec.o hard-dec/jpeg_drv_harddec.o hard-dec/jpeg_drv_parse.o hard-dec/jpeg_drv_setpara.o hard-dec/jpeg_drv_table.o msp/drv/jpeg/jpeg_drv_hal.o gfx/hi_gfx_layer.o gfx/hi_gfx_mem.o gfx/hi_gfx_show.o gfx/hi_gfx_surface.o tde/hi_gfx_blit.o tde/hi_gfx_list.o msp/drv/hifb/adp/src/drv_hifb_wbc.o msp/drv/hifb/adp/hifb_v1_0/drv_hifb_adp.o msp/drv/hifb/adp/hifb_v1_0/drv_hifb_hal.o msp/drv/hifb/adp/alg/optm_alg_csc.o msp/drv/hifb/adp/alg/optm_alg_gzme.o msp/drv/hifb/adp/alg/optm_alg_gsharp.o msp/drv/hifb/adp/alg/optm_alg_zme_coef.o
  CC      kernel/softirq.o
  CC      kernel/resource.o
make[4]: Leaving directory '/home/ray/workplace/git_download/HiSTB_origin/HiSTBLinux/out/hi3798mv100/hi3798mv100_out/obj/source/boot/product/driver/graphic'
make -C hdmi all
make[4]: Entering directory '/home/ray/workplace/git_download/HiSTB_origin/HiSTBLinux/out/hi3798mv100/hi3798mv100_out/obj/source/boot/product/driver/hdmi'
make -C hdmi_1_4 all
make[5]: Entering directory '/home/ray/workplace/git_download/HiSTB_origin/HiSTBLinux/out/hi3798mv100/hi3798mv100_out/obj/source/boot/product/driver/hdmi/hdmi_1_4'
arm-histbv310-linux-gcc -g -Os -D__KERNEL__ -fno-strict-aliasing -fno-common -ffixed-r8 -nostdinc -isystem /home/ray/workplace/git_download/HiSTB_origin/HiSTBLinux/tools/linux/toolchains/arm-histbv310-linux/bin/../lib/gcc/arm-gcc492_glibc224-linux-gnueabi/4.9.2/include  -fno-builtin -ffreestanding  -pipe -marm  -mabi=aapcs-linux -mfloat-abi=soft -mno-thumb-interwork -Wall -Wstrict-prototypes -fno-stack-protector -I/home/ray/workplace/git_download/HiSTB_origin/HiSTBLinux/out/hi3798mv100/hi3798mv100_out/obj/source/boot/fastboot/include -mcpu=cortex-a7 -Werror -Wall -D_GNU_SOURCE -D_XOPEN_SOURCE=600 -O2 -fPIC -DCHIP_TYPE_hi3798mv100 -DSDK_VERSION="HiSTBLinuxV100R005C00SPC050_20170731" -DHI_LOG_SUPPORT=1 -DHI_LOG_LEVEL=4 -DLOG_NETWORK_SUPPORT -DLOG_UDISK_SUPPORT -DHI_PROC_SUPPORT=1 -DHI_HDMI_SUPPORT_1_4 -DHI_PVR_SUPPORT -DHI_VI_SUPPORT -DHI_VENC_SUPPORT -DHI_PQ_V3_0  -I/home/ray/workplace/git_download/HiSTB_origin/HiSTBLinux/out/hi3798mv100/hi3798mv100_out/obj/source/boot/product/driver/include -I/home/ray/workplace/git_download/HiSTB_origin/HiSTBLinux/out/hi3798mv100/hi3798mv100_out/obj/source/boot/product/driver/include_inc -I/home/ray/workplace/git_download/HiSTB_origin/HiSTBLinux/out/hi3798mv100/hi3798mv100_out/obj/source/boot/product/loader/schedule -I/home/ray/workplace/git_download/HiSTB_origin/HiSTBLinux/out/hi3798mv100/hi3798mv100_out/obj/source/boot/product/logo/include -I/home/ray/workplace/git_download/HiSTB_origin/HiSTBLinux/out/hi3798mv100/hi3798mv100_out/obj/source/boot/product/driver/graphic/include -I/home/ray/workplace/git_download/HiSTB_origin/HiSTBLinux/out/hi3798mv100/hi3798mv100_out/obj/source/boot/product/adp/include -I/home/ray/workplace/git_download/HiSTB_origin/HiSTBLinux/out/hi3798mv100/hi3798mv100_out/obj/source/boot/product/pdm/include -I/home/ray/workplace/git_download/HiSTB_origin/HiSTBLinux/source/common/include -I/home/ray/workplace/git_download/HiSTB_origin/HiSTBLinux/source/common/drv/include -I/home/ray/workplace/git_download/HiSTB_origin/HiSTBLinux/out/hi3798mv100/hi3798mv100_out/obj/source/boot/miniboot/app -DCONFIG_ARM -D__ARM__ -DHI_PM_POWERUP_MODE1_SUPPORT -DHI_AVS_SUPPORT -I/home/ray/workplace/git_download/HiSTB_origin/HiSTBLinux/out/hi3798mv100/hi3798mv100_out/obj/source/boot/product/driver/include -I/home/ray/workplace/git_download/HiSTB_origin/HiSTBLinux/out/hi3798mv100/hi3798mv100_out/obj/source/boot/product/driver/include_inc -I/home/ray/workplace/git_download/HiSTB_origin/HiSTBLinux/source/boot/fastboot/arch/arm/include -I/home/ray/workplace/git_download/HiSTB_origin/HiSTBLinux/source/boot/fastboot/include -I/home/ray/workplace/git_download/HiSTB_origin/HiSTBLinux/source/common/include -I/home/ray/workplace/git_download/HiSTB_origin/HiSTBLinux/out/hi3798mv100/hi3798mv100_out/obj/source/boot/product/driver/hdmi -I/home/ray/workplace/git_download/HiSTB_origin/HiSTBLinux/out/hi3798mv100/hi3798mv100_out/obj/source/boot/product/logo/include -I/home/ray/workplace/git_download/HiSTB_origin/HiSTBLinux/out/hi3798mv100/hi3798mv100_out/obj/source/boot/product/driver/graphic/include -DHI_HDMI_4K_SUPPORT   -c -o hdmi.o hdmi.c
BIO_new_socket.3 => BIO_s_socket.3
installing man3/BIO_set_callback.3
  CC      arch/arm/mm/copypage-v6.o
BIO_get_callback.3 => BIO_set_callback.3
BIO_set_callback_arg.3 => BIO_set_callback.3
BIO_get_callback_arg.3 => BIO_set_callback.3
BIO_debug_callback.3 => BIO_set_callback.3
installing man3/BIO_should_retry.3
  CC      arch/arm/kernel/smp_tlb.o
arm-histbv310-linux-gcc -g -Os -D__KERNEL__ -fno-strict-aliasing -fno-common -ffixed-r8 -nostdinc -isystem /home/ray/workplace/git_download/HiSTB_origin/HiSTBLinux/tools/linux/toolchains/arm-histbv310-linux/bin/../lib/gcc/arm-gcc492_glibc224-linux-gnueabi/4.9.2/include  -fno-builtin -ffreestanding  -pipe -marm  -mabi=aapcs-linux -mfloat-abi=soft -mno-thumb-interwork -Wall -Wstrict-prototypes -fno-stack-protector -I/home/ray/workplace/git_download/HiSTB_origin/HiSTBLinux/out/hi3798mv100/hi3798mv100_out/obj/source/boot/fastboot/include -mcpu=cortex-a7 -Werror -Wall -D_GNU_SOURCE -D_XOPEN_SOURCE=600 -O2 -fPIC -DCHIP_TYPE_hi3798mv100 -DSDK_VERSION="HiSTBLinuxV100R005C00SPC050_20170731" -DHI_LOG_SUPPORT=1 -DHI_LOG_LEVEL=4 -DLOG_NETWORK_SUPPORT -DLOG_UDISK_SUPPORT -DHI_PROC_SUPPORT=1 -DHI_HDMI_SUPPORT_1_4 -DHI_PVR_SUPPORT -DHI_VI_SUPPORT -DHI_VENC_SUPPORT -DHI_PQ_V3_0  -I/home/ray/workplace/git_download/HiSTB_origin/HiSTBLinux/out/hi3798mv100/hi3798mv100_out/obj/source/boot/product/driver/include -I/home/ray/workplace/git_download/HiSTB_origin/HiSTBLinux/out/hi3798mv100/hi3798mv100_out/obj/source/boot/product/driver/include_inc -I/home/ray/workplace/git_download/HiSTB_origin/HiSTBLinux/out/hi3798mv100/hi3798mv100_out/obj/source/boot/product/loader/schedule -I/home/ray/workplace/git_download/HiSTB_origin/HiSTBLinux/out/hi3798mv100/hi3798mv100_out/obj/source/boot/product/logo/include -I/home/ray/workplace/git_download/HiSTB_origin/HiSTBLinux/out/hi3798mv100/hi3798mv100_out/obj/source/boot/product/driver/graphic/include -I/home/ray/workplace/git_download/HiSTB_origin/HiSTBLinux/out/hi3798mv100/hi3798mv100_out/obj/source/boot/product/adp/include -I/home/ray/workplace/git_download/HiSTB_origin/HiSTBLinux/out/hi3798mv100/hi3798mv100_out/obj/source/boot/product/pdm/include -I/home/ray/workplace/git_download/HiSTB_origin/HiSTBLinux/source/common/include -I/home/ray/workplace/git_download/HiSTB_origin/HiSTBLinux/source/common/drv/include -I/home/ray/workplace/git_download/HiSTB_origin/HiSTBLinux/out/hi3798mv100/hi3798mv100_out/obj/source/boot/miniboot/app -DCONFIG_ARM -D__ARM__ -DHI_PM_POWERUP_MODE1_SUPPORT -DHI_AVS_SUPPORT -I/home/ray/workplace/git_download/HiSTB_origin/HiSTBLinux/out/hi3798mv100/hi3798mv100_out/obj/source/boot/product/driver/include -I/home/ray/workplace/git_download/HiSTB_origin/HiSTBLinux/out/hi3798mv100/hi3798mv100_out/obj/source/boot/product/driver/include_inc -I/home/ray/workplace/git_download/HiSTB_origin/HiSTBLinux/source/boot/fastboot/arch/arm/include -I/home/ray/workplace/git_download/HiSTB_origin/HiSTBLinux/source/boot/fastboot/include -I/home/ray/workplace/git_download/HiSTB_origin/HiSTBLinux/source/common/include -I/home/ray/workplace/git_download/HiSTB_origin/HiSTBLinux/out/hi3798mv100/hi3798mv100_out/obj/source/boot/product/driver/hdmi -I/home/ray/workplace/git_download/HiSTB_origin/HiSTBLinux/out/hi3798mv100/hi3798mv100_out/obj/source/boot/product/logo/include -I/home/ray/workplace/git_download/HiSTB_origin/HiSTBLinux/out/hi3798mv100/hi3798mv100_out/obj/source/boot/product/driver/graphic/include -DHI_HDMI_4K_SUPPORT   -c -o txvidp.o txvidp.c
BIO_should_read.3 => BIO_should_retry.3
BIO_should_write.3 => BIO_should_retry.3
BIO_should_io_special.3 => BIO_should_retry.3
BIO_retry_type.3 => BIO_should_retry.3
BIO_get_retry_BIO.3 => BIO_should_retry.3
BIO_get_retry_reason.3 => BIO_should_retry.3
  CC      arch/arm/mm/context.o
installing man3/BN_BLINDING_new.3
arm-histbv310-linux-gcc -g -Os -D__KERNEL__ -fno-strict-aliasing -fno-common -ffixed-r8 -nostdinc -isystem /home/ray/workplace/git_download/HiSTB_origin/HiSTBLinux/tools/linux/toolchains/arm-histbv310-linux/bin/../lib/gcc/arm-gcc492_glibc224-linux-gnueabi/4.9.2/include  -fno-builtin -ffreestanding  -pipe -marm  -mabi=aapcs-linux -mfloat-abi=soft -mno-thumb-interwork -Wall -Wstrict-prototypes -fno-stack-protector -I/home/ray/workplace/git_download/HiSTB_origin/HiSTBLinux/out/hi3798mv100/hi3798mv100_out/obj/source/boot/fastboot/include -mcpu=cortex-a7 -Werror -Wall -D_GNU_SOURCE -D_XOPEN_SOURCE=600 -O2 -fPIC -DCHIP_TYPE_hi3798mv100 -DSDK_VERSION="HiSTBLinuxV100R005C00SPC050_20170731" -DHI_LOG_SUPPORT=1 -DHI_LOG_LEVEL=4 -DLOG_NETWORK_SUPPORT -DLOG_UDISK_SUPPORT -DHI_PROC_SUPPORT=1 -DHI_HDMI_SUPPORT_1_4 -DHI_PVR_SUPPORT -DHI_VI_SUPPORT -DHI_VENC_SUPPORT -DHI_PQ_V3_0  -I/home/ray/workplace/git_download/HiSTB_origin/HiSTBLinux/out/hi3798mv100/hi3798mv100_out/obj/source/boot/product/driver/include -I/home/ray/workplace/git_download/HiSTB_origin/HiSTBLinux/out/hi3798mv100/hi3798mv100_out/obj/source/boot/product/driver/include_inc -I/home/ray/workplace/git_download/HiSTB_origin/HiSTBLinux/out/hi3798mv100/hi3798mv100_out/obj/source/boot/product/loader/schedule -I/home/ray/workplace/git_download/HiSTB_origin/HiSTBLinux/out/hi3798mv100/hi3798mv100_out/obj/source/boot/product/logo/include -I/home/ray/workplace/git_download/HiSTB_origin/HiSTBLinux/out/hi3798mv100/hi3798mv100_out/obj/source/boot/product/driver/graphic/include -I/home/ray/workplace/git_download/HiSTB_origin/HiSTBLinux/out/hi3798mv100/hi3798mv100_out/obj/source/boot/product/adp/include -I/home/ray/workplace/git_download/HiSTB_origin/HiSTBLinux/out/hi3798mv100/hi3798mv100_out/obj/source/boot/product/pdm/include -I/home/ray/workplace/git_download/HiSTB_origin/HiSTBLinux/source/common/include -I/home/ray/workplace/git_download/HiSTB_origin/HiSTBLinux/source/common/drv/include -I/home/ray/workplace/git_download/HiSTB_origin/HiSTBLinux/out/hi3798mv100/hi3798mv100_out/obj/source/boot/miniboot/app -DCONFIG_ARM -D__ARM__ -DHI_PM_POWERUP_MODE1_SUPPORT -DHI_AVS_SUPPORT -I/home/ray/workplace/git_download/HiSTB_origin/HiSTBLinux/out/hi3798mv100/hi3798mv100_out/obj/source/boot/product/driver/include -I/home/ray/workplace/git_download/HiSTB_origin/HiSTBLinux/out/hi3798mv100/hi3798mv100_out/obj/source/boot/product/driver/include_inc -I/home/ray/workplace/git_download/HiSTB_origin/HiSTBLinux/source/boot/fastboot/arch/arm/include -I/home/ray/workplace/git_download/HiSTB_origin/HiSTBLinux/source/boot/fastboot/include -I/home/ray/workplace/git_download/HiSTB_origin/HiSTBLinux/source/common/include -I/home/ray/workplace/git_download/HiSTB_origin/HiSTBLinux/out/hi3798mv100/hi3798mv100_out/obj/source/boot/product/driver/hdmi -I/home/ray/workplace/git_download/HiSTB_origin/HiSTBLinux/out/hi3798mv100/hi3798mv100_out/obj/source/boot/product/logo/include -I/home/ray/workplace/git_download/HiSTB_origin/HiSTBLinux/out/hi3798mv100/hi3798mv100_out/obj/source/boot/product/driver/graphic/include -DHI_HDMI_4K_SUPPORT   -c -o infofrm.o infofrm.c
arm-histbv310-linux-gcc -g -Os -D__KERNEL__ -fno-strict-aliasing -fno-common -ffixed-r8 -nostdinc -isystem /home/ray/workplace/git_download/HiSTB_origin/HiSTBLinux/tools/linux/toolchains/arm-histbv310-linux/bin/../lib/gcc/arm-gcc492_glibc224-linux-gnueabi/4.9.2/include  -fno-builtin -ffreestanding  -pipe -marm  -mabi=aapcs-linux -mfloat-abi=soft -mno-thumb-interwork -Wall -Wstrict-prototypes -fno-stack-protector -I/home/ray/workplace/git_download/HiSTB_origin/HiSTBLinux/out/hi3798mv100/hi3798mv100_out/obj/source/boot/fastboot/include -mcpu=cortex-a7 -Werror -Wall -D_GNU_SOURCE -D_XOPEN_SOURCE=600 -O2 -fPIC -DCHIP_TYPE_hi3798mv100 -DSDK_VERSION="HiSTBLinuxV100R005C00SPC050_20170731" -DHI_LOG_SUPPORT=1 -DHI_LOG_LEVEL=4 -DLOG_NETWORK_SUPPORT -DLOG_UDISK_SUPPORT -DHI_PROC_SUPPORT=1 -DHI_HDMI_SUPPORT_1_4 -DHI_PVR_SUPPORT -DHI_VI_SUPPORT -DHI_VENC_SUPPORT -DHI_PQ_V3_0  -I/home/ray/workplace/git_download/HiSTB_origin/HiSTBLinux/out/hi3798mv100/hi3798mv100_out/obj/source/boot/product/driver/include -I/home/ray/workplace/git_download/HiSTB_origin/HiSTBLinux/out/hi3798mv100/hi3798mv100_out/obj/source/boot/product/driver/include_inc -I/home/ray/workplace/git_download/HiSTB_origin/HiSTBLinux/out/hi3798mv100/hi3798mv100_out/obj/source/boot/product/loader/schedule -I/home/ray/workplace/git_download/HiSTB_origin/HiSTBLinux/out/hi3798mv100/hi3798mv100_out/obj/source/boot/product/logo/include -I/home/ray/workplace/git_download/HiSTB_origin/HiSTBLinux/out/hi3798mv100/hi3798mv100_out/obj/source/boot/product/driver/graphic/include -I/home/ray/workplace/git_download/HiSTB_origin/HiSTBLinux/out/hi3798mv100/hi3798mv100_out/obj/source/boot/product/adp/include -I/home/ray/workplace/git_download/HiSTB_origin/HiSTBLinux/out/hi3798mv100/hi3798mv100_out/obj/source/boot/product/pdm/include -I/home/ray/workplace/git_download/HiSTB_origin/HiSTBLinux/source/common/include -I/home/ray/workplace/git_download/HiSTB_origin/HiSTBLinux/source/common/drv/include -I/home/ray/workplace/git_download/HiSTB_origin/HiSTBLinux/out/hi3798mv100/hi3798mv100_out/obj/source/boot/miniboot/app -DCONFIG_ARM -D__ARM__ -DHI_PM_POWERUP_MODE1_SUPPORT -DHI_AVS_SUPPORT -I/home/ray/workplace/git_download/HiSTB_origin/HiSTBLinux/out/hi3798mv100/hi3798mv100_out/obj/source/boot/product/driver/include -I/home/ray/workplace/git_download/HiSTB_origin/HiSTBLinux/out/hi3798mv100/hi3798mv100_out/obj/source/boot/product/driver/include_inc -I/home/ray/workplace/git_download/HiSTB_origin/HiSTBLinux/source/boot/fastboot/arch/arm/include -I/home/ray/workplace/git_download/HiSTB_origin/HiSTBLinux/source/boot/fastboot/include -I/home/ray/workplace/git_download/HiSTB_origin/HiSTBLinux/source/common/include -I/home/ray/workplace/git_download/HiSTB_origin/HiSTBLinux/out/hi3798mv100/hi3798mv100_out/obj/source/boot/product/driver/hdmi -I/home/ray/workplace/git_download/HiSTB_origin/HiSTBLinux/out/hi3798mv100/hi3798mv100_out/obj/source/boot/product/logo/include -I/home/ray/workplace/git_download/HiSTB_origin/HiSTBLinux/out/hi3798mv100/hi3798mv100_out/obj/source/boot/product/driver/graphic/include -DHI_HDMI_4K_SUPPORT   -c -o hdmitx.o hdmitx.c
BN_BLINDING_free.3 => BN_BLINDING_new.3
  CC     data.lo
BN_BLINDING_update.3 => BN_BLINDING_new.3
BN_BLINDING_convert.3 => BN_BLINDING_new.3
BN_BLINDING_invert.3 => BN_BLINDING_new.3
BN_BLINDING_convert_ex.3 => BN_BLINDING_new.3
  CC      arch/arm/kernel/arch_timer.o
BN_BLINDING_invert_ex.3 => BN_BLINDING_new.3
BN_BLINDING_get_thread_id.3 => BN_BLINDING_new.3
BN_BLINDING_set_thread_id.3 => BN_BLINDING_new.3
BN_BLINDING_thread_id.3 => BN_BLINDING_new.3
BN_BLINDING_get_flags.3 => BN_BLINDING_new.3
BN_BLINDING_set_flags.3 => BN_BLINDING_new.3
BN_BLINDING_create_param.3 => BN_BLINDING_new.3
installing man3/BN_CTX_new.3
  CC      arch/arm/kernel/ftrace.o
  CC      arch/arm/kernel/insn.o
  LD      arch/arm/mm/built-in.o
  CC      arch/arm/kernel/sys_oabi-compat.o
  CC      arch/arm/kernel/unwind.o
  CC      kernel/sysctl.o
  CC      arch/arm/kernel/devtree.o
arm-histbv310-linux-gcc -g -Os -D__KERNEL__ -fno-strict-aliasing -fno-common -ffixed-r8 -nostdinc -isystem /home/ray/workplace/git_download/HiSTB_origin/HiSTBLinux/tools/linux/toolchains/arm-histbv310-linux/bin/../lib/gcc/arm-gcc492_glibc224-linux-gnueabi/4.9.2/include  -fno-builtin -ffreestanding  -pipe -marm  -mabi=aapcs-linux -mfloat-abi=soft -mno-thumb-interwork -Wall -Wstrict-prototypes -fno-stack-protector -I/home/ray/workplace/git_download/HiSTB_origin/HiSTBLinux/out/hi3798mv100/hi3798mv100_out/obj/source/boot/fastboot/include -mcpu=cortex-a7 -Werror -Wall -D_GNU_SOURCE -D_XOPEN_SOURCE=600 -O2 -fPIC -DCHIP_TYPE_hi3798mv100 -DSDK_VERSION="HiSTBLinuxV100R005C00SPC050_20170731" -DHI_LOG_SUPPORT=1 -DHI_LOG_LEVEL=4 -DLOG_NETWORK_SUPPORT -DLOG_UDISK_SUPPORT -DHI_PROC_SUPPORT=1 -DHI_HDMI_SUPPORT_1_4 -DHI_PVR_SUPPORT -DHI_VI_SUPPORT -DHI_VENC_SUPPORT -DHI_PQ_V3_0  -I/home/ray/workplace/git_download/HiSTB_origin/HiSTBLinux/out/hi3798mv100/hi3798mv100_out/obj/source/boot/product/driver/include -I/home/ray/workplace/git_download/HiSTB_origin/HiSTBLinux/out/hi3798mv100/hi3798mv100_out/obj/source/boot/product/driver/include_inc -I/home/ray/workplace/git_download/HiSTB_origin/HiSTBLinux/out/hi3798mv100/hi3798mv100_out/obj/source/boot/product/loader/schedule -I/home/ray/workplace/git_download/HiSTB_origin/HiSTBLinux/out/hi3798mv100/hi3798mv100_out/obj/source/boot/product/logo/include -I/home/ray/workplace/git_download/HiSTB_origin/HiSTBLinux/out/hi3798mv100/hi3798mv100_out/obj/source/boot/product/driver/graphic/include -I/home/ray/workplace/git_download/HiSTB_origin/HiSTBLinux/out/hi3798mv100/hi3798mv100_out/obj/source/boot/product/adp/include -I/home/ray/workplace/git_download/HiSTB_origin/HiSTBLinux/out/hi3798mv100/hi3798mv100_out/obj/source/boot/product/pdm/include -I/home/ray/workplace/git_download/HiSTB_origin/HiSTBLinux/source/common/include -I/home/ray/workplace/git_download/HiSTB_origin/HiSTBLinux/source/common/drv/include -I/home/ray/workplace/git_download/HiSTB_origin/HiSTBLinux/out/hi3798mv100/hi3798mv100_out/obj/source/boot/miniboot/app -DCONFIG_ARM -D__ARM__ -DHI_PM_POWERUP_MODE1_SUPPORT -DHI_AVS_SUPPORT -I/home/ray/workplace/git_download/HiSTB_origin/HiSTBLinux/out/hi3798mv100/hi3798mv100_out/obj/source/boot/product/driver/include -I/home/ray/workplace/git_download/HiSTB_origin/HiSTBLinux/out/hi3798mv100/hi3798mv100_out/obj/source/boot/product/driver/include_inc -I/home/ray/workplace/git_download/HiSTB_origin/HiSTBLinux/source/boot/fastboot/arch/arm/include -I/home/ray/workplace/git_download/HiSTB_origin/HiSTBLinux/source/boot/fastboot/include -I/home/ray/workplace/git_download/HiSTB_origin/HiSTBLinux/source/common/include -I/home/ray/workplace/git_download/HiSTB_origin/HiSTBLinux/out/hi3798mv100/hi3798mv100_out/obj/source/boot/product/driver/hdmi -I/home/ray/workplace/git_download/HiSTB_origin/HiSTBLinux/out/hi3798mv100/hi3798mv100_out/obj/source/boot/product/logo/include -I/home/ray/workplace/git_download/HiSTB_origin/HiSTBLinux/out/hi3798mv100/hi3798mv100_out/obj/source/boot/product/driver/graphic/include -DHI_HDMI_4K_SUPPORT   -c -o drv_hlviic.o drv_hlviic.c
BN_CTX_init.3 => BN_CTX_new.3
BN_CTX_free.3 => BN_CTX_new.3
installing man3/BN_CTX_start.3
BN_CTX_get.3 => BN_CTX_start.3
arm-histbv310-linux-gcc -g -Os -D__KERNEL__ -fno-strict-aliasing -fno-common -ffixed-r8 -nostdinc -isystem /home/ray/workplace/git_download/HiSTB_origin/HiSTBLinux/tools/linux/toolchains/arm-histbv310-linux/bin/../lib/gcc/arm-gcc492_glibc224-linux-gnueabi/4.9.2/include  -fno-builtin -ffreestanding  -pipe -marm  -mabi=aapcs-linux -mfloat-abi=soft -mno-thumb-interwork -Wall -Wstrict-prototypes -fno-stack-protector -I/home/ray/workplace/git_download/HiSTB_origin/HiSTBLinux/out/hi3798mv100/hi3798mv100_out/obj/source/boot/fastboot/include -mcpu=cortex-a7 -Werror -Wall -D_GNU_SOURCE -D_XOPEN_SOURCE=600 -O2 -fPIC -DCHIP_TYPE_hi3798mv100 -DSDK_VERSION="HiSTBLinuxV100R005C00SPC050_20170731" -DHI_LOG_SUPPORT=1 -DHI_LOG_LEVEL=4 -DLOG_NETWORK_SUPPORT -DLOG_UDISK_SUPPORT -DHI_PROC_SUPPORT=1 -DHI_HDMI_SUPPORT_1_4 -DHI_PVR_SUPPORT -DHI_VI_SUPPORT -DHI_VENC_SUPPORT -DHI_PQ_V3_0  -I/home/ray/workplace/git_download/HiSTB_origin/HiSTBLinux/out/hi3798mv100/hi3798mv100_out/obj/source/boot/product/driver/include -I/home/ray/workplace/git_download/HiSTB_origin/HiSTBLinux/out/hi3798mv100/hi3798mv100_out/obj/source/boot/product/driver/include_inc -I/home/ray/workplace/git_download/HiSTB_origin/HiSTBLinux/out/hi3798mv100/hi3798mv100_out/obj/source/boot/product/loader/schedule -I/home/ray/workplace/git_download/HiSTB_origin/HiSTBLinux/out/hi3798mv100/hi3798mv100_out/obj/source/boot/product/logo/include -I/home/ray/workplace/git_download/HiSTB_origin/HiSTBLinux/out/hi3798mv100/hi3798mv100_out/obj/source/boot/product/driver/graphic/include -I/home/ray/workplace/git_download/HiSTB_origin/HiSTBLinux/out/hi3798mv100/hi3798mv100_out/obj/source/boot/product/adp/include -I/home/ray/workplace/git_download/HiSTB_origin/HiSTBLinux/out/hi3798mv100/hi3798mv100_out/obj/source/boot/product/pdm/include -I/home/ray/workplace/git_download/HiSTB_origin/HiSTBLinux/source/common/include -I/home/ray/workplace/git_download/HiSTB_origin/HiSTBLinux/source/common/drv/include -I/home/ray/workplace/git_download/HiSTB_origin/HiSTBLinux/out/hi3798mv100/hi3798mv100_out/obj/source/boot/miniboot/app -DCONFIG_ARM -D__ARM__ -DHI_PM_POWERUP_MODE1_SUPPORT -DHI_AVS_SUPPORT -I/home/ray/workplace/git_download/HiSTB_origin/HiSTBLinux/out/hi3798mv100/hi3798mv100_out/obj/source/boot/product/driver/include -I/home/ray/workplace/git_download/HiSTB_origin/HiSTBLinux/out/hi3798mv100/hi3798mv100_out/obj/source/boot/product/driver/include_inc -I/home/ray/workplace/git_download/HiSTB_origin/HiSTBLinux/source/boot/fastboot/arch/arm/include -I/home/ray/workplace/git_download/HiSTB_origin/HiSTBLinux/source/boot/fastboot/include -I/home/ray/workplace/git_download/HiSTB_origin/HiSTBLinux/source/common/include -I/home/ray/workplace/git_download/HiSTB_origin/HiSTBLinux/out/hi3798mv100/hi3798mv100_out/obj/source/boot/product/driver/hdmi -I/home/ray/workplace/git_download/HiSTB_origin/HiSTBLinux/out/hi3798mv100/hi3798mv100_out/obj/source/boot/product/logo/include -I/home/ray/workplace/git_download/HiSTB_origin/HiSTBLinux/out/hi3798mv100/hi3798mv100_out/obj/source/boot/product/driver/graphic/include -DHI_HDMI_4K_SUPPORT   -c -o vmtables.o vmtables.c
BN_CTX_end.3 => BN_CTX_start.3
installing man3/BN_add.3
arm-histbv310-linux-gcc -g -Os -D__KERNEL__ -fno-strict-aliasing -fno-common -ffixed-r8 -nostdinc -isystem /home/ray/workplace/git_download/HiSTB_origin/HiSTBLinux/tools/linux/toolchains/arm-histbv310-linux/bin/../lib/gcc/arm-gcc492_glibc224-linux-gnueabi/4.9.2/include  -fno-builtin -ffreestanding  -pipe -marm  -mabi=aapcs-linux -mfloat-abi=soft -mno-thumb-interwork -Wall -Wstrict-prototypes -fno-stack-protector -I/home/ray/workplace/git_download/HiSTB_origin/HiSTBLinux/out/hi3798mv100/hi3798mv100_out/obj/source/boot/fastboot/include -mcpu=cortex-a7 -Werror -Wall -D_GNU_SOURCE -D_XOPEN_SOURCE=600 -O2 -fPIC -DCHIP_TYPE_hi3798mv100 -DSDK_VERSION="HiSTBLinuxV100R005C00SPC050_20170731" -DHI_LOG_SUPPORT=1 -DHI_LOG_LEVEL=4 -DLOG_NETWORK_SUPPORT -DLOG_UDISK_SUPPORT -DHI_PROC_SUPPORT=1 -DHI_HDMI_SUPPORT_1_4 -DHI_PVR_SUPPORT -DHI_VI_SUPPORT -DHI_VENC_SUPPORT -DHI_PQ_V3_0  -I/home/ray/workplace/git_download/HiSTB_origin/HiSTBLinux/out/hi3798mv100/hi3798mv100_out/obj/source/boot/product/driver/include -I/home/ray/workplace/git_download/HiSTB_origin/HiSTBLinux/out/hi3798mv100/hi3798mv100_out/obj/source/boot/product/driver/include_inc -I/home/ray/workplace/git_download/HiSTB_origin/HiSTBLinux/out/hi3798mv100/hi3798mv100_out/obj/source/boot/product/loader/schedule -I/home/ray/workplace/git_download/HiSTB_origin/HiSTBLinux/out/hi3798mv100/hi3798mv100_out/obj/source/boot/product/logo/include -I/home/ray/workplace/git_download/HiSTB_origin/HiSTBLinux/out/hi3798mv100/hi3798mv100_out/obj/source/boot/product/driver/graphic/include -I/home/ray/workplace/git_download/HiSTB_origin/HiSTBLinux/out/hi3798mv100/hi3798mv100_out/obj/source/boot/product/adp/include -I/home/ray/workplace/git_download/HiSTB_origin/HiSTBLinux/out/hi3798mv100/hi3798mv100_out/obj/source/boot/product/pdm/include -I/home/ray/workplace/git_download/HiSTB_origin/HiSTBLinux/source/common/include -I/home/ray/workplace/git_download/HiSTB_origin/HiSTBLinux/source/common/drv/include -I/home/ray/workplace/git_download/HiSTB_origin/HiSTBLinux/out/hi3798mv100/hi3798mv100_out/obj/source/boot/miniboot/app -DCONFIG_ARM -D__ARM__ -DHI_PM_POWERUP_MODE1_SUPPORT -DHI_AVS_SUPPORT -I/home/ray/workplace/git_download/HiSTB_origin/HiSTBLinux/out/hi3798mv100/hi3798mv100_out/obj/source/boot/product/driver/include -I/home/ray/workplace/git_download/HiSTB_origin/HiSTBLinux/out/hi3798mv100/hi3798mv100_out/obj/source/boot/product/driver/include_inc -I/home/ray/workplace/git_download/HiSTB_origin/HiSTBLinux/source/boot/fastboot/arch/arm/include -I/home/ray/workplace/git_download/HiSTB_origin/HiSTBLinux/source/boot/fastboot/include -I/home/ray/workplace/git_download/HiSTB_origin/HiSTBLinux/source/common/include -I/home/ray/workplace/git_download/HiSTB_origin/HiSTBLinux/out/hi3798mv100/hi3798mv100_out/obj/source/boot/product/driver/hdmi -I/home/ray/workplace/git_download/HiSTB_origin/HiSTBLinux/out/hi3798mv100/hi3798mv100_out/obj/source/boot/product/logo/include -I/home/ray/workplace/git_download/HiSTB_origin/HiSTBLinux/out/hi3798mv100/hi3798mv100_out/obj/source/boot/product/driver/graphic/include -DHI_HDMI_4K_SUPPORT   -c -o txvptbl.o txvptbl.c
arm-histbv310-linux-gcc -g -Os -D__KERNEL__ -fno-strict-aliasing -fno-common -ffixed-r8 -nostdinc -isystem /home/ray/workplace/git_download/HiSTB_origin/HiSTBLinux/tools/linux/toolchains/arm-histbv310-linux/bin/../lib/gcc/arm-gcc492_glibc224-linux-gnueabi/4.9.2/include  -fno-builtin -ffreestanding  -pipe -marm  -mabi=aapcs-linux -mfloat-abi=soft -mno-thumb-interwork -Wall -Wstrict-prototypes -fno-stack-protector -I/home/ray/workplace/git_download/HiSTB_origin/HiSTBLinux/out/hi3798mv100/hi3798mv100_out/obj/source/boot/fastboot/include -mcpu=cortex-a7 -Werror -Wall -D_GNU_SOURCE -D_XOPEN_SOURCE=600 -O2 -fPIC -DCHIP_TYPE_hi3798mv100 -DSDK_VERSION="HiSTBLinuxV100R005C00SPC050_20170731" -DHI_LOG_SUPPORT=1 -DHI_LOG_LEVEL=4 -DLOG_NETWORK_SUPPORT -DLOG_UDISK_SUPPORT -DHI_PROC_SUPPORT=1 -DHI_HDMI_SUPPORT_1_4 -DHI_PVR_SUPPORT -DHI_VI_SUPPORT -DHI_VENC_SUPPORT -DHI_PQ_V3_0  -I/home/ray/workplace/git_download/HiSTB_origin/HiSTBLinux/out/hi3798mv100/hi3798mv100_out/obj/source/boot/product/driver/include -I/home/ray/workplace/git_download/HiSTB_origin/HiSTBLinux/out/hi3798mv100/hi3798mv100_out/obj/source/boot/product/driver/include_inc -I/home/ray/workplace/git_download/HiSTB_origin/HiSTBLinux/out/hi3798mv100/hi3798mv100_out/obj/source/boot/product/loader/schedule -I/home/ray/workplace/git_download/HiSTB_origin/HiSTBLinux/out/hi3798mv100/hi3798mv100_out/obj/source/boot/product/logo/include -I/home/ray/workplace/git_download/HiSTB_origin/HiSTBLinux/out/hi3798mv100/hi3798mv100_out/obj/source/boot/product/driver/graphic/include -I/home/ray/workplace/git_download/HiSTB_origin/HiSTBLinux/out/hi3798mv100/hi3798mv100_out/obj/source/boot/product/adp/include -I/home/ray/workplace/git_download/HiSTB_origin/HiSTBLinux/out/hi3798mv100/hi3798mv100_out/obj/source/boot/product/pdm/include -I/home/ray/workplace/git_download/HiSTB_origin/HiSTBLinux/source/common/include -I/home/ray/workplace/git_download/HiSTB_origin/HiSTBLinux/source/common/drv/include -I/home/ray/workplace/git_download/HiSTB_origin/HiSTBLinux/out/hi3798mv100/hi3798mv100_out/obj/source/boot/miniboot/app -DCONFIG_ARM -D__ARM__ -DHI_PM_POWERUP_MODE1_SUPPORT -DHI_AVS_SUPPORT -I/home/ray/workplace/git_download/HiSTB_origin/HiSTBLinux/out/hi3798mv100/hi3798mv100_out/obj/source/boot/product/driver/include -I/home/ray/workplace/git_download/HiSTB_origin/HiSTBLinux/out/hi3798mv100/hi3798mv100_out/obj/source/boot/product/driver/include_inc -I/home/ray/workplace/git_download/HiSTB_origin/HiSTBLinux/source/boot/fastboot/arch/arm/include -I/home/ray/workplace/git_download/HiSTB_origin/HiSTBLinux/source/boot/fastboot/include -I/home/ray/workplace/git_download/HiSTB_origin/HiSTBLinux/source/common/include -I/home/ray/workplace/git_download/HiSTB_origin/HiSTBLinux/out/hi3798mv100/hi3798mv100_out/obj/source/boot/product/driver/hdmi -I/home/ray/workplace/git_download/HiSTB_origin/HiSTBLinux/out/hi3798mv100/hi3798mv100_out/obj/source/boot/product/logo/include -I/home/ray/workplace/git_download/HiSTB_origin/HiSTBLinux/out/hi3798mv100/hi3798mv100_out/obj/source/boot/product/driver/graphic/include -DHI_HDMI_4K_SUPPORT   -c -o phy.o phy.c
  CC      kernel/sysctl_binary.o
BN_sub.3 => BN_add.3
BN_mul.3 => BN_add.3
BN_sqr.3 => BN_add.3
BN_div.3 => BN_add.3
  CC      kernel/capability.o
BN_mod.3 => BN_add.3
arm-histbv310-linux-gcc -g -Os -D__KERNEL__ -fno-strict-aliasing -fno-common -ffixed-r8 -nostdinc -isystem /home/ray/workplace/git_download/HiSTB_origin/HiSTBLinux/tools/linux/toolchains/arm-histbv310-linux/bin/../lib/gcc/arm-gcc492_glibc224-linux-gnueabi/4.9.2/include  -fno-builtin -ffreestanding  -pipe -marm  -mabi=aapcs-linux -mfloat-abi=soft -mno-thumb-interwork -Wall -Wstrict-prototypes -fno-stack-protector -I/home/ray/workplace/git_download/HiSTB_origin/HiSTBLinux/out/hi3798mv100/hi3798mv100_out/obj/source/boot/fastboot/include -mcpu=cortex-a7 -Werror -Wall -D_GNU_SOURCE -D_XOPEN_SOURCE=600 -O2 -fPIC -DCHIP_TYPE_hi3798mv100 -DSDK_VERSION="HiSTBLinuxV100R005C00SPC050_20170731" -DHI_LOG_SUPPORT=1 -DHI_LOG_LEVEL=4 -DLOG_NETWORK_SUPPORT -DLOG_UDISK_SUPPORT -DHI_PROC_SUPPORT=1 -DHI_HDMI_SUPPORT_1_4 -DHI_PVR_SUPPORT -DHI_VI_SUPPORT -DHI_VENC_SUPPORT -DHI_PQ_V3_0  -I/home/ray/workplace/git_download/HiSTB_origin/HiSTBLinux/out/hi3798mv100/hi3798mv100_out/obj/source/boot/product/driver/include -I/home/ray/workplace/git_download/HiSTB_origin/HiSTBLinux/out/hi3798mv100/hi3798mv100_out/obj/source/boot/product/driver/include_inc -I/home/ray/workplace/git_download/HiSTB_origin/HiSTBLinux/out/hi3798mv100/hi3798mv100_out/obj/source/boot/product/loader/schedule -I/home/ray/workplace/git_download/HiSTB_origin/HiSTBLinux/out/hi3798mv100/hi3798mv100_out/obj/source/boot/product/logo/include -I/home/ray/workplace/git_download/HiSTB_origin/HiSTBLinux/out/hi3798mv100/hi3798mv100_out/obj/source/boot/product/driver/graphic/include -I/home/ray/workplace/git_download/HiSTB_origin/HiSTBLinux/out/hi3798mv100/hi3798mv100_out/obj/source/boot/product/adp/include -I/home/ray/workplace/git_download/HiSTB_origin/HiSTBLinux/out/hi3798mv100/hi3798mv100_out/obj/source/boot/product/pdm/include -I/home/ray/workplace/git_download/HiSTB_origin/HiSTBLinux/source/common/include -I/home/ray/workplace/git_download/HiSTB_origin/HiSTBLinux/source/common/drv/include -I/home/ray/workplace/git_download/HiSTB_origin/HiSTBLinux/out/hi3798mv100/hi3798mv100_out/obj/source/boot/miniboot/app -DCONFIG_ARM -D__ARM__ -DHI_PM_POWERUP_MODE1_SUPPORT -DHI_AVS_SUPPORT -I/home/ray/workplace/git_download/HiSTB_origin/HiSTBLinux/out/hi3798mv100/hi3798mv100_out/obj/source/boot/product/driver/include -I/home/ray/workplace/git_download/HiSTB_origin/HiSTBLinux/out/hi3798mv100/hi3798mv100_out/obj/source/boot/product/driver/include_inc -I/home/ray/workplace/git_download/HiSTB_origin/HiSTBLinux/source/boot/fastboot/arch/arm/include -I/home/ray/workplace/git_download/HiSTB_origin/HiSTBLinux/source/boot/fastboot/include -I/home/ray/workplace/git_download/HiSTB_origin/HiSTBLinux/source/common/include -I/home/ray/workplace/git_download/HiSTB_origin/HiSTBLinux/out/hi3798mv100/hi3798mv100_out/obj/source/boot/product/driver/hdmi -I/home/ray/workplace/git_download/HiSTB_origin/HiSTBLinux/out/hi3798mv100/hi3798mv100_out/obj/source/boot/product/logo/include -I/home/ray/workplace/git_download/HiSTB_origin/HiSTBLinux/out/hi3798mv100/hi3798mv100_out/obj/source/boot/product/driver/graphic/include -DHI_HDMI_4K_SUPPORT   -c -o timer.o timer.c
BN_nnmod.3 => BN_add.3
  CC     error.lo
BN_mod_add.3 => BN_add.3
BN_mod_sub.3 => BN_add.3
BN_mod_mul.3 => BN_add.3
  CC      kernel/ptrace.o
BN_mod_sqr.3 => BN_add.3
BN_exp.3 => BN_add.3
BN_mod_exp.3 => BN_add.3
BN_gcd.3 => BN_add.3
installing man3/BN_add_word.3
arm-histbv310-linux-gcc -g -Os -D__KERNEL__ -fno-strict-aliasing -fno-common -ffixed-r8 -nostdinc -isystem /home/ray/workplace/git_download/HiSTB_origin/HiSTBLinux/tools/linux/toolchains/arm-histbv310-linux/bin/../lib/gcc/arm-gcc492_glibc224-linux-gnueabi/4.9.2/include  -fno-builtin -ffreestanding  -pipe -marm  -mabi=aapcs-linux -mfloat-abi=soft -mno-thumb-interwork -Wall -Wstrict-prototypes -fno-stack-protector -I/home/ray/workplace/git_download/HiSTB_origin/HiSTBLinux/out/hi3798mv100/hi3798mv100_out/obj/source/boot/fastboot/include -mcpu=cortex-a7 -Werror -Wall -D_GNU_SOURCE -D_XOPEN_SOURCE=600 -O2 -fPIC -DCHIP_TYPE_hi3798mv100 -DSDK_VERSION="HiSTBLinuxV100R005C00SPC050_20170731" -DHI_LOG_SUPPORT=1 -DHI_LOG_LEVEL=4 -DLOG_NETWORK_SUPPORT -DLOG_UDISK_SUPPORT -DHI_PROC_SUPPORT=1 -DHI_HDMI_SUPPORT_1_4 -DHI_PVR_SUPPORT -DHI_VI_SUPPORT -DHI_VENC_SUPPORT -DHI_PQ_V3_0  -I/home/ray/workplace/git_download/HiSTB_origin/HiSTBLinux/out/hi3798mv100/hi3798mv100_out/obj/source/boot/product/driver/include -I/home/ray/workplace/git_download/HiSTB_origin/HiSTBLinux/out/hi3798mv100/hi3798mv100_out/obj/source/boot/product/driver/include_inc -I/home/ray/workplace/git_download/HiSTB_origin/HiSTBLinux/out/hi3798mv100/hi3798mv100_out/obj/source/boot/product/loader/schedule -I/home/ray/workplace/git_download/HiSTB_origin/HiSTBLinux/out/hi3798mv100/hi3798mv100_out/obj/source/boot/product/logo/include -I/home/ray/workplace/git_download/HiSTB_origin/HiSTBLinux/out/hi3798mv100/hi3798mv100_out/obj/source/boot/product/driver/graphic/include -I/home/ray/workplace/git_download/HiSTB_origin/HiSTBLinux/out/hi3798mv100/hi3798mv100_out/obj/source/boot/product/adp/include -I/home/ray/workplace/git_download/HiSTB_origin/HiSTBLinux/out/hi3798mv100/hi3798mv100_out/obj/source/boot/product/pdm/include -I/home/ray/workplace/git_download/HiSTB_origin/HiSTBLinux/source/common/include -I/home/ray/workplace/git_download/HiSTB_origin/HiSTBLinux/source/common/drv/include -I/home/ray/workplace/git_download/HiSTB_origin/HiSTBLinux/out/hi3798mv100/hi3798mv100_out/obj/source/boot/miniboot/app -DCONFIG_ARM -D__ARM__ -DHI_PM_POWERUP_MODE1_SUPPORT -DHI_AVS_SUPPORT -I/home/ray/workplace/git_download/HiSTB_origin/HiSTBLinux/out/hi3798mv100/hi3798mv100_out/obj/source/boot/product/driver/include -I/home/ray/workplace/git_download/HiSTB_origin/HiSTBLinux/out/hi3798mv100/hi3798mv100_out/obj/source/boot/product/driver/include_inc -I/home/ray/workplace/git_download/HiSTB_origin/HiSTBLinux/source/boot/fastboot/arch/arm/include -I/home/ray/workplace/git_download/HiSTB_origin/HiSTBLinux/source/boot/fastboot/include -I/home/ray/workplace/git_download/HiSTB_origin/HiSTBLinux/source/common/include -I/home/ray/workplace/git_download/HiSTB_origin/HiSTBLinux/out/hi3798mv100/hi3798mv100_out/obj/source/boot/product/driver/hdmi -I/home/ray/workplace/git_download/HiSTB_origin/HiSTBLinux/out/hi3798mv100/hi3798mv100_out/obj/source/boot/product/logo/include -I/home/ray/workplace/git_download/HiSTB_origin/HiSTBLinux/out/hi3798mv100/hi3798mv100_out/obj/source/boot/product/driver/graphic/include -DHI_HDMI_4K_SUPPORT   -c -o si_vmode.o si_vmode.c
arm-histbv310-linux-gcc -g -Os -D__KERNEL__ -fno-strict-aliasing -fno-common -ffixed-r8 -nostdinc -isystem /home/ray/workplace/git_download/HiSTB_origin/HiSTBLinux/tools/linux/toolchains/arm-histbv310-linux/bin/../lib/gcc/arm-gcc492_glibc224-linux-gnueabi/4.9.2/include  -fno-builtin -ffreestanding  -pipe -marm  -mabi=aapcs-linux -mfloat-abi=soft -mno-thumb-interwork -Wall -Wstrict-prototypes -fno-stack-protector -I/home/ray/workplace/git_download/HiSTB_origin/HiSTBLinux/out/hi3798mv100/hi3798mv100_out/obj/source/boot/fastboot/include -mcpu=cortex-a7 -Werror -Wall -D_GNU_SOURCE -D_XOPEN_SOURCE=600 -O2 -fPIC -DCHIP_TYPE_hi3798mv100 -DSDK_VERSION="HiSTBLinuxV100R005C00SPC050_20170731" -DHI_LOG_SUPPORT=1 -DHI_LOG_LEVEL=4 -DLOG_NETWORK_SUPPORT -DLOG_UDISK_SUPPORT -DHI_PROC_SUPPORT=1 -DHI_HDMI_SUPPORT_1_4 -DHI_PVR_SUPPORT -DHI_VI_SUPPORT -DHI_VENC_SUPPORT -DHI_PQ_V3_0  -I/home/ray/workplace/git_download/HiSTB_origin/HiSTBLinux/out/hi3798mv100/hi3798mv100_out/obj/source/boot/product/driver/include -I/home/ray/workplace/git_download/HiSTB_origin/HiSTBLinux/out/hi3798mv100/hi3798mv100_out/obj/source/boot/product/driver/include_inc -I/home/ray/workplace/git_download/HiSTB_origin/HiSTBLinux/out/hi3798mv100/hi3798mv100_out/obj/source/boot/product/loader/schedule -I/home/ray/workplace/git_download/HiSTB_origin/HiSTBLinux/out/hi3798mv100/hi3798mv100_out/obj/source/boot/product/logo/include -I/home/ray/workplace/git_download/HiSTB_origin/HiSTBLinux/out/hi3798mv100/hi3798mv100_out/obj/source/boot/product/driver/graphic/include -I/home/ray/workplace/git_download/HiSTB_origin/HiSTBLinux/out/hi3798mv100/hi3798mv100_out/obj/source/boot/product/adp/include -I/home/ray/workplace/git_download/HiSTB_origin/HiSTBLinux/out/hi3798mv100/hi3798mv100_out/obj/source/boot/product/pdm/include -I/home/ray/workplace/git_download/HiSTB_origin/HiSTBLinux/source/common/include -I/home/ray/workplace/git_download/HiSTB_origin/HiSTBLinux/source/common/drv/include -I/home/ray/workplace/git_download/HiSTB_origin/HiSTBLinux/out/hi3798mv100/hi3798mv100_out/obj/source/boot/miniboot/app -DCONFIG_ARM -D__ARM__ -DHI_PM_POWERUP_MODE1_SUPPORT -DHI_AVS_SUPPORT -I/home/ray/workplace/git_download/HiSTB_origin/HiSTBLinux/out/hi3798mv100/hi3798mv100_out/obj/source/boot/product/driver/include -I/home/ray/workplace/git_download/HiSTB_origin/HiSTBLinux/out/hi3798mv100/hi3798mv100_out/obj/source/boot/product/driver/include_inc -I/home/ray/workplace/git_download/HiSTB_origin/HiSTBLinux/source/boot/fastboot/arch/arm/include -I/home/ray/workplace/git_download/HiSTB_origin/HiSTBLinux/source/boot/fastboot/include -I/home/ray/workplace/git_download/HiSTB_origin/HiSTBLinux/source/common/include -I/home/ray/workplace/git_download/HiSTB_origin/HiSTBLinux/out/hi3798mv100/hi3798mv100_out/obj/source/boot/product/driver/hdmi -I/home/ray/workplace/git_download/HiSTB_origin/HiSTBLinux/out/hi3798mv100/hi3798mv100_out/obj/source/boot/product/logo/include -I/home/ray/workplace/git_download/HiSTB_origin/HiSTBLinux/out/hi3798mv100/hi3798mv100_out/obj/source/boot/product/driver/graphic/include -DHI_HDMI_4K_SUPPORT   -c -o de.o de.c
  CC      arch/arm/kernel/swp_emulate.o
arm-histbv310-linux-gcc -g -Os -D__KERNEL__ -fno-strict-aliasing -fno-common -ffixed-r8 -nostdinc -isystem /home/ray/workplace/git_download/HiSTB_origin/HiSTBLinux/tools/linux/toolchains/arm-histbv310-linux/bin/../lib/gcc/arm-gcc492_glibc224-linux-gnueabi/4.9.2/include  -fno-builtin -ffreestanding  -pipe -marm  -mabi=aapcs-linux -mfloat-abi=soft -mno-thumb-interwork -Wall -Wstrict-prototypes -fno-stack-protector -I/home/ray/workplace/git_download/HiSTB_origin/HiSTBLinux/out/hi3798mv100/hi3798mv100_out/obj/source/boot/fastboot/include -mcpu=cortex-a7 -Werror -Wall -D_GNU_SOURCE -D_XOPEN_SOURCE=600 -O2 -fPIC -DCHIP_TYPE_hi3798mv100 -DSDK_VERSION="HiSTBLinuxV100R005C00SPC050_20170731" -DHI_LOG_SUPPORT=1 -DHI_LOG_LEVEL=4 -DLOG_NETWORK_SUPPORT -DLOG_UDISK_SUPPORT -DHI_PROC_SUPPORT=1 -DHI_HDMI_SUPPORT_1_4 -DHI_PVR_SUPPORT -DHI_VI_SUPPORT -DHI_VENC_SUPPORT -DHI_PQ_V3_0  -I/home/ray/workplace/git_download/HiSTB_origin/HiSTBLinux/out/hi3798mv100/hi3798mv100_out/obj/source/boot/product/driver/include -I/home/ray/workplace/git_download/HiSTB_origin/HiSTBLinux/out/hi3798mv100/hi3798mv100_out/obj/source/boot/product/driver/include_inc -I/home/ray/workplace/git_download/HiSTB_origin/HiSTBLinux/out/hi3798mv100/hi3798mv100_out/obj/source/boot/product/loader/schedule -I/home/ray/workplace/git_download/HiSTB_origin/HiSTBLinux/out/hi3798mv100/hi3798mv100_out/obj/source/boot/product/logo/include -I/home/ray/workplace/git_download/HiSTB_origin/HiSTBLinux/out/hi3798mv100/hi3798mv100_out/obj/source/boot/product/driver/graphic/include -I/home/ray/workplace/git_download/HiSTB_origin/HiSTBLinux/out/hi3798mv100/hi3798mv100_out/obj/source/boot/product/adp/include -I/home/ray/workplace/git_download/HiSTB_origin/HiSTBLinux/out/hi3798mv100/hi3798mv100_out/obj/source/boot/product/pdm/include -I/home/ray/workplace/git_download/HiSTB_origin/HiSTBLinux/source/common/include -I/home/ray/workplace/git_download/HiSTB_origin/HiSTBLinux/source/common/drv/include -I/home/ray/workplace/git_download/HiSTB_origin/HiSTBLinux/out/hi3798mv100/hi3798mv100_out/obj/source/boot/miniboot/app -DCONFIG_ARM -D__ARM__ -DHI_PM_POWERUP_MODE1_SUPPORT -DHI_AVS_SUPPORT -I/home/ray/workplace/git_download/HiSTB_origin/HiSTBLinux/out/hi3798mv100/hi3798mv100_out/obj/source/boot/product/driver/include -I/home/ray/workplace/git_download/HiSTB_origin/HiSTBLinux/out/hi3798mv100/hi3798mv100_out/obj/source/boot/product/driver/include_inc -I/home/ray/workplace/git_download/HiSTB_origin/HiSTBLinux/source/boot/fastboot/arch/arm/include -I/home/ray/workplace/git_download/HiSTB_origin/HiSTBLinux/source/boot/fastboot/include -I/home/ray/workplace/git_download/HiSTB_origin/HiSTBLinux/source/common/include -I/home/ray/workplace/git_download/HiSTB_origin/HiSTBLinux/out/hi3798mv100/hi3798mv100_out/obj/source/boot/product/driver/hdmi -I/home/ray/workplace/git_download/HiSTB_origin/HiSTBLinux/out/hi3798mv100/hi3798mv100_out/obj/source/boot/product/logo/include -I/home/ray/workplace/git_download/HiSTB_origin/HiSTBLinux/out/hi3798mv100/hi3798mv100_out/obj/source/boot/product/driver/graphic/include -DHI_HDMI_4K_SUPPORT   -c -o vsdb.o vsdb.c
BN_sub_word.3 => BN_add_word.3
BN_mul_word.3 => BN_add_word.3
BN_div_word.3 => BN_add_word.3
BN_mod_word.3 => BN_add_word.3
installing man3/BN_bn2bin.3
make[5]: Leaving directory '/home/ray/workplace/git_download/HiSTB_origin/HiSTBLinux/out/hi3798mv100/hi3798mv100_out/obj/source/boot/product/driver/hdmi/hdmi_1_4'
make[4]: Leaving directory '/home/ray/workplace/git_download/HiSTB_origin/HiSTBLinux/out/hi3798mv100/hi3798mv100_out/obj/source/boot/product/driver/hdmi'
make -C i2c all
make[4]: Entering directory '/home/ray/workplace/git_download/HiSTB_origin/HiSTBLinux/out/hi3798mv100/hi3798mv100_out/obj/source/boot/product/driver/i2c'
arm-histbv310-linux-gcc -g -Os -D__KERNEL__ -fno-strict-aliasing -fno-common -ffixed-r8 -nostdinc -isystem /home/ray/workplace/git_download/HiSTB_origin/HiSTBLinux/tools/linux/toolchains/arm-histbv310-linux/bin/../lib/gcc/arm-gcc492_glibc224-linux-gnueabi/4.9.2/include  -fno-builtin -ffreestanding  -pipe -marm  -mabi=aapcs-linux -mfloat-abi=soft -mno-thumb-interwork -Wall -Wstrict-prototypes -fno-stack-protector -I/home/ray/workplace/git_download/HiSTB_origin/HiSTBLinux/out/hi3798mv100/hi3798mv100_out/obj/source/boot/fastboot/include -mcpu=cortex-a7 -Werror -Wall -D_GNU_SOURCE -D_XOPEN_SOURCE=600 -O2 -fPIC -DCHIP_TYPE_hi3798mv100 -DSDK_VERSION="HiSTBLinuxV100R005C00SPC050_20170731" -DHI_LOG_SUPPORT=1 -DHI_LOG_LEVEL=4 -DLOG_NETWORK_SUPPORT -DLOG_UDISK_SUPPORT -DHI_PROC_SUPPORT=1 -DHI_HDMI_SUPPORT_1_4 -DHI_PVR_SUPPORT -DHI_VI_SUPPORT -DHI_VENC_SUPPORT -DHI_PQ_V3_0  -I/home/ray/workplace/git_download/HiSTB_origin/HiSTBLinux/out/hi3798mv100/hi3798mv100_out/obj/source/boot/product/driver/include -I/home/ray/workplace/git_download/HiSTB_origin/HiSTBLinux/out/hi3798mv100/hi3798mv100_out/obj/source/boot/product/driver/include_inc -I/home/ray/workplace/git_download/HiSTB_origin/HiSTBLinux/out/hi3798mv100/hi3798mv100_out/obj/source/boot/product/loader/schedule -I/home/ray/workplace/git_download/HiSTB_origin/HiSTBLinux/out/hi3798mv100/hi3798mv100_out/obj/source/boot/product/logo/include -I/home/ray/workplace/git_download/HiSTB_origin/HiSTBLinux/out/hi3798mv100/hi3798mv100_out/obj/source/boot/product/driver/graphic/include -I/home/ray/workplace/git_download/HiSTB_origin/HiSTBLinux/out/hi3798mv100/hi3798mv100_out/obj/source/boot/product/adp/include -I/home/ray/workplace/git_download/HiSTB_origin/HiSTBLinux/out/hi3798mv100/hi3798mv100_out/obj/source/boot/product/pdm/include -I/home/ray/workplace/git_download/HiSTB_origin/HiSTBLinux/source/common/include -I/home/ray/workplace/git_download/HiSTB_origin/HiSTBLinux/source/common/drv/include -I/home/ray/workplace/git_download/HiSTB_origin/HiSTBLinux/out/hi3798mv100/hi3798mv100_out/obj/source/boot/miniboot/app -DCONFIG_ARM -D__ARM__ -DHI_PM_POWERUP_MODE1_SUPPORT -DHI_AVS_SUPPORT -I/home/ray/workplace/git_download/HiSTB_origin/HiSTBLinux/out/hi3798mv100/hi3798mv100_out/obj/source/boot/product/driver/include -I/home/ray/workplace/git_download/HiSTB_origin/HiSTBLinux/out/hi3798mv100/hi3798mv100_out/obj/source/boot/product/driver/include_inc -I/home/ray/workplace/git_download/HiSTB_origin/HiSTBLinux/source/common/include -I/home/ray/workplace/git_download/HiSTB_origin/HiSTBLinux/source/boot/fastboot/include   -c -o drv_i2c.o drv_i2c.c
BN_bin2bn.3 => BN_bn2bin.3
BN_bn2hex.3 => BN_bn2bin.3
BN_bn2dec.3 => BN_bn2bin.3
  CC      arch/arm/kernel/hw_breakpoint.o
BN_hex2bn.3 => BN_bn2bin.3
BN_dec2bn.3 => BN_bn2bin.3
BN_print.3 => BN_bn2bin.3
BN_print_fp.3 => BN_bn2bin.3
BN_bn2mpi.3 => BN_bn2bin.3
BN_mpi2bn.3 => BN_bn2bin.3
installing man3/BN_cmp.3
  CC      arch/arm/kernel/perf_regs.o
make[4]: Leaving directory '/home/ray/workplace/git_download/HiSTB_origin/HiSTBLinux/out/hi3798mv100/hi3798mv100_out/obj/source/boot/product/driver/i2c'
make -C gpio all
make[4]: Entering directory '/home/ray/workplace/git_download/HiSTB_origin/HiSTBLinux/out/hi3798mv100/hi3798mv100_out/obj/source/boot/product/driver/gpio'
arm-histbv310-linux-gcc -g -Os -D__KERNEL__ -fno-strict-aliasing -fno-common -ffixed-r8 -nostdinc -isystem /home/ray/workplace/git_download/HiSTB_origin/HiSTBLinux/tools/linux/toolchains/arm-histbv310-linux/bin/../lib/gcc/arm-gcc492_glibc224-linux-gnueabi/4.9.2/include  -fno-builtin -ffreestanding  -pipe -marm  -mabi=aapcs-linux -mfloat-abi=soft -mno-thumb-interwork -Wall -Wstrict-prototypes -fno-stack-protector -I/home/ray/workplace/git_download/HiSTB_origin/HiSTBLinux/out/hi3798mv100/hi3798mv100_out/obj/source/boot/fastboot/include -mcpu=cortex-a7 -Werror -Wall -D_GNU_SOURCE -D_XOPEN_SOURCE=600 -O2 -fPIC -DCHIP_TYPE_hi3798mv100 -DSDK_VERSION="HiSTBLinuxV100R005C00SPC050_20170731" -DHI_LOG_SUPPORT=1 -DHI_LOG_LEVEL=4 -DLOG_NETWORK_SUPPORT -DLOG_UDISK_SUPPORT -DHI_PROC_SUPPORT=1 -DHI_HDMI_SUPPORT_1_4 -DHI_PVR_SUPPORT -DHI_VI_SUPPORT -DHI_VENC_SUPPORT -DHI_PQ_V3_0  -I/home/ray/workplace/git_download/HiSTB_origin/HiSTBLinux/out/hi3798mv100/hi3798mv100_out/obj/source/boot/product/driver/include -I/home/ray/workplace/git_download/HiSTB_origin/HiSTBLinux/out/hi3798mv100/hi3798mv100_out/obj/source/boot/product/driver/include_inc -I/home/ray/workplace/git_download/HiSTB_origin/HiSTBLinux/out/hi3798mv100/hi3798mv100_out/obj/source/boot/product/loader/schedule -I/home/ray/workplace/git_download/HiSTB_origin/HiSTBLinux/out/hi3798mv100/hi3798mv100_out/obj/source/boot/product/logo/include -I/home/ray/workplace/git_download/HiSTB_origin/HiSTBLinux/out/hi3798mv100/hi3798mv100_out/obj/source/boot/product/driver/graphic/include -I/home/ray/workplace/git_download/HiSTB_origin/HiSTBLinux/out/hi3798mv100/hi3798mv100_out/obj/source/boot/product/adp/include -I/home/ray/workplace/git_download/HiSTB_origin/HiSTBLinux/out/hi3798mv100/hi3798mv100_out/obj/source/boot/product/pdm/include -I/home/ray/workplace/git_download/HiSTB_origin/HiSTBLinux/source/common/include -I/home/ray/workplace/git_download/HiSTB_origin/HiSTBLinux/source/common/drv/include -I/home/ray/workplace/git_download/HiSTB_origin/HiSTBLinux/out/hi3798mv100/hi3798mv100_out/obj/source/boot/miniboot/app -DCONFIG_ARM -D__ARM__ -DHI_PM_POWERUP_MODE1_SUPPORT -DHI_AVS_SUPPORT -I/home/ray/workplace/git_download/HiSTB_origin/HiSTBLinux/out/hi3798mv100/hi3798mv100_out/obj/source/boot/product/driver/include -I/home/ray/workplace/git_download/HiSTB_origin/HiSTBLinux/out/hi3798mv100/hi3798mv100_out/obj/source/boot/product/driver/include_inc -I/home/ray/workplace/git_download/HiSTB_origin/HiSTBLinux/source/common/include -I/home/ray/workplace/git_download/HiSTB_origin/HiSTBLinux/source/boot/fastboot/include   -c -o drv_gpio.o drv_gpio.c
  CC     handlers.lo
BN_ucmp.3 => BN_cmp.3
BN_is_zero.3 => BN_cmp.3
BN_is_one.3 => BN_cmp.3
BN_is_word.3 => BN_cmp.3
BN_is_odd.3 => BN_cmp.3
installing man3/BN_copy.3
make[4]: Leaving directory '/home/ray/workplace/git_download/HiSTB_origin/HiSTBLinux/out/hi3798mv100/hi3798mv100_out/obj/source/boot/product/driver/gpio'
make -C pdm all
make[4]: Entering directory '/home/ray/workplace/git_download/HiSTB_origin/HiSTBLinux/out/hi3798mv100/hi3798mv100_out/obj/source/boot/product/driver/pdm'
arm-histbv310-linux-gcc -g -Os -D__KERNEL__ -fno-strict-aliasing -fno-common -ffixed-r8 -nostdinc -isystem /home/ray/workplace/git_download/HiSTB_origin/HiSTBLinux/tools/linux/toolchains/arm-histbv310-linux/bin/../lib/gcc/arm-gcc492_glibc224-linux-gnueabi/4.9.2/include  -fno-builtin -ffreestanding  -pipe -marm  -mabi=aapcs-linux -mfloat-abi=soft -mno-thumb-interwork -Wall -Wstrict-prototypes -fno-stack-protector -I/home/ray/workplace/git_download/HiSTB_origin/HiSTBLinux/out/hi3798mv100/hi3798mv100_out/obj/source/boot/fastboot/include -mcpu=cortex-a7 -Werror -Wall -D_GNU_SOURCE -D_XOPEN_SOURCE=600 -O2 -fPIC -DCHIP_TYPE_hi3798mv100 -DSDK_VERSION="HiSTBLinuxV100R005C00SPC050_20170731" -DHI_LOG_SUPPORT=1 -DHI_LOG_LEVEL=4 -DLOG_NETWORK_SUPPORT -DLOG_UDISK_SUPPORT -DHI_PROC_SUPPORT=1 -DHI_HDMI_SUPPORT_1_4 -DHI_PVR_SUPPORT -DHI_VI_SUPPORT -DHI_VENC_SUPPORT -DHI_PQ_V3_0  -I/home/ray/workplace/git_download/HiSTB_origin/HiSTBLinux/out/hi3798mv100/hi3798mv100_out/obj/source/boot/product/driver/include -I/home/ray/workplace/git_download/HiSTB_origin/HiSTBLinux/out/hi3798mv100/hi3798mv100_out/obj/source/boot/product/driver/include_inc -I/home/ray/workplace/git_download/HiSTB_origin/HiSTBLinux/out/hi3798mv100/hi3798mv100_out/obj/source/boot/product/loader/schedule -I/home/ray/workplace/git_download/HiSTB_origin/HiSTBLinux/out/hi3798mv100/hi3798mv100_out/obj/source/boot/product/logo/include -I/home/ray/workplace/git_download/HiSTB_origin/HiSTBLinux/out/hi3798mv100/hi3798mv100_out/obj/source/boot/product/driver/graphic/include -I/home/ray/workplace/git_download/HiSTB_origin/HiSTBLinux/out/hi3798mv100/hi3798mv100_out/obj/source/boot/product/adp/include -I/home/ray/workplace/git_download/HiSTB_origin/HiSTBLinux/out/hi3798mv100/hi3798mv100_out/obj/source/boot/product/pdm/include -I/home/ray/workplace/git_download/HiSTB_origin/HiSTBLinux/source/common/include -I/home/ray/workplace/git_download/HiSTB_origin/HiSTBLinux/source/common/drv/include -I/home/ray/workplace/git_download/HiSTB_origin/HiSTBLinux/out/hi3798mv100/hi3798mv100_out/obj/source/boot/miniboot/app -DCONFIG_ARM -D__ARM__ -DHI_PM_POWERUP_MODE1_SUPPORT -DHI_AVS_SUPPORT -I/home/ray/workplace/git_download/HiSTB_origin/HiSTBLinux/out/hi3798mv100/hi3798mv100_out/obj/source/boot/product/driver/include -I/home/ray/workplace/git_download/HiSTB_origin/HiSTBLinux/out/hi3798mv100/hi3798mv100_out/obj/source/boot/product/driver/include_inc -I/home/ray/workplace/git_download/HiSTB_origin/HiSTBLinux/source/boot/fastboot/arch/arm/include -I/home/ray/workplace/git_download/HiSTB_origin/HiSTBLinux/source/boot/fastboot/include -DHI_DAC_CVBS=0 -DHI_SND_MUTECTL_GPIO= -DHI_TSI_port_NUMBER=4 -DHI_TSO_PORT_NUMBER=2 -DHI_IF0_TYPE=2 -DHI_IF0_BIT_SELECTOR=1 -DHI_TSI0_TYPE=2 -DHI_TSI0_CLK_PHASE_REVERSE=0 -DHI_TSI0_BIT_SELECTOR=0 -DHI_TSI0_SERIAL_SHARE_CLK=0x20 -DHI_TSI1_TYPE=2 -DHI_TSI1_CLK_PHASE_REVERSE=0 -DHI_TSI1_BIT_SELECTOR=1 -DHI_TSI1_SERIAL_SHARE_CLK=0x21 -DHI_TSI2_TYPE=2 -DHI_TSI2_CLK_PHASE_REVERSE=0 -DHI_TSI2_BIT_SELECTOR=1 -DHI_TSI2_SERIAL_SHARE_CLK=0x22 -DHI_TSI3_TYPE=2 -DHI_TSI3_CLK_PHASE_REVERSE=0 -DHI_TSI3_BIT_SELECTOR=1 -DHI_TSI3_SERIAL_SHARE_CLK=0x23 -DHI_TSI4_TYPE=2 -DHI_TSI4_CLK_PHASE_REVERSE=0 -DHI_TSI4_BIT_SELECTOR=1 -DHI_TSI4_SERIAL_SHARE_CLK=0x24 -DHI_TSI5_TYPE=2 -DHI_TSI5_CLK_PHASE_REVERSE=0 -DHI_TSI5_BIT_SELECTOR=1 -DHI_TSI5_SERIAL_SHARE_CLK=0x25 -DHI_TSO0_CLK=0 -DHI_TSO0_CLK_MODE=0 -DHI_TSO0_VALID_MODE=0 -DHI_TSO0_SERIAL=1 -DHI_TSO0_BIT_SELECTOR=0 -DHI_TSO1_CLK=0 -DHI_TSO1_CLK_MODE=0 -DHI_TSO1_VALID_MODE=0 -DHI_TSO1_SERIAL=1 -DHI_TSO1_BIT_SELECTOR=0 -DHI_TUNER_NUMBER= -DHI_TUNER0_ID=0 -DHI_TUNER_DEV_ADDR=0xc6 -DHI_DEMOD_DEV_ADDR=0xb6 -DHI_DEMOD_RESET_GPIO=0 -DHI_DEMUX_PORT=0 -DHI_DEMOD_REF_CLOCK=24000 -DHI_TUNER_MAX_LPF=34 -DHI_TUNER_I2C_CLOCK=400 -DHI_LNBCTRL_DEV_ADDR=0x0 -DHI_TER_DEMOD_REF_CLOCK=24000 -DHI_TER_TUNER_MAX_LPF=34 -DHI_TER_TUNER_I2C_CLOCK=400 -DHI_CAB_DEMOD_REF_CLOCK=24000 -DHI_MULTIMODE_DEMOD_TS_COMB_FLAG=0 -DHI_MULTIMODE_DEMOD_TS_TAG0=0 -DHI_MULTIMODE_DEMOD_TS_TAG1=0 -DHI_MULTIMODE_DEMOD_TS_TAG2=0 -DHI_MULTIMODE_DEMOD_TS_TAG3=0 -DHI_TUNER1_ID=1 -DHI_TUNER1_DEV_ADDR=0xc6 -DHI_DEMOD1_DEV_ADDR=0xb6 -DHI_DEMOD1_RESET_GPIO=0 -DHI_DEMUX1_PORT=0 -DHI_DEMOD1_REF_CLOCK=24000 -DHI_TUNER1_MAX_LPF=34 -DHI_TUNER1_I2C_CLOCK=400 -DHI_LNBCTRL1_DEV_ADDR=0x0 -DHI_TER_DEMOD1_REF_CLOCK=24000 -DHI_TER_TUNER1_MAX_LPF=34 -DHI_TER_TUNER1_I2C_CLOCK=400 -DHI_CAB_DEMOD1_REF_CLOCK=24000 -DHI_MULTIMODE_DEMOD1_TS_COMB_FLAG=0 -DHI_MULTIMODE_DEMOD1_TS_TAG0=0 -DHI_MULTIMODE_DEMOD1_TS_TAG1=0 -DHI_MULTIMODE_DEMOD1_TS_TAG2=0 -DHI_MULTIMODE_DEMOD1_TS_TAG3=0 -DHI_TUNER2_ID=2 -DHI_TUNER2_DEV_ADDR=0xc6 -DHI_DEMOD2_DEV_ADDR=0xb6 -DHI_DEMOD2_RESET_GPIO=0 -DHI_DEMUX2_PORT=0 -DHI_DEMOD2_REF_CLOCK=24000 -DHI_TUNER2_MAX_LPF=34 -DHI_TUNER2_I2C_CLOCK=400 -DHI_LNBCTRL2_DEV_ADDR=0x0 -DHI_TER_DEMOD2_REF_CLOCK=24000 -DHI_TER_TUNER2_MAX_LPF=34 -DHI_TER_TUNER2_I2C_CLOCK=400 -DHI_TUNER3_ID=3 -DHI_TUNER3_DEV_ADDR=0xc6 -DHI_DEMOD3_DEV_ADDR=0xb6 -DHI_DEMOD3_RESET_GPIO=0 -DHI_DEMUX3_PORT=0 -DHI_DEMOD3_REF_CLOCK=24000 -DHI_TUNER3_MAX_LPF=34 -DHI_TUNER3_I2C_CLOCK=400 -DHI_LNBCTRL3_DEV_ADDR=0x0 -DHI_TER_DEMOD3_REF_CLOCK=24000 -DHI_TER_TUNER3_MAX_LPF=34 -DHI_TER_TUNER3_I2C_CLOCK=400   -c -o drv_pdm.o drv_pdm.c
  CC      kernel/user.o
BN_dup.3 => BN_copy.3
installing man3/BN_generate_prime.3
  CC      kernel/signal.o
BN_generate_prime_ex.3 => BN_generate_prime.3
BN_is_prime_ex.3 => BN_generate_prime.3
BN_is_prime_fasttest_ex.3 => BN_generate_prime.3
  CC      mm/filemap.o
BN_GENCB_call.3 => BN_generate_prime.3
BN_GENCB_set_old.3 => BN_generate_prime.3
BN_GENCB_set.3 => BN_generate_prime.3
BN_is_prime.3 => BN_generate_prime.3
BN_is_prime_fasttest.3 => BN_generate_prime.3
installing man3/BN_mod_inverse.3
  CC      mm/mempool.o
  CC      arch/arm/kernel/perf_callchain.o
installing man3/BN_mod_mul_montgomery.3
  CC      fs/open.o
BN_MONT_CTX_new.3 => BN_mod_mul_montgomery.3
BN_MONT_CTX_init.3 => BN_mod_mul_montgomery.3
BN_MONT_CTX_free.3 => BN_mod_mul_montgomery.3
BN_MONT_CTX_set.3 => BN_mod_mul_montgomery.3
BN_MONT_CTX_copy.3 => BN_mod_mul_montgomery.3
  CC     msg.lo
BN_from_montgomery.3 => BN_mod_mul_montgomery.3
BN_to_montgomery.3 => BN_mod_mul_montgomery.3
installing man3/BN_mod_mul_reciprocal.3
  CC      arch/arm/kernel/perf_event_xscale.o
  CC      arch/arm/kernel/perf_event_v6.o
make[4]: Leaving directory '/home/ray/workplace/git_download/HiSTB_origin/HiSTBLinux/out/hi3798mv100/hi3798mv100_out/obj/source/boot/product/driver/pdm'
make -C gpioi2c all
make[4]: Entering directory '/home/ray/workplace/git_download/HiSTB_origin/HiSTBLinux/out/hi3798mv100/hi3798mv100_out/obj/source/boot/product/driver/gpioi2c'
arm-histbv310-linux-gcc -g -Os -D__KERNEL__ -fno-strict-aliasing -fno-common -ffixed-r8 -nostdinc -isystem /home/ray/workplace/git_download/HiSTB_origin/HiSTBLinux/tools/linux/toolchains/arm-histbv310-linux/bin/../lib/gcc/arm-gcc492_glibc224-linux-gnueabi/4.9.2/include  -fno-builtin -ffreestanding  -pipe -marm  -mabi=aapcs-linux -mfloat-abi=soft -mno-thumb-interwork -Wall -Wstrict-prototypes -fno-stack-protector -I/home/ray/workplace/git_download/HiSTB_origin/HiSTBLinux/out/hi3798mv100/hi3798mv100_out/obj/source/boot/fastboot/include -mcpu=cortex-a7 -Werror -Wall -D_GNU_SOURCE -D_XOPEN_SOURCE=600 -O2 -fPIC -DCHIP_TYPE_hi3798mv100 -DSDK_VERSION="HiSTBLinuxV100R005C00SPC050_20170731" -DHI_LOG_SUPPORT=1 -DHI_LOG_LEVEL=4 -DLOG_NETWORK_SUPPORT -DLOG_UDISK_SUPPORT -DHI_PROC_SUPPORT=1 -DHI_HDMI_SUPPORT_1_4 -DHI_PVR_SUPPORT -DHI_VI_SUPPORT -DHI_VENC_SUPPORT -DHI_PQ_V3_0  -I/home/ray/workplace/git_download/HiSTB_origin/HiSTBLinux/out/hi3798mv100/hi3798mv100_out/obj/source/boot/product/driver/include -I/home/ray/workplace/git_download/HiSTB_origin/HiSTBLinux/out/hi3798mv100/hi3798mv100_out/obj/source/boot/product/driver/include_inc -I/home/ray/workplace/git_download/HiSTB_origin/HiSTBLinux/out/hi3798mv100/hi3798mv100_out/obj/source/boot/product/loader/schedule -I/home/ray/workplace/git_download/HiSTB_origin/HiSTBLinux/out/hi3798mv100/hi3798mv100_out/obj/source/boot/product/logo/include -I/home/ray/workplace/git_download/HiSTB_origin/HiSTBLinux/out/hi3798mv100/hi3798mv100_out/obj/source/boot/product/driver/graphic/include -I/home/ray/workplace/git_download/HiSTB_origin/HiSTBLinux/out/hi3798mv100/hi3798mv100_out/obj/source/boot/product/adp/include -I/home/ray/workplace/git_download/HiSTB_origin/HiSTBLinux/out/hi3798mv100/hi3798mv100_out/obj/source/boot/product/pdm/include -I/home/ray/workplace/git_download/HiSTB_origin/HiSTBLinux/source/common/include -I/home/ray/workplace/git_download/HiSTB_origin/HiSTBLinux/source/common/drv/include -I/home/ray/workplace/git_download/HiSTB_origin/HiSTBLinux/out/hi3798mv100/hi3798mv100_out/obj/source/boot/miniboot/app -DCONFIG_ARM -D__ARM__ -DHI_PM_POWERUP_MODE1_SUPPORT -DHI_AVS_SUPPORT -I/home/ray/workplace/git_download/HiSTB_origin/HiSTBLinux/out/hi3798mv100/hi3798mv100_out/obj/source/boot/product/driver/include -I/home/ray/workplace/git_download/HiSTB_origin/HiSTBLinux/out/hi3798mv100/hi3798mv100_out/obj/source/boot/product/driver/include_inc -I/home/ray/workplace/git_download/HiSTB_origin/HiSTBLinux/source/common/include -I/home/ray/workplace/git_download/HiSTB_origin/HiSTBLinux/source/boot/fastboot/include   -c -o drv_gpio_i2c.o drv_gpio_i2c.c
BN_div_recp.3 => BN_mod_mul_reciprocal.3
BN_RECP_CTX_new.3 => BN_mod_mul_reciprocal.3
  CC      arch/arm/kernel/perf_event_v7.o
BN_RECP_CTX_init.3 => BN_mod_mul_reciprocal.3
  CC      kernel/sys.o
BN_RECP_CTX_free.3 => BN_mod_mul_reciprocal.3
BN_RECP_CTX_set.3 => BN_mod_mul_reciprocal.3
installing man3/BN_new.3
BN_init.3 => BN_new.3
BN_clear.3 => BN_new.3
BN_free.3 => BN_new.3
BN_clear_free.3 => BN_new.3
installing man3/BN_num_bytes.3
BN_num_bits.3 => BN_num_bytes.3
arm-histbv310-linux-gcc -g -Os -D__KERNEL__ -fno-strict-aliasing -fno-common -ffixed-r8 -nostdinc -isystem /home/ray/workplace/git_download/HiSTB_origin/HiSTBLinux/tools/linux/toolchains/arm-histbv310-linux/bin/../lib/gcc/arm-gcc492_glibc224-linux-gnueabi/4.9.2/include  -fno-builtin -ffreestanding  -pipe -marm  -mabi=aapcs-linux -mfloat-abi=soft -mno-thumb-interwork -Wall -Wstrict-prototypes -fno-stack-protector -I/home/ray/workplace/git_download/HiSTB_origin/HiSTBLinux/out/hi3798mv100/hi3798mv100_out/obj/source/boot/fastboot/include -mcpu=cortex-a7 -Werror -Wall -D_GNU_SOURCE -D_XOPEN_SOURCE=600 -O2 -fPIC -DCHIP_TYPE_hi3798mv100 -DSDK_VERSION="HiSTBLinuxV100R005C00SPC050_20170731" -DHI_LOG_SUPPORT=1 -DHI_LOG_LEVEL=4 -DLOG_NETWORK_SUPPORT -DLOG_UDISK_SUPPORT -DHI_PROC_SUPPORT=1 -DHI_HDMI_SUPPORT_1_4 -DHI_PVR_SUPPORT -DHI_VI_SUPPORT -DHI_VENC_SUPPORT -DHI_PQ_V3_0  -I/home/ray/workplace/git_download/HiSTB_origin/HiSTBLinux/out/hi3798mv100/hi3798mv100_out/obj/source/boot/product/driver/include -I/home/ray/workplace/git_download/HiSTB_origin/HiSTBLinux/out/hi3798mv100/hi3798mv100_out/obj/source/boot/product/driver/include_inc -I/home/ray/workplace/git_download/HiSTB_origin/HiSTBLinux/out/hi3798mv100/hi3798mv100_out/obj/source/boot/product/loader/schedule -I/home/ray/workplace/git_download/HiSTB_origin/HiSTBLinux/out/hi3798mv100/hi3798mv100_out/obj/source/boot/product/logo/include -I/home/ray/workplace/git_download/HiSTB_origin/HiSTBLinux/out/hi3798mv100/hi3798mv100_out/obj/source/boot/product/driver/graphic/include -I/home/ray/workplace/git_download/HiSTB_origin/HiSTBLinux/out/hi3798mv100/hi3798mv100_out/obj/source/boot/product/adp/include -I/home/ray/workplace/git_download/HiSTB_origin/HiSTBLinux/out/hi3798mv100/hi3798mv100_out/obj/source/boot/product/pdm/include -I/home/ray/workplace/git_download/HiSTB_origin/HiSTBLinux/source/common/include -I/home/ray/workplace/git_download/HiSTB_origin/HiSTBLinux/source/common/drv/include -I/home/ray/workplace/git_download/HiSTB_origin/HiSTBLinux/out/hi3798mv100/hi3798mv100_out/obj/source/boot/miniboot/app -DCONFIG_ARM -D__ARM__ -DHI_PM_POWERUP_MODE1_SUPPORT -DHI_AVS_SUPPORT -I/home/ray/workplace/git_download/HiSTB_origin/HiSTBLinux/out/hi3798mv100/hi3798mv100_out/obj/source/boot/product/driver/include -I/home/ray/workplace/git_download/HiSTB_origin/HiSTBLinux/out/hi3798mv100/hi3798mv100_out/obj/source/boot/product/driver/include_inc -I/home/ray/workplace/git_download/HiSTB_origin/HiSTBLinux/source/common/include -I/home/ray/workplace/git_download/HiSTB_origin/HiSTBLinux/source/boot/fastboot/include   -c -o unf_i2c.o unf_i2c.c
BN_num_bits_word.3 => BN_num_bytes.3
installing man3/BN_rand.3
make[4]: Leaving directory '/home/ray/workplace/git_download/HiSTB_origin/HiSTBLinux/out/hi3798mv100/hi3798mv100_out/obj/source/boot/product/driver/gpioi2c'
make -C pmoc all
make[4]: Entering directory '/home/ray/workplace/git_download/HiSTB_origin/HiSTBLinux/out/hi3798mv100/hi3798mv100_out/obj/source/boot/product/driver/pmoc'
arm-histbv310-linux-gcc -g -Os -D__KERNEL__ -fno-strict-aliasing -fno-common -ffixed-r8 -nostdinc -isystem /home/ray/workplace/git_download/HiSTB_origin/HiSTBLinux/tools/linux/toolchains/arm-histbv310-linux/bin/../lib/gcc/arm-gcc492_glibc224-linux-gnueabi/4.9.2/include  -fno-builtin -ffreestanding  -pipe -marm  -mabi=aapcs-linux -mfloat-abi=soft -mno-thumb-interwork -Wall -Wstrict-prototypes -fno-stack-protector -I/home/ray/workplace/git_download/HiSTB_origin/HiSTBLinux/out/hi3798mv100/hi3798mv100_out/obj/source/boot/fastboot/include -mcpu=cortex-a7 -Werror -Wall -D_GNU_SOURCE -D_XOPEN_SOURCE=600 -O2 -fPIC -DCHIP_TYPE_hi3798mv100 -DSDK_VERSION="HiSTBLinuxV100R005C00SPC050_20170731" -DHI_LOG_SUPPORT=1 -DHI_LOG_LEVEL=4 -DLOG_NETWORK_SUPPORT -DLOG_UDISK_SUPPORT -DHI_PROC_SUPPORT=1 -DHI_HDMI_SUPPORT_1_4 -DHI_PVR_SUPPORT -DHI_VI_SUPPORT -DHI_VENC_SUPPORT -DHI_PQ_V3_0  -I/home/ray/workplace/git_download/HiSTB_origin/HiSTBLinux/out/hi3798mv100/hi3798mv100_out/obj/source/boot/product/driver/include -I/home/ray/workplace/git_download/HiSTB_origin/HiSTBLinux/out/hi3798mv100/hi3798mv100_out/obj/source/boot/product/driver/include_inc -I/home/ray/workplace/git_download/HiSTB_origin/HiSTBLinux/out/hi3798mv100/hi3798mv100_out/obj/source/boot/product/loader/schedule -I/home/ray/workplace/git_download/HiSTB_origin/HiSTBLinux/out/hi3798mv100/hi3798mv100_out/obj/source/boot/product/logo/include -I/home/ray/workplace/git_download/HiSTB_origin/HiSTBLinux/out/hi3798mv100/hi3798mv100_out/obj/source/boot/product/driver/graphic/include -I/home/ray/workplace/git_download/HiSTB_origin/HiSTBLinux/out/hi3798mv100/hi3798mv100_out/obj/source/boot/product/adp/include -I/home/ray/workplace/git_download/HiSTB_origin/HiSTBLinux/out/hi3798mv100/hi3798mv100_out/obj/source/boot/product/pdm/include -I/home/ray/workplace/git_download/HiSTB_origin/HiSTBLinux/source/common/include -I/home/ray/workplace/git_download/HiSTB_origin/HiSTBLinux/source/common/drv/include -I/home/ray/workplace/git_download/HiSTB_origin/HiSTBLinux/out/hi3798mv100/hi3798mv100_out/obj/source/boot/miniboot/app -DCONFIG_ARM -D__ARM__ -DHI_PM_POWERUP_MODE1_SUPPORT -DHI_AVS_SUPPORT -I/home/ray/workplace/git_download/HiSTB_origin/HiSTBLinux/out/hi3798mv100/hi3798mv100_out/obj/source/boot/product/driver/include -I/home/ray/workplace/git_download/HiSTB_origin/HiSTBLinux/source/boot/fastboot/arch/arm/include -I/home/ray/workplace/git_download/HiSTB_origin/HiSTBLinux/source/boot/fastboot/include -I/home/ray/workplace/git_download/HiSTB_origin/HiSTBLinux/source/component/pm/c51   -c -o drv_c51.o drv_c51.c
BN_pseudo_rand.3 => BN_rand.3
BN_rand_range.3 => BN_rand.3
  CC      fs/read_write.o
BN_pseudo_rand_range.3 => BN_rand.3
installing man3/BN_set_bit.3
make[4]: Leaving directory '/home/ray/workplace/git_download/HiSTB_origin/HiSTBLinux/out/hi3798mv100/hi3798mv100_out/obj/source/boot/product/driver/pmoc'
make -C otp all
make[4]: Entering directory '/home/ray/workplace/git_download/HiSTB_origin/HiSTBLinux/out/hi3798mv100/hi3798mv100_out/obj/source/boot/product/driver/otp'
arm-histbv310-linux-gcc -g -Os -D__KERNEL__ -fno-strict-aliasing -fno-common -ffixed-r8 -nostdinc -isystem /home/ray/workplace/git_download/HiSTB_origin/HiSTBLinux/tools/linux/toolchains/arm-histbv310-linux/bin/../lib/gcc/arm-gcc492_glibc224-linux-gnueabi/4.9.2/include  -fno-builtin -ffreestanding  -pipe -marm  -mabi=aapcs-linux -mfloat-abi=soft -mno-thumb-interwork -Wall -Wstrict-prototypes -fno-stack-protector -I/home/ray/workplace/git_download/HiSTB_origin/HiSTBLinux/out/hi3798mv100/hi3798mv100_out/obj/source/boot/fastboot/include -mcpu=cortex-a7 -Werror -Wall -D_GNU_SOURCE -D_XOPEN_SOURCE=600 -O2 -fPIC -DCHIP_TYPE_hi3798mv100 -DSDK_VERSION="HiSTBLinuxV100R005C00SPC050_20170731" -DHI_LOG_SUPPORT=1 -DHI_LOG_LEVEL=4 -DLOG_NETWORK_SUPPORT -DLOG_UDISK_SUPPORT -DHI_PROC_SUPPORT=1 -DHI_HDMI_SUPPORT_1_4 -DHI_PVR_SUPPORT -DHI_VI_SUPPORT -DHI_VENC_SUPPORT -DHI_PQ_V3_0  -I/home/ray/workplace/git_download/HiSTB_origin/HiSTBLinux/out/hi3798mv100/hi3798mv100_out/obj/source/boot/product/driver/include -I/home/ray/workplace/git_download/HiSTB_origin/HiSTBLinux/out/hi3798mv100/hi3798mv100_out/obj/source/boot/product/driver/include_inc -I/home/ray/workplace/git_download/HiSTB_origin/HiSTBLinux/out/hi3798mv100/hi3798mv100_out/obj/source/boot/product/loader/schedule -I/home/ray/workplace/git_download/HiSTB_origin/HiSTBLinux/out/hi3798mv100/hi3798mv100_out/obj/source/boot/product/logo/include -I/home/ray/workplace/git_download/HiSTB_origin/HiSTBLinux/out/hi3798mv100/hi3798mv100_out/obj/source/boot/product/driver/graphic/include -I/home/ray/workplace/git_download/HiSTB_origin/HiSTBLinux/out/hi3798mv100/hi3798mv100_out/obj/source/boot/product/adp/include -I/home/ray/workplace/git_download/HiSTB_origin/HiSTBLinux/out/hi3798mv100/hi3798mv100_out/obj/source/boot/product/pdm/include -I/home/ray/workplace/git_download/HiSTB_origin/HiSTBLinux/source/common/include -I/home/ray/workplace/git_download/HiSTB_origin/HiSTBLinux/source/common/drv/include -I/home/ray/workplace/git_download/HiSTB_origin/HiSTBLinux/out/hi3798mv100/hi3798mv100_out/obj/source/boot/miniboot/app -DCONFIG_ARM -D__ARM__ -DHI_PM_POWERUP_MODE1_SUPPORT -DHI_AVS_SUPPORT -I/home/ray/workplace/git_download/HiSTB_origin/HiSTBLinux/out/hi3798mv100/hi3798mv100_out/obj/source/boot/product/driver/include -I/home/ray/workplace/git_download/HiSTB_origin/HiSTBLinux/out/hi3798mv100/hi3798mv100_out/obj/source/boot/product/driver/otp/include -I/home/ray/workplace/git_download/HiSTB_origin/HiSTBLinux/out/hi3798mv100/hi3798mv100_out/obj/source/boot/product/driver/include_inc -I/home/ray/workplace/git_download/HiSTB_origin/HiSTBLinux/source/boot/fastboot/arch/arm/include -I/home/ray/workplace/git_download/HiSTB_origin/HiSTBLinux/source/boot/fastboot/include -I/home/ray/workplace/git_download/HiSTB_origin/HiSTBLinux/source/boot/fastboot/include/linux -DCHIP_TYPE_hi3798mv100 -DOTP_CMD_TEST   -c -o cmd_otp.o cmd_otp.c
  CC      arch/arm/kernel/topology.o
BN_clear_bit.3 => BN_set_bit.3
BN_is_bit_set.3 => BN_set_bit.3
BN_mask_bits.3 => BN_set_bit.3
BN_lshift.3 => BN_set_bit.3
BN_lshift1.3 => BN_set_bit.3
arm-histbv310-linux-gcc -g -Os -D__KERNEL__ -fno-strict-aliasing -fno-common -ffixed-r8 -nostdinc -isystem /home/ray/workplace/git_download/HiSTB_origin/HiSTBLinux/tools/linux/toolchains/arm-histbv310-linux/bin/../lib/gcc/arm-gcc492_glibc224-linux-gnueabi/4.9.2/include  -fno-builtin -ffreestanding  -pipe -marm  -mabi=aapcs-linux -mfloat-abi=soft -mno-thumb-interwork -Wall -Wstrict-prototypes -fno-stack-protector -I/home/ray/workplace/git_download/HiSTB_origin/HiSTBLinux/out/hi3798mv100/hi3798mv100_out/obj/source/boot/fastboot/include -mcpu=cortex-a7 -Werror -Wall -D_GNU_SOURCE -D_XOPEN_SOURCE=600 -O2 -fPIC -DCHIP_TYPE_hi3798mv100 -DSDK_VERSION="HiSTBLinuxV100R005C00SPC050_20170731" -DHI_LOG_SUPPORT=1 -DHI_LOG_LEVEL=4 -DLOG_NETWORK_SUPPORT -DLOG_UDISK_SUPPORT -DHI_PROC_SUPPORT=1 -DHI_HDMI_SUPPORT_1_4 -DHI_PVR_SUPPORT -DHI_VI_SUPPORT -DHI_VENC_SUPPORT -DHI_PQ_V3_0  -I/home/ray/workplace/git_download/HiSTB_origin/HiSTBLinux/out/hi3798mv100/hi3798mv100_out/obj/source/boot/product/driver/include -I/home/ray/workplace/git_download/HiSTB_origin/HiSTBLinux/out/hi3798mv100/hi3798mv100_out/obj/source/boot/product/driver/include_inc -I/home/ray/workplace/git_download/HiSTB_origin/HiSTBLinux/out/hi3798mv100/hi3798mv100_out/obj/source/boot/product/loader/schedule -I/home/ray/workplace/git_download/HiSTB_origin/HiSTBLinux/out/hi3798mv100/hi3798mv100_out/obj/source/boot/product/logo/include -I/home/ray/workplace/git_download/HiSTB_origin/HiSTBLinux/out/hi3798mv100/hi3798mv100_out/obj/source/boot/product/driver/graphic/include -I/home/ray/workplace/git_download/HiSTB_origin/HiSTBLinux/out/hi3798mv100/hi3798mv100_out/obj/source/boot/product/adp/include -I/home/ray/workplace/git_download/HiSTB_origin/HiSTBLinux/out/hi3798mv100/hi3798mv100_out/obj/source/boot/product/pdm/include -I/home/ray/workplace/git_download/HiSTB_origin/HiSTBLinux/source/common/include -I/home/ray/workplace/git_download/HiSTB_origin/HiSTBLinux/source/common/drv/include -I/home/ray/workplace/git_download/HiSTB_origin/HiSTBLinux/out/hi3798mv100/hi3798mv100_out/obj/source/boot/miniboot/app -DCONFIG_ARM -D__ARM__ -DHI_PM_POWERUP_MODE1_SUPPORT -DHI_AVS_SUPPORT -I/home/ray/workplace/git_download/HiSTB_origin/HiSTBLinux/out/hi3798mv100/hi3798mv100_out/obj/source/boot/product/driver/include -I/home/ray/workplace/git_download/HiSTB_origin/HiSTBLinux/out/hi3798mv100/hi3798mv100_out/obj/source/boot/product/driver/otp/include -I/home/ray/workplace/git_download/HiSTB_origin/HiSTBLinux/out/hi3798mv100/hi3798mv100_out/obj/source/boot/product/driver/include_inc -I/home/ray/workplace/git_download/HiSTB_origin/HiSTBLinux/source/boot/fastboot/arch/arm/include -I/home/ray/workplace/git_download/HiSTB_origin/HiSTBLinux/source/boot/fastboot/include -I/home/ray/workplace/git_download/HiSTB_origin/HiSTBLinux/source/boot/fastboot/include/linux -DCHIP_TYPE_hi3798mv100 -DOTP_CMD_TEST   -c -o unf_otp.o unf_otp.c
BN_rshift.3 => BN_set_bit.3
  CC      mm/oom_kill.o
BN_rshift1.3 => BN_set_bit.3
installing man3/BN_swap.3
arm-histbv310-linux-gcc -g -Os -D__KERNEL__ -fno-strict-aliasing -fno-common -ffixed-r8 -nostdinc -isystem /home/ray/workplace/git_download/HiSTB_origin/HiSTBLinux/tools/linux/toolchains/arm-histbv310-linux/bin/../lib/gcc/arm-gcc492_glibc224-linux-gnueabi/4.9.2/include  -fno-builtin -ffreestanding  -pipe -marm  -mabi=aapcs-linux -mfloat-abi=soft -mno-thumb-interwork -Wall -Wstrict-prototypes -fno-stack-protector -I/home/ray/workplace/git_download/HiSTB_origin/HiSTBLinux/out/hi3798mv100/hi3798mv100_out/obj/source/boot/fastboot/include -mcpu=cortex-a7 -Werror -Wall -D_GNU_SOURCE -D_XOPEN_SOURCE=600 -O2 -fPIC -DCHIP_TYPE_hi3798mv100 -DSDK_VERSION="HiSTBLinuxV100R005C00SPC050_20170731" -DHI_LOG_SUPPORT=1 -DHI_LOG_LEVEL=4 -DLOG_NETWORK_SUPPORT -DLOG_UDISK_SUPPORT -DHI_PROC_SUPPORT=1 -DHI_HDMI_SUPPORT_1_4 -DHI_PVR_SUPPORT -DHI_VI_SUPPORT -DHI_VENC_SUPPORT -DHI_PQ_V3_0  -I/home/ray/workplace/git_download/HiSTB_origin/HiSTBLinux/out/hi3798mv100/hi3798mv100_out/obj/source/boot/product/driver/include -I/home/ray/workplace/git_download/HiSTB_origin/HiSTBLinux/out/hi3798mv100/hi3798mv100_out/obj/source/boot/product/driver/include_inc -I/home/ray/workplace/git_download/HiSTB_origin/HiSTBLinux/out/hi3798mv100/hi3798mv100_out/obj/source/boot/product/loader/schedule -I/home/ray/workplace/git_download/HiSTB_origin/HiSTBLinux/out/hi3798mv100/hi3798mv100_out/obj/source/boot/product/logo/include -I/home/ray/workplace/git_download/HiSTB_origin/HiSTBLinux/out/hi3798mv100/hi3798mv100_out/obj/source/boot/product/driver/graphic/include -I/home/ray/workplace/git_download/HiSTB_origin/HiSTBLinux/out/hi3798mv100/hi3798mv100_out/obj/source/boot/product/adp/include -I/home/ray/workplace/git_download/HiSTB_origin/HiSTBLinux/out/hi3798mv100/hi3798mv100_out/obj/source/boot/product/pdm/include -I/home/ray/workplace/git_download/HiSTB_origin/HiSTBLinux/source/common/include -I/home/ray/workplace/git_download/HiSTB_origin/HiSTBLinux/source/common/drv/include -I/home/ray/workplace/git_download/HiSTB_origin/HiSTBLinux/out/hi3798mv100/hi3798mv100_out/obj/source/boot/miniboot/app -DCONFIG_ARM -D__ARM__ -DHI_PM_POWERUP_MODE1_SUPPORT -DHI_AVS_SUPPORT -I/home/ray/workplace/git_download/HiSTB_origin/HiSTBLinux/out/hi3798mv100/hi3798mv100_out/obj/source/boot/product/driver/include -I/home/ray/workplace/git_download/HiSTB_origin/HiSTBLinux/out/hi3798mv100/hi3798mv100_out/obj/source/boot/product/driver/otp/include -I/home/ray/workplace/git_download/HiSTB_origin/HiSTBLinux/out/hi3798mv100/hi3798mv100_out/obj/source/boot/product/driver/include_inc -I/home/ray/workplace/git_download/HiSTB_origin/HiSTBLinux/source/boot/fastboot/arch/arm/include -I/home/ray/workplace/git_download/HiSTB_origin/HiSTBLinux/source/boot/fastboot/include -I/home/ray/workplace/git_download/HiSTB_origin/HiSTBLinux/source/boot/fastboot/include/linux -DCHIP_TYPE_hi3798mv100 -DOTP_CMD_TEST   -c -o v100/drv_otp.o v100/drv_otp.c
installing man3/BN_zero.3
  CC      arch/arm/kernel/vdso.o
arm-histbv310-linux-gcc -g -Os -D__KERNEL__ -fno-strict-aliasing -fno-common -ffixed-r8 -nostdinc -isystem /home/ray/workplace/git_download/HiSTB_origin/HiSTBLinux/tools/linux/toolchains/arm-histbv310-linux/bin/../lib/gcc/arm-gcc492_glibc224-linux-gnueabi/4.9.2/include  -fno-builtin -ffreestanding  -pipe -marm  -mabi=aapcs-linux -mfloat-abi=soft -mno-thumb-interwork -Wall -Wstrict-prototypes -fno-stack-protector -I/home/ray/workplace/git_download/HiSTB_origin/HiSTBLinux/out/hi3798mv100/hi3798mv100_out/obj/source/boot/fastboot/include -mcpu=cortex-a7 -Werror -Wall -D_GNU_SOURCE -D_XOPEN_SOURCE=600 -O2 -fPIC -DCHIP_TYPE_hi3798mv100 -DSDK_VERSION="HiSTBLinuxV100R005C00SPC050_20170731" -DHI_LOG_SUPPORT=1 -DHI_LOG_LEVEL=4 -DLOG_NETWORK_SUPPORT -DLOG_UDISK_SUPPORT -DHI_PROC_SUPPORT=1 -DHI_HDMI_SUPPORT_1_4 -DHI_PVR_SUPPORT -DHI_VI_SUPPORT -DHI_VENC_SUPPORT -DHI_PQ_V3_0  -I/home/ray/workplace/git_download/HiSTB_origin/HiSTBLinux/out/hi3798mv100/hi3798mv100_out/obj/source/boot/product/driver/include -I/home/ray/workplace/git_download/HiSTB_origin/HiSTBLinux/out/hi3798mv100/hi3798mv100_out/obj/source/boot/product/driver/include_inc -I/home/ray/workplace/git_download/HiSTB_origin/HiSTBLinux/out/hi3798mv100/hi3798mv100_out/obj/source/boot/product/loader/schedule -I/home/ray/workplace/git_download/HiSTB_origin/HiSTBLinux/out/hi3798mv100/hi3798mv100_out/obj/source/boot/product/logo/include -I/home/ray/workplace/git_download/HiSTB_origin/HiSTBLinux/out/hi3798mv100/hi3798mv100_out/obj/source/boot/product/driver/graphic/include -I/home/ray/workplace/git_download/HiSTB_origin/HiSTBLinux/out/hi3798mv100/hi3798mv100_out/obj/source/boot/product/adp/include -I/home/ray/workplace/git_download/HiSTB_origin/HiSTBLinux/out/hi3798mv100/hi3798mv100_out/obj/source/boot/product/pdm/include -I/home/ray/workplace/git_download/HiSTB_origin/HiSTBLinux/source/common/include -I/home/ray/workplace/git_download/HiSTB_origin/HiSTBLinux/source/common/drv/include -I/home/ray/workplace/git_download/HiSTB_origin/HiSTBLinux/out/hi3798mv100/hi3798mv100_out/obj/source/boot/miniboot/app -DCONFIG_ARM -D__ARM__ -DHI_PM_POWERUP_MODE1_SUPPORT -DHI_AVS_SUPPORT -I/home/ray/workplace/git_download/HiSTB_origin/HiSTBLinux/out/hi3798mv100/hi3798mv100_out/obj/source/boot/product/driver/include -I/home/ray/workplace/git_download/HiSTB_origin/HiSTBLinux/out/hi3798mv100/hi3798mv100_out/obj/source/boot/product/driver/otp/include -I/home/ray/workplace/git_download/HiSTB_origin/HiSTBLinux/out/hi3798mv100/hi3798mv100_out/obj/source/boot/product/driver/include_inc -I/home/ray/workplace/git_download/HiSTB_origin/HiSTBLinux/source/boot/fastboot/arch/arm/include -I/home/ray/workplace/git_download/HiSTB_origin/HiSTBLinux/source/boot/fastboot/include -I/home/ray/workplace/git_download/HiSTB_origin/HiSTBLinux/source/boot/fastboot/include/linux -DCHIP_TYPE_hi3798mv100 -DOTP_CMD_TEST   -c -o v100/hal_otp.o v100/hal_otp.c
BN_one.3 => BN_zero.3
BN_value_one.3 => BN_zero.3
BN_set_word.3 => BN_zero.3
BN_get_word.3 => BN_zero.3
installing man3/CMS_add0_cert.3
  CC      arch/arm/kernel/io.o
  CC     nl.lo
CMS_add1_cert.3 => CMS_add0_cert.3
CMS_get1_certs.3 => CMS_add0_cert.3
CMS_add0_crl.3 => CMS_add0_cert.3
make[4]: Leaving directory '/home/ray/workplace/git_download/HiSTB_origin/HiSTBLinux/out/hi3798mv100/hi3798mv100_out/obj/source/boot/product/driver/otp'
CMS_add1_crl.3 => CMS_add0_cert.3
  CC      mm/maccess.o
CMS_get1_crls.3 => CMS_add0_cert.3
installing man3/CMS_add1_recipient_cert.3
make[3]: Leaving directory '/home/ray/workplace/git_download/HiSTB_origin/HiSTBLinux/out/hi3798mv100/hi3798mv100_out/obj/source/boot/product/driver'
arm-histbv310-linux-gcc -g -Os -D__KERNEL__ -fno-strict-aliasing -fno-common -ffixed-r8 -nostdinc -isystem /home/ray/workplace/git_download/HiSTB_origin/HiSTBLinux/tools/linux/toolchains/arm-histbv310-linux/bin/../lib/gcc/arm-gcc492_glibc224-linux-gnueabi/4.9.2/include  -fno-builtin -ffreestanding  -pipe -marm  -mabi=aapcs-linux -mfloat-abi=soft -mno-thumb-interwork -Wall -Wstrict-prototypes -fno-stack-protector -I/home/ray/workplace/git_download/HiSTB_origin/HiSTBLinux/out/hi3798mv100/hi3798mv100_out/obj/source/boot/fastboot/include -mcpu=cortex-a7 -Werror -Wall -D_GNU_SOURCE -D_XOPEN_SOURCE=600 -O2 -fPIC -DCHIP_TYPE_hi3798mv100 -DSDK_VERSION="HiSTBLinuxV100R005C00SPC050_20170731" -DHI_LOG_SUPPORT=1 -DHI_LOG_LEVEL=4 -DLOG_NETWORK_SUPPORT -DLOG_UDISK_SUPPORT -DHI_PROC_SUPPORT=1 -DHI_HDMI_SUPPORT_1_4 -DHI_PVR_SUPPORT -DHI_VI_SUPPORT -DHI_VENC_SUPPORT -DHI_PQ_V3_0  -I/home/ray/workplace/git_download/HiSTB_origin/HiSTBLinux/out/hi3798mv100/hi3798mv100_out/obj/source/boot/product/driver/include -I/home/ray/workplace/git_download/HiSTB_origin/HiSTBLinux/out/hi3798mv100/hi3798mv100_out/obj/source/boot/product/driver/include_inc -I/home/ray/workplace/git_download/HiSTB_origin/HiSTBLinux/out/hi3798mv100/hi3798mv100_out/obj/source/boot/product/loader/schedule -I/home/ray/workplace/git_download/HiSTB_origin/HiSTBLinux/out/hi3798mv100/hi3798mv100_out/obj/source/boot/product/logo/include -I/home/ray/workplace/git_download/HiSTB_origin/HiSTBLinux/out/hi3798mv100/hi3798mv100_out/obj/source/boot/product/driver/graphic/include -I/home/ray/workplace/git_download/HiSTB_origin/HiSTBLinux/out/hi3798mv100/hi3798mv100_out/obj/source/boot/product/adp/include -I/home/ray/workplace/git_download/HiSTB_origin/HiSTBLinux/out/hi3798mv100/hi3798mv100_out/obj/source/boot/product/pdm/include -I/home/ray/workplace/git_download/HiSTB_origin/HiSTBLinux/source/common/include -I/home/ray/workplace/git_download/HiSTB_origin/HiSTBLinux/source/common/drv/include -I/home/ray/workplace/git_download/HiSTB_origin/HiSTBLinux/out/hi3798mv100/hi3798mv100_out/obj/source/boot/miniboot/app -DCONFIG_ARM -D__ARM__ -DHI_PM_POWERUP_MODE1_SUPPORT -DHI_AVS_SUPPORT   -c -o main.o main.c
  CC      kernel/kmod.o
  CC      arch/arm/kernel/psci_smp.o
  CC      fs/file_table.o
CMS_add0_recipient_key.3 => CMS_add1_recipient_cert.3
installing man3/CMS_add1_signer.3
  CC      fs/super.o
make[2]: Leaving directory '/home/ray/workplace/git_download/HiSTB_origin/HiSTBLinux/out/hi3798mv100/hi3798mv100_out/obj/source/boot/product'
make -C /home/ray/workplace/git_download/HiSTB_origin/HiSTBLinux/out/hi3798mv100/hi3798mv100_out/obj/source/boot/fastboot ARCH=arm CROSS_COMPILE=arm-histbv310-linux- LIBSPRODUCT=/home/ray/workplace/git_download/HiSTB_origin/HiSTBLinux/out/hi3798mv100/hi3798mv100_out/obj/source/boot/product/libproduct.a CONFIG_COMPRESS_BOOT= O= CONFIG_MERGE_IMAGE= CHIP_TYPE=hi3798mv100 hi3798mx
make[2]: Entering directory '/home/ray/workplace/git_download/HiSTB_origin/HiSTBLinux/source/boot'
make[2]: warning: jobserver unavailable: using -j1.  Add '+' to parent make rule.
  CC      mm/page_alloc.o
CMS_SignerInfo_sign.3 => CMS_add1_signer.3
installing man3/CMS_compress.3
  LD      arch/arm/kernel/built-in.o
  CC      mm/page-writeback.o
installing man3/CMS_decrypt.3
installing man3/CMS_encrypt.3
  CC      mm/readahead.o
  CC      kernel/workqueue.o
installing man3/CMS_final.3
Generating include/autoconf.mk
installing man3/CMS_get0_RecipientInfos.3
  CC     object.lo
Generating include/autoconf.mk.dep
make[2]: warning: jobserver unavailable: using -j1.  Add '+' to parent make rule.
  CC      fs/char_dev.o
CMS_RecipientInfo_type.3 => CMS_get0_RecipientInfos.3
CMS_RecipientInfo_ktri_get0_signer_id.3 => CMS_get0_RecipientInfos.3
CMS_RecipientInfo_ktri_cert_cmp.3 => CMS_get0_RecipientInfos.3
CMS_RecipientInfo_set0_pkey.3 => CMS_get0_RecipientInfos.3
CMS_RecipientInfo_kekri_get0_id.3 => CMS_get0_RecipientInfos.3
CMS_RecipientInfo_kekri_id_cmp.3 => CMS_get0_RecipientInfos.3
CMS_RecipientInfo_set0_key.3 => CMS_get0_RecipientInfos.3
CMS_RecipientInfo_decrypt.3 => CMS_get0_RecipientInfos.3
CMS_RecipientInfo_encrypt.3 => CMS_get0_RecipientInfos.3
installing man3/CMS_get0_SignerInfos.3
  CC      kernel/pid.o
CMS_SignerInfo_get0_signer_id.3 => CMS_get0_SignerInfos.3
CMS_SignerInfo_get0_signature.3 => CMS_get0_SignerInfos.3
CMS_SignerInfo_cert_cmp.3 => CMS_get0_SignerInfos.3
CMS_set1_signer_cert.3 => CMS_get0_SignerInfos.3
installing man3/CMS_get0_type.3
CMS_set1_eContentType.3 => CMS_get0_type.3
CMS_get0_eContentType.3 => CMS_get0_type.3
CMS_get0_content.3 => CMS_get0_type.3
installing man3/CMS_get1_ReceiptRequest.3
  CC      fs/stat.o
CMS_ReceiptRequest_create0.3 => CMS_get1_ReceiptRequest.3
CMS_add1_ReceiptRequest.3 => CMS_get1_ReceiptRequest.3
CMS_ReceiptRequest_get0_values.3 => CMS_get1_ReceiptRequest.3
installing man3/CMS_sign.3
Configuring for hi3798mx board...
make
  CC     socket.lo
installing man3/CMS_sign_receipt.3
make[3]: Entering directory '/home/ray/workplace/git_download/HiSTB_origin/HiSTBLinux/out/hi3798mv100/hi3798mv100_out/obj/source/boot/fastboot'
  CC      fs/exec.o
  CC      fs/pipe.o
installing man3/CMS_uncompress.3
installing man3/CMS_verify.3
  CC      kernel/task_work.o
CMS_get0_signers.3 => CMS_verify.3
installing man3/CMS_verify_receipt.3
Generating include/autoconf.mk
installing man3/CONF_modules_free.3
  CC      mm/swap.o
  CC      mm/truncate.o
Generating include/autoconf.mk.dep
CONF_modules_finish.3 => CONF_modules_free.3
CONF_modules_unload.3 => CONF_modules_free.3
installing man3/CONF_modules_load_file.3
  CC      kernel/extable.o
  CC     utils.lo
  CC      kernel/params.o
CONF_modules_load.3 => CONF_modules_load_file.3
installing man3/CRYPTO_set_ex_data.3
CRYPTO_get_ex_data.3 => CRYPTO_set_ex_data.3
installing man3/DH_generate_key.3
  CC      fs/namei.o
  CC      fs/fcntl.o
DH_compute_key.3 => DH_generate_key.3
installing man3/DH_generate_parameters.3
fatal: No names found, cannot describe anything.
DH_generate_parameters_ex.3 => DH_generate_parameters.3
DH_check.3 => DH_generate_parameters.3
installing man3/DH_get_ex_new_index.3
  CC      mm/vmscan.o
  CC      kernel/kthread.o
DH_set_ex_data.3 => DH_get_ex_new_index.3
DH_get_ex_data.3 => DH_get_ex_new_index.3
installing man3/DH_new.3
  CC      kernel/sys_ni.o
  CC      fs/ioctl.o
DH_free.3 => DH_new.3
installing man3/DH_set_method.3
  CC      kernel/nsproxy.o
DH_set_default_method.3 => DH_set_method.3
DH_get_default_method.3 => DH_set_method.3
DH_new_method.3 => DH_set_method.3
DH_OpenSSL.3 => DH_set_method.3
installing man3/DH_size.3
for dir in tools arch/arm/cpu/hi3798mx /home/ray/workplace/git_download/HiSTB_origin/HiSTBLinux/out/hi3798mv100/hi3798mv100_out/obj/source/boot/fastboot/arch/arm/cpu/hi3798mx/ ; do \
		make -C $dir _depend ; done
  CC      fs/readdir.o
  CC     version.lo
installing man3/DSA_SIG_new.3
make[4]: Entering directory '/home/ray/workplace/git_download/HiSTB_origin/HiSTBLinux/out/hi3798mv100/hi3798mv100_out/obj/source/boot/fastboot/tools'
  CC     hashtable.lo
DSA_SIG_free.3 => DSA_SIG_new.3
installing man3/DSA_do_sign.3
  CC      mm/shmem.o
  CC      kernel/notifier.o
DSA_do_verify.3 => DSA_do_sign.3
installing man3/DSA_dup_DH.3
  CC      kernel/ksysfs.o
installing man3/DSA_generate_key.3
installing man3/DSA_generate_parameters.3
  CC      fs/select.o
  CC      kernel/cred.o
  CCLD   libnl-3.la
DSA_generate_parameters_ex.3 => DSA_generate_parameters.3
installing man3/DSA_get_ex_new_index.3
DSA_set_ex_data.3 => DSA_get_ex_new_index.3
DSA_get_ex_data.3 => DSA_get_ex_new_index.3
installing man3/DSA_new.3
  CC      kernel/reboot.o
DSA_free.3 => DSA_new.3
installing man3/DSA_set_method.3
  CC     genl/ctrl.lo
make[4]: Nothing to be done for '_depend'.
make[4]: Leaving directory '/home/ray/workplace/git_download/HiSTB_origin/HiSTBLinux/out/hi3798mv100/hi3798mv100_out/obj/source/boot/fastboot/tools'
make[4]: Entering directory '/home/ray/workplace/git_download/HiSTB_origin/HiSTBLinux/out/hi3798mv100/hi3798mv100_out/obj/source/boot/fastboot/arch/arm/cpu/hi3798mx'
DSA_set_default_method.3 => DSA_set_method.3
DSA_get_default_method.3 => DSA_set_method.3
DSA_new_method.3 => DSA_set_method.3
DSA_OpenSSL.3 => DSA_set_method.3
installing man3/DSA_sign.3
  CC      mm/util.o
  CC      kernel/async.o
DSA_sign_setup.3 => DSA_sign.3
DSA_verify.3 => DSA_sign.3
installing man3/DSA_size.3
  CC      fs/dcache.o
installing man3/EC_GFp_simple_method.3
  CC      kernel/range.o
  CC      kernel/smpboot.o
EC_GFp_mont_method.3 => EC_GFp_simple_method.3
EC_GFp_nist_method.3 => EC_GFp_simple_method.3
EC_GFp_nistp224_method.3 => EC_GFp_simple_method.3
EC_GFp_nistp256_method.3 => EC_GFp_simple_method.3
EC_GFp_nistp521_method.3 => EC_GFp_simple_method.3
  CC      kernel/groups.o
EC_GF2m_simple_method.3 => EC_GFp_simple_method.3
EC_METHOD_get_field_type.3 => EC_GFp_simple_method.3
  CC      mm/mmzone.o
installing man3/EC_GROUP_copy.3
  CC      mm/vmstat.o
  CC     genl/family.lo
EC_GROUP_dup.3 => EC_GROUP_copy.3
EC_GROUP_method_of.3 => EC_GROUP_copy.3
EC_GROUP_set_generator.3 => EC_GROUP_copy.3
EC_GROUP_get0_generator.3 => EC_GROUP_copy.3
EC_GROUP_get_order.3 => EC_GROUP_copy.3
EC_GROUP_get_cofactor.3 => EC_GROUP_copy.3
EC_GROUP_set_curve_name.3 => EC_GROUP_copy.3
EC_GROUP_get_curve_name.3 => EC_GROUP_copy.3
EC_GROUP_set_asn1_flag.3 => EC_GROUP_copy.3
EC_GROUP_get_asn1_flag.3 => EC_GROUP_copy.3
make[4]: Nothing to be done for '_depend'.
make[4]: Leaving directory '/home/ray/workplace/git_download/HiSTB_origin/HiSTBLinux/out/hi3798mv100/hi3798mv100_out/obj/source/boot/fastboot/arch/arm/cpu/hi3798mx'
EC_GROUP_set_point_conversion_form.3 => EC_GROUP_copy.3
make[4]: Entering directory '/home/ray/workplace/git_download/HiSTB_origin/HiSTBLinux/out/hi3798mv100/hi3798mv100_out/obj/source/boot/fastboot/arch/arm/cpu/hi3798mx'
EC_GROUP_get_point_conversion_form.3 => EC_GROUP_copy.3
EC_GROUP_get0_seed.3 => EC_GROUP_copy.3
EC_GROUP_get_seed_len.3 => EC_GROUP_copy.3
EC_GROUP_set_seed.3 => EC_GROUP_copy.3
EC_GROUP_get_degree.3 => EC_GROUP_copy.3
  CC      fs/inode.o
EC_GROUP_check.3 => EC_GROUP_copy.3
EC_GROUP_check_discriminant.3 => EC_GROUP_copy.3
EC_GROUP_cmp.3 => EC_GROUP_copy.3
EC_GROUP_get_basis_type.3 => EC_GROUP_copy.3
EC_GROUP_get_trinomial_basis.3 => EC_GROUP_copy.3
EC_GROUP_get_pentanomial_basis.3 => EC_GROUP_copy.3
installing man3/EC_GROUP_new.3
  CC      fs/attr.o
make[4]: Nothing to be done for '_depend'.
make[4]: Leaving directory '/home/ray/workplace/git_download/HiSTB_origin/HiSTBLinux/out/hi3798mv100/hi3798mv100_out/obj/source/boot/fastboot/arch/arm/cpu/hi3798mx'
EC_GROUP_free.3 => EC_GROUP_new.3
make -C tools all
EC_GROUP_clear_free.3 => EC_GROUP_new.3
EC_GROUP_new_curve_GFp.3 => EC_GROUP_new.3
EC_GROUP_new_curve_GF2m.3 => EC_GROUP_new.3
  CC      kernel/bpf/core.o
EC_GROUP_new_by_curve_name.3 => EC_GROUP_new.3
EC_GROUP_set_curve_GFp.3 => EC_GROUP_new.3
EC_GROUP_get_curve_GFp.3 => EC_GROUP_new.3
EC_GROUP_set_curve_GF2m.3 => EC_GROUP_new.3
EC_GROUP_get_curve_GF2m.3 => EC_GROUP_new.3
EC_get_builtin_curves.3 => EC_GROUP_new.3
installing man3/EC_KEY_new.3
make[4]: Entering directory '/home/ray/workplace/git_download/HiSTB_origin/HiSTBLinux/out/hi3798mv100/hi3798mv100_out/obj/source/boot/fastboot/tools'
EC_KEY_get_flags.3 => EC_KEY_new.3
EC_KEY_set_flags.3 => EC_KEY_new.3
EC_KEY_clear_flags.3 => EC_KEY_new.3
EC_KEY_new_by_curve_name.3 => EC_KEY_new.3
EC_KEY_free.3 => EC_KEY_new.3
EC_KEY_copy.3 => EC_KEY_new.3
EC_KEY_dup.3 => EC_KEY_new.3
EC_KEY_up_ref.3 => EC_KEY_new.3
  CC      fs/bad_inode.o
EC_KEY_get0_group.3 => EC_KEY_new.3
EC_KEY_set_group.3 => EC_KEY_new.3
EC_KEY_get0_private_key.3 => EC_KEY_new.3
EC_KEY_set_private_key.3 => EC_KEY_new.3
EC_KEY_get0_public_key.3 => EC_KEY_new.3
EC_KEY_set_public_key.3 => EC_KEY_new.3
EC_KEY_get_enc_flags.3 => EC_KEY_new.3
EC_KEY_set_enc_flags.3 => EC_KEY_new.3
  CC      mm/backing-dev.o
EC_KEY_get_conv_form.3 => EC_KEY_new.3
EC_KEY_set_conv_form.3 => EC_KEY_new.3
EC_KEY_get_key_method_data.3 => EC_KEY_new.3
EC_KEY_insert_key_method_data.3 => EC_KEY_new.3
EC_KEY_set_asn1_flag.3 => EC_KEY_new.3
EC_KEY_precompute_mult.3 => EC_KEY_new.3
gcc -Wall -Wstrict-prototypes -O2 -fomit-frame-pointer -idirafter /home/ray/workplace/git_download/HiSTB_origin/HiSTBLinux/out/hi3798mv100/hi3798mv100_out/obj/source/boot/fastboot/include -idirafter /home/ray/workplace/git_download/HiSTB_origin/HiSTBLinux/out/hi3798mv100/hi3798mv100_out/obj/source/boot/fastboot/include2 -idirafter /home/ray/workplace/git_download/HiSTB_origin/HiSTBLinux/out/hi3798mv100/hi3798mv100_out/obj/source/boot/fastboot/include -I /home/ray/workplace/git_download/HiSTB_origin/HiSTBLinux/out/hi3798mv100/hi3798mv100_out/obj/source/boot/fastboot/lib/libfdt -I /home/ray/workplace/git_download/HiSTB_origin/HiSTBLinux/out/hi3798mv100/hi3798mv100_out/obj/source/boot/fastboot/tools -DTEXT_BASE=0x00c00000 -DUSE_HOSTCC -D__KERNEL_STRICT_NAMES -pedantic   -o gen_eth_addr.o gen_eth_addr.c -c
EC_KEY_generate_key.3 => EC_KEY_new.3
EC_KEY_check_key.3 => EC_KEY_new.3
EC_KEY_set_public_key_affine_coordinates.3 => EC_KEY_new.3
installing man3/EC_POINT_add.3
  CC     genl/genl.lo
EC_POINT_dbl.3 => EC_POINT_add.3
  CC      kernel/events/core.o
EC_POINT_invert.3 => EC_POINT_add.3
gcc -Wall -Wstrict-prototypes -O2 -fomit-frame-pointer -idirafter /home/ray/workplace/git_download/HiSTB_origin/HiSTBLinux/out/hi3798mv100/hi3798mv100_out/obj/source/boot/fastboot/include -idirafter /home/ray/workplace/git_download/HiSTB_origin/HiSTBLinux/out/hi3798mv100/hi3798mv100_out/obj/source/boot/fastboot/include2 -idirafter /home/ray/workplace/git_download/HiSTB_origin/HiSTBLinux/out/hi3798mv100/hi3798mv100_out/obj/source/boot/fastboot/include -I /home/ray/workplace/git_download/HiSTB_origin/HiSTBLinux/out/hi3798mv100/hi3798mv100_out/obj/source/boot/fastboot/lib/libfdt -I /home/ray/workplace/git_download/HiSTB_origin/HiSTBLinux/out/hi3798mv100/hi3798mv100_out/obj/source/boot/fastboot/tools -DTEXT_BASE=0x00c00000 -DUSE_HOSTCC -D__KERNEL_STRICT_NAMES -pedantic  -o gen_eth_addr gen_eth_addr.o
EC_POINT_is_at_infinity.3 => EC_POINT_add.3
EC_POINT_is_on_curve.3 => EC_POINT_add.3
EC_POINT_cmp.3 => EC_POINT_add.3
EC_POINT_make_affine.3 => EC_POINT_add.3
EC_POINTs_make_affine.3 => EC_POINT_add.3
EC_POINTs_mul.3 => EC_POINT_add.3
EC_POINT_mul.3 => EC_POINT_add.3
EC_GROUP_precompute_mult.3 => EC_POINT_add.3
EC_GROUP_have_precompute_mult.3 => EC_POINT_add.3
installing man3/EC_POINT_new.3
strip gen_eth_addr
gcc -g -Wall -Wstrict-prototypes -O2 -fomit-frame-pointer -idirafter /home/ray/workplace/git_download/HiSTB_origin/HiSTBLinux/out/hi3798mv100/hi3798mv100_out/obj/source/boot/fastboot/include -idirafter /home/ray/workplace/git_download/HiSTB_origin/HiSTBLinux/out/hi3798mv100/hi3798mv100_out/obj/source/boot/fastboot/include2 -idirafter /home/ray/workplace/git_download/HiSTB_origin/HiSTBLinux/out/hi3798mv100/hi3798mv100_out/obj/source/boot/fastboot/include -I /home/ray/workplace/git_download/HiSTB_origin/HiSTBLinux/out/hi3798mv100/hi3798mv100_out/obj/source/boot/fastboot/lib/libfdt -I /home/ray/workplace/git_download/HiSTB_origin/HiSTBLinux/out/hi3798mv100/hi3798mv100_out/obj/source/boot/fastboot/tools -DTEXT_BASE=0x00c00000 -DUSE_HOSTCC -D__KERNEL_STRICT_NAMES -pedantic -c -o crc32.o /home/ray/workplace/git_download/HiSTB_origin/HiSTBLinux/out/hi3798mv100/hi3798mv100_out/obj/source/boot/fastboot/lib/crc32.c
  CC      kernel/irq/irqdesc.o
EC_POINT_free.3 => EC_POINT_new.3
EC_POINT_clear_free.3 => EC_POINT_new.3
EC_POINT_copy.3 => EC_POINT_new.3
EC_POINT_dup.3 => EC_POINT_new.3
EC_POINT_method_of.3 => EC_POINT_new.3
EC_POINT_set_to_infinity.3 => EC_POINT_new.3
EC_POINT_set_Jprojective_coordinates.3 => EC_POINT_new.3
EC_POINT_get_Jprojective_coordinates_GFp.3 => EC_POINT_new.3
EC_POINT_set_affine_coordinates_GFp.3 => EC_POINT_new.3
EC_POINT_get_affine_coordinates_GFp.3 => EC_POINT_new.3
EC_POINT_set_compressed_coordinates_GFp.3 => EC_POINT_new.3
  CC      fs/file.o
EC_POINT_set_affine_coordinates_GF2m.3 => EC_POINT_new.3
EC_POINT_get_affine_coordinates_GF2m.3 => EC_POINT_new.3
  LD      kernel/bpf/built-in.o
EC_POINT_set_compressed_coordinates_GF2m.3 => EC_POINT_new.3
  CC      fs/filesystems.o
EC_POINT_point2oct.3 => EC_POINT_new.3
EC_POINT_oct2point.3 => EC_POINT_new.3
EC_POINT_point2bn.3 => EC_POINT_new.3
EC_POINT_bn2point.3 => EC_POINT_new.3
EC_POINT_point2hex.3 => EC_POINT_new.3
gcc -Wall -Wstrict-prototypes -O2 -fomit-frame-pointer -idirafter /home/ray/workplace/git_download/HiSTB_origin/HiSTBLinux/out/hi3798mv100/hi3798mv100_out/obj/source/boot/fastboot/include -idirafter /home/ray/workplace/git_download/HiSTB_origin/HiSTBLinux/out/hi3798mv100/hi3798mv100_out/obj/source/boot/fastboot/include2 -idirafter /home/ray/workplace/git_download/HiSTB_origin/HiSTBLinux/out/hi3798mv100/hi3798mv100_out/obj/source/boot/fastboot/include -I /home/ray/workplace/git_download/HiSTB_origin/HiSTBLinux/out/hi3798mv100/hi3798mv100_out/obj/source/boot/fastboot/lib/libfdt -I /home/ray/workplace/git_download/HiSTB_origin/HiSTBLinux/out/hi3798mv100/hi3798mv100_out/obj/source/boot/fastboot/tools -DTEXT_BASE=0x00c00000 -DUSE_HOSTCC -D__KERNEL_STRICT_NAMES   -o default_image.o default_image.c -c
EC_POINT_hex2point.3 => EC_POINT_new.3
installing man3/ERR_GET_LIB.3
  CC     genl/mngt.lo
ERR_GET_FUNC.3 => ERR_GET_LIB.3
ERR_GET_REASON.3 => ERR_GET_LIB.3
installing man3/ERR_clear_error.3
gcc -g -Wall -Wstrict-prototypes -O2 -fomit-frame-pointer -idirafter /home/ray/workplace/git_download/HiSTB_origin/HiSTBLinux/out/hi3798mv100/hi3798mv100_out/obj/source/boot/fastboot/include -idirafter /home/ray/workplace/git_download/HiSTB_origin/HiSTBLinux/out/hi3798mv100/hi3798mv100_out/obj/source/boot/fastboot/include2 -idirafter /home/ray/workplace/git_download/HiSTB_origin/HiSTBLinux/out/hi3798mv100/hi3798mv100_out/obj/source/boot/fastboot/include -I /home/ray/workplace/git_download/HiSTB_origin/HiSTBLinux/out/hi3798mv100/hi3798mv100_out/obj/source/boot/fastboot/lib/libfdt -I /home/ray/workplace/git_download/HiSTB_origin/HiSTBLinux/out/hi3798mv100/hi3798mv100_out/obj/source/boot/fastboot/tools -DTEXT_BASE=0x00c00000 -DUSE_HOSTCC -D__KERNEL_STRICT_NAMES -c -o image.o /home/ray/workplace/git_download/HiSTB_origin/HiSTBLinux/out/hi3798mv100/hi3798mv100_out/obj/source/boot/fastboot/common/image.c
  CC      mm/mm_init.o
  CC      kernel/irq/handle.o
installing man3/ERR_error_string.3
  CC      mm/mmu_context.o
ERR_error_string_n.3 => ERR_error_string.3
ERR_lib_error_string.3 => ERR_error_string.3
ERR_func_error_string.3 => ERR_error_string.3
ERR_reason_error_string.3 => ERR_error_string.3
installing man3/ERR_get_error.3
  CC      kernel/irq/manage.o
  CC      kernel/events/ring_buffer.o
gcc -Wall -Wstrict-prototypes -O2 -fomit-frame-pointer -idirafter /home/ray/workplace/git_download/HiSTB_origin/HiSTBLinux/out/hi3798mv100/hi3798mv100_out/obj/source/boot/fastboot/include -idirafter /home/ray/workplace/git_download/HiSTB_origin/HiSTBLinux/out/hi3798mv100/hi3798mv100_out/obj/source/boot/fastboot/include2 -idirafter /home/ray/workplace/git_download/HiSTB_origin/HiSTBLinux/out/hi3798mv100/hi3798mv100_out/obj/source/boot/fastboot/include -I /home/ray/workplace/git_download/HiSTB_origin/HiSTBLinux/out/hi3798mv100/hi3798mv100_out/obj/source/boot/fastboot/lib/libfdt -I /home/ray/workplace/git_download/HiSTB_origin/HiSTBLinux/out/hi3798mv100/hi3798mv100_out/obj/source/boot/fastboot/tools -DTEXT_BASE=0x00c00000 -DUSE_HOSTCC -D__KERNEL_STRICT_NAMES   -o mkimage.o mkimage.c -c
ERR_peek_error.3 => ERR_get_error.3
ERR_peek_last_error.3 => ERR_get_error.3
ERR_get_error_line.3 => ERR_get_error.3
ERR_peek_error_line.3 => ERR_get_error.3
  CC      fs/namespace.o
ERR_peek_last_error_line.3 => ERR_get_error.3
ERR_get_error_line_data.3 => ERR_get_error.3
ERR_peek_error_line_data.3 => ERR_get_error.3
ERR_peek_last_error_line_data.3 => ERR_get_error.3
installing man3/ERR_load_crypto_strings.3
  CC      mm/percpu.o
SSL_load_error_strings.3 => ERR_load_crypto_strings.3
ERR_free_strings.3 => ERR_load_crypto_strings.3
installing man3/ERR_load_strings.3
  CCLD   libnl-genl-3.la
gcc -Wall -Wstrict-prototypes -O2 -fomit-frame-pointer -idirafter /home/ray/workplace/git_download/HiSTB_origin/HiSTBLinux/out/hi3798mv100/hi3798mv100_out/obj/source/boot/fastboot/include -idirafter /home/ray/workplace/git_download/HiSTB_origin/HiSTBLinux/out/hi3798mv100/hi3798mv100_out/obj/source/boot/fastboot/include2 -idirafter /home/ray/workplace/git_download/HiSTB_origin/HiSTBLinux/out/hi3798mv100/hi3798mv100_out/obj/source/boot/fastboot/include -I /home/ray/workplace/git_download/HiSTB_origin/HiSTBLinux/out/hi3798mv100/hi3798mv100_out/obj/source/boot/fastboot/lib/libfdt -I /home/ray/workplace/git_download/HiSTB_origin/HiSTBLinux/out/hi3798mv100/hi3798mv100_out/obj/source/boot/fastboot/tools -DTEXT_BASE=0x00c00000 -DUSE_HOSTCC -D__KERNEL_STRICT_NAMES   -o os_support.o os_support.c -c
ERR_PACK.3 => ERR_load_strings.3
ERR_get_next_error_library.3 => ERR_load_strings.3
installing man3/ERR_print_errors.3
gcc -g -Wall -Wstrict-prototypes -O2 -fomit-frame-pointer -idirafter /home/ray/workplace/git_download/HiSTB_origin/HiSTBLinux/out/hi3798mv100/hi3798mv100_out/obj/source/boot/fastboot/include -idirafter /home/ray/workplace/git_download/HiSTB_origin/HiSTBLinux/out/hi3798mv100/hi3798mv100_out/obj/source/boot/fastboot/include2 -idirafter /home/ray/workplace/git_download/HiSTB_origin/HiSTBLinux/out/hi3798mv100/hi3798mv100_out/obj/source/boot/fastboot/include -I /home/ray/workplace/git_download/HiSTB_origin/HiSTBLinux/out/hi3798mv100/hi3798mv100_out/obj/source/boot/fastboot/lib/libfdt -I /home/ray/workplace/git_download/HiSTB_origin/HiSTBLinux/out/hi3798mv100/hi3798mv100_out/obj/source/boot/fastboot/tools -DTEXT_BASE=0x00c00000 -DUSE_HOSTCC -D__KERNEL_STRICT_NAMES -c -o fdt.o /home/ray/workplace/git_download/HiSTB_origin/HiSTBLinux/out/hi3798mv100/hi3798mv100_out/obj/source/boot/fastboot/lib/libfdt/fdt.c
ERR_print_errors_fp.3 => ERR_print_errors.3
  CC      fs/seq_file.o
installing man3/ERR_put_error.3
  CC     route/addr.lo
ERR_add_error_data.3 => ERR_put_error.3
installing man3/ERR_remove_state.3
  CC      kernel/irq/spurious.o
gcc -g -Wall -Wstrict-prototypes -O2 -fomit-frame-pointer -idirafter /home/ray/workplace/git_download/HiSTB_origin/HiSTBLinux/out/hi3798mv100/hi3798mv100_out/obj/source/boot/fastboot/include -idirafter /home/ray/workplace/git_download/HiSTB_origin/HiSTBLinux/out/hi3798mv100/hi3798mv100_out/obj/source/boot/fastboot/include2 -idirafter /home/ray/workplace/git_download/HiSTB_origin/HiSTBLinux/out/hi3798mv100/hi3798mv100_out/obj/source/boot/fastboot/include -I /home/ray/workplace/git_download/HiSTB_origin/HiSTBLinux/out/hi3798mv100/hi3798mv100_out/obj/source/boot/fastboot/lib/libfdt -I /home/ray/workplace/git_download/HiSTB_origin/HiSTBLinux/out/hi3798mv100/hi3798mv100_out/obj/source/boot/fastboot/tools -DTEXT_BASE=0x00c00000 -DUSE_HOSTCC -D__KERNEL_STRICT_NAMES -c -o fdt_ro.o /home/ray/workplace/git_download/HiSTB_origin/HiSTBLinux/out/hi3798mv100/hi3798mv100_out/obj/source/boot/fastboot/lib/libfdt/fdt_ro.c
ERR_remove_thread_state.3 => ERR_remove_state.3
installing man3/ERR_set_mark.3
ERR_pop_to_mark.3 => ERR_set_mark.3
installing man3/EVP_BytesToKey.3
  CC      kernel/irq/resend.o
  CC      mm/slab_common.o
installing man3/EVP_DigestInit.3
  CC      kernel/irq/chip.o
gcc -g -Wall -Wstrict-prototypes -O2 -fomit-frame-pointer -idirafter /home/ray/workplace/git_download/HiSTB_origin/HiSTBLinux/out/hi3798mv100/hi3798mv100_out/obj/source/boot/fastboot/include -idirafter /home/ray/workplace/git_download/HiSTB_origin/HiSTBLinux/out/hi3798mv100/hi3798mv100_out/obj/source/boot/fastboot/include2 -idirafter /home/ray/workplace/git_download/HiSTB_origin/HiSTBLinux/out/hi3798mv100/hi3798mv100_out/obj/source/boot/fastboot/include -I /home/ray/workplace/git_download/HiSTB_origin/HiSTBLinux/out/hi3798mv100/hi3798mv100_out/obj/source/boot/fastboot/lib/libfdt -I /home/ray/workplace/git_download/HiSTB_origin/HiSTBLinux/out/hi3798mv100/hi3798mv100_out/obj/source/boot/fastboot/tools -DTEXT_BASE=0x00c00000 -DUSE_HOSTCC -D__KERNEL_STRICT_NAMES -c -o fdt_rw.o /home/ray/workplace/git_download/HiSTB_origin/HiSTBLinux/out/hi3798mv100/hi3798mv100_out/obj/source/boot/fastboot/lib/libfdt/fdt_rw.c
EVP_MD_CTX_init.3 => EVP_DigestInit.3
EVP_MD_CTX_create.3 => EVP_DigestInit.3
EVP_DigestInit_ex.3 => EVP_DigestInit.3
EVP_DigestUpdate.3 => EVP_DigestInit.3
EVP_DigestFinal_ex.3 => EVP_DigestInit.3
EVP_MD_CTX_cleanup.3 => EVP_DigestInit.3
  CC      fs/xattr.o
EVP_MD_CTX_destroy.3 => EVP_DigestInit.3
EVP_MAX_MD_SIZE.3 => EVP_DigestInit.3
EVP_MD_CTX_copy_ex.3 => EVP_DigestInit.3
EVP_DigestFinal.3 => EVP_DigestInit.3
EVP_MD_CTX_copy.3 => EVP_DigestInit.3
EVP_MD_type.3 => EVP_DigestInit.3
EVP_MD_pkey_type.3 => EVP_DigestInit.3
EVP_MD_size.3 => EVP_DigestInit.3
EVP_MD_block_size.3 => EVP_DigestInit.3
EVP_MD_CTX_md.3 => EVP_DigestInit.3
EVP_MD_CTX_size.3 => EVP_DigestInit.3
EVP_MD_CTX_block_size.3 => EVP_DigestInit.3
EVP_MD_CTX_type.3 => EVP_DigestInit.3
EVP_md_null.3 => EVP_DigestInit.3
EVP_md2.3 => EVP_DigestInit.3
EVP_md5.3 => EVP_DigestInit.3
EVP_sha.3 => EVP_DigestInit.3
EVP_sha1.3 => EVP_DigestInit.3
EVP_sha224.3 => EVP_DigestInit.3
EVP_sha256.3 => EVP_DigestInit.3
EVP_sha384.3 => EVP_DigestInit.3
EVP_sha512.3 => EVP_DigestInit.3
EVP_dss.3 => EVP_DigestInit.3
EVP_dss1.3 => EVP_DigestInit.3
EVP_mdc2.3 => EVP_DigestInit.3
EVP_ripemd160.3 => EVP_DigestInit.3
EVP_get_digestbyname.3 => EVP_DigestInit.3
EVP_get_digestbynid.3 => EVP_DigestInit.3
EVP_get_digestbyobj.3 => EVP_DigestInit.3
  CC      kernel/events/callchain.o
installing man3/EVP_DigestSignInit.3
gcc -g -Wall -Wstrict-prototypes -O2 -fomit-frame-pointer -idirafter /home/ray/workplace/git_download/HiSTB_origin/HiSTBLinux/out/hi3798mv100/hi3798mv100_out/obj/source/boot/fastboot/include -idirafter /home/ray/workplace/git_download/HiSTB_origin/HiSTBLinux/out/hi3798mv100/hi3798mv100_out/obj/source/boot/fastboot/include2 -idirafter /home/ray/workplace/git_download/HiSTB_origin/HiSTBLinux/out/hi3798mv100/hi3798mv100_out/obj/source/boot/fastboot/include -I /home/ray/workplace/git_download/HiSTB_origin/HiSTBLinux/out/hi3798mv100/hi3798mv100_out/obj/source/boot/fastboot/lib/libfdt -I /home/ray/workplace/git_download/HiSTB_origin/HiSTBLinux/out/hi3798mv100/hi3798mv100_out/obj/source/boot/fastboot/tools -DTEXT_BASE=0x00c00000 -DUSE_HOSTCC -D__KERNEL_STRICT_NAMES -c -o fdt_strerror.o /home/ray/workplace/git_download/HiSTB_origin/HiSTBLinux/out/hi3798mv100/hi3798mv100_out/obj/source/boot/fastboot/lib/libfdt/fdt_strerror.c
EVP_DigestSignUpdate.3 => EVP_DigestSignInit.3
EVP_DigestSignFinal.3 => EVP_DigestSignInit.3
  CC      kernel/irq/dummychip.o
installing man3/EVP_DigestVerifyInit.3
  CC     route/class.lo
gcc -g -Wall -Wstrict-prototypes -O2 -fomit-frame-pointer -idirafter /home/ray/workplace/git_download/HiSTB_origin/HiSTBLinux/out/hi3798mv100/hi3798mv100_out/obj/source/boot/fastboot/include -idirafter /home/ray/workplace/git_download/HiSTB_origin/HiSTBLinux/out/hi3798mv100/hi3798mv100_out/obj/source/boot/fastboot/include2 -idirafter /home/ray/workplace/git_download/HiSTB_origin/HiSTBLinux/out/hi3798mv100/hi3798mv100_out/obj/source/boot/fastboot/include -I /home/ray/workplace/git_download/HiSTB_origin/HiSTBLinux/out/hi3798mv100/hi3798mv100_out/obj/source/boot/fastboot/lib/libfdt -I /home/ray/workplace/git_download/HiSTB_origin/HiSTBLinux/out/hi3798mv100/hi3798mv100_out/obj/source/boot/fastboot/tools -DTEXT_BASE=0x00c00000 -DUSE_HOSTCC -D__KERNEL_STRICT_NAMES -c -o fdt_wip.o /home/ray/workplace/git_download/HiSTB_origin/HiSTBLinux/out/hi3798mv100/hi3798mv100_out/obj/source/boot/fastboot/lib/libfdt/fdt_wip.c
EVP_DigestVerifyUpdate.3 => EVP_DigestVerifyInit.3
EVP_DigestVerifyFinal.3 => EVP_DigestVerifyInit.3
installing man3/EVP_EncodeInit.3
  CC      mm/compaction.o
  CC      kernel/irq/devres.o
  CC      fs/libfs.o
EVP_EncodeUpdate.3 => EVP_EncodeInit.3
EVP_EncodeFinal.3 => EVP_EncodeInit.3
EVP_EncodeBlock.3 => EVP_EncodeInit.3
EVP_DecodeInit.3 => EVP_EncodeInit.3
gcc -Wall -Wstrict-prototypes -O2 -fomit-frame-pointer -idirafter /home/ray/workplace/git_download/HiSTB_origin/HiSTBLinux/out/hi3798mv100/hi3798mv100_out/obj/source/boot/fastboot/include -idirafter /home/ray/workplace/git_download/HiSTB_origin/HiSTBLinux/out/hi3798mv100/hi3798mv100_out/obj/source/boot/fastboot/include2 -idirafter /home/ray/workplace/git_download/HiSTB_origin/HiSTBLinux/out/hi3798mv100/hi3798mv100_out/obj/source/boot/fastboot/include -I /home/ray/workplace/git_download/HiSTB_origin/HiSTBLinux/out/hi3798mv100/hi3798mv100_out/obj/source/boot/fastboot/lib/libfdt -I /home/ray/workplace/git_download/HiSTB_origin/HiSTBLinux/out/hi3798mv100/hi3798mv100_out/obj/source/boot/fastboot/tools -DTEXT_BASE=0x00c00000 -DUSE_HOSTCC -D__KERNEL_STRICT_NAMES -pedantic  -o mkimage crc32.o default_image.o image.o mkimage.o os_support.o fdt.o fdt_ro.o fdt_rw.o fdt_strerror.o fdt_wip.o
EVP_DecodeUpdate.3 => EVP_EncodeInit.3
EVP_DecodeFinal.3 => EVP_EncodeInit.3
EVP_DecodeBlock.3 => EVP_EncodeInit.3
installing man3/EVP_EncryptInit.3
  CC      kernel/irq/autoprobe.o
strip mkimage
make[4]: Leaving directory '/home/ray/workplace/git_download/HiSTB_origin/HiSTBLinux/out/hi3798mv100/hi3798mv100_out/obj/source/boot/fastboot/tools'
make -C arch/arm/cpu/hi3798mx start.o
EVP_CIPHER_CTX_init.3 => EVP_EncryptInit.3
  CC      kernel/events/hw_breakpoint.o
EVP_EncryptInit_ex.3 => EVP_EncryptInit.3
EVP_EncryptUpdate.3 => EVP_EncryptInit.3
EVP_EncryptFinal_ex.3 => EVP_EncryptInit.3
EVP_DecryptInit_ex.3 => EVP_EncryptInit.3
EVP_DecryptUpdate.3 => EVP_EncryptInit.3
EVP_DecryptFinal_ex.3 => EVP_EncryptInit.3
EVP_CipherInit_ex.3 => EVP_EncryptInit.3
EVP_CipherUpdate.3 => EVP_EncryptInit.3
EVP_CipherFinal_ex.3 => EVP_EncryptInit.3
EVP_CIPHER_CTX_set_key_length.3 => EVP_EncryptInit.3
EVP_CIPHER_CTX_ctrl.3 => EVP_EncryptInit.3
EVP_CIPHER_CTX_cleanup.3 => EVP_EncryptInit.3
EVP_EncryptFinal.3 => EVP_EncryptInit.3
EVP_DecryptInit.3 => EVP_EncryptInit.3
make[4]: Entering directory '/home/ray/workplace/git_download/HiSTB_origin/HiSTBLinux/out/hi3798mv100/hi3798mv100_out/obj/source/boot/fastboot/arch/arm/cpu/hi3798mx'
EVP_DecryptFinal.3 => EVP_EncryptInit.3
EVP_CipherInit.3 => EVP_EncryptInit.3
EVP_CipherFinal.3 => EVP_EncryptInit.3
EVP_get_cipherbyname.3 => EVP_EncryptInit.3
EVP_get_cipherbynid.3 => EVP_EncryptInit.3
EVP_get_cipherbyobj.3 => EVP_EncryptInit.3
EVP_CIPHER_nid.3 => EVP_EncryptInit.3
EVP_CIPHER_block_size.3 => EVP_EncryptInit.3
EVP_CIPHER_key_length.3 => EVP_EncryptInit.3
EVP_CIPHER_iv_length.3 => EVP_EncryptInit.3
EVP_CIPHER_flags.3 => EVP_EncryptInit.3
EVP_CIPHER_mode.3 => EVP_EncryptInit.3
  CC      kernel/irq/irqdomain.o
EVP_CIPHER_type.3 => EVP_EncryptInit.3
EVP_CIPHER_CTX_cipher.3 => EVP_EncryptInit.3
  CC     route/cls.lo
EVP_CIPHER_CTX_nid.3 => EVP_EncryptInit.3
EVP_CIPHER_CTX_block_size.3 => EVP_EncryptInit.3
EVP_CIPHER_CTX_key_length.3 => EVP_EncryptInit.3
EVP_CIPHER_CTX_iv_length.3 => EVP_EncryptInit.3
EVP_CIPHER_CTX_get_app_data.3 => EVP_EncryptInit.3
EVP_CIPHER_CTX_set_app_data.3 => EVP_EncryptInit.3
EVP_CIPHER_CTX_type.3 => EVP_EncryptInit.3
EVP_CIPHER_CTX_flags.3 => EVP_EncryptInit.3
EVP_CIPHER_CTX_mode.3 => EVP_EncryptInit.3
EVP_CIPHER_param_to_asn1.3 => EVP_EncryptInit.3
EVP_CIPHER_asn1_to_param.3 => EVP_EncryptInit.3
EVP_CIPHER_CTX_set_padding.3 => EVP_EncryptInit.3
arm-histbv310-linux-gcc   -D__ASSEMBLY__ -g  -Os  -fno-strict-aliasing -fno-common -ffixed-r8   -D__KERNEL__ -DTEXT_BASE=0x00c00000 -I/home/ray/workplace/git_download/HiSTB_origin/HiSTBLinux/out/hi3798mv100/hi3798mv100_out/obj/source/boot/fastboot/include -I/home/ray/workplace/git_download/HiSTB_origin/HiSTBLinux/out/hi3798mv100/hi3798mv100_out/obj/source/boot/fastboot -fno-builtin -ffreestanding -nostdinc -mfloat-abi=soft -isystem /home/ray/workplace/git_download/HiSTB_origin/HiSTBLinux/tools/linux/toolchains/arm-histbv310-linux/bin/../lib/gcc/arm-gcc492_glibc224-linux-gnueabi/4.9.2/include -pipe -DCONFIG_ARM -D__ARM__ -marm -mno-thumb-interwork  -mabi=aapcs-linux -march=armv7-a -DVERSION=3 -DPATCHLEVEL=3 -DSUBLEVEL=0 -DCONFIG_AUXIMAGE=\"/home/ray/workplace/git_download/HiSTB_origin/HiSTBLinux/out/hi3798mv100/hi3798mv100_out/obj/source/boot/fastboot/auxcode_sign.img\"   -DVERSION=3 -DPATCHLEVEL=3 -DSUBLEVEL=0 -DCONFIG_AUXIMAGE=\"/home/ray/workplace/git_download/HiSTB_origin/HiSTBLinux/out/hi3798mv100/hi3798mv100_out/obj/source/boot/fastboot/auxcode_sign.img\"     \
	-o start.o start.S -c
EVP_enc_null.3 => EVP_EncryptInit.3
EVP_des_cbc.3 => EVP_EncryptInit.3
EVP_des_ecb.3 => EVP_EncryptInit.3
EVP_des_cfb.3 => EVP_EncryptInit.3
EVP_des_ofb.3 => EVP_EncryptInit.3
  CC      fs/fs-writeback.o
EVP_des_ede_cbc.3 => EVP_EncryptInit.3
EVP_des_ede.3 => EVP_EncryptInit.3
EVP_des_ede_ofb.3 => EVP_EncryptInit.3
EVP_des_ede_cfb.3 => EVP_EncryptInit.3
EVP_des_ede3_cbc.3 => EVP_EncryptInit.3
EVP_des_ede3.3 => EVP_EncryptInit.3
EVP_des_ede3_ofb.3 => EVP_EncryptInit.3
EVP_des_ede3_cfb.3 => EVP_EncryptInit.3
EVP_desx_cbc.3 => EVP_EncryptInit.3
make[4]: Leaving directory '/home/ray/workplace/git_download/HiSTB_origin/HiSTBLinux/out/hi3798mv100/hi3798mv100_out/obj/source/boot/fastboot/arch/arm/cpu/hi3798mx'
if [ sslib/libgeneric.a != ss/home/ray/workplace/git_download/HiSTB_origin/HiSTBLinux/out/hi3798mv100/hi3798mv100_out/obj/source/boot/product/libproduct.a ]; then ( \
	make -C lib/; \
) fi
EVP_rc4.3 => EVP_EncryptInit.3
EVP_rc4_40.3 => EVP_EncryptInit.3
EVP_rc4_hmac_md5.3 => EVP_EncryptInit.3
EVP_idea_cbc.3 => EVP_EncryptInit.3
EVP_idea_ecb.3 => EVP_EncryptInit.3
  LD      kernel/events/built-in.o
EVP_idea_cfb.3 => EVP_EncryptInit.3
EVP_idea_ofb.3 => EVP_EncryptInit.3
  CC      fs/pnode.o
EVP_rc2_cbc.3 => EVP_EncryptInit.3
EVP_rc2_ecb.3 => EVP_EncryptInit.3
EVP_rc2_cfb.3 => EVP_EncryptInit.3
EVP_rc2_ofb.3 => EVP_EncryptInit.3
EVP_rc2_40_cbc.3 => EVP_EncryptInit.3
EVP_rc2_64_cbc.3 => EVP_EncryptInit.3
EVP_bf_cbc.3 => EVP_EncryptInit.3
EVP_bf_ecb.3 => EVP_EncryptInit.3
EVP_bf_cfb.3 => EVP_EncryptInit.3
EVP_bf_ofb.3 => EVP_EncryptInit.3
  CC      kernel/locking/mutex.o
EVP_cast5_cbc.3 => EVP_EncryptInit.3
make[4]: Entering directory '/home/ray/workplace/git_download/HiSTB_origin/HiSTBLinux/out/hi3798mv100/hi3798mv100_out/obj/source/boot/fastboot/lib'
EVP_cast5_ecb.3 => EVP_EncryptInit.3
EVP_cast5_cfb.3 => EVP_EncryptInit.3
EVP_cast5_ofb.3 => EVP_EncryptInit.3
EVP_rc5_32_12_16_cbc.3 => EVP_EncryptInit.3
EVP_rc5_32_12_16_ecb.3 => EVP_EncryptInit.3
EVP_rc5_32_12_16_cfb.3 => EVP_EncryptInit.3
EVP_rc5_32_12_16_ofb.3 => EVP_EncryptInit.3
EVP_aes_128_gcm.3 => EVP_EncryptInit.3
EVP_aes_192_gcm.3 => EVP_EncryptInit.3
EVP_aes_256_gcm.3 => EVP_EncryptInit.3
EVP_aes_128_ccm.3 => EVP_EncryptInit.3
EVP_aes_192_ccm.3 => EVP_EncryptInit.3
EVP_aes_256_ccm.3 => EVP_EncryptInit.3
EVP_aes_128_cbc_hmac_sha1.3 => EVP_EncryptInit.3
EVP_aes_256_cbc_hmac_sha1.3 => EVP_EncryptInit.3
EVP_aes_128_cbc_hmac_sha256.3 => EVP_EncryptInit.3
EVP_aes_256_cbc_hmac_sha256.3 => EVP_EncryptInit.3
installing man3/EVP_OpenInit.3
  CC      kernel/irq/proc.o
EVP_OpenUpdate.3 => EVP_OpenInit.3
  CC      mm/vmacache.o
EVP_OpenFinal.3 => EVP_OpenInit.3
  CC      kernel/locking/semaphore.o
installing man3/EVP_PKEY_CTX_ctrl.3
  CC     route/link.lo
  CC      fs/splice.o
EVP_PKEY_CTX_ctrl_str.3 => EVP_PKEY_CTX_ctrl.3
EVP_PKEY_get_default_digest_nid.3 => EVP_PKEY_CTX_ctrl.3
EVP_PKEY_CTX_set_signature_md.3 => EVP_PKEY_CTX_ctrl.3
EVP_PKEY_CTX_set_rsa_padding.3 => EVP_PKEY_CTX_ctrl.3
EVP_PKEY_CTX_set_rsa_pss_saltlen.3 => EVP_PKEY_CTX_ctrl.3
EVP_PKEY_CTX_set_rsa_rsa_keygen_bits.3 => EVP_PKEY_CTX_ctrl.3
EVP_PKEY_CTX_set_rsa_keygen_pubexp.3 => EVP_PKEY_CTX_ctrl.3
EVP_PKEY_CTX_set_dsa_paramgen_bits.3 => EVP_PKEY_CTX_ctrl.3
EVP_PKEY_CTX_set_dh_paramgen_prime_len.3 => EVP_PKEY_CTX_ctrl.3
EVP_PKEY_CTX_set_dh_paramgen_generator.3 => EVP_PKEY_CTX_ctrl.3
EVP_PKEY_CTX_set_ec_paramgen_curve_nid.3 => EVP_PKEY_CTX_ctrl.3
installing man3/EVP_PKEY_CTX_new.3
  CC      mm/interval_tree.o
  CC      kernel/irq/pm.o
  CC      kernel/locking/rwsem.o
EVP_PKEY_CTX_new_id.3 => EVP_PKEY_CTX_new.3
EVP_PKEY_CTX_dup.3 => EVP_PKEY_CTX_new.3
EVP_PKEY_CTX_free.3 => EVP_PKEY_CTX_new.3
installing man3/EVP_PKEY_cmp.3
EVP_PKEY_copy_parameters.3 => EVP_PKEY_cmp.3
EVP_PKEY_missing_parameters.3 => EVP_PKEY_cmp.3
EVP_PKEY_cmp_parameters.3 => EVP_PKEY_cmp.3
installing man3/EVP_PKEY_decrypt.3
  CC      kernel/locking/percpu-rwsem.o
EVP_PKEY_decrypt_init.3 => EVP_PKEY_decrypt.3
installing man3/EVP_PKEY_derive.3
  CC      mm/list_lru.o
  LD      kernel/irq/built-in.o
  CC      mm/workingset.o
EVP_PKEY_derive_init.3 => EVP_PKEY_derive.3
EVP_PKEY_derive_set_peer.3 => EVP_PKEY_derive.3
installing man3/EVP_PKEY_encrypt.3
  CC      kernel/locking/spinlock.o
arm-histbv310-linux-gcc  -g  -Os  -fno-strict-aliasing -fno-common -ffixed-r8   -D__KERNEL__ -DTEXT_BASE=0x00c00000 -I/home/ray/workplace/git_download/HiSTB_origin/HiSTBLinux/out/hi3798mv100/hi3798mv100_out/obj/source/boot/fastboot/include -I/home/ray/workplace/git_download/HiSTB_origin/HiSTBLinux/out/hi3798mv100/hi3798mv100_out/obj/source/boot/fastboot -fno-builtin -ffreestanding -nostdinc -mfloat-abi=soft -isystem /home/ray/workplace/git_download/HiSTB_origin/HiSTBLinux/tools/linux/toolchains/arm-histbv310-linux/bin/../lib/gcc/arm-gcc492_glibc224-linux-gnueabi/4.9.2/include -pipe -DCONFIG_ARM -D__ARM__ -marm -mno-thumb-interwork  -mabi=aapcs-linux -march=armv7-a -DVERSION=3 -DPATCHLEVEL=3 -DSUBLEVEL=0 -DCONFIG_AUXIMAGE=\"/home/ray/workplace/git_download/HiSTB_origin/HiSTBLinux/out/hi3798mv100/hi3798mv100_out/obj/source/boot/fastboot/auxcode_sign.img\"   -DVERSION=3 -DPATCHLEVEL=3 -DSUBLEVEL=0 -DCONFIG_AUXIMAGE=\"/home/ray/workplace/git_download/HiSTB_origin/HiSTBLinux/out/hi3798mv100/hi3798mv100_out/obj/source/boot/fastboot/auxcode_sign.img\"   -Wall -Wstrict-prototypes -fno-stack-protector   \
	-o crc16.o crc16.c -c
EVP_PKEY_encrypt_init.3 => EVP_PKEY_encrypt.3
installing man3/EVP_PKEY_get_default_digest.3
arm-histbv310-linux-gcc  -g  -Os  -fno-strict-aliasing -fno-common -ffixed-r8   -D__KERNEL__ -DTEXT_BASE=0x00c00000 -I/home/ray/workplace/git_download/HiSTB_origin/HiSTBLinux/out/hi3798mv100/hi3798mv100_out/obj/source/boot/fastboot/include -I/home/ray/workplace/git_download/HiSTB_origin/HiSTBLinux/out/hi3798mv100/hi3798mv100_out/obj/source/boot/fastboot -fno-builtin -ffreestanding -nostdinc -mfloat-abi=soft -isystem /home/ray/workplace/git_download/HiSTB_origin/HiSTBLinux/tools/linux/toolchains/arm-histbv310-linux/bin/../lib/gcc/arm-gcc492_glibc224-linux-gnueabi/4.9.2/include -pipe -DCONFIG_ARM -D__ARM__ -marm -mno-thumb-interwork  -mabi=aapcs-linux -march=armv7-a -DVERSION=3 -DPATCHLEVEL=3 -DSUBLEVEL=0 -DCONFIG_AUXIMAGE=\"/home/ray/workplace/git_download/HiSTB_origin/HiSTBLinux/out/hi3798mv100/hi3798mv100_out/obj/source/boot/fastboot/auxcode_sign.img\"   -DVERSION=3 -DPATCHLEVEL=3 -DSUBLEVEL=0 -DCONFIG_AUXIMAGE=\"/home/ray/workplace/git_download/HiSTB_origin/HiSTBLinux/out/hi3798mv100/hi3798mv100_out/obj/source/boot/fastboot/auxcode_sign.img\"   -Wall -Wstrict-prototypes -fno-stack-protector   \
	-o strmhz.o strmhz.c -c
  CC      kernel/locking/osq_lock.o
  CC      mm/debug.o
EVP_PKEY_get_default_digest_nid.3 => EVP_PKEY_get_default_digest.3
installing man3/EVP_PKEY_keygen.3
  CC      kernel/locking/lglock.o
arm-histbv310-linux-gcc  -g  -Os  -fno-strict-aliasing -fno-common -ffixed-r8   -D__KERNEL__ -DTEXT_BASE=0x00c00000 -I/home/ray/workplace/git_download/HiSTB_origin/HiSTBLinux/out/hi3798mv100/hi3798mv100_out/obj/source/boot/fastboot/include -I/home/ray/workplace/git_download/HiSTB_origin/HiSTBLinux/out/hi3798mv100/hi3798mv100_out/obj/source/boot/fastboot -fno-builtin -ffreestanding -nostdinc -mfloat-abi=soft -isystem /home/ray/workplace/git_download/HiSTB_origin/HiSTBLinux/tools/linux/toolchains/arm-histbv310-linux/bin/../lib/gcc/arm-gcc492_glibc224-linux-gnueabi/4.9.2/include -pipe -DCONFIG_ARM -D__ARM__ -marm -mno-thumb-interwork  -mabi=aapcs-linux -march=armv7-a -DVERSION=3 -DPATCHLEVEL=3 -DSUBLEVEL=0 -DCONFIG_AUXIMAGE=\"/home/ray/workplace/git_download/HiSTB_origin/HiSTBLinux/out/hi3798mv100/hi3798mv100_out/obj/source/boot/fastboot/auxcode_sign.img\"   -DVERSION=3 -DPATCHLEVEL=3 -DSUBLEVEL=0 -DCONFIG_AUXIMAGE=\"/home/ray/workplace/git_download/HiSTB_origin/HiSTBLinux/out/hi3798mv100/hi3798mv100_out/obj/source/boot/fastboot/auxcode_sign.img\"   -Wall -Wstrict-prototypes -fno-stack-protector   \
	-o crc32.o crc32.c -c
  CC      kernel/locking/rtmutex.o
EVP_PKEY_keygen_init.3 => EVP_PKEY_keygen.3
EVP_PKEY_paramgen_init.3 => EVP_PKEY_keygen.3
EVP_PKEY_paramgen.3 => EVP_PKEY_keygen.3
EVP_PKEY_CTX_set_cb.3 => EVP_PKEY_keygen.3
EVP_PKEY_CTX_get_cb.3 => EVP_PKEY_keygen.3
EVP_PKEY_CTX_get_keygen_info.3 => EVP_PKEY_keygen.3
EVP_PKEVP_PKEY_CTX_set_app_data.3 => EVP_PKEY_keygen.3
EVP_PKEY_CTX_get_app_data.3 => EVP_PKEY_keygen.3
  CC      mm/gup.o
installing man3/EVP_PKEY_new.3
arm-histbv310-linux-gcc  -g  -Os  -fno-strict-aliasing -fno-common -ffixed-r8   -D__KERNEL__ -DTEXT_BASE=0x00c00000 -I/home/ray/workplace/git_download/HiSTB_origin/HiSTBLinux/out/hi3798mv100/hi3798mv100_out/obj/source/boot/fastboot/include -I/home/ray/workplace/git_download/HiSTB_origin/HiSTBLinux/out/hi3798mv100/hi3798mv100_out/obj/source/boot/fastboot -fno-builtin -ffreestanding -nostdinc -mfloat-abi=soft -isystem /home/ray/workplace/git_download/HiSTB_origin/HiSTBLinux/tools/linux/toolchains/arm-histbv310-linux/bin/../lib/gcc/arm-gcc492_glibc224-linux-gnueabi/4.9.2/include -pipe -DCONFIG_ARM -D__ARM__ -marm -mno-thumb-interwork  -mabi=aapcs-linux -march=armv7-a -DVERSION=3 -DPATCHLEVEL=3 -DSUBLEVEL=0 -DCONFIG_AUXIMAGE=\"/home/ray/workplace/git_download/HiSTB_origin/HiSTBLinux/out/hi3798mv100/hi3798mv100_out/obj/source/boot/fastboot/auxcode_sign.img\"   -DVERSION=3 -DPATCHLEVEL=3 -DSUBLEVEL=0 -DCONFIG_AUXIMAGE=\"/home/ray/workplace/git_download/HiSTB_origin/HiSTBLinux/out/hi3798mv100/hi3798mv100_out/obj/source/boot/fastboot/auxcode_sign.img\"   -Wall -Wstrict-prototypes -fno-stack-protector   \
	-o ctype.o ctype.c -c
  CC      mm/highmem.o
EVP_PKEY_free.3 => EVP_PKEY_new.3
  CC      kernel/locking/rwsem-xadd.o
installing man3/EVP_PKEY_print_private.3
arm-histbv310-linux-gcc  -g  -Os  -fno-strict-aliasing -fno-common -ffixed-r8   -D__KERNEL__ -DTEXT_BASE=0x00c00000 -I/home/ray/workplace/git_download/HiSTB_origin/HiSTBLinux/out/hi3798mv100/hi3798mv100_out/obj/source/boot/fastboot/include -I/home/ray/workplace/git_download/HiSTB_origin/HiSTBLinux/out/hi3798mv100/hi3798mv100_out/obj/source/boot/fastboot -fno-builtin -ffreestanding -nostdinc -mfloat-abi=soft -isystem /home/ray/workplace/git_download/HiSTB_origin/HiSTBLinux/tools/linux/toolchains/arm-histbv310-linux/bin/../lib/gcc/arm-gcc492_glibc224-linux-gnueabi/4.9.2/include -pipe -DCONFIG_ARM -D__ARM__ -marm -mno-thumb-interwork  -mabi=aapcs-linux -march=armv7-a -DVERSION=3 -DPATCHLEVEL=3 -DSUBLEVEL=0 -DCONFIG_AUXIMAGE=\"/home/ray/workplace/git_download/HiSTB_origin/HiSTBLinux/out/hi3798mv100/hi3798mv100_out/obj/source/boot/fastboot/auxcode_sign.img\"   -DVERSION=3 -DPATCHLEVEL=3 -DSUBLEVEL=0 -DCONFIG_AUXIMAGE=\"/home/ray/workplace/git_download/HiSTB_origin/HiSTBLinux/out/hi3798mv100/hi3798mv100_out/obj/source/boot/fastboot/auxcode_sign.img\"   -Wall -Wstrict-prototypes -fno-stack-protector   \
	-o display_options.o display_options.c -c
EVP_PKEY_print_public.3 => EVP_PKEY_print_private.3
EVP_PKEY_print_params.3 => EVP_PKEY_print_private.3
installing man3/EVP_PKEY_set1_RSA.3
  CC      fs/sync.o
arm-histbv310-linux-gcc  -g  -Os  -fno-strict-aliasing -fno-common -ffixed-r8   -D__KERNEL__ -DTEXT_BASE=0x00c00000 -I/home/ray/workplace/git_download/HiSTB_origin/HiSTBLinux/out/hi3798mv100/hi3798mv100_out/obj/source/boot/fastboot/include -I/home/ray/workplace/git_download/HiSTB_origin/HiSTBLinux/out/hi3798mv100/hi3798mv100_out/obj/source/boot/fastboot -fno-builtin -ffreestanding -nostdinc -mfloat-abi=soft -isystem /home/ray/workplace/git_download/HiSTB_origin/HiSTBLinux/tools/linux/toolchains/arm-histbv310-linux/bin/../lib/gcc/arm-gcc492_glibc224-linux-gnueabi/4.9.2/include -pipe -DCONFIG_ARM -D__ARM__ -marm -mno-thumb-interwork  -mabi=aapcs-linux -march=armv7-a -DVERSION=3 -DPATCHLEVEL=3 -DSUBLEVEL=0 -DCONFIG_AUXIMAGE=\"/home/ray/workplace/git_download/HiSTB_origin/HiSTBLinux/out/hi3798mv100/hi3798mv100_out/obj/source/boot/fastboot/auxcode_sign.img\"   -DVERSION=3 -DPATCHLEVEL=3 -DSUBLEVEL=0 -DCONFIG_AUXIMAGE=\"/home/ray/workplace/git_download/HiSTB_origin/HiSTBLinux/out/hi3798mv100/hi3798mv100_out/obj/source/boot/fastboot/auxcode_sign.img\"   -Wall -Wstrict-prototypes -fno-stack-protector   \
	-o div64.o div64.c -c
EVP_PKEY_set1_DSA.3 => EVP_PKEY_set1_RSA.3
EVP_PKEY_set1_DH.3 => EVP_PKEY_set1_RSA.3
EVP_PKEY_set1_EC_KEY.3 => EVP_PKEY_set1_RSA.3
  LD      kernel/locking/built-in.o
EVP_PKEY_get1_RSA.3 => EVP_PKEY_set1_RSA.3
EVP_PKEY_get1_DSA.3 => EVP_PKEY_set1_RSA.3
  CC      fs/utimes.o
EVP_PKEY_get1_DH.3 => EVP_PKEY_set1_RSA.3
EVP_PKEY_get1_EC_KEY.3 => EVP_PKEY_set1_RSA.3
EVP_PKEY_assign_RSA.3 => EVP_PKEY_set1_RSA.3
  CC      kernel/power/qos.o
EVP_PKEY_assign_DSA.3 => EVP_PKEY_set1_RSA.3
EVP_PKEY_assign_DH.3 => EVP_PKEY_set1_RSA.3
EVP_PKEY_assign_EC_KEY.3 => EVP_PKEY_set1_RSA.3
arm-histbv310-linux-gcc  -g  -Os  -fno-strict-aliasing -fno-common -ffixed-r8   -D__KERNEL__ -DTEXT_BASE=0x00c00000 -I/home/ray/workplace/git_download/HiSTB_origin/HiSTBLinux/out/hi3798mv100/hi3798mv100_out/obj/source/boot/fastboot/include -I/home/ray/workplace/git_download/HiSTB_origin/HiSTBLinux/out/hi3798mv100/hi3798mv100_out/obj/source/boot/fastboot -fno-builtin -ffreestanding -nostdinc -mfloat-abi=soft -isystem /home/ray/workplace/git_download/HiSTB_origin/HiSTBLinux/tools/linux/toolchains/arm-histbv310-linux/bin/../lib/gcc/arm-gcc492_glibc224-linux-gnueabi/4.9.2/include -pipe -DCONFIG_ARM -D__ARM__ -marm -mno-thumb-interwork  -mabi=aapcs-linux -march=armv7-a -DVERSION=3 -DPATCHLEVEL=3 -DSUBLEVEL=0 -DCONFIG_AUXIMAGE=\"/home/ray/workplace/git_download/HiSTB_origin/HiSTBLinux/out/hi3798mv100/hi3798mv100_out/obj/source/boot/fastboot/auxcode_sign.img\"   -DVERSION=3 -DPATCHLEVEL=3 -DSUBLEVEL=0 -DCONFIG_AUXIMAGE=\"/home/ray/workplace/git_download/HiSTB_origin/HiSTBLinux/out/hi3798mv100/hi3798mv100_out/obj/source/boot/fastboot/auxcode_sign.img\"   -Wall -Wstrict-prototypes -fno-stack-protector   \
	-o gunzip.o gunzip.c -c
EVP_PKEY_type.3 => EVP_PKEY_set1_RSA.3
installing man3/EVP_PKEY_sign.3
  CC      kernel/power/main.o
  CC     route/neigh.lo
  CC      mm/memory.o
EVP_PKEY_sign_init.3 => EVP_PKEY_sign.3
installing man3/EVP_PKEY_verify.3
arm-histbv310-linux-gcc  -g  -Os  -fno-strict-aliasing -fno-common -ffixed-r8   -D__KERNEL__ -DTEXT_BASE=0x00c00000 -I/home/ray/workplace/git_download/HiSTB_origin/HiSTBLinux/out/hi3798mv100/hi3798mv100_out/obj/source/boot/fastboot/include -I/home/ray/workplace/git_download/HiSTB_origin/HiSTBLinux/out/hi3798mv100/hi3798mv100_out/obj/source/boot/fastboot -fno-builtin -ffreestanding -nostdinc -mfloat-abi=soft -isystem /home/ray/workplace/git_download/HiSTB_origin/HiSTBLinux/tools/linux/toolchains/arm-histbv310-linux/bin/../lib/gcc/arm-gcc492_glibc224-linux-gnueabi/4.9.2/include -pipe -DCONFIG_ARM -D__ARM__ -marm -mno-thumb-interwork  -mabi=aapcs-linux -march=armv7-a -DVERSION=3 -DPATCHLEVEL=3 -DSUBLEVEL=0 -DCONFIG_AUXIMAGE=\"/home/ray/workplace/git_download/HiSTB_origin/HiSTBLinux/out/hi3798mv100/hi3798mv100_out/obj/source/boot/fastboot/auxcode_sign.img\"   -DVERSION=3 -DPATCHLEVEL=3 -DSUBLEVEL=0 -DCONFIG_AUXIMAGE=\"/home/ray/workplace/git_download/HiSTB_origin/HiSTBLinux/out/hi3798mv100/hi3798mv100_out/obj/source/boot/fastboot/auxcode_sign.img\"   -Wall -Wstrict-prototypes -fno-stack-protector   \
	-o ldiv.o ldiv.c -c
EVP_PKEY_verify_init.3 => EVP_PKEY_verify.3
installing man3/EVP_PKEY_verify_recover.3
arm-histbv310-linux-gcc  -g  -Os  -fno-strict-aliasing -fno-common -ffixed-r8   -D__KERNEL__ -DTEXT_BASE=0x00c00000 -I/home/ray/workplace/git_download/HiSTB_origin/HiSTBLinux/out/hi3798mv100/hi3798mv100_out/obj/source/boot/fastboot/include -I/home/ray/workplace/git_download/HiSTB_origin/HiSTBLinux/out/hi3798mv100/hi3798mv100_out/obj/source/boot/fastboot -fno-builtin -ffreestanding -nostdinc -mfloat-abi=soft -isystem /home/ray/workplace/git_download/HiSTB_origin/HiSTBLinux/tools/linux/toolchains/arm-histbv310-linux/bin/../lib/gcc/arm-gcc492_glibc224-linux-gnueabi/4.9.2/include -pipe -DCONFIG_ARM -D__ARM__ -marm -mno-thumb-interwork  -mabi=aapcs-linux -march=armv7-a -DVERSION=3 -DPATCHLEVEL=3 -DSUBLEVEL=0 -DCONFIG_AUXIMAGE=\"/home/ray/workplace/git_download/HiSTB_origin/HiSTBLinux/out/hi3798mv100/hi3798mv100_out/obj/source/boot/fastboot/auxcode_sign.img\"   -DVERSION=3 -DPATCHLEVEL=3 -DSUBLEVEL=0 -DCONFIG_AUXIMAGE=\"/home/ray/workplace/git_download/HiSTB_origin/HiSTBLinux/out/hi3798mv100/hi3798mv100_out/obj/source/boot/fastboot/auxcode_sign.img\"   -Wall -Wstrict-prototypes -fno-stack-protector   \
	-o net_utils.o net_utils.c -c
  CC      mm/mincore.o
  CC      fs/stack.o
EVP_PKEY_verify_recover_init.3 => EVP_PKEY_verify_recover.3
  CC      fs/fs_struct.o
installing man3/EVP_SealInit.3
arm-histbv310-linux-gcc  -g  -Os  -fno-strict-aliasing -fno-common -ffixed-r8   -D__KERNEL__ -DTEXT_BASE=0x00c00000 -I/home/ray/workplace/git_download/HiSTB_origin/HiSTBLinux/out/hi3798mv100/hi3798mv100_out/obj/source/boot/fastboot/include -I/home/ray/workplace/git_download/HiSTB_origin/HiSTBLinux/out/hi3798mv100/hi3798mv100_out/obj/source/boot/fastboot -fno-builtin -ffreestanding -nostdinc -mfloat-abi=soft -isystem /home/ray/workplace/git_download/HiSTB_origin/HiSTBLinux/tools/linux/toolchains/arm-histbv310-linux/bin/../lib/gcc/arm-gcc492_glibc224-linux-gnueabi/4.9.2/include -pipe -DCONFIG_ARM -D__ARM__ -marm -mno-thumb-interwork  -mabi=aapcs-linux -march=armv7-a -DVERSION=3 -DPATCHLEVEL=3 -DSUBLEVEL=0 -DCONFIG_AUXIMAGE=\"/home/ray/workplace/git_download/HiSTB_origin/HiSTBLinux/out/hi3798mv100/hi3798mv100_out/obj/source/boot/fastboot/auxcode_sign.img\"   -DVERSION=3 -DPATCHLEVEL=3 -DSUBLEVEL=0 -DCONFIG_AUXIMAGE=\"/home/ray/workplace/git_download/HiSTB_origin/HiSTBLinux/out/hi3798mv100/hi3798mv100_out/obj/source/boot/fastboot/auxcode_sign.img\"   -Wall -Wstrict-prototypes -fno-stack-protector   \
	-o string.o string.c -c
  CC      kernel/power/console.o
  CC      mm/mlock.o
EVP_SealUpdate.3 => EVP_SealInit.3
EVP_SealFinal.3 => EVP_SealInit.3
installing man3/EVP_SignInit.3
EVP_SignInit_ex.3 => EVP_SignInit.3
arm-histbv310-linux-gcc  -g  -Os  -fno-strict-aliasing -fno-common -ffixed-r8   -D__KERNEL__ -DTEXT_BASE=0x00c00000 -I/home/ray/workplace/git_download/HiSTB_origin/HiSTBLinux/out/hi3798mv100/hi3798mv100_out/obj/source/boot/fastboot/include -I/home/ray/workplace/git_download/HiSTB_origin/HiSTBLinux/out/hi3798mv100/hi3798mv100_out/obj/source/boot/fastboot -fno-builtin -ffreestanding -nostdinc -mfloat-abi=soft -isystem /home/ray/workplace/git_download/HiSTB_origin/HiSTBLinux/tools/linux/toolchains/arm-histbv310-linux/bin/../lib/gcc/arm-gcc492_glibc224-linux-gnueabi/4.9.2/include -pipe -DCONFIG_ARM -D__ARM__ -marm -mno-thumb-interwork  -mabi=aapcs-linux -march=armv7-a -DVERSION=3 -DPATCHLEVEL=3 -DSUBLEVEL=0 -DCONFIG_AUXIMAGE=\"/home/ray/workplace/git_download/HiSTB_origin/HiSTBLinux/out/hi3798mv100/hi3798mv100_out/obj/source/boot/fastboot/auxcode_sign.img\"   -DVERSION=3 -DPATCHLEVEL=3 -DSUBLEVEL=0 -DCONFIG_AUXIMAGE=\"/home/ray/workplace/git_download/HiSTB_origin/HiSTBLinux/out/hi3798mv100/hi3798mv100_out/obj/source/boot/fastboot/auxcode_sign.img\"   -Wall -Wstrict-prototypes -fno-stack-protector   \
	-o time.o time.c -c
  CC      fs/statfs.o
EVP_SignUpdate.3 => EVP_SignInit.3
EVP_SignFinal.3 => EVP_SignInit.3
installing man3/EVP_VerifyInit.3
  CC      fs/fs_pin.o
EVP_VerifyUpdate.3 => EVP_VerifyInit.3
EVP_VerifyFinal.3 => EVP_VerifyInit.3
arm-histbv310-linux-gcc  -g  -Os  -fno-strict-aliasing -fno-common -ffixed-r8   -D__KERNEL__ -DTEXT_BASE=0x00c00000 -I/home/ray/workplace/git_download/HiSTB_origin/HiSTBLinux/out/hi3798mv100/hi3798mv100_out/obj/source/boot/fastboot/include -I/home/ray/workplace/git_download/HiSTB_origin/HiSTBLinux/out/hi3798mv100/hi3798mv100_out/obj/source/boot/fastboot -fno-builtin -ffreestanding -nostdinc -mfloat-abi=soft -isystem /home/ray/workplace/git_download/HiSTB_origin/HiSTBLinux/tools/linux/toolchains/arm-histbv310-linux/bin/../lib/gcc/arm-gcc492_glibc224-linux-gnueabi/4.9.2/include -pipe -DCONFIG_ARM -D__ARM__ -marm -mno-thumb-interwork  -mabi=aapcs-linux -march=armv7-a -DVERSION=3 -DPATCHLEVEL=3 -DSUBLEVEL=0 -DCONFIG_AUXIMAGE=\"/home/ray/workplace/git_download/HiSTB_origin/HiSTBLinux/out/hi3798mv100/hi3798mv100_out/obj/source/boot/fastboot/auxcode_sign.img\"   -DVERSION=3 -DPATCHLEVEL=3 -DSUBLEVEL=0 -DCONFIG_AUXIMAGE=\"/home/ray/workplace/git_download/HiSTB_origin/HiSTBLinux/out/hi3798mv100/hi3798mv100_out/obj/source/boot/fastboot/auxcode_sign.img\"   -Wall -Wstrict-prototypes -fno-stack-protector   \
	-o vsprintf.o vsprintf.c -c
installing man3/OBJ_nid2obj.3
  CC      kernel/power/process.o
  CC     route/neightbl.lo
OBJ_nid2ln.3 => OBJ_nid2obj.3
OBJ_nid2sn.3 => OBJ_nid2obj.3
OBJ_obj2nid.3 => OBJ_nid2obj.3
  CC      kernel/power/suspend.o
OBJ_txt2nid.3 => OBJ_nid2obj.3
OBJ_ln2nid.3 => OBJ_nid2obj.3
OBJ_sn2nid.3 => OBJ_nid2obj.3
OBJ_cmp.3 => OBJ_nid2obj.3
OBJ_dup.3 => OBJ_nid2obj.3
OBJ_txt2obj.3 => OBJ_nid2obj.3
OBJ_obj2txt.3 => OBJ_nid2obj.3
OBJ_create.3 => OBJ_nid2obj.3
OBJ_cleanup.3 => OBJ_nid2obj.3
installing man3/OPENSSL_Applink.3
  CC      fs/nsfs.o
  CC      kernel/power/wakelock.o
installing man3/OPENSSL_VERSION_NUMBER.3
arm-histbv310-linux-gcc  -g  -Os  -fno-strict-aliasing -fno-common -ffixed-r8   -D__KERNEL__ -DTEXT_BASE=0x00c00000 -I/home/ray/workplace/git_download/HiSTB_origin/HiSTBLinux/out/hi3798mv100/hi3798mv100_out/obj/source/boot/fastboot/include -I/home/ray/workplace/git_download/HiSTB_origin/HiSTBLinux/out/hi3798mv100/hi3798mv100_out/obj/source/boot/fastboot -fno-builtin -ffreestanding -nostdinc -mfloat-abi=soft -isystem /home/ray/workplace/git_download/HiSTB_origin/HiSTBLinux/tools/linux/toolchains/arm-histbv310-linux/bin/../lib/gcc/arm-gcc492_glibc224-linux-gnueabi/4.9.2/include -pipe -DCONFIG_ARM -D__ARM__ -marm -mno-thumb-interwork  -mabi=aapcs-linux -march=armv7-a -DVERSION=3 -DPATCHLEVEL=3 -DSUBLEVEL=0 -DCONFIG_AUXIMAGE=\"/home/ray/workplace/git_download/HiSTB_origin/HiSTBLinux/out/hi3798mv100/hi3798mv100_out/obj/source/boot/fastboot/auxcode_sign.img\"   -DVERSION=3 -DPATCHLEVEL=3 -DSUBLEVEL=0 -DCONFIG_AUXIMAGE=\"/home/ray/workplace/git_download/HiSTB_origin/HiSTBLinux/out/hi3798mv100/hi3798mv100_out/obj/source/boot/fastboot/auxcode_sign.img\"   -Wall -Wstrict-prototypes -fno-stack-protector   \
	-o vsnprintf.o vsnprintf.c -c
SSLeay.3 => OPENSSL_VERSION_NUMBER.3
  CC      mm/mmap.o
SSLeay_version.3 => OPENSSL_VERSION_NUMBER.3
  CC      fs/buffer.o
installing man3/OPENSSL_config.3
  CC      fs/block_dev.o
OPENSSL_no_config.3 => OPENSSL_config.3
installing man3/OPENSSL_ia32cap.3
arm-histbv310-linux-gcc  -g  -Os  -fno-strict-aliasing -fno-common -ffixed-r8   -D__KERNEL__ -DTEXT_BASE=0x00c00000 -I/home/ray/workplace/git_download/HiSTB_origin/HiSTBLinux/out/hi3798mv100/hi3798mv100_out/obj/source/boot/fastboot/include -I/home/ray/workplace/git_download/HiSTB_origin/HiSTBLinux/out/hi3798mv100/hi3798mv100_out/obj/source/boot/fastboot -fno-builtin -ffreestanding -nostdinc -mfloat-abi=soft -isystem /home/ray/workplace/git_download/HiSTB_origin/HiSTBLinux/tools/linux/toolchains/arm-histbv310-linux/bin/../lib/gcc/arm-gcc492_glibc224-linux-gnueabi/4.9.2/include -pipe -DCONFIG_ARM -D__ARM__ -marm -mno-thumb-interwork  -mabi=aapcs-linux -march=armv7-a -DVERSION=3 -DPATCHLEVEL=3 -DSUBLEVEL=0 -DCONFIG_AUXIMAGE=\"/home/ray/workplace/git_download/HiSTB_origin/HiSTBLinux/out/hi3798mv100/hi3798mv100_out/obj/source/boot/fastboot/auxcode_sign.img\"   -DVERSION=3 -DPATCHLEVEL=3 -DSUBLEVEL=0 -DCONFIG_AUXIMAGE=\"/home/ray/workplace/git_download/HiSTB_origin/HiSTBLinux/out/hi3798mv100/hi3798mv100_out/obj/source/boot/fastboot/auxcode_sign.img\"   -Wall -Wstrict-prototypes -fno-stack-protector   \
	-o rand.o rand.c -c
  CC      kernel/power/poweroff.o
OPENSSL_ia32cap_loc.3 => OPENSSL_ia32cap.3
installing man3/OPENSSL_instrument_bus.3
  CC      ipc/util.o
  CC      kernel/power/wakeup_reason.o
arm-histbv310-linux-gcc  -g  -Os  -fno-strict-aliasing -fno-common -ffixed-r8   -D__KERNEL__ -DTEXT_BASE=0x00c00000 -I/home/ray/workplace/git_download/HiSTB_origin/HiSTBLinux/out/hi3798mv100/hi3798mv100_out/obj/source/boot/fastboot/include -I/home/ray/workplace/git_download/HiSTB_origin/HiSTBLinux/out/hi3798mv100/hi3798mv100_out/obj/source/boot/fastboot -fno-builtin -ffreestanding -nostdinc -mfloat-abi=soft -isystem /home/ray/workplace/git_download/HiSTB_origin/HiSTBLinux/tools/linux/toolchains/arm-histbv310-linux/bin/../lib/gcc/arm-gcc492_glibc224-linux-gnueabi/4.9.2/include -pipe -DCONFIG_ARM -D__ARM__ -marm -mno-thumb-interwork  -mabi=aapcs-linux -march=armv7-a -DVERSION=3 -DPATCHLEVEL=3 -DSUBLEVEL=0 -DCONFIG_AUXIMAGE=\"/home/ray/workplace/git_download/HiSTB_origin/HiSTBLinux/out/hi3798mv100/hi3798mv100_out/obj/source/boot/fastboot/auxcode_sign.img\"   -DVERSION=3 -DPATCHLEVEL=3 -DSUBLEVEL=0 -DCONFIG_AUXIMAGE=\"/home/ray/workplace/git_download/HiSTB_origin/HiSTBLinux/out/hi3798mv100/hi3798mv100_out/obj/source/boot/fastboot/auxcode_sign.img\"   -Wall -Wstrict-prototypes -fno-stack-protector   \
	-o zlib.o zlib.c -c
OPENSSL_instrument_bus2.3 => OPENSSL_instrument_bus.3
installing man3/OPENSSL_load_builtin_modules.3
ASN1_add_oid_module.3 => OPENSSL_load_builtin_modules.3
ENGINE_add_conf_module.3 => OPENSSL_load_builtin_modules.3
  CC     route/nexthop.lo
installing man3/OpenSSL_add_all_algorithms.3
OpenSSL_add_all_ciphers.3 => OpenSSL_add_all_algorithms.3
OpenSSL_add_all_digests.3 => OpenSSL_add_all_algorithms.3
EVP_cleanup.3 => OpenSSL_add_all_algorithms.3
installing man3/PEM_write_bio_CMS_stream.3
  LD      kernel/power/built-in.o
  CC      ipc/msgutil.o
  CC      kernel/printk/printk.o
installing man3/PEM_write_bio_PKCS7_stream.3
  CC      kernel/rcu/update.o
installing man3/PKCS12_create.3
  CC      ipc/msg.o
installing man3/PKCS12_parse.3
arm-histbv310-linux-gcc  -g  -Os  -fno-strict-aliasing -fno-common -ffixed-r8   -D__KERNEL__ -DTEXT_BASE=0x00c00000 -I/home/ray/workplace/git_download/HiSTB_origin/HiSTBLinux/out/hi3798mv100/hi3798mv100_out/obj/source/boot/fastboot/include -I/home/ray/workplace/git_download/HiSTB_origin/HiSTBLinux/out/hi3798mv100/hi3798mv100_out/obj/source/boot/fastboot -fno-builtin -ffreestanding -nostdinc -mfloat-abi=soft -isystem /home/ray/workplace/git_download/HiSTB_origin/HiSTBLinux/tools/linux/toolchains/arm-histbv310-linux/bin/../lib/gcc/arm-gcc492_glibc224-linux-gnueabi/4.9.2/include -pipe -DCONFIG_ARM -D__ARM__ -marm -mno-thumb-interwork  -mabi=aapcs-linux -march=armv7-a -DVERSION=3 -DPATCHLEVEL=3 -DSUBLEVEL=0 -DCONFIG_AUXIMAGE=\"/home/ray/workplace/git_download/HiSTB_origin/HiSTBLinux/out/hi3798mv100/hi3798mv100_out/obj/source/boot/fastboot/auxcode_sign.img\"   -DVERSION=3 -DPATCHLEVEL=3 -DSUBLEVEL=0 -DCONFIG_AUXIMAGE=\"/home/ray/workplace/git_download/HiSTB_origin/HiSTBLinux/out/hi3798mv100/hi3798mv100_out/obj/source/boot/fastboot/auxcode_sign.img\"   -Wall -Wstrict-prototypes -fno-stack-protector   \
	-o reserve_mem.o reserve_mem.c -c
  CC      mm/mprotect.o
  CC     route/qdisc.lo
installing man3/PKCS7_decrypt.3
installing man3/PKCS7_encrypt.3
  CC      kernel/rcu/sync.o
arm-histbv310-linux-gcc  -g  -Os  -fno-strict-aliasing -fno-common -ffixed-r8   -D__KERNEL__ -DTEXT_BASE=0x00c00000 -I/home/ray/workplace/git_download/HiSTB_origin/HiSTBLinux/out/hi3798mv100/hi3798mv100_out/obj/source/boot/fastboot/include -I/home/ray/workplace/git_download/HiSTB_origin/HiSTBLinux/out/hi3798mv100/hi3798mv100_out/obj/source/boot/fastboot -fno-builtin -ffreestanding -nostdinc -mfloat-abi=soft -isystem /home/ray/workplace/git_download/HiSTB_origin/HiSTBLinux/tools/linux/toolchains/arm-histbv310-linux/bin/../lib/gcc/arm-gcc492_glibc224-linux-gnueabi/4.9.2/include -pipe -DCONFIG_ARM -D__ARM__ -marm -mno-thumb-interwork  -mabi=aapcs-linux -march=armv7-a -DVERSION=3 -DPATCHLEVEL=3 -DSUBLEVEL=0 -DCONFIG_AUXIMAGE=\"/home/ray/workplace/git_download/HiSTB_origin/HiSTBLinux/out/hi3798mv100/hi3798mv100_out/obj/source/boot/fastboot/auxcode_sign.img\"   -DVERSION=3 -DPATCHLEVEL=3 -DSUBLEVEL=0 -DCONFIG_AUXIMAGE=\"/home/ray/workplace/git_download/HiSTB_origin/HiSTBLinux/out/hi3798mv100/hi3798mv100_out/obj/source/boot/fastboot/auxcode_sign.img\"   -Wall -Wstrict-prototypes -fno-stack-protector   \
	-o parse_bootargs.o parse_bootargs.c -c
  CC      fs/direct-io.o
installing man3/PKCS7_sign.3
arm-histbv310-linux-gcc  -g  -Os  -fno-strict-aliasing -fno-common -ffixed-r8   -D__KERNEL__ -DTEXT_BASE=0x00c00000 -I/home/ray/workplace/git_download/HiSTB_origin/HiSTBLinux/out/hi3798mv100/hi3798mv100_out/obj/source/boot/fastboot/include -I/home/ray/workplace/git_download/HiSTB_origin/HiSTBLinux/out/hi3798mv100/hi3798mv100_out/obj/source/boot/fastboot -fno-builtin -ffreestanding -nostdinc -mfloat-abi=soft -isystem /home/ray/workplace/git_download/HiSTB_origin/HiSTBLinux/tools/linux/toolchains/arm-histbv310-linux/bin/../lib/gcc/arm-gcc492_glibc224-linux-gnueabi/4.9.2/include -pipe -DCONFIG_ARM -D__ARM__ -marm -mno-thumb-interwork  -mabi=aapcs-linux -march=armv7-a -DVERSION=3 -DPATCHLEVEL=3 -DSUBLEVEL=0 -DCONFIG_AUXIMAGE=\"/home/ray/workplace/git_download/HiSTB_origin/HiSTBLinux/out/hi3798mv100/hi3798mv100_out/obj/source/boot/fastboot/auxcode_sign.img\"   -DVERSION=3 -DPATCHLEVEL=3 -DSUBLEVEL=0 -DCONFIG_AUXIMAGE=\"/home/ray/workplace/git_download/HiSTB_origin/HiSTBLinux/out/hi3798mv100/hi3798mv100_out/obj/source/boot/fastboot/auxcode_sign.img\"   -Wall -Wstrict-prototypes -fno-stack-protector   \
	-o match_table.o match_table.c -c
  CC      kernel/rcu/srcu.o
installing man3/PKCS7_sign_add_signer.3
  CC      mm/mremap.o
  CC      ipc/sem.o
arm-histbv310-linux-gcc  -g  -Os  -fno-strict-aliasing -fno-common -ffixed-r8   -D__KERNEL__ -DTEXT_BASE=0x00c00000 -I/home/ray/workplace/git_download/HiSTB_origin/HiSTBLinux/out/hi3798mv100/hi3798mv100_out/obj/source/boot/fastboot/include -I/home/ray/workplace/git_download/HiSTB_origin/HiSTBLinux/out/hi3798mv100/hi3798mv100_out/obj/source/boot/fastboot -fno-builtin -ffreestanding -nostdinc -mfloat-abi=soft -isystem /home/ray/workplace/git_download/HiSTB_origin/HiSTBLinux/tools/linux/toolchains/arm-histbv310-linux/bin/../lib/gcc/arm-gcc492_glibc224-linux-gnueabi/4.9.2/include -pipe -DCONFIG_ARM -D__ARM__ -marm -mno-thumb-interwork  -mabi=aapcs-linux -march=armv7-a -DVERSION=3 -DPATCHLEVEL=3 -DSUBLEVEL=0 -DCONFIG_AUXIMAGE=\"/home/ray/workplace/git_download/HiSTB_origin/HiSTBLinux/out/hi3798mv100/hi3798mv100_out/obj/source/boot/fastboot/auxcode_sign.img\"   -DVERSION=3 -DPATCHLEVEL=3 -DSUBLEVEL=0 -DCONFIG_AUXIMAGE=\"/home/ray/workplace/git_download/HiSTB_origin/HiSTBLinux/out/hi3798mv100/hi3798mv100_out/obj/source/boot/fastboot/auxcode_sign.img\"   -Wall -Wstrict-prototypes -fno-stack-protector   \
	-o bootimg.o bootimg.c -c
installing man3/PKCS7_verify.3
arm-histbv310-linux-ar crv libgeneric.a crc16.o strmhz.o crc32.o ctype.o display_options.o div64.o gunzip.o ldiv.o net_utils.o string.o time.o vsprintf.o vsnprintf.o rand.o zlib.o reserve_mem.o parse_bootargs.o match_table.o bootimg.o
PKCS7_get0_signers.3 => PKCS7_verify.3
installing man3/RAND_add.3
  CC      kernel/rcu/tree.o
  CC     route/route.lo
r - crc16.o
r - strmhz.o
r - crc32.o
r - ctype.o
r - display_options.o
r - div64.o
r - gunzip.o
r - ldiv.o
r - net_utils.o
r - string.o
r - time.o
r - vsprintf.o
r - vsnprintf.o
r - rand.o
r - zlib.o
r - reserve_mem.o
r - parse_bootargs.o
r - match_table.o
r - bootimg.o
make[4]: Leaving directory '/home/ray/workplace/git_download/HiSTB_origin/HiSTBLinux/out/hi3798mv100/hi3798mv100_out/obj/source/boot/fastboot/lib'
if [ sslib/lzma/liblzma.a != ss/home/ray/workplace/git_download/HiSTB_origin/HiSTBLinux/out/hi3798mv100/hi3798mv100_out/obj/source/boot/product/libproduct.a ]; then ( \
	make -C lib/lzma/; \
) fi
  LD      kernel/printk/built-in.o
  CC      mm/msync.o
RAND_seed.3 => RAND_add.3
RAND_status.3 => RAND_add.3
RAND_event.3 => RAND_add.3
RAND_screen.3 => RAND_add.3
installing man3/RAND_bytes.3
make[4]: Entering directory '/home/ray/workplace/git_download/HiSTB_origin/HiSTBLinux/out/hi3798mv100/hi3798mv100_out/obj/source/boot/fastboot/lib/lzma'
RAND_pseudo_bytes.3 => RAND_bytes.3
installing man3/RAND_cleanup.3
  CC      kernel/sched/core.o
installing man3/RAND_egd.3
  CC      mm/rmap.o
arm-histbv310-linux-ar crv liblzma.a 
RAND_egd_bytes.3 => RAND_egd.3
RAND_query_egd_bytes.3 => RAND_egd.3
installing man3/RAND_load_file.3
  CC     route/route_obj.lo
make[4]: Leaving directory '/home/ray/workplace/git_download/HiSTB_origin/HiSTBLinux/out/hi3798mv100/hi3798mv100_out/obj/source/boot/fastboot/lib/lzma'
if [ sslib/lzo/liblzo.a != ss/home/ray/workplace/git_download/HiSTB_origin/HiSTBLinux/out/hi3798mv100/hi3798mv100_out/obj/source/boot/product/libproduct.a ]; then ( \
	make -C lib/lzo/; \
) fi
  CC      ipc/shm.o
RAND_write_file.3 => RAND_load_file.3
RAND_file_name.3 => RAND_load_file.3
installing man3/RAND_set_rand_method.3
make[4]: Entering directory '/home/ray/workplace/git_download/HiSTB_origin/HiSTBLinux/out/hi3798mv100/hi3798mv100_out/obj/source/boot/fastboot/lib/lzo'
RAND_get_rand_method.3 => RAND_set_rand_method.3
RAND_SSLeay.3 => RAND_set_rand_method.3
installing man3/RSA_blinding_on.3
RSA_blinding_off.3 => RSA_blinding_on.3
installing man3/RSA_check_key.3
  CC      fs/mpage.o
arm-histbv310-linux-ar crv liblzo.a 
installing man3/RSA_generate_key.3
  CC      mm/vmalloc.o
make[4]: Leaving directory '/home/ray/workplace/git_download/HiSTB_origin/HiSTBLinux/out/hi3798mv100/hi3798mv100_out/obj/source/boot/fastboot/lib/lzo'
if [ ssarch/arm/cpu/hi3798mx/libhi3798mx.a != ss/home/ray/workplace/git_download/HiSTB_origin/HiSTBLinux/out/hi3798mv100/hi3798mv100_out/obj/source/boot/product/libproduct.a ]; then ( \
	make -C arch/arm/cpu/hi3798mx/; \
) fi
RSA_generate_key_ex.3 => RSA_generate_key.3
installing man3/RSA_get_ex_new_index.3
make[4]: Entering directory '/home/ray/workplace/git_download/HiSTB_origin/HiSTBLinux/out/hi3798mv100/hi3798mv100_out/obj/source/boot/fastboot/arch/arm/cpu/hi3798mx'
  CC      ipc/syscall.o
RSA_set_ex_data.3 => RSA_get_ex_new_index.3
RSA_get_ex_data.3 => RSA_get_ex_new_index.3
installing man3/RSA_new.3
arm-histbv310-linux-gcc   -D__ASSEMBLY__ -g  -Os  -fno-strict-aliasing -fno-common -ffixed-r8   -D__KERNEL__ -DTEXT_BASE=0x00c00000 -I/home/ray/workplace/git_download/HiSTB_origin/HiSTBLinux/out/hi3798mv100/hi3798mv100_out/obj/source/boot/fastboot/include -I/home/ray/workplace/git_download/HiSTB_origin/HiSTBLinux/out/hi3798mv100/hi3798mv100_out/obj/source/boot/fastboot -fno-builtin -ffreestanding -nostdinc -mfloat-abi=soft -isystem /home/ray/workplace/git_download/HiSTB_origin/HiSTBLinux/tools/linux/toolchains/arm-histbv310-linux/bin/../lib/gcc/arm-gcc492_glibc224-linux-gnueabi/4.9.2/include -pipe -DCONFIG_ARM -D__ARM__ -marm -mno-thumb-interwork  -mabi=aapcs-linux -march=armv7-a -DVERSION=3 -DPATCHLEVEL=3 -DSUBLEVEL=0 -DCONFIG_AUXIMAGE=\"/home/ray/workplace/git_download/HiSTB_origin/HiSTBLinux/out/hi3798mv100/hi3798mv100_out/obj/source/boot/fastboot/auxcode_sign.img\"   -DVERSION=3 -DPATCHLEVEL=3 -DSUBLEVEL=0 -DCONFIG_AUXIMAGE=\"/home/ray/workplace/git_download/HiSTB_origin/HiSTBLinux/out/hi3798mv100/hi3798mv100_out/obj/source/boot/fastboot/auxcode_sign.img\"     \
	-o uart.o uart.S -c
RSA_free.3 => RSA_new.3
installing man3/RSA_padding_add_PKCS1_type_1.3
arm-histbv310-linux-gcc   -D__ASSEMBLY__ -g  -Os  -fno-strict-aliasing -fno-common -ffixed-r8   -D__KERNEL__ -DTEXT_BASE=0x00c00000 -I/home/ray/workplace/git_download/HiSTB_origin/HiSTBLinux/out/hi3798mv100/hi3798mv100_out/obj/source/boot/fastboot/include -I/home/ray/workplace/git_download/HiSTB_origin/HiSTBLinux/out/hi3798mv100/hi3798mv100_out/obj/source/boot/fastboot -fno-builtin -ffreestanding -nostdinc -mfloat-abi=soft -isystem /home/ray/workplace/git_download/HiSTB_origin/HiSTBLinux/tools/linux/toolchains/arm-histbv310-linux/bin/../lib/gcc/arm-gcc492_glibc224-linux-gnueabi/4.9.2/include -pipe -DCONFIG_ARM -D__ARM__ -marm -mno-thumb-interwork  -mabi=aapcs-linux -march=armv7-a -DVERSION=3 -DPATCHLEVEL=3 -DSUBLEVEL=0 -DCONFIG_AUXIMAGE=\"/home/ray/workplace/git_download/HiSTB_origin/HiSTBLinux/out/hi3798mv100/hi3798mv100_out/obj/source/boot/fastboot/auxcode_sign.img\"   -DVERSION=3 -DPATCHLEVEL=3 -DSUBLEVEL=0 -DCONFIG_AUXIMAGE=\"/home/ray/workplace/git_download/HiSTB_origin/HiSTBLinux/out/hi3798mv100/hi3798mv100_out/obj/source/boot/fastboot/auxcode_sign.img\"     \
	-o arm_exception.o arm_exception.S -c
RSA_padding_check_PKCS1_type_1.3 => RSA_padding_add_PKCS1_type_1.3
RSA_padding_add_PKCS1_type_2.3 => RSA_padding_add_PKCS1_type_1.3
RSA_padding_check_PKCS1_type_2.3 => RSA_padding_add_PKCS1_type_1.3
RSA_padding_add_PKCS1_OAEP.3 => RSA_padding_add_PKCS1_type_1.3
arm-histbv310-linux-gcc   -D__ASSEMBLY__ -g  -Os  -fno-strict-aliasing -fno-common -ffixed-r8   -D__KERNEL__ -DTEXT_BASE=0x00c00000 -I/home/ray/workplace/git_download/HiSTB_origin/HiSTBLinux/out/hi3798mv100/hi3798mv100_out/obj/source/boot/fastboot/include -I/home/ray/workplace/git_download/HiSTB_origin/HiSTBLinux/out/hi3798mv100/hi3798mv100_out/obj/source/boot/fastboot -fno-builtin -ffreestanding -nostdinc -mfloat-abi=soft -isystem /home/ray/workplace/git_download/HiSTB_origin/HiSTBLinux/tools/linux/toolchains/arm-histbv310-linux/bin/../lib/gcc/arm-gcc492_glibc224-linux-gnueabi/4.9.2/include -pipe -DCONFIG_ARM -D__ARM__ -marm -mno-thumb-interwork  -mabi=aapcs-linux -march=armv7-a -DVERSION=3 -DPATCHLEVEL=3 -DSUBLEVEL=0 -DCONFIG_AUXIMAGE=\"/home/ray/workplace/git_download/HiSTB_origin/HiSTBLinux/out/hi3798mv100/hi3798mv100_out/obj/source/boot/fastboot/auxcode_sign.img\"   -DVERSION=3 -DPATCHLEVEL=3 -DSUBLEVEL=0 -DCONFIG_AUXIMAGE=\"/home/ray/workplace/git_download/HiSTB_origin/HiSTBLinux/out/hi3798mv100/hi3798mv100_out/obj/source/boot/fastboot/auxcode_sign.img\"     \
	-o slave_bootup.o slave_bootup.S -c
RSA_padding_check_PKCS1_OAEP.3 => RSA_padding_add_PKCS1_type_1.3
  CC      ipc/ipc_sysctl.o
RSA_padding_add_SSLv23.3 => RSA_padding_add_PKCS1_type_1.3
RSA_padding_check_SSLv23.3 => RSA_padding_add_PKCS1_type_1.3
RSA_padding_add_none.3 => RSA_padding_add_PKCS1_type_1.3
  CC      fs/proc_namespace.o
RSA_padding_check_none.3 => RSA_padding_add_PKCS1_type_1.3
installing man3/RSA_print.3
  LD      kernel/rcu/built-in.o
  CC      kernel/sched/loadavg.o
arm-histbv310-linux-gcc  -g  -Os  -fno-strict-aliasing -fno-common -ffixed-r8   -D__KERNEL__ -DTEXT_BASE=0x00c00000 -I/home/ray/workplace/git_download/HiSTB_origin/HiSTBLinux/out/hi3798mv100/hi3798mv100_out/obj/source/boot/fastboot/include -I/home/ray/workplace/git_download/HiSTB_origin/HiSTBLinux/out/hi3798mv100/hi3798mv100_out/obj/source/boot/fastboot -fno-builtin -ffreestanding -nostdinc -mfloat-abi=soft -isystem /home/ray/workplace/git_download/HiSTB_origin/HiSTBLinux/tools/linux/toolchains/arm-histbv310-linux/bin/../lib/gcc/arm-gcc492_glibc224-linux-gnueabi/4.9.2/include -pipe -DCONFIG_ARM -D__ARM__ -marm -mno-thumb-interwork  -mabi=aapcs-linux -march=armv7-a -DVERSION=3 -DPATCHLEVEL=3 -DSUBLEVEL=0 -DCONFIG_AUXIMAGE=\"/home/ray/workplace/git_download/HiSTB_origin/HiSTBLinux/out/hi3798mv100/hi3798mv100_out/obj/source/boot/fastboot/auxcode_sign.img\"   -DVERSION=3 -DPATCHLEVEL=3 -DSUBLEVEL=0 -DCONFIG_AUXIMAGE=\"/home/ray/workplace/git_download/HiSTB_origin/HiSTBLinux/out/hi3798mv100/hi3798mv100_out/obj/source/boot/fastboot/auxcode_sign.img\"   -Wall -Wstrict-prototypes -fno-stack-protector   \
	-o chip.o chip.c -c
RSA_print_fp.3 => RSA_print.3
DSAparams_print.3 => RSA_print.3
DSAparams_print_fp.3 => RSA_print.3
DSA_print.3 => RSA_print.3
DSA_print_fp.3 => RSA_print.3
DHparams_print.3 => RSA_print.3
DHparams_print_fp.3 => RSA_print.3
chip.c: In function 'set_core_voltage':
chip.c:36:69: warning: unused variable 'delay_count' [-Wunused-variable]
  unsigned int regval, hpm_code, hpm_code_average, cpu_volt_reg_val, delay_count, core_volt_reg_val, corner_type;
                                                                     ^
chip.c: In function 'reset_cpu':
chip.c:145:2: warning: implicit declaration of function 'printf' [-Wimplicit-function-declaration]
  printf("*** CPU will be reset by WDG0 now\n");
  ^
In file included from /home/ray/workplace/git_download/HiSTB_origin/HiSTBLinux/out/hi3798mv100/hi3798mv100_out/obj/source/boot/fastboot/include/configs/hi3798mx.h:24:0,
                 from /home/ray/workplace/git_download/HiSTB_origin/HiSTBLinux/out/hi3798mv100/hi3798mv100_out/obj/source/boot/fastboot/include/config.h:4,
                 from chip.c:9:
chip.c: In function 'check_bootfromsd':
/home/ray/workplace/git_download/HiSTB_origin/HiSTBLinux/out/hi3798mv100/hi3798mv100_out/obj/source/boot/fastboot/include/asm/arch/platform.h:112:41: warning: passing argument 1 of 'reg_read_write' makes pointer from integer without a cast
 #define REG_IOSHARE_EBI_DQ7             (REG_BASE_IOSHARE + 0x000)
                                         ^
chip.c:192:18: note: in expansion of macro 'REG_IOSHARE_EBI_DQ7'
   reg_read_write(REG_IOSHARE_EBI_DQ7, 0x0, 0x3);
                  ^
chip.c:24:6: note: expected 'volatile unsigned int *' but argument is of type 'unsigned int'
 void reg_read_write(volatile unsigned int *reg_addr, unsigned int val, unsigned int mask)
      ^
In file included from /home/ray/workplace/git_download/HiSTB_origin/HiSTBLinux/out/hi3798mv100/hi3798mv100_out/obj/source/boot/fastboot/include/configs/hi3798mx.h:24:0,
                 from /home/ray/workplace/git_download/HiSTB_origin/HiSTBLinux/out/hi3798mv100/hi3798mv100_out/obj/source/boot/fastboot/include/config.h:4,
                 from chip.c:9:
/home/ray/workplace/git_download/HiSTB_origin/HiSTBLinux/out/hi3798mv100/hi3798mv100_out/obj/source/boot/fastboot/include/asm/arch/platform.h:113:41: warning: passing argument 1 of 'reg_read_write' makes pointer from integer without a cast
 #define REG_IOSHARE_EBI_DQ6             (REG_BASE_IOSHARE + 0x004)
                                         ^
chip.c:193:18: note: in expansion of macro 'REG_IOSHARE_EBI_DQ6'
   reg_read_write(REG_IOSHARE_EBI_DQ6, 0x0, 0x1);
                  ^
chip.c:24:6: note: expected 'volatile unsigned int *' but argument is of type 'unsigned int'
 void reg_read_write(volatile unsigned int *reg_addr, unsigned int val, unsigned int mask)
      ^
In file included from /home/ray/workplace/git_download/HiSTB_origin/HiSTBLinux/out/hi3798mv100/hi3798mv100_out/obj/source/boot/fastboot/include/configs/hi3798mx.h:24:0,
                 from /home/ray/workplace/git_download/HiSTB_origin/HiSTBLinux/out/hi3798mv100/hi3798mv100_out/obj/source/boot/fastboot/include/config.h:4,
                 from chip.c:9:
/home/ray/workplace/git_download/HiSTB_origin/HiSTBLinux/out/hi3798mv100/hi3798mv100_out/obj/source/boot/fastboot/include/asm/arch/platform.h:114:41: warning: passing argument 1 of 'reg_read_write' makes pointer from integer without a cast
 #define REG_IOSHARE_EBI_DQ5             (REG_BASE_IOSHARE + 0x008)
                                         ^
chip.c:194:18: note: in expansion of macro 'REG_IOSHARE_EBI_DQ5'
   reg_read_write(REG_IOSHARE_EBI_DQ5, 0x0, 0x1);
                  ^
chip.c:24:6: note: expected 'volatile unsigned int *' but argument is of type 'unsigned int'
 void reg_read_write(volatile unsigned int *reg_addr, unsigned int val, unsigned int mask)
      ^
In file included from /home/ray/workplace/git_download/HiSTB_origin/HiSTBLinux/out/hi3798mv100/hi3798mv100_out/obj/source/boot/fastboot/include/configs/hi3798mx.h:24:0,
                 from /home/ray/workplace/git_download/HiSTB_origin/HiSTBLinux/out/hi3798mv100/hi3798mv100_out/obj/source/boot/fastboot/include/config.h:4,
                 from chip.c:9:
/home/ray/workplace/git_download/HiSTB_origin/HiSTBLinux/out/hi3798mv100/hi3798mv100_out/obj/source/boot/fastboot/include/asm/arch/platform.h:115:41: warning: passing argument 1 of 'reg_read_write' makes pointer from integer without a cast
 #define REG_IOSHARE_EBI_DQ4             (REG_BASE_IOSHARE + 0x00C)
                                         ^
chip.c:195:18: note: in expansion of macro 'REG_IOSHARE_EBI_DQ4'
   reg_read_write(REG_IOSHARE_EBI_DQ4, 0x0, 0x1);
                  ^
chip.c:24:6: note: expected 'volatile unsigned int *' but argument is of type 'unsigned int'
 void reg_read_write(volatile unsigned int *reg_addr, unsigned int val, unsigned int mask)
      ^
installing man3/RSA_private_encrypt.3
  CC      ipc/mqueue.o
arm-histbv310-linux-gcc  -g  -Os  -fno-strict-aliasing -fno-common -ffixed-r8   -D__KERNEL__ -DTEXT_BASE=0x00c00000 -I/home/ray/workplace/git_download/HiSTB_origin/HiSTBLinux/out/hi3798mv100/hi3798mv100_out/obj/source/boot/fastboot/include -I/home/ray/workplace/git_download/HiSTB_origin/HiSTBLinux/out/hi3798mv100/hi3798mv100_out/obj/source/boot/fastboot -fno-builtin -ffreestanding -nostdinc -mfloat-abi=soft -isystem /home/ray/workplace/git_download/HiSTB_origin/HiSTBLinux/tools/linux/toolchains/arm-histbv310-linux/bin/../lib/gcc/arm-gcc492_glibc224-linux-gnueabi/4.9.2/include -pipe -DCONFIG_ARM -D__ARM__ -marm -mno-thumb-interwork  -mabi=aapcs-linux -march=armv7-a -DVERSION=3 -DPATCHLEVEL=3 -DSUBLEVEL=0 -DCONFIG_AUXIMAGE=\"/home/ray/workplace/git_download/HiSTB_origin/HiSTBLinux/out/hi3798mv100/hi3798mv100_out/obj/source/boot/fastboot/auxcode_sign.img\"   -DVERSION=3 -DPATCHLEVEL=3 -DSUBLEVEL=0 -DCONFIG_AUXIMAGE=\"/home/ray/workplace/git_download/HiSTB_origin/HiSTBLinux/out/hi3798mv100/hi3798mv100_out/obj/source/boot/fastboot/auxcode_sign.img\"   -Wall -Wstrict-prototypes -fno-stack-protector   \
	-o lowlevel_init.o lowlevel_init.c -c
RSA_public_decrypt.3 => RSA_private_encrypt.3
  CC     route/route_utils.lo
installing man3/RSA_public_encrypt.3
  CC      ipc/namespace.o
arm-histbv310-linux-gcc  -g  -Os  -fno-strict-aliasing -fno-common -ffixed-r8   -D__KERNEL__ -DTEXT_BASE=0x00c00000 -I/home/ray/workplace/git_download/HiSTB_origin/HiSTBLinux/out/hi3798mv100/hi3798mv100_out/obj/source/boot/fastboot/include -I/home/ray/workplace/git_download/HiSTB_origin/HiSTBLinux/out/hi3798mv100/hi3798mv100_out/obj/source/boot/fastboot -fno-builtin -ffreestanding -nostdinc -mfloat-abi=soft -isystem /home/ray/workplace/git_download/HiSTB_origin/HiSTBLinux/tools/linux/toolchains/arm-histbv310-linux/bin/../lib/gcc/arm-gcc492_glibc224-linux-gnueabi/4.9.2/include -pipe -DCONFIG_ARM -D__ARM__ -marm -mno-thumb-interwork  -mabi=aapcs-linux -march=armv7-a -DVERSION=3 -DPATCHLEVEL=3 -DSUBLEVEL=0 -DCONFIG_AUXIMAGE=\"/home/ray/workplace/git_download/HiSTB_origin/HiSTBLinux/out/hi3798mv100/hi3798mv100_out/obj/source/boot/fastboot/auxcode_sign.img\"   -DVERSION=3 -DPATCHLEVEL=3 -DSUBLEVEL=0 -DCONFIG_AUXIMAGE=\"/home/ray/workplace/git_download/HiSTB_origin/HiSTBLinux/out/hi3798mv100/hi3798mv100_out/obj/source/boot/fastboot/auxcode_sign.img\"   -Wall -Wstrict-prototypes -fno-stack-protector   \
	-o emmc_boot.o emmc_boot.c -c
  CC [M]  fs/autofs4/init.o
  CC      mm/pagewalk.o
RSA_private_decrypt.3 => RSA_public_encrypt.3
installing man3/RSA_set_method.3
arm-histbv310-linux-gcc  -g  -Os  -fno-strict-aliasing -fno-common -ffixed-r8   -D__KERNEL__ -DTEXT_BASE=0x00c00000 -I/home/ray/workplace/git_download/HiSTB_origin/HiSTBLinux/out/hi3798mv100/hi3798mv100_out/obj/source/boot/fastboot/include -I/home/ray/workplace/git_download/HiSTB_origin/HiSTBLinux/out/hi3798mv100/hi3798mv100_out/obj/source/boot/fastboot -fno-builtin -ffreestanding -nostdinc -mfloat-abi=soft -isystem /home/ray/workplace/git_download/HiSTB_origin/HiSTBLinux/tools/linux/toolchains/arm-histbv310-linux/bin/../lib/gcc/arm-gcc492_glibc224-linux-gnueabi/4.9.2/include -pipe -DCONFIG_ARM -D__ARM__ -marm -mno-thumb-interwork  -mabi=aapcs-linux -march=armv7-a -DVERSION=3 -DPATCHLEVEL=3 -DSUBLEVEL=0 -DCONFIG_AUXIMAGE=\"/home/ray/workplace/git_download/HiSTB_origin/HiSTBLinux/out/hi3798mv100/hi3798mv100_out/obj/source/boot/fastboot/auxcode_sign.img\"   -DVERSION=3 -DPATCHLEVEL=3 -DSUBLEVEL=0 -DCONFIG_AUXIMAGE=\"/home/ray/workplace/git_download/HiSTB_origin/HiSTBLinux/out/hi3798mv100/hi3798mv100_out/obj/source/boot/fastboot/auxcode_sign.img\"   -Wall -Wstrict-prototypes -fno-stack-protector   \
	-o cpu.o cpu.c -c
RSA_set_default_method.3 => RSA_set_method.3
RSA_get_default_method.3 => RSA_set_method.3
RSA_get_method.3 => RSA_set_method.3
RSA_PKCS1_SSLeay.3 => RSA_set_method.3
RSA_null_method.3 => RSA_set_method.3
RSA_flags.3 => RSA_set_method.3
RSA_new_method.3 => RSA_set_method.3
  CC      mm/pgtable-generic.o
installing man3/RSA_sign.3
  CC [M]  fs/autofs4/inode.o
  CC [M]  fs/autofs4/root.o
arm-histbv310-linux-gcc  -g  -Os  -fno-strict-aliasing -fno-common -ffixed-r8   -D__KERNEL__ -DTEXT_BASE=0x00c00000 -I/home/ray/workplace/git_download/HiSTB_origin/HiSTBLinux/out/hi3798mv100/hi3798mv100_out/obj/source/boot/fastboot/include -I/home/ray/workplace/git_download/HiSTB_origin/HiSTBLinux/out/hi3798mv100/hi3798mv100_out/obj/source/boot/fastboot -fno-builtin -ffreestanding -nostdinc -mfloat-abi=soft -isystem /home/ray/workplace/git_download/HiSTB_origin/HiSTBLinux/tools/linux/toolchains/arm-histbv310-linux/bin/../lib/gcc/arm-gcc492_glibc224-linux-gnueabi/4.9.2/include -pipe -DCONFIG_ARM -D__ARM__ -marm -mno-thumb-interwork  -mabi=aapcs-linux -march=armv7-a -DVERSION=3 -DPATCHLEVEL=3 -DSUBLEVEL=0 -DCONFIG_AUXIMAGE=\"/home/ray/workplace/git_download/HiSTB_origin/HiSTBLinux/out/hi3798mv100/hi3798mv100_out/obj/source/boot/fastboot/auxcode_sign.img\"   -DVERSION=3 -DPATCHLEVEL=3 -DSUBLEVEL=0 -DCONFIG_AUXIMAGE=\"/home/ray/workplace/git_download/HiSTB_origin/HiSTBLinux/out/hi3798mv100/hi3798mv100_out/obj/source/boot/fastboot/auxcode_sign.img\"   -Wall -Wstrict-prototypes -fno-stack-protector   \
	-o timer.o timer.c -c
RSA_verify.3 => RSA_sign.3
installing man3/RSA_sign_ASN1_OCTET_STRING.3
  CC     route/rtnl.lo
RSA_verify_ASN1_OCTET_STRING.3 => RSA_sign_ASN1_OCTET_STRING.3
installing man3/RSA_size.3
arm-histbv310-linux-gcc  -g  -Os  -fno-strict-aliasing -fno-common -ffixed-r8   -D__KERNEL__ -DTEXT_BASE=0x00c00000 -I/home/ray/workplace/git_download/HiSTB_origin/HiSTBLinux/out/hi3798mv100/hi3798mv100_out/obj/source/boot/fastboot/include -I/home/ray/workplace/git_download/HiSTB_origin/HiSTBLinux/out/hi3798mv100/hi3798mv100_out/obj/source/boot/fastboot -fno-builtin -ffreestanding -nostdinc -mfloat-abi=soft -isystem /home/ray/workplace/git_download/HiSTB_origin/HiSTBLinux/tools/linux/toolchains/arm-histbv310-linux/bin/../lib/gcc/arm-gcc492_glibc224-linux-gnueabi/4.9.2/include -pipe -DCONFIG_ARM -D__ARM__ -marm -mno-thumb-interwork  -mabi=aapcs-linux -march=armv7-a -DVERSION=3 -DPATCHLEVEL=3 -DSUBLEVEL=0 -DCONFIG_AUXIMAGE=\"/home/ray/workplace/git_download/HiSTB_origin/HiSTBLinux/out/hi3798mv100/hi3798mv100_out/obj/source/boot/fastboot/auxcode_sign.img\"   -DVERSION=3 -DPATCHLEVEL=3 -DSUBLEVEL=0 -DCONFIG_AUXIMAGE=\"/home/ray/workplace/git_download/HiSTB_origin/HiSTBLinux/out/hi3798mv100/hi3798mv100_out/obj/source/boot/fastboot/auxcode_sign.img\"   -Wall -Wstrict-prototypes -fno-stack-protector   \
	-o usb.o usb.c -c
  CC      mm/process_vm_access.o
installing man3/SMIME_read_CMS.3
  CC      mm/init-mm.o
arm-histbv310-linux-ar crv libhi3798mx.a uart.o arm_exception.o slave_bootup.o chip.o lowlevel_init.o emmc_boot.o cpu.o timer.o usb.o
installing man3/SMIME_read_PKCS7.3
r - uart.o
r - arm_exception.o
r - slave_bootup.o
r - chip.o
r - lowlevel_init.o
r - emmc_boot.o
r - cpu.o
r - timer.o
r - usb.o
make[4]: Leaving directory '/home/ray/workplace/git_download/HiSTB_origin/HiSTBLinux/out/hi3798mv100/hi3798mv100_out/obj/source/boot/fastboot/arch/arm/cpu/hi3798mx'
if [ ssarch/arm/lib/libarm.a != ss/home/ray/workplace/git_download/HiSTB_origin/HiSTBLinux/out/hi3798mv100/hi3798mv100_out/obj/source/boot/product/libproduct.a ]; then ( \
	make -C arch/arm/lib/; \
) fi
  CC      ipc/mq_sysctl.o
  CC [M]  fs/autofs4/symlink.o
  CC [M]  fs/autofs4/waitq.o
installing man3/SMIME_write_CMS.3
make[4]: Entering directory '/home/ray/workplace/git_download/HiSTB_origin/HiSTBLinux/out/hi3798mv100/hi3798mv100_out/obj/source/boot/fastboot/arch/arm/lib'
  CC      mm/nobootmem.o
  CC     route/rule.lo
  LD      ipc/built-in.o
  CC      mm/fadvise.o
installing man3/SMIME_write_PKCS7.3
  CC      mm/madvise.o
installing man3/SSLeay_version.3
  CC [M]  fs/autofs4/expire.o
installing man3/X509_NAME_ENTRY_get_object.3
  CC [M]  fs/autofs4/dev-ioctl.o
X509_NAME_ENTRY_get_data.3 => X509_NAME_ENTRY_get_object.3
  CC      mm/memblock.o
X509_NAME_ENTRY_set_object.3 => X509_NAME_ENTRY_get_object.3
X509_NAME_ENTRY_set_data.3 => X509_NAME_ENTRY_get_object.3
X509_NAME_ENTRY_create_by_txt.3 => X509_NAME_ENTRY_get_object.3
X509_NAME_ENTRY_create_by_NID.3 => X509_NAME_ENTRY_get_object.3
X509_NAME_ENTRY_create_by_OBJ.3 => X509_NAME_ENTRY_get_object.3
installing man3/X509_NAME_add_entry_by_txt.3
X509_NAME_add_entry_by_OBJ.3 => X509_NAME_add_entry_by_txt.3
X509_NAME_add_entry_by_NID.3 => X509_NAME_add_entry_by_txt.3
X509_NAME_add_entry.3 => X509_NAME_add_entry_by_txt.3
X509_NAME_delete_entry.3 => X509_NAME_add_entry_by_txt.3
  CC      security/integrity/iint.o
installing man3/X509_NAME_get_index_by_NID.3
X509_NAME_get_index_by_OBJ.3 => X509_NAME_get_index_by_NID.3
X509_NAME_get_entry.3 => X509_NAME_get_index_by_NID.3
X509_NAME_entry_count.3 => X509_NAME_get_index_by_NID.3
X509_NAME_get_text_by_NID.3 => X509_NAME_get_index_by_NID.3
X509_NAME_get_text_by_OBJ.3 => X509_NAME_get_index_by_NID.3
installing man3/X509_NAME_print_ex.3
  LD [M]  fs/autofs4/autofs4.o
X509_NAME_print_ex_fp.3 => X509_NAME_print_ex.3
  CC      security/integrity/integrity_audit.o
X509_NAME_print.3 => X509_NAME_print_ex.3
X509_NAME_oneline.3 => X509_NAME_print_ex.3
  CC      fs/cachefiles/bind.o
installing man3/X509_STORE_CTX_get_error.3
  CC     route/tc.lo
  CC      kernel/sched/clock.o
  CC      crypto/api.o
X509_STORE_CTX_set_error.3 => X509_STORE_CTX_get_error.3
X509_STORE_CTX_get_error_depth.3 => X509_STORE_CTX_get_error.3
X509_STORE_CTX_get_current_cert.3 => X509_STORE_CTX_get_error.3
X509_STORE_CTX_get1_chain.3 => X509_STORE_CTX_get_error.3
  CC      mm/dmapool.o
X509_verify_cert_error_string.3 => X509_STORE_CTX_get_error.3
installing man3/X509_STORE_CTX_get_ex_new_index.3
  LD      security/integrity/integrity.o
  CC      kernel/sched/cputime.o
  LD      security/integrity/built-in.o
X509_STORE_CTX_set_ex_data.3 => X509_STORE_CTX_get_ex_new_index.3
X509_STORE_CTX_get_ex_data.3 => X509_STORE_CTX_get_ex_new_index.3
installing man3/X509_STORE_CTX_new.3
  CC      security/keys/gc.o
  CC      fs/cachefiles/daemon.o
arm-histbv310-linux-gcc   -D__ASSEMBLY__ -g  -Os  -fno-strict-aliasing -fno-common -ffixed-r8   -D__KERNEL__ -DTEXT_BASE=0x00c00000 -I/home/ray/workplace/git_download/HiSTB_origin/HiSTBLinux/out/hi3798mv100/hi3798mv100_out/obj/source/boot/fastboot/include -I/home/ray/workplace/git_download/HiSTB_origin/HiSTBLinux/out/hi3798mv100/hi3798mv100_out/obj/source/boot/fastboot -fno-builtin -ffreestanding -nostdinc -mfloat-abi=soft -isystem /home/ray/workplace/git_download/HiSTB_origin/HiSTBLinux/tools/linux/toolchains/arm-histbv310-linux/bin/../lib/gcc/arm-gcc492_glibc224-linux-gnueabi/4.9.2/include -pipe -DCONFIG_ARM -D__ARM__ -marm -mno-thumb-interwork  -mabi=aapcs-linux -march=armv7-a -DVERSION=3 -DPATCHLEVEL=3 -DSUBLEVEL=0 -DCONFIG_AUXIMAGE=\"/home/ray/workplace/git_download/HiSTB_origin/HiSTBLinux/out/hi3798mv100/hi3798mv100_out/obj/source/boot/fastboot/auxcode_sign.img\"   -DVERSION=3 -DPATCHLEVEL=3 -DSUBLEVEL=0 -DCONFIG_AUXIMAGE=\"/home/ray/workplace/git_download/HiSTB_origin/HiSTBLinux/out/hi3798mv100/hi3798mv100_out/obj/source/boot/fastboot/auxcode_sign.img\"     \
	-o mmu.o mmu.S -c
X509_STORE_CTX_cleanup.3 => X509_STORE_CTX_new.3
X509_STORE_CTX_free.3 => X509_STORE_CTX_new.3
X509_STORE_CTX_init.3 => X509_STORE_CTX_new.3
X509_STORE_CTX_trusted_stack.3 => X509_STORE_CTX_new.3
X509_STORE_CTX_set_cert.3 => X509_STORE_CTX_new.3
X509_STORE_CTX_set_chain.3 => X509_STORE_CTX_new.3
X509_STORE_CTX_set0_crls.3 => X509_STORE_CTX_new.3
X509_STORE_CTX_get0_param.3 => X509_STORE_CTX_new.3
X509_STORE_CTX_set0_param.3 => X509_STORE_CTX_new.3
X509_STORE_CTX_set_default.3 => X509_STORE_CTX_new.3
arm-histbv310-linux-gcc  -g  -Os  -fno-strict-aliasing -fno-common -ffixed-r8   -D__KERNEL__ -DTEXT_BASE=0x00c00000 -I/home/ray/workplace/git_download/HiSTB_origin/HiSTBLinux/out/hi3798mv100/hi3798mv100_out/obj/source/boot/fastboot/include -I/home/ray/workplace/git_download/HiSTB_origin/HiSTBLinux/out/hi3798mv100/hi3798mv100_out/obj/source/boot/fastboot -fno-builtin -ffreestanding -nostdinc -mfloat-abi=soft -isystem /home/ray/workplace/git_download/HiSTB_origin/HiSTBLinux/tools/linux/toolchains/arm-histbv310-linux/bin/../lib/gcc/arm-gcc492_glibc224-linux-gnueabi/4.9.2/include -pipe -DCONFIG_ARM -D__ARM__ -marm -mno-thumb-interwork  -mabi=aapcs-linux -march=armv7-a -DVERSION=3 -DPATCHLEVEL=3 -DSUBLEVEL=0 -DCONFIG_AUXIMAGE=\"/home/ray/workplace/git_download/HiSTB_origin/HiSTBLinux/out/hi3798mv100/hi3798mv100_out/obj/source/boot/fastboot/auxcode_sign.img\"   -DVERSION=3 -DPATCHLEVEL=3 -DSUBLEVEL=0 -DCONFIG_AUXIMAGE=\"/home/ray/workplace/git_download/HiSTB_origin/HiSTBLinux/out/hi3798mv100/hi3798mv100_out/obj/source/boot/fastboot/auxcode_sign.img\"   -Wall -Wstrict-prototypes -fno-stack-protector   \
	-o board.o board.c -c
installing man3/X509_STORE_CTX_set_verify_cb.3
  CC      mm/ksm.o
  CC      crypto/cipher.o
installing man3/X509_STORE_set_verify_cb_func.3
  CC      security/keys/key.o
arm-histbv310-linux-gcc  -g  -Os  -fno-strict-aliasing -fno-common -ffixed-r8   -D__KERNEL__ -DTEXT_BASE=0x00c00000 -I/home/ray/workplace/git_download/HiSTB_origin/HiSTBLinux/out/hi3798mv100/hi3798mv100_out/obj/source/boot/fastboot/include -I/home/ray/workplace/git_download/HiSTB_origin/HiSTBLinux/out/hi3798mv100/hi3798mv100_out/obj/source/boot/fastboot -fno-builtin -ffreestanding -nostdinc -mfloat-abi=soft -isystem /home/ray/workplace/git_download/HiSTB_origin/HiSTBLinux/tools/linux/toolchains/arm-histbv310-linux/bin/../lib/gcc/arm-gcc492_glibc224-linux-gnueabi/4.9.2/include -pipe -DCONFIG_ARM -D__ARM__ -marm -mno-thumb-interwork  -mabi=aapcs-linux -march=armv7-a -DVERSION=3 -DPATCHLEVEL=3 -DSUBLEVEL=0 -DCONFIG_AUXIMAGE=\"/home/ray/workplace/git_download/HiSTB_origin/HiSTBLinux/out/hi3798mv100/hi3798mv100_out/obj/source/boot/fastboot/auxcode_sign.img\"   -DVERSION=3 -DPATCHLEVEL=3 -DSUBLEVEL=0 -DCONFIG_AUXIMAGE=\"/home/ray/workplace/git_download/HiSTB_origin/HiSTBLinux/out/hi3798mv100/hi3798mv100_out/obj/source/boot/fastboot/auxcode_sign.img\"   -Wall -Wstrict-prototypes -fno-stack-protector   \
	-o bootm.o bootm.c -c
  CC      kernel/sched/idle_task.o
X509_STORE_set_verify_cb.3 => X509_STORE_set_verify_cb_func.3
installing man3/X509_VERIFY_PARAM_set_flags.3
  CC      fs/cachefiles/interface.o
bootm.c: In function 'do_bootm_linux':
bootm.c:325:6: warning: unused variable 'notee' [-Wunused-variable]
  int notee = 0;
      ^
X509_VERIFY_PARAM_clear_flags.3 => X509_VERIFY_PARAM_set_flags.3
X509_VERIFY_PARAM_get_flags.3 => X509_VERIFY_PARAM_set_flags.3
X509_VERIFY_PARAM_set_purpose.3 => X509_VERIFY_PARAM_set_flags.3
X509_VERIFY_PARAM_set_trust.3 => X509_VERIFY_PARAM_set_flags.3
X509_VERIFY_PARAM_set_depth.3 => X509_VERIFY_PARAM_set_flags.3
X509_VERIFY_PARAM_get_depth.3 => X509_VERIFY_PARAM_set_flags.3
arm-histbv310-linux-gcc  -g  -Os  -fno-strict-aliasing -fno-common -ffixed-r8   -D__KERNEL__ -DTEXT_BASE=0x00c00000 -I/home/ray/workplace/git_download/HiSTB_origin/HiSTBLinux/out/hi3798mv100/hi3798mv100_out/obj/source/boot/fastboot/include -I/home/ray/workplace/git_download/HiSTB_origin/HiSTBLinux/out/hi3798mv100/hi3798mv100_out/obj/source/boot/fastboot -fno-builtin -ffreestanding -nostdinc -mfloat-abi=soft -isystem /home/ray/workplace/git_download/HiSTB_origin/HiSTBLinux/tools/linux/toolchains/arm-histbv310-linux/bin/../lib/gcc/arm-gcc492_glibc224-linux-gnueabi/4.9.2/include -pipe -DCONFIG_ARM -D__ARM__ -marm -mno-thumb-interwork  -mabi=aapcs-linux -march=armv7-a -DVERSION=3 -DPATCHLEVEL=3 -DSUBLEVEL=0 -DCONFIG_AUXIMAGE=\"/home/ray/workplace/git_download/HiSTB_origin/HiSTBLinux/out/hi3798mv100/hi3798mv100_out/obj/source/boot/fastboot/auxcode_sign.img\"   -DVERSION=3 -DPATCHLEVEL=3 -DSUBLEVEL=0 -DCONFIG_AUXIMAGE=\"/home/ray/workplace/git_download/HiSTB_origin/HiSTBLinux/out/hi3798mv100/hi3798mv100_out/obj/source/boot/fastboot/auxcode_sign.img\"   -Wall -Wstrict-prototypes -fno-stack-protector   \
	-o tags.o tags.c -c
X509_VERIFY_PARAM_set_time.3 => X509_VERIFY_PARAM_set_flags.3
X509_VERIFY_PARAM_add0_policy.3 => X509_VERIFY_PARAM_set_flags.3
X509_VERIFY_PARAM_set1_policies.3 => X509_VERIFY_PARAM_set_flags.3
  CC      crypto/compress.o
X509_VERIFY_PARAM_set1_host.3 => X509_VERIFY_PARAM_set_flags.3
  CC      kernel/sched/fair.o
X509_VERIFY_PARAM_add1_host.3 => X509_VERIFY_PARAM_set_flags.3
X509_VERIFY_PARAM_set_hostflags.3 => X509_VERIFY_PARAM_set_flags.3
X509_VERIFY_PARAM_get0_peername.3 => X509_VERIFY_PARAM_set_flags.3
X509_VERIFY_PARAM_set1_email.3 => X509_VERIFY_PARAM_set_flags.3
X509_VERIFY_PARAM_set1_ip.3 => X509_VERIFY_PARAM_set_flags.3
  CC     route/classid.lo
X509_VERIFY_PARAM_set1_ip_asc.3 => X509_VERIFY_PARAM_set_flags.3
installing man3/X509_check_host.3
arm-histbv310-linux-gcc  -g  -Os  -fno-strict-aliasing -fno-common -ffixed-r8   -D__KERNEL__ -DTEXT_BASE=0x00c00000 -I/home/ray/workplace/git_download/HiSTB_origin/HiSTBLinux/out/hi3798mv100/hi3798mv100_out/obj/source/boot/fastboot/include -I/home/ray/workplace/git_download/HiSTB_origin/HiSTBLinux/out/hi3798mv100/hi3798mv100_out/obj/source/boot/fastboot -fno-builtin -ffreestanding -nostdinc -mfloat-abi=soft -isystem /home/ray/workplace/git_download/HiSTB_origin/HiSTBLinux/tools/linux/toolchains/arm-histbv310-linux/bin/../lib/gcc/arm-gcc492_glibc224-linux-gnueabi/4.9.2/include -pipe -DCONFIG_ARM -D__ARM__ -marm -mno-thumb-interwork  -mabi=aapcs-linux -march=armv7-a -DVERSION=3 -DPATCHLEVEL=3 -DSUBLEVEL=0 -DCONFIG_AUXIMAGE=\"/home/ray/workplace/git_download/HiSTB_origin/HiSTBLinux/out/hi3798mv100/hi3798mv100_out/obj/source/boot/fastboot/auxcode_sign.img\"   -DVERSION=3 -DPATCHLEVEL=3 -DSUBLEVEL=0 -DCONFIG_AUXIMAGE=\"/home/ray/workplace/git_download/HiSTB_origin/HiSTBLinux/out/hi3798mv100/hi3798mv100_out/obj/source/boot/fastboot/auxcode_sign.img\"   -Wall -Wstrict-prototypes -fno-stack-protector   \
	-o cache.o cache.c -c
  CC      security/keys/keyring.o
X509_check_email.3 => X509_check_host.3
X509_check_ip.3 => X509_check_host.3
X509_check_ip_asc.3 => X509_check_host.3
installing man3/X509_new.3
  CC      fs/cachefiles/key.o
arm-histbv310-linux-gcc  -g  -Os  -fno-strict-aliasing -fno-common -ffixed-r8   -D__KERNEL__ -DTEXT_BASE=0x00c00000 -I/home/ray/workplace/git_download/HiSTB_origin/HiSTBLinux/out/hi3798mv100/hi3798mv100_out/obj/source/boot/fastboot/include -I/home/ray/workplace/git_download/HiSTB_origin/HiSTBLinux/out/hi3798mv100/hi3798mv100_out/obj/source/boot/fastboot -fno-builtin -ffreestanding -nostdinc -mfloat-abi=soft -isystem /home/ray/workplace/git_download/HiSTB_origin/HiSTBLinux/tools/linux/toolchains/arm-histbv310-linux/bin/../lib/gcc/arm-gcc492_glibc224-linux-gnueabi/4.9.2/include -pipe -DCONFIG_ARM -D__ARM__ -marm -mno-thumb-interwork  -mabi=aapcs-linux -march=armv7-a -DVERSION=3 -DPATCHLEVEL=3 -DSUBLEVEL=0 -DCONFIG_AUXIMAGE=\"/home/ray/workplace/git_download/HiSTB_origin/HiSTBLinux/out/hi3798mv100/hi3798mv100_out/obj/source/boot/fastboot/auxcode_sign.img\"   -DVERSION=3 -DPATCHLEVEL=3 -DSUBLEVEL=0 -DCONFIG_AUXIMAGE=\"/home/ray/workplace/git_download/HiSTB_origin/HiSTBLinux/out/hi3798mv100/hi3798mv100_out/obj/source/boot/fastboot/auxcode_sign.img\"   -Wall -Wstrict-prototypes -fno-stack-protector   \
	-o cache_v7.o cache_v7.c -c
X509_free.3 => X509_new.3
installing man3/X509_verify_cert.3
  CC      crypto/memneq.o
  CC      mm/slub.o
arm-histbv310-linux-gcc  -g  -Os  -fno-strict-aliasing -fno-common -ffixed-r8   -D__KERNEL__ -DTEXT_BASE=0x00c00000 -I/home/ray/workplace/git_download/HiSTB_origin/HiSTBLinux/out/hi3798mv100/hi3798mv100_out/obj/source/boot/fastboot/include -I/home/ray/workplace/git_download/HiSTB_origin/HiSTBLinux/out/hi3798mv100/hi3798mv100_out/obj/source/boot/fastboot -fno-builtin -ffreestanding -nostdinc -mfloat-abi=soft -isystem /home/ray/workplace/git_download/HiSTB_origin/HiSTBLinux/tools/linux/toolchains/arm-histbv310-linux/bin/../lib/gcc/arm-gcc492_glibc224-linux-gnueabi/4.9.2/include -pipe -DCONFIG_ARM -D__ARM__ -marm -mno-thumb-interwork  -mabi=aapcs-linux -march=armv7-a -DVERSION=3 -DPATCHLEVEL=3 -DSUBLEVEL=0 -DCONFIG_AUXIMAGE=\"/home/ray/workplace/git_download/HiSTB_origin/HiSTBLinux/out/hi3798mv100/hi3798mv100_out/obj/source/boot/fastboot/auxcode_sign.img\"   -DVERSION=3 -DPATCHLEVEL=3 -DSUBLEVEL=0 -DCONFIG_AUXIMAGE=\"/home/ray/workplace/git_download/HiSTB_origin/HiSTBLinux/out/hi3798mv100/hi3798mv100_out/obj/source/boot/fastboot/auxcode_sign.img\"   -Wall -Wstrict-prototypes -fno-stack-protector   \
	-o process.o process.c -c
installing man3/bio.3
arm-histbv310-linux-gcc  -g  -Os  -fno-strict-aliasing -fno-common -ffixed-r8   -D__KERNEL__ -DTEXT_BASE=0x00c00000 -I/home/ray/workplace/git_download/HiSTB_origin/HiSTBLinux/out/hi3798mv100/hi3798mv100_out/obj/source/boot/fastboot/include -I/home/ray/workplace/git_download/HiSTB_origin/HiSTBLinux/out/hi3798mv100/hi3798mv100_out/obj/source/boot/fastboot -fno-builtin -ffreestanding -nostdinc -mfloat-abi=soft -isystem /home/ray/workplace/git_download/HiSTB_origin/HiSTBLinux/tools/linux/toolchains/arm-histbv310-linux/bin/../lib/gcc/arm-gcc492_glibc224-linux-gnueabi/4.9.2/include -pipe -DCONFIG_ARM -D__ARM__ -marm -mno-thumb-interwork  -mabi=aapcs-linux -march=armv7-a -DVERSION=3 -DPATCHLEVEL=3 -DSUBLEVEL=0 -DCONFIG_AUXIMAGE=\"/home/ray/workplace/git_download/HiSTB_origin/HiSTBLinux/out/hi3798mv100/hi3798mv100_out/obj/source/boot/fastboot/auxcode_sign.img\"   -DVERSION=3 -DPATCHLEVEL=3 -DSUBLEVEL=0 -DCONFIG_AUXIMAGE=\"/home/ray/workplace/git_download/HiSTB_origin/HiSTBLinux/out/hi3798mv100/hi3798mv100_out/obj/source/boot/fastboot/auxcode_sign.img\"   -Wall -Wstrict-prototypes -fno-stack-protector   \
	-o cache-cp15.o cache-cp15.c -c
installing man3/blowfish.3
  CC      fs/cachefiles/main.o
  CC      crypto/crypto_wq.o
  CC      security/keys/keyctl.o
BF_set_key.3 => blowfish.3
BF_encrypt.3 => blowfish.3
BF_decrypt.3 => blowfish.3
BF_ecb_encrypt.3 => blowfish.3
BF_cbc_encrypt.3 => blowfish.3
BF_cfb64_encrypt.3 => blowfish.3
  CC     route/cls/fw.lo
BF_ofb64_encrypt.3 => blowfish.3
arm-histbv310-linux-gcc  -g  -Os  -fno-strict-aliasing -fno-common -ffixed-r8   -D__KERNEL__ -DTEXT_BASE=0x00c00000 -I/home/ray/workplace/git_download/HiSTB_origin/HiSTBLinux/out/hi3798mv100/hi3798mv100_out/obj/source/boot/fastboot/include -I/home/ray/workplace/git_download/HiSTB_origin/HiSTBLinux/out/hi3798mv100/hi3798mv100_out/obj/source/boot/fastboot -fno-builtin -ffreestanding -nostdinc -mfloat-abi=soft -isystem /home/ray/workplace/git_download/HiSTB_origin/HiSTBLinux/tools/linux/toolchains/arm-histbv310-linux/bin/../lib/gcc/arm-gcc492_glibc224-linux-gnueabi/4.9.2/include -pipe -DCONFIG_ARM -D__ARM__ -marm -mno-thumb-interwork  -mabi=aapcs-linux -march=armv7-a -DVERSION=3 -DPATCHLEVEL=3 -DSUBLEVEL=0 -DCONFIG_AUXIMAGE=\"/home/ray/workplace/git_download/HiSTB_origin/HiSTBLinux/out/hi3798mv100/hi3798mv100_out/obj/source/boot/fastboot/auxcode_sign.img\"   -DVERSION=3 -DPATCHLEVEL=3 -DSUBLEVEL=0 -DCONFIG_AUXIMAGE=\"/home/ray/workplace/git_download/HiSTB_origin/HiSTBLinux/out/hi3798mv100/hi3798mv100_out/obj/source/boot/fastboot/auxcode_sign.img\"   -Wall -Wstrict-prototypes -fno-stack-protector   \
	-o interrupts.o interrupts.c -c
BF_options.3 => blowfish.3
installing man3/bn.3
installing man3/bn_internal.3
  CC      fs/cachefiles/namei.o
arm-histbv310-linux-gcc  -g  -Os  -fno-strict-aliasing -fno-common -ffixed-r8   -D__KERNEL__ -DTEXT_BASE=0x00c00000 -I/home/ray/workplace/git_download/HiSTB_origin/HiSTBLinux/out/hi3798mv100/hi3798mv100_out/obj/source/boot/fastboot/include -I/home/ray/workplace/git_download/HiSTB_origin/HiSTBLinux/out/hi3798mv100/hi3798mv100_out/obj/source/boot/fastboot -fno-builtin -ffreestanding -nostdinc -mfloat-abi=soft -isystem /home/ray/workplace/git_download/HiSTB_origin/HiSTBLinux/tools/linux/toolchains/arm-histbv310-linux/bin/../lib/gcc/arm-gcc492_glibc224-linux-gnueabi/4.9.2/include -pipe -DCONFIG_ARM -D__ARM__ -marm -mno-thumb-interwork  -mabi=aapcs-linux -march=armv7-a -DVERSION=3 -DPATCHLEVEL=3 -DSUBLEVEL=0 -DCONFIG_AUXIMAGE=\"/home/ray/workplace/git_download/HiSTB_origin/HiSTBLinux/out/hi3798mv100/hi3798mv100_out/obj/source/boot/fastboot/auxcode_sign.img\"   -DVERSION=3 -DPATCHLEVEL=3 -DSUBLEVEL=0 -DCONFIG_AUXIMAGE=\"/home/ray/workplace/git_download/HiSTB_origin/HiSTBLinux/out/hi3798mv100/hi3798mv100_out/obj/source/boot/fastboot/auxcode_sign.img\"   -Wall -Wstrict-prototypes -fno-stack-protector   \
	-o reset.o reset.c -c
  CC      crypto/algapi.o
bn_mul_words.3 => bn_internal.3
bn_mul_add_words.3 => bn_internal.3
bn_sqr_words.3 => bn_internal.3
bn_div_words.3 => bn_internal.3
bn_add_words.3 => bn_internal.3
bn_sub_words.3 => bn_internal.3
bn_mul_comba4.3 => bn_internal.3
arm-histbv310-linux-gcc  -g  -Os  -fno-strict-aliasing -fno-common -ffixed-r8   -D__KERNEL__ -DTEXT_BASE=0x00c00000 -I/home/ray/workplace/git_download/HiSTB_origin/HiSTBLinux/out/hi3798mv100/hi3798mv100_out/obj/source/boot/fastboot/include -I/home/ray/workplace/git_download/HiSTB_origin/HiSTBLinux/out/hi3798mv100/hi3798mv100_out/obj/source/boot/fastboot -fno-builtin -ffreestanding -nostdinc -mfloat-abi=soft -isystem /home/ray/workplace/git_download/HiSTB_origin/HiSTBLinux/tools/linux/toolchains/arm-histbv310-linux/bin/../lib/gcc/arm-gcc492_glibc224-linux-gnueabi/4.9.2/include -pipe -DCONFIG_ARM -D__ARM__ -marm -mno-thumb-interwork  -mabi=aapcs-linux -march=armv7-a -DVERSION=3 -DPATCHLEVEL=3 -DSUBLEVEL=0 -DCONFIG_AUXIMAGE=\"/home/ray/workplace/git_download/HiSTB_origin/HiSTBLinux/out/hi3798mv100/hi3798mv100_out/obj/source/boot/fastboot/auxcode_sign.img\"   -DVERSION=3 -DPATCHLEVEL=3 -DSUBLEVEL=0 -DCONFIG_AUXIMAGE=\"/home/ray/workplace/git_download/HiSTB_origin/HiSTBLinux/out/hi3798mv100/hi3798mv100_out/obj/source/boot/fastboot/auxcode_sign.img\"   -Wall -Wstrict-prototypes -fno-stack-protector   \
	-o ddr_layout.o ddr_layout.c -c
bn_mul_comba8.3 => bn_internal.3
bn_sqr_comba4.3 => bn_internal.3
bn_sqr_comba8.3 => bn_internal.3
bn_cmp_words.3 => bn_internal.3
bn_mul_normal.3 => bn_internal.3
bn_mul_low_normal.3 => bn_internal.3
bn_mul_recursive.3 => bn_internal.3
bn_mul_part_recursive.3 => bn_internal.3
bn_mul_low_recursive.3 => bn_internal.3
bn_mul_high.3 => bn_internal.3
bn_sqr_normal.3 => bn_internal.3
bn_sqr_recursive.3 => bn_internal.3
bn_expand.3 => bn_internal.3
bn_wexpand.3 => bn_internal.3
bn_expand2.3 => bn_internal.3
bn_fix_top.3 => bn_internal.3
bn_check_top.3 => bn_internal.3
bn_print.3 => bn_internal.3
bn_dump.3 => bn_internal.3
bn_set_max.3 => bn_internal.3
bn_set_high.3 => bn_internal.3
bn_set_low.3 => bn_internal.3
installing man3/buffer.3
arm-histbv310-linux-gcc  -g  -Os  -fno-strict-aliasing -fno-common -ffixed-r8   -D__KERNEL__ -DTEXT_BASE=0x00c00000 -I/home/ray/workplace/git_download/HiSTB_origin/HiSTBLinux/out/hi3798mv100/hi3798mv100_out/obj/source/boot/fastboot/include -I/home/ray/workplace/git_download/HiSTB_origin/HiSTBLinux/out/hi3798mv100/hi3798mv100_out/obj/source/boot/fastboot -fno-builtin -ffreestanding -nostdinc -mfloat-abi=soft -isystem /home/ray/workplace/git_download/HiSTB_origin/HiSTBLinux/tools/linux/toolchains/arm-histbv310-linux/bin/../lib/gcc/arm-gcc492_glibc224-linux-gnueabi/4.9.2/include -pipe -DCONFIG_ARM -D__ARM__ -marm -mno-thumb-interwork  -mabi=aapcs-linux -march=armv7-a -DVERSION=3 -DPATCHLEVEL=3 -DSUBLEVEL=0 -DCONFIG_AUXIMAGE=\"/home/ray/workplace/git_download/HiSTB_origin/HiSTBLinux/out/hi3798mv100/hi3798mv100_out/obj/source/boot/fastboot/auxcode_sign.img\"   -DVERSION=3 -DPATCHLEVEL=3 -DSUBLEVEL=0 -DCONFIG_AUXIMAGE=\"/home/ray/workplace/git_download/HiSTB_origin/HiSTBLinux/out/hi3798mv100/hi3798mv100_out/obj/source/boot/fastboot/auxcode_sign.img\"   -Wall -Wstrict-prototypes -fno-stack-protector   \
	-o ddr_size.o ddr_size.c -c
  CC      security/keys/permission.o
  CC     route/cls/police.lo
BUF_MEM_new.3 => buffer.3
BUF_MEM_new_ex.3 => buffer.3
BUF_MEM_free.3 => buffer.3
BUF_MEM_grow.3 => buffer.3
BUF_strdup.3 => buffer.3
BUF_strndup.3 => buffer.3
arm-histbv310-linux-gcc  -g  -Os  -fno-strict-aliasing -fno-common -ffixed-r8   -D__KERNEL__ -DTEXT_BASE=0x00c00000 -I/home/ray/workplace/git_download/HiSTB_origin/HiSTBLinux/out/hi3798mv100/hi3798mv100_out/obj/source/boot/fastboot/include -I/home/ray/workplace/git_download/HiSTB_origin/HiSTBLinux/out/hi3798mv100/hi3798mv100_out/obj/source/boot/fastboot -fno-builtin -ffreestanding -nostdinc -mfloat-abi=soft -isystem /home/ray/workplace/git_download/HiSTB_origin/HiSTBLinux/tools/linux/toolchains/arm-histbv310-linux/bin/../lib/gcc/arm-gcc492_glibc224-linux-gnueabi/4.9.2/include -pipe -DCONFIG_ARM -D__ARM__ -marm -mno-thumb-interwork  -mabi=aapcs-linux -march=armv7-a -DVERSION=3 -DPATCHLEVEL=3 -DSUBLEVEL=0 -DCONFIG_AUXIMAGE=\"/home/ray/workplace/git_download/HiSTB_origin/HiSTBLinux/out/hi3798mv100/hi3798mv100_out/obj/source/boot/fastboot/auxcode_sign.img\"   -DVERSION=3 -DPATCHLEVEL=3 -DSUBLEVEL=0 -DCONFIG_AUXIMAGE=\"/home/ray/workplace/git_download/HiSTB_origin/HiSTBLinux/out/hi3798mv100/hi3798mv100_out/obj/source/boot/fastboot/auxcode_sign.img\"   -Wall -Wstrict-prototypes -fno-stack-protector   \
	-o cpu_info.o cpu_info.c -c
  CC      fs/cachefiles/rdwr.o
BUF_memdup.3 => buffer.3
BUF_strlcpy.3 => buffer.3
BUF_strlcat.3 => buffer.3
installing man3/crypto.3
installing man3/d2i_ASN1_OBJECT.3
  CC      security/keys/process_keys.o
arm-histbv310-linux-gcc  -g  -Os  -fno-strict-aliasing -fno-common -ffixed-r8   -D__KERNEL__ -DTEXT_BASE=0x00c00000 -I/home/ray/workplace/git_download/HiSTB_origin/HiSTBLinux/out/hi3798mv100/hi3798mv100_out/obj/source/boot/fastboot/include -I/home/ray/workplace/git_download/HiSTB_origin/HiSTBLinux/out/hi3798mv100/hi3798mv100_out/obj/source/boot/fastboot -fno-builtin -ffreestanding -nostdinc -mfloat-abi=soft -isystem /home/ray/workplace/git_download/HiSTB_origin/HiSTBLinux/tools/linux/toolchains/arm-histbv310-linux/bin/../lib/gcc/arm-gcc492_glibc224-linux-gnueabi/4.9.2/include -pipe -DCONFIG_ARM -D__ARM__ -marm -mno-thumb-interwork  -mabi=aapcs-linux -march=armv7-a -DVERSION=3 -DPATCHLEVEL=3 -DSUBLEVEL=0 -DCONFIG_AUXIMAGE=\"/home/ray/workplace/git_download/HiSTB_origin/HiSTBLinux/out/hi3798mv100/hi3798mv100_out/obj/source/boot/fastboot/auxcode_sign.img\"   -DVERSION=3 -DPATCHLEVEL=3 -DSUBLEVEL=0 -DCONFIG_AUXIMAGE=\"/home/ray/workplace/git_download/HiSTB_origin/HiSTBLinux/out/hi3798mv100/hi3798mv100_out/obj/source/boot/fastboot/auxcode_sign.img\"   -Wall -Wstrict-prototypes -fno-stack-protector   \
	-o params.o params.c -c
  CC      crypto/scatterwalk.o
i2d_ASN1_OBJECT.3 => d2i_ASN1_OBJECT.3
installing man3/d2i_CMS_ContentInfo.3
  CC     route/cls/u32.lo
arm-histbv310-linux-gcc  -g  -Os  -fno-strict-aliasing -fno-common -ffixed-r8   -D__KERNEL__ -DTEXT_BASE=0x00c00000 -I/home/ray/workplace/git_download/HiSTB_origin/HiSTBLinux/out/hi3798mv100/hi3798mv100_out/obj/source/boot/fastboot/include -I/home/ray/workplace/git_download/HiSTB_origin/HiSTBLinux/out/hi3798mv100/hi3798mv100_out/obj/source/boot/fastboot -fno-builtin -ffreestanding -nostdinc -mfloat-abi=soft -isystem /home/ray/workplace/git_download/HiSTB_origin/HiSTBLinux/tools/linux/toolchains/arm-histbv310-linux/bin/../lib/gcc/arm-gcc492_glibc224-linux-gnueabi/4.9.2/include -pipe -DCONFIG_ARM -D__ARM__ -marm -mno-thumb-interwork  -mabi=aapcs-linux -march=armv7-a -DVERSION=3 -DPATCHLEVEL=3 -DSUBLEVEL=0 -DCONFIG_AUXIMAGE=\"/home/ray/workplace/git_download/HiSTB_origin/HiSTBLinux/out/hi3798mv100/hi3798mv100_out/obj/source/boot/fastboot/auxcode_sign.img\"   -DVERSION=3 -DPATCHLEVEL=3 -DSUBLEVEL=0 -DCONFIG_AUXIMAGE=\"/home/ray/workplace/git_download/HiSTB_origin/HiSTBLinux/out/hi3798mv100/hi3798mv100_out/obj/source/boot/fastboot/auxcode_sign.img\"   -Wall -Wstrict-prototypes -fno-stack-protector   \
	-o smc.o smc.c -c
i2d_CMS_ContentInfo.3 => d2i_CMS_ContentInfo.3
installing man3/d2i_DHparams.3
i2d_DHparams.3 => d2i_DHparams.3
installing man3/d2i_DSAPublicKey.3
arm-histbv310-linux-gcc  -g  -Os  -fno-strict-aliasing -fno-common -ffixed-r8   -D__KERNEL__ -DTEXT_BASE=0x00c00000 -I/home/ray/workplace/git_download/HiSTB_origin/HiSTBLinux/out/hi3798mv100/hi3798mv100_out/obj/source/boot/fastboot/include -I/home/ray/workplace/git_download/HiSTB_origin/HiSTBLinux/out/hi3798mv100/hi3798mv100_out/obj/source/boot/fastboot -fno-builtin -ffreestanding -nostdinc -mfloat-abi=soft -isystem /home/ray/workplace/git_download/HiSTB_origin/HiSTBLinux/tools/linux/toolchains/arm-histbv310-linux/bin/../lib/gcc/arm-gcc492_glibc224-linux-gnueabi/4.9.2/include -pipe -DCONFIG_ARM -D__ARM__ -marm -mno-thumb-interwork  -mabi=aapcs-linux -march=armv7-a -DVERSION=3 -DPATCHLEVEL=3 -DSUBLEVEL=0 -DCONFIG_AUXIMAGE=\"/home/ray/workplace/git_download/HiSTB_origin/HiSTBLinux/out/hi3798mv100/hi3798mv100_out/obj/source/boot/fastboot/auxcode_sign.img\"   -DVERSION=3 -DPATCHLEVEL=3 -DSUBLEVEL=0 -DCONFIG_AUXIMAGE=\"/home/ray/workplace/git_download/HiSTB_origin/HiSTBLinux/out/hi3798mv100/hi3798mv100_out/obj/source/boot/fastboot/auxcode_sign.img\"   -Wall -Wstrict-prototypes -fno-stack-protector   \
	-o mailbox.o mailbox.c -c
  CC      fs/cachefiles/security.o
  CC      security/keys/request_key.o
  CC      crypto/proc.o
i2d_DSAPublicKey.3 => d2i_DSAPublicKey.3
d2i_DSAPrivateKey.3 => d2i_DSAPublicKey.3
i2d_DSAPrivateKey.3 => d2i_DSAPublicKey.3
d2i_DSA_PUBKEY.3 => d2i_DSAPublicKey.3
i2d_DSA_PUBKEY.3 => d2i_DSAPublicKey.3
d2i_DSAparams.3 => d2i_DSAPublicKey.3
i2d_DSAparams.3 => d2i_DSAPublicKey.3
d2i_DSA_SIG.3 => d2i_DSAPublicKey.3
i2d_DSA_SIG.3 => d2i_DSAPublicKey.3
installing man3/d2i_ECPKParameters.3
arm-histbv310-linux-ar crv libarm.a mmu.o board.o bootm.o tags.o cache.o cache_v7.o process.o cache-cp15.o interrupts.o reset.o ddr_layout.o ddr_size.o cpu_info.o params.o smc.o mailbox.o
i2d_ECPKParameters.3 => d2i_ECPKParameters.3
d2i_ECPKParameters_bio.3 => d2i_ECPKParameters.3
  CC      fs/cachefiles/xattr.o
r - mmu.o
r - board.o
r - bootm.o
r - tags.o
r - cache.o
r - cache_v7.o
r - process.o
r - cache-cp15.o
r - interrupts.o
r - reset.o
r - ddr_layout.o
r - ddr_size.o
r - cpu_info.o
r - params.o
r - smc.o
r - mailbox.o
i2d_ECPKParameters_bio.3 => d2i_ECPKParameters.3
arm-histbv310-linux-gcc   -D__ASSEMBLY__ -g  -Os  -fno-strict-aliasing -fno-common -ffixed-r8   -D__KERNEL__ -DTEXT_BASE=0x00c00000 -I/home/ray/workplace/git_download/HiSTB_origin/HiSTBLinux/out/hi3798mv100/hi3798mv100_out/obj/source/boot/fastboot/include -I/home/ray/workplace/git_download/HiSTB_origin/HiSTBLinux/out/hi3798mv100/hi3798mv100_out/obj/source/boot/fastboot -fno-builtin -ffreestanding -nostdinc -mfloat-abi=soft -isystem /home/ray/workplace/git_download/HiSTB_origin/HiSTBLinux/tools/linux/toolchains/arm-histbv310-linux/bin/../lib/gcc/arm-gcc492_glibc224-linux-gnueabi/4.9.2/include -pipe -DCONFIG_ARM -D__ARM__ -marm -mno-thumb-interwork  -mabi=aapcs-linux -march=armv7-a -DVERSION=3 -DPATCHLEVEL=3 -DSUBLEVEL=0 -DCONFIG_AUXIMAGE=\"/home/ray/workplace/git_download/HiSTB_origin/HiSTBLinux/out/hi3798mv100/hi3798mv100_out/obj/source/boot/fastboot/auxcode_sign.img\"   -DVERSION=3 -DPATCHLEVEL=3 -DSUBLEVEL=0 -DCONFIG_AUXIMAGE=\"/home/ray/workplace/git_download/HiSTB_origin/HiSTBLinux/out/hi3798mv100/hi3798mv100_out/obj/source/boot/fastboot/auxcode_sign.img\"     \
	-o _ashldi3.o _ashldi3.S -c
d2i_ECPKParameters_fp.3 => d2i_ECPKParameters.3
i2d_ECPKParameters_fp.3 => d2i_ECPKParameters.3
ECPKParameters_print.3 => d2i_ECPKParameters.3
ECPKParameters_print_fp.3 => d2i_ECPKParameters.3
installing man3/d2i_ECPrivateKey.3
  CC      security/keys/request_key_auth.o
  CC      mm/migrate.o
arm-histbv310-linux-gcc   -D__ASSEMBLY__ -g  -Os  -fno-strict-aliasing -fno-common -ffixed-r8   -D__KERNEL__ -DTEXT_BASE=0x00c00000 -I/home/ray/workplace/git_download/HiSTB_origin/HiSTBLinux/out/hi3798mv100/hi3798mv100_out/obj/source/boot/fastboot/include -I/home/ray/workplace/git_download/HiSTB_origin/HiSTBLinux/out/hi3798mv100/hi3798mv100_out/obj/source/boot/fastboot -fno-builtin -ffreestanding -nostdinc -mfloat-abi=soft -isystem /home/ray/workplace/git_download/HiSTB_origin/HiSTBLinux/tools/linux/toolchains/arm-histbv310-linux/bin/../lib/gcc/arm-gcc492_glibc224-linux-gnueabi/4.9.2/include -pipe -DCONFIG_ARM -D__ARM__ -marm -mno-thumb-interwork  -mabi=aapcs-linux -march=armv7-a -DVERSION=3 -DPATCHLEVEL=3 -DSUBLEVEL=0 -DCONFIG_AUXIMAGE=\"/home/ray/workplace/git_download/HiSTB_origin/HiSTBLinux/out/hi3798mv100/hi3798mv100_out/obj/source/boot/fastboot/auxcode_sign.img\"   -DVERSION=3 -DPATCHLEVEL=3 -DSUBLEVEL=0 -DCONFIG_AUXIMAGE=\"/home/ray/workplace/git_download/HiSTB_origin/HiSTBLinux/out/hi3798mv100/hi3798mv100_out/obj/source/boot/fastboot/auxcode_sign.img\"     \
	-o _ashrdi3.o _ashrdi3.S -c
  CC      crypto/aead.o
i2d_ECPrivateKey.3 => d2i_ECPrivateKey.3
d2i_ECPrivate_key.3 => d2i_ECPrivateKey.3
installing man3/d2i_PKCS8PrivateKey.3
arm-histbv310-linux-gcc   -D__ASSEMBLY__ -g  -Os  -fno-strict-aliasing -fno-common -ffixed-r8   -D__KERNEL__ -DTEXT_BASE=0x00c00000 -I/home/ray/workplace/git_download/HiSTB_origin/HiSTBLinux/out/hi3798mv100/hi3798mv100_out/obj/source/boot/fastboot/include -I/home/ray/workplace/git_download/HiSTB_origin/HiSTBLinux/out/hi3798mv100/hi3798mv100_out/obj/source/boot/fastboot -fno-builtin -ffreestanding -nostdinc -mfloat-abi=soft -isystem /home/ray/workplace/git_download/HiSTB_origin/HiSTBLinux/tools/linux/toolchains/arm-histbv310-linux/bin/../lib/gcc/arm-gcc492_glibc224-linux-gnueabi/4.9.2/include -pipe -DCONFIG_ARM -D__ARM__ -marm -mno-thumb-interwork  -mabi=aapcs-linux -march=armv7-a -DVERSION=3 -DPATCHLEVEL=3 -DSUBLEVEL=0 -DCONFIG_AUXIMAGE=\"/home/ray/workplace/git_download/HiSTB_origin/HiSTBLinux/out/hi3798mv100/hi3798mv100_out/obj/source/boot/fastboot/auxcode_sign.img\"   -DVERSION=3 -DPATCHLEVEL=3 -DSUBLEVEL=0 -DCONFIG_AUXIMAGE=\"/home/ray/workplace/git_download/HiSTB_origin/HiSTBLinux/out/hi3798mv100/hi3798mv100_out/obj/source/boot/fastboot/auxcode_sign.img\"     \
	-o _divsi3.o _divsi3.S -c
d2i_PKCS8PrivateKey_bio.3 => d2i_PKCS8PrivateKey.3
d2i_PKCS8PrivateKey_fp.3 => d2i_PKCS8PrivateKey.3
arm-histbv310-linux-gcc   -D__ASSEMBLY__ -g  -Os  -fno-strict-aliasing -fno-common -ffixed-r8   -D__KERNEL__ -DTEXT_BASE=0x00c00000 -I/home/ray/workplace/git_download/HiSTB_origin/HiSTBLinux/out/hi3798mv100/hi3798mv100_out/obj/source/boot/fastboot/include -I/home/ray/workplace/git_download/HiSTB_origin/HiSTBLinux/out/hi3798mv100/hi3798mv100_out/obj/source/boot/fastboot -fno-builtin -ffreestanding -nostdinc -mfloat-abi=soft -isystem /home/ray/workplace/git_download/HiSTB_origin/HiSTBLinux/tools/linux/toolchains/arm-histbv310-linux/bin/../lib/gcc/arm-gcc492_glibc224-linux-gnueabi/4.9.2/include -pipe -DCONFIG_ARM -D__ARM__ -marm -mno-thumb-interwork  -mabi=aapcs-linux -march=armv7-a -DVERSION=3 -DPATCHLEVEL=3 -DSUBLEVEL=0 -DCONFIG_AUXIMAGE=\"/home/ray/workplace/git_download/HiSTB_origin/HiSTBLinux/out/hi3798mv100/hi3798mv100_out/obj/source/boot/fastboot/auxcode_sign.img\"   -DVERSION=3 -DPATCHLEVEL=3 -DSUBLEVEL=0 -DCONFIG_AUXIMAGE=\"/home/ray/workplace/git_download/HiSTB_origin/HiSTBLinux/out/hi3798mv100/hi3798mv100_out/obj/source/boot/fastboot/auxcode_sign.img\"     \
	-o _lshrdi3.o _lshrdi3.S -c
i2d_PKCS8PrivateKey_bio.3 => d2i_PKCS8PrivateKey.3
i2d_PKCS8PrivateKey_fp.3 => d2i_PKCS8PrivateKey.3
  CC      security/keys/user_defined.o
i2d_PKCS8PrivateKey_nid_bio.3 => d2i_PKCS8PrivateKey.3
  CC     route/cls/basic.lo
i2d_PKCS8PrivateKey_nid_fp.3 => d2i_PKCS8PrivateKey.3
installing man3/d2i_PrivateKey.3
  LD      fs/cachefiles/cachefiles.o
  LD      fs/cachefiles/built-in.o
arm-histbv310-linux-gcc   -D__ASSEMBLY__ -g  -Os  -fno-strict-aliasing -fno-common -ffixed-r8   -D__KERNEL__ -DTEXT_BASE=0x00c00000 -I/home/ray/workplace/git_download/HiSTB_origin/HiSTBLinux/out/hi3798mv100/hi3798mv100_out/obj/source/boot/fastboot/include -I/home/ray/workplace/git_download/HiSTB_origin/HiSTBLinux/out/hi3798mv100/hi3798mv100_out/obj/source/boot/fastboot -fno-builtin -ffreestanding -nostdinc -mfloat-abi=soft -isystem /home/ray/workplace/git_download/HiSTB_origin/HiSTBLinux/tools/linux/toolchains/arm-histbv310-linux/bin/../lib/gcc/arm-gcc492_glibc224-linux-gnueabi/4.9.2/include -pipe -DCONFIG_ARM -D__ARM__ -marm -mno-thumb-interwork  -mabi=aapcs-linux -march=armv7-a -DVERSION=3 -DPATCHLEVEL=3 -DSUBLEVEL=0 -DCONFIG_AUXIMAGE=\"/home/ray/workplace/git_download/HiSTB_origin/HiSTBLinux/out/hi3798mv100/hi3798mv100_out/obj/source/boot/fastboot/auxcode_sign.img\"   -DVERSION=3 -DPATCHLEVEL=3 -DSUBLEVEL=0 -DCONFIG_AUXIMAGE=\"/home/ray/workplace/git_download/HiSTB_origin/HiSTBLinux/out/hi3798mv100/hi3798mv100_out/obj/source/boot/fastboot/auxcode_sign.img\"     \
	-o _modsi3.o _modsi3.S -c
d2i_Private_key.3 => d2i_PrivateKey.3
d2i_AutoPrivateKey.3 => d2i_PrivateKey.3
i2d_PrivateKey.3 => d2i_PrivateKey.3
installing man3/d2i_RSAPublicKey.3
arm-histbv310-linux-gcc   -D__ASSEMBLY__ -g  -Os  -fno-strict-aliasing -fno-common -ffixed-r8   -D__KERNEL__ -DTEXT_BASE=0x00c00000 -I/home/ray/workplace/git_download/HiSTB_origin/HiSTBLinux/out/hi3798mv100/hi3798mv100_out/obj/source/boot/fastboot/include -I/home/ray/workplace/git_download/HiSTB_origin/HiSTBLinux/out/hi3798mv100/hi3798mv100_out/obj/source/boot/fastboot -fno-builtin -ffreestanding -nostdinc -mfloat-abi=soft -isystem /home/ray/workplace/git_download/HiSTB_origin/HiSTBLinux/tools/linux/toolchains/arm-histbv310-linux/bin/../lib/gcc/arm-gcc492_glibc224-linux-gnueabi/4.9.2/include -pipe -DCONFIG_ARM -D__ARM__ -marm -mno-thumb-interwork  -mabi=aapcs-linux -march=armv7-a -DVERSION=3 -DPATCHLEVEL=3 -DSUBLEVEL=0 -DCONFIG_AUXIMAGE=\"/home/ray/workplace/git_download/HiSTB_origin/HiSTBLinux/out/hi3798mv100/hi3798mv100_out/obj/source/boot/fastboot/auxcode_sign.img\"   -DVERSION=3 -DPATCHLEVEL=3 -DSUBLEVEL=0 -DCONFIG_AUXIMAGE=\"/home/ray/workplace/git_download/HiSTB_origin/HiSTBLinux/out/hi3798mv100/hi3798mv100_out/obj/source/boot/fastboot/auxcode_sign.img\"     \
	-o _udivsi3.o _udivsi3.S -c
  CC      security/keys/proc.o
i2d_RSAPublicKey.3 => d2i_RSAPublicKey.3
d2i_RSAPrivateKey.3 => d2i_RSAPublicKey.3
arm-histbv310-linux-gcc   -D__ASSEMBLY__ -g  -Os  -fno-strict-aliasing -fno-common -ffixed-r8   -D__KERNEL__ -DTEXT_BASE=0x00c00000 -I/home/ray/workplace/git_download/HiSTB_origin/HiSTBLinux/out/hi3798mv100/hi3798mv100_out/obj/source/boot/fastboot/include -I/home/ray/workplace/git_download/HiSTB_origin/HiSTBLinux/out/hi3798mv100/hi3798mv100_out/obj/source/boot/fastboot -fno-builtin -ffreestanding -nostdinc -mfloat-abi=soft -isystem /home/ray/workplace/git_download/HiSTB_origin/HiSTBLinux/tools/linux/toolchains/arm-histbv310-linux/bin/../lib/gcc/arm-gcc492_glibc224-linux-gnueabi/4.9.2/include -pipe -DCONFIG_ARM -D__ARM__ -marm -mno-thumb-interwork  -mabi=aapcs-linux -march=armv7-a -DVERSION=3 -DPATCHLEVEL=3 -DSUBLEVEL=0 -DCONFIG_AUXIMAGE=\"/home/ray/workplace/git_download/HiSTB_origin/HiSTBLinux/out/hi3798mv100/hi3798mv100_out/obj/source/boot/fastboot/auxcode_sign.img\"   -DVERSION=3 -DPATCHLEVEL=3 -DSUBLEVEL=0 -DCONFIG_AUXIMAGE=\"/home/ray/workplace/git_download/HiSTB_origin/HiSTBLinux/out/hi3798mv100/hi3798mv100_out/obj/source/boot/fastboot/auxcode_sign.img\"     \
	-o _umodsi3.o _umodsi3.S -c
  CC      fs/cifs/cifsfs.o
i2d_RSAPrivateKey.3 => d2i_RSAPublicKey.3
d2i_RSA_PUBKEY.3 => d2i_RSAPublicKey.3
i2d_RSA_PUBKEY.3 => d2i_RSAPublicKey.3
i2d_Netscape_RSA.3 => d2i_RSAPublicKey.3
d2i_Netscape_RSA.3 => d2i_RSAPublicKey.3
  CC      crypto/ablkcipher.o
installing man3/d2i_X509.3
arm-histbv310-linux-gcc   -D__ASSEMBLY__ -g  -Os  -fno-strict-aliasing -fno-common -ffixed-r8   -D__KERNEL__ -DTEXT_BASE=0x00c00000 -I/home/ray/workplace/git_download/HiSTB_origin/HiSTBLinux/out/hi3798mv100/hi3798mv100_out/obj/source/boot/fastboot/include -I/home/ray/workplace/git_download/HiSTB_origin/HiSTBLinux/out/hi3798mv100/hi3798mv100_out/obj/source/boot/fastboot -fno-builtin -ffreestanding -nostdinc -mfloat-abi=soft -isystem /home/ray/workplace/git_download/HiSTB_origin/HiSTBLinux/tools/linux/toolchains/arm-histbv310-linux/bin/../lib/gcc/arm-gcc492_glibc224-linux-gnueabi/4.9.2/include -pipe -DCONFIG_ARM -D__ARM__ -marm -mno-thumb-interwork  -mabi=aapcs-linux -march=armv7-a -DVERSION=3 -DPATCHLEVEL=3 -DSUBLEVEL=0 -DCONFIG_AUXIMAGE=\"/home/ray/workplace/git_download/HiSTB_origin/HiSTBLinux/out/hi3798mv100/hi3798mv100_out/obj/source/boot/fastboot/auxcode_sign.img\"   -DVERSION=3 -DPATCHLEVEL=3 -DSUBLEVEL=0 -DCONFIG_AUXIMAGE=\"/home/ray/workplace/git_download/HiSTB_origin/HiSTBLinux/out/hi3798mv100/hi3798mv100_out/obj/source/boot/fastboot/auxcode_sign.img\"     \
	-o aeabi_uldivmod.o aeabi_uldivmod.S -c
i2d_X509.3 => d2i_X509.3
d2i_X509_bio.3 => d2i_X509.3
d2i_X509_fp.3 => d2i_X509.3
  CC      mm/page_counter.o
i2d_X509_bio.3 => d2i_X509.3
i2d_X509_fp.3 => d2i_X509.3
arm-histbv310-linux-gcc  -g  -Os  -fno-strict-aliasing -fno-common -ffixed-r8   -D__KERNEL__ -DTEXT_BASE=0x00c00000 -I/home/ray/workplace/git_download/HiSTB_origin/HiSTBLinux/out/hi3798mv100/hi3798mv100_out/obj/source/boot/fastboot/include -I/home/ray/workplace/git_download/HiSTB_origin/HiSTBLinux/out/hi3798mv100/hi3798mv100_out/obj/source/boot/fastboot -fno-builtin -ffreestanding -nostdinc -mfloat-abi=soft -isystem /home/ray/workplace/git_download/HiSTB_origin/HiSTBLinux/tools/linux/toolchains/arm-histbv310-linux/bin/../lib/gcc/arm-gcc492_glibc224-linux-gnueabi/4.9.2/include -pipe -DCONFIG_ARM -D__ARM__ -marm -mno-thumb-interwork  -mabi=aapcs-linux -march=armv7-a -DVERSION=3 -DPATCHLEVEL=3 -DSUBLEVEL=0 -DCONFIG_AUXIMAGE=\"/home/ray/workplace/git_download/HiSTB_origin/HiSTBLinux/out/hi3798mv100/hi3798mv100_out/obj/source/boot/fastboot/auxcode_sign.img\"   -DVERSION=3 -DPATCHLEVEL=3 -DSUBLEVEL=0 -DCONFIG_AUXIMAGE=\"/home/ray/workplace/git_download/HiSTB_origin/HiSTBLinux/out/hi3798mv100/hi3798mv100_out/obj/source/boot/fastboot/auxcode_sign.img\"   -Wall -Wstrict-prototypes -fno-stack-protector   \
	-o udivmoddi4.o udivmoddi4.c -c
installing man3/d2i_X509_ALGOR.3
  CC     route/cls/cgroup.lo
  CC      security/keys/sysctl.o
i2d_X509_ALGOR.3 => d2i_X509_ALGOR.3
installing man3/d2i_X509_CRL.3
arm-histbv310-linux-gcc  -g  -Os  -fno-strict-aliasing -fno-common -ffixed-r8   -D__KERNEL__ -DTEXT_BASE=0x00c00000 -I/home/ray/workplace/git_download/HiSTB_origin/HiSTBLinux/out/hi3798mv100/hi3798mv100_out/obj/source/boot/fastboot/include -I/home/ray/workplace/git_download/HiSTB_origin/HiSTBLinux/out/hi3798mv100/hi3798mv100_out/obj/source/boot/fastboot -fno-builtin -ffreestanding -nostdinc -mfloat-abi=soft -isystem /home/ray/workplace/git_download/HiSTB_origin/HiSTBLinux/tools/linux/toolchains/arm-histbv310-linux/bin/../lib/gcc/arm-gcc492_glibc224-linux-gnueabi/4.9.2/include -pipe -DCONFIG_ARM -D__ARM__ -marm -mno-thumb-interwork  -mabi=aapcs-linux -march=armv7-a -DVERSION=3 -DPATCHLEVEL=3 -DSUBLEVEL=0 -DCONFIG_AUXIMAGE=\"/home/ray/workplace/git_download/HiSTB_origin/HiSTBLinux/out/hi3798mv100/hi3798mv100_out/obj/source/boot/fastboot/auxcode_sign.img\"   -DVERSION=3 -DPATCHLEVEL=3 -DSUBLEVEL=0 -DCONFIG_AUXIMAGE=\"/home/ray/workplace/git_download/HiSTB_origin/HiSTBLinux/out/hi3798mv100/hi3798mv100_out/obj/source/boot/fastboot/auxcode_sign.img\"   -Wall -Wstrict-prototypes -fno-stack-protector   \
	-o div0.o div0.c -c
  CC      mm/memcontrol.o
i2d_X509_CRL.3 => d2i_X509_CRL.3
arm-histbv310-linux-ar crv libgcc.a _ashldi3.o _ashrdi3.o _divsi3.o _lshrdi3.o _modsi3.o _udivsi3.o _umodsi3.o aeabi_uldivmod.o udivmoddi4.o div0.o
d2i_X509_CRL_bio.3 => d2i_X509_CRL.3
  LD      security/keys/built-in.o
d2i_X509_CRL_fp.3 => d2i_X509_CRL.3
i2d_X509_CRL_bio.3 => d2i_X509_CRL.3
  CC      security/commoncap.o
i2d_X509_CRL_fp.3 => d2i_X509_CRL.3
installing man3/d2i_X509_NAME.3
r - _ashldi3.o
r - _ashrdi3.o
r - _divsi3.o
r - _lshrdi3.o
r - _modsi3.o
r - _udivsi3.o
r - _umodsi3.o
r - aeabi_uldivmod.o
r - udivmoddi4.o
r - div0.o
arm-histbv310-linux-gcc  -g  -Os  -fno-strict-aliasing -fno-common -ffixed-r8   -D__KERNEL__ -DTEXT_BASE=0x00c00000 -I/home/ray/workplace/git_download/HiSTB_origin/HiSTBLinux/out/hi3798mv100/hi3798mv100_out/obj/source/boot/fastboot/include -I/home/ray/workplace/git_download/HiSTB_origin/HiSTBLinux/out/hi3798mv100/hi3798mv100_out/obj/source/boot/fastboot -fno-builtin -ffreestanding -nostdinc -mfloat-abi=soft -isystem /home/ray/workplace/git_download/HiSTB_origin/HiSTBLinux/tools/linux/toolchains/arm-histbv310-linux/bin/../lib/gcc/arm-gcc492_glibc224-linux-gnueabi/4.9.2/include -pipe -DCONFIG_ARM -D__ARM__ -marm -mno-thumb-interwork  -mabi=aapcs-linux -march=armv7-a -DVERSION=3 -DPATCHLEVEL=3 -DSUBLEVEL=0 -DCONFIG_AUXIMAGE=\"/home/ray/workplace/git_download/HiSTB_origin/HiSTBLinux/out/hi3798mv100/hi3798mv100_out/obj/source/boot/fastboot/auxcode_sign.img\"   -DVERSION=3 -DPATCHLEVEL=3 -DSUBLEVEL=0 -DCONFIG_AUXIMAGE=\"/home/ray/workplace/git_download/HiSTB_origin/HiSTBLinux/out/hi3798mv100/hi3798mv100_out/obj/source/boot/fastboot/auxcode_sign.img\"   -Wall -Wstrict-prototypes -fno-stack-protector   \
	-o eabi_compat.o eabi_compat.c -c
  CC      kernel/sched/rt.o
i2d_X509_NAME.3 => d2i_X509_NAME.3
installing man3/d2i_X509_REQ.3
  CC      crypto/blkcipher.o
make[4]: Leaving directory '/home/ray/workplace/git_download/HiSTB_origin/HiSTBLinux/out/hi3798mv100/hi3798mv100_out/obj/source/boot/fastboot/arch/arm/lib'
if [ ssnet/libnet.a != ss/home/ray/workplace/git_download/HiSTB_origin/HiSTBLinux/out/hi3798mv100/hi3798mv100_out/obj/source/boot/product/libproduct.a ]; then ( \
	make -C net/; \
) fi
i2d_X509_REQ.3 => d2i_X509_REQ.3
d2i_X509_REQ_bio.3 => d2i_X509_REQ.3
d2i_X509_REQ_fp.3 => d2i_X509_REQ.3
i2d_X509_REQ_bio.3 => d2i_X509_REQ.3
i2d_X509_REQ_fp.3 => d2i_X509_REQ.3
installing man3/d2i_X509_SIG.3
  CC      fs/cifs/cifssmb.o
  CC     route/cls/ematch.lo
make[4]: Entering directory '/home/ray/workplace/git_download/HiSTB_origin/HiSTBLinux/out/hi3798mv100/hi3798mv100_out/obj/source/boot/fastboot/net'
i2d_X509_SIG.3 => d2i_X509_SIG.3
installing man3/des.3
/home/ray/workplace/git_download/HiSTB_origin/HiSTBLinux/source/kernel/linux-4.4.y/mm/memcontrol.c:5355:12: warning: initialization from incompatible pointer type
  .attach = mem_cgroup_move_task,
            ^
/home/ray/workplace/git_download/HiSTB_origin/HiSTBLinux/source/kernel/linux-4.4.y/mm/memcontrol.c:5355:12: warning: (near initialization for 'memory_cgrp_subsys.attach')
/home/ray/workplace/git_download/HiSTB_origin/HiSTBLinux/source/kernel/linux-4.4.y/mm/memcontrol.c:4153:27: warning: 'mem_cgroup_id_get_online' defined but not used [-Wunused-function]
 static struct mem_cgroup *mem_cgroup_id_get_online(struct mem_cgroup *memcg)
                           ^
DES_random_key.3 => des.3
DES_set_key.3 => des.3
DES_key_sched.3 => des.3
DES_set_key_checked.3 => des.3
DES_set_key_unchecked.3 => des.3
DES_set_odd_parity.3 => des.3
DES_is_weak_key.3 => des.3
DES_ecb_encrypt.3 => des.3
  CC      security/min_addr.o
DES_ecb2_encrypt.3 => des.3
DES_ecb3_encrypt.3 => des.3
DES_ncbc_encrypt.3 => des.3
DES_cfb_encrypt.3 => des.3
DES_ofb_encrypt.3 => des.3
DES_pcbc_encrypt.3 => des.3
DES_cfb64_encrypt.3 => des.3
DES_ofb64_encrypt.3 => des.3
DES_xcbc_encrypt.3 => des.3
DES_ede2_cbc_encrypt.3 => des.3
DES_ede2_cfb64_encrypt.3 => des.3
  CC      crypto/skcipher.o
DES_ede2_ofb64_encrypt.3 => des.3
DES_ede3_cbc_encrypt.3 => des.3
DES_ede3_cbcm_encrypt.3 => des.3
DES_ede3_cfb64_encrypt.3 => des.3
DES_ede3_ofb64_encrypt.3 => des.3
DES_cbc_cksum.3 => des.3
DES_quad_cksum.3 => des.3
DES_string_to_key.3 => des.3
DES_string_to_2keys.3 => des.3
DES_fcrypt.3 => des.3
DES_crypt.3 => des.3
DES_enc_read.3 => des.3
DES_enc_write.3 => des.3
installing man7/des_modes.7
  CC      security/security.o
installing man3/dh.3
  CC      kernel/sched/deadline.o
installing man3/dsa.3
arm-histbv310-linux-gcc  -g  -Os  -fno-strict-aliasing -fno-common -ffixed-r8   -D__KERNEL__ -DTEXT_BASE=0x00c00000 -I/home/ray/workplace/git_download/HiSTB_origin/HiSTBLinux/out/hi3798mv100/hi3798mv100_out/obj/source/boot/fastboot/include -I/home/ray/workplace/git_download/HiSTB_origin/HiSTBLinux/out/hi3798mv100/hi3798mv100_out/obj/source/boot/fastboot -fno-builtin -ffreestanding -nostdinc -mfloat-abi=soft -isystem /home/ray/workplace/git_download/HiSTB_origin/HiSTBLinux/tools/linux/toolchains/arm-histbv310-linux/bin/../lib/gcc/arm-gcc492_glibc224-linux-gnueabi/4.9.2/include -pipe -DCONFIG_ARM -D__ARM__ -marm -mno-thumb-interwork  -mabi=aapcs-linux -march=armv7-a -DVERSION=3 -DPATCHLEVEL=3 -DSUBLEVEL=0 -DCONFIG_AUXIMAGE=\"/home/ray/workplace/git_download/HiSTB_origin/HiSTBLinux/out/hi3798mv100/hi3798mv100_out/obj/source/boot/fastboot/auxcode_sign.img\"   -DVERSION=3 -DPATCHLEVEL=3 -DSUBLEVEL=0 -DCONFIG_AUXIMAGE=\"/home/ray/workplace/git_download/HiSTB_origin/HiSTBLinux/out/hi3798mv100/hi3798mv100_out/obj/source/boot/fastboot/auxcode_sign.img\"   -Wall -Wstrict-prototypes -fno-stack-protector   \
	-o bootp.o bootp.c -c
  CC      crypto/chainiv.o
installing man3/ec.3
  CC     route/cls/ematch/container.lo
arm-histbv310-linux-gcc  -g  -Os  -fno-strict-aliasing -fno-common -ffixed-r8   -D__KERNEL__ -DTEXT_BASE=0x00c00000 -I/home/ray/workplace/git_download/HiSTB_origin/HiSTBLinux/out/hi3798mv100/hi3798mv100_out/obj/source/boot/fastboot/include -I/home/ray/workplace/git_download/HiSTB_origin/HiSTBLinux/out/hi3798mv100/hi3798mv100_out/obj/source/boot/fastboot -fno-builtin -ffreestanding -nostdinc -mfloat-abi=soft -isystem /home/ray/workplace/git_download/HiSTB_origin/HiSTBLinux/tools/linux/toolchains/arm-histbv310-linux/bin/../lib/gcc/arm-gcc492_glibc224-linux-gnueabi/4.9.2/include -pipe -DCONFIG_ARM -D__ARM__ -marm -mno-thumb-interwork  -mabi=aapcs-linux -march=armv7-a -DVERSION=3 -DPATCHLEVEL=3 -DSUBLEVEL=0 -DCONFIG_AUXIMAGE=\"/home/ray/workplace/git_download/HiSTB_origin/HiSTBLinux/out/hi3798mv100/hi3798mv100_out/obj/source/boot/fastboot/auxcode_sign.img\"   -DVERSION=3 -DPATCHLEVEL=3 -DSUBLEVEL=0 -DCONFIG_AUXIMAGE=\"/home/ray/workplace/git_download/HiSTB_origin/HiSTBLinux/out/hi3798mv100/hi3798mv100_out/obj/source/boot/fastboot/auxcode_sign.img\"   -Wall -Wstrict-prototypes -fno-stack-protector   \
	-o eth.o eth.c -c
installing man3/ecdsa.3
ECDSA_SIG_new.3 => ecdsa.3
ECDSA_SIG_free.3 => ecdsa.3
i2d_ECDSA_SIG.3 => ecdsa.3
d2i_ECDSA_SIG.3 => ecdsa.3
ECDSA_size.3 => ecdsa.3
  CC      crypto/eseqiv.o
ECDSA_sign_setup.3 => ecdsa.3
ECDSA_sign.3 => ecdsa.3
ECDSA_sign_ex.3 => ecdsa.3
ECDSA_verify.3 => ecdsa.3
ECDSA_do_sign.3 => ecdsa.3
ECDSA_do_sign_ex.3 => ecdsa.3
ECDSA_do_verify.3 => ecdsa.3
arm-histbv310-linux-gcc  -g  -Os  -fno-strict-aliasing -fno-common -ffixed-r8   -D__KERNEL__ -DTEXT_BASE=0x00c00000 -I/home/ray/workplace/git_download/HiSTB_origin/HiSTBLinux/out/hi3798mv100/hi3798mv100_out/obj/source/boot/fastboot/include -I/home/ray/workplace/git_download/HiSTB_origin/HiSTBLinux/out/hi3798mv100/hi3798mv100_out/obj/source/boot/fastboot -fno-builtin -ffreestanding -nostdinc -mfloat-abi=soft -isystem /home/ray/workplace/git_download/HiSTB_origin/HiSTBLinux/tools/linux/toolchains/arm-histbv310-linux/bin/../lib/gcc/arm-gcc492_glibc224-linux-gnueabi/4.9.2/include -pipe -DCONFIG_ARM -D__ARM__ -marm -mno-thumb-interwork  -mabi=aapcs-linux -march=armv7-a -DVERSION=3 -DPATCHLEVEL=3 -DSUBLEVEL=0 -DCONFIG_AUXIMAGE=\"/home/ray/workplace/git_download/HiSTB_origin/HiSTBLinux/out/hi3798mv100/hi3798mv100_out/obj/source/boot/fastboot/auxcode_sign.img\"   -DVERSION=3 -DPATCHLEVEL=3 -DSUBLEVEL=0 -DCONFIG_AUXIMAGE=\"/home/ray/workplace/git_download/HiSTB_origin/HiSTBLinux/out/hi3798mv100/hi3798mv100_out/obj/source/boot/fastboot/auxcode_sign.img\"   -Wall -Wstrict-prototypes -fno-stack-protector   \
	-o net.o net.c -c
installing man3/engine.3
installing man3/err.3
  CC      kernel/sched/stop_task.o
  CC     route/cls/ematch/cmp.lo
installing man3/evp.3
  CC      mm/vmpressure.o
  CC      crypto/ahash.o
arm-histbv310-linux-gcc  -g  -Os  -fno-strict-aliasing -fno-common -ffixed-r8   -D__KERNEL__ -DTEXT_BASE=0x00c00000 -I/home/ray/workplace/git_download/HiSTB_origin/HiSTBLinux/out/hi3798mv100/hi3798mv100_out/obj/source/boot/fastboot/include -I/home/ray/workplace/git_download/HiSTB_origin/HiSTBLinux/out/hi3798mv100/hi3798mv100_out/obj/source/boot/fastboot -fno-builtin -ffreestanding -nostdinc -mfloat-abi=soft -isystem /home/ray/workplace/git_download/HiSTB_origin/HiSTBLinux/tools/linux/toolchains/arm-histbv310-linux/bin/../lib/gcc/arm-gcc492_glibc224-linux-gnueabi/4.9.2/include -pipe -DCONFIG_ARM -D__ARM__ -marm -mno-thumb-interwork  -mabi=aapcs-linux -march=armv7-a -DVERSION=3 -DPATCHLEVEL=3 -DSUBLEVEL=0 -DCONFIG_AUXIMAGE=\"/home/ray/workplace/git_download/HiSTB_origin/HiSTBLinux/out/hi3798mv100/hi3798mv100_out/obj/source/boot/fastboot/auxcode_sign.img\"   -DVERSION=3 -DPATCHLEVEL=3 -DSUBLEVEL=0 -DCONFIG_AUXIMAGE=\"/home/ray/workplace/git_download/HiSTB_origin/HiSTBLinux/out/hi3798mv100/hi3798mv100_out/obj/source/boot/fastboot/auxcode_sign.img\"   -Wall -Wstrict-prototypes -fno-stack-protector   \
	-o rarp.o rarp.c -c
installing man3/hmac.3
  CC      kernel/sched/wait.o
HMAC.3 => hmac.3
arm-histbv310-linux-gcc  -g  -Os  -fno-strict-aliasing -fno-common -ffixed-r8   -D__KERNEL__ -DTEXT_BASE=0x00c00000 -I/home/ray/workplace/git_download/HiSTB_origin/HiSTBLinux/out/hi3798mv100/hi3798mv100_out/obj/source/boot/fastboot/include -I/home/ray/workplace/git_download/HiSTB_origin/HiSTBLinux/out/hi3798mv100/hi3798mv100_out/obj/source/boot/fastboot -fno-builtin -ffreestanding -nostdinc -mfloat-abi=soft -isystem /home/ray/workplace/git_download/HiSTB_origin/HiSTBLinux/tools/linux/toolchains/arm-histbv310-linux/bin/../lib/gcc/arm-gcc492_glibc224-linux-gnueabi/4.9.2/include -pipe -DCONFIG_ARM -D__ARM__ -marm -mno-thumb-interwork  -mabi=aapcs-linux -march=armv7-a -DVERSION=3 -DPATCHLEVEL=3 -DSUBLEVEL=0 -DCONFIG_AUXIMAGE=\"/home/ray/workplace/git_download/HiSTB_origin/HiSTBLinux/out/hi3798mv100/hi3798mv100_out/obj/source/boot/fastboot/auxcode_sign.img\"   -DVERSION=3 -DPATCHLEVEL=3 -DSUBLEVEL=0 -DCONFIG_AUXIMAGE=\"/home/ray/workplace/git_download/HiSTB_origin/HiSTBLinux/out/hi3798mv100/hi3798mv100_out/obj/source/boot/fastboot/auxcode_sign.img\"   -Wall -Wstrict-prototypes -fno-stack-protector   \
	-o tftp.o tftp.c -c
HMAC_CTX_init.3 => hmac.3
HMAC_Init.3 => hmac.3
HMAC_Init_ex.3 => hmac.3
HMAC_Update.3 => hmac.3
HMAC_Final.3 => hmac.3
HMAC_CTX_cleanup.3 => hmac.3
HMAC_cleanup.3 => hmac.3
installing man3/i2d_CMS_bio_stream.3
  CC      mm/cleancache.o
  CC      security/lsm_audit.o
  CC     route/cls/ematch/nbyte.lo
installing man3/i2d_PKCS7_bio_stream.3
arm-histbv310-linux-ar crv libnet.a bootp.o eth.o net.o rarp.o tftp.o
installing man3/lh_stats.3
  CC      crypto/shash.o
r - bootp.o
r - eth.o
r - net.o
r - rarp.o
r - tftp.o
make[4]: Leaving directory '/home/ray/workplace/git_download/HiSTB_origin/HiSTBLinux/out/hi3798mv100/hi3798mv100_out/obj/source/boot/fastboot/net'
if [ ssdrivers/mmc/libmmc.a != ss/home/ray/workplace/git_download/HiSTB_origin/HiSTBLinux/out/hi3798mv100/hi3798mv100_out/obj/source/boot/product/libproduct.a ]; then ( \
	make -C drivers/mmc/; \
) fi
  CC      kernel/sched/completion.o
  CC      mm/page_isolation.o
lh_node_stats.3 => lh_stats.3
lh_node_usage_stats.3 => lh_stats.3
lh_stats_bio.3 => lh_stats.3
lh_node_stats_bio.3 => lh_stats.3
lh_node_usage_stats_bio.3 => lh_stats.3
installing man3/lhash.3
make[4]: Entering directory '/home/ray/workplace/git_download/HiSTB_origin/HiSTBLinux/out/hi3798mv100/hi3798mv100_out/obj/source/boot/fastboot/drivers/mmc'
  CC      fs/cifs/cifs_debug.o
lh_new.3 => lhash.3
lh_free.3 => lhash.3
lh_insert.3 => lhash.3
lh_delete.3 => lhash.3
lh_retrieve.3 => lhash.3
lh_doall.3 => lhash.3
  CC      kernel/sched/idle.o
lh_doall_arg.3 => lhash.3
lh_error.3 => lhash.3
installing man3/md5.3
  CC      security/device_cgroup.o
  CC     route/cls/ematch/text.lo
  CC      mm/zpool.o
MD2.3 => md5.3
MD4.3 => md5.3
MD5.3 => md5.3
MD2_Init.3 => md5.3
MD2_Update.3 => md5.3
MD2_Final.3 => md5.3
MD4_Init.3 => md5.3
MD4_Update.3 => md5.3
MD4_Final.3 => md5.3
MD5_Init.3 => md5.3
MD5_Update.3 => md5.3
MD5_Final.3 => md5.3
installing man3/mdc2.3
  CC      crypto/pcompress.o
MDC2.3 => mdc2.3
MDC2_Init.3 => mdc2.3
MDC2_Update.3 => mdc2.3
MDC2_Final.3 => mdc2.3
installing man3/pem.3
  CC      mm/zsmalloc.o
  LD      security/built-in.o
  CC      kernel/sched/cpupri.o
  CC      mm/cma.o
  CC      fs/cifs/connect.o
arm-histbv310-linux-gcc  -g  -Os  -fno-strict-aliasing -fno-common -ffixed-r8   -D__KERNEL__ -DTEXT_BASE=0x00c00000 -I/home/ray/workplace/git_download/HiSTB_origin/HiSTBLinux/out/hi3798mv100/hi3798mv100_out/obj/source/boot/fastboot/include -I/home/ray/workplace/git_download/HiSTB_origin/HiSTBLinux/out/hi3798mv100/hi3798mv100_out/obj/source/boot/fastboot -fno-builtin -ffreestanding -nostdinc -mfloat-abi=soft -isystem /home/ray/workplace/git_download/HiSTB_origin/HiSTBLinux/tools/linux/toolchains/arm-histbv310-linux/bin/../lib/gcc/arm-gcc492_glibc224-linux-gnueabi/4.9.2/include -pipe -DCONFIG_ARM -D__ARM__ -marm -mno-thumb-interwork  -mabi=aapcs-linux -march=armv7-a -DVERSION=3 -DPATCHLEVEL=3 -DSUBLEVEL=0 -DCONFIG_AUXIMAGE=\"/home/ray/workplace/git_download/HiSTB_origin/HiSTBLinux/out/hi3798mv100/hi3798mv100_out/obj/source/boot/fastboot/auxcode_sign.img\"   -DVERSION=3 -DPATCHLEVEL=3 -DSUBLEVEL=0 -DCONFIG_AUXIMAGE=\"/home/ray/workplace/git_download/HiSTB_origin/HiSTBLinux/out/hi3798mv100/hi3798mv100_out/obj/source/boot/fastboot/auxcode_sign.img\"   -Wall -Wstrict-prototypes -fno-stack-protector   \
	-o mmc.o mmc.c -c
PEM.3 => pem.3
PEM_read_bio_PrivateKey.3 => pem.3
PEM_read_PrivateKey.3 => pem.3
PEM_write_bio_PrivateKey.3 => pem.3
PEM_write_PrivateKey.3 => pem.3
PEM_write_bio_PKCS8PrivateKey.3 => pem.3
PEM_write_PKCS8PrivateKey.3 => pem.3
PEM_write_bio_PKCS8PrivateKey_nid.3 => pem.3
PEM_write_PKCS8PrivateKey_nid.3 => pem.3
PEM_read_bio_PUBKEY.3 => pem.3
PEM_read_PUBKEY.3 => pem.3
PEM_write_bio_PUBKEY.3 => pem.3
PEM_write_PUBKEY.3 => pem.3
PEM_read_bio_RSAPrivateKey.3 => pem.3
  CC      crypto/akcipher.o
PEM_read_RSAPrivateKey.3 => pem.3
  CC     route/cls/ematch/meta.lo
PEM_write_bio_RSAPrivateKey.3 => pem.3
PEM_write_RSAPrivateKey.3 => pem.3
PEM_read_bio_RSAPublicKey.3 => pem.3
PEM_read_RSAPublicKey.3 => pem.3
PEM_write_bio_RSAPublicKey.3 => pem.3
PEM_write_RSAPublicKey.3 => pem.3
  CC      kernel/sched/cpudeadline.o
PEM_read_bio_RSA_PUBKEY.3 => pem.3
PEM_read_RSA_PUBKEY.3 => pem.3
PEM_write_bio_RSA_PUBKEY.3 => pem.3
PEM_write_RSA_PUBKEY.3 => pem.3
PEM_read_bio_DSAPrivateKey.3 => pem.3
PEM_read_DSAPrivateKey.3 => pem.3
PEM_write_bio_DSAPrivateKey.3 => pem.3
PEM_write_DSAPrivateKey.3 => pem.3
PEM_read_bio_DSA_PUBKEY.3 => pem.3
PEM_read_DSA_PUBKEY.3 => pem.3
PEM_write_bio_DSA_PUBKEY.3 => pem.3
PEM_write_DSA_PUBKEY.3 => pem.3
PEM_read_bio_DSAparams.3 => pem.3
PEM_read_DSAparams.3 => pem.3
PEM_write_bio_DSAparams.3 => pem.3
PEM_write_DSAparams.3 => pem.3
PEM_read_bio_DHparams.3 => pem.3
PEM_read_DHparams.3 => pem.3
PEM_write_bio_DHparams.3 => pem.3
PEM_write_DHparams.3 => pem.3
PEM_read_bio_X509.3 => pem.3
PEM_read_X509.3 => pem.3
PEM_write_bio_X509.3 => pem.3
PEM_write_X509.3 => pem.3
PEM_read_bio_X509_AUX.3 => pem.3
PEM_read_X509_AUX.3 => pem.3
PEM_write_bio_X509_AUX.3 => pem.3
PEM_write_X509_AUX.3 => pem.3
PEM_read_bio_X509_REQ.3 => pem.3
PEM_read_X509_REQ.3 => pem.3
PEM_write_bio_X509_REQ.3 => pem.3
PEM_write_X509_REQ.3 => pem.3
PEM_write_bio_X509_REQ_NEW.3 => pem.3
PEM_write_X509_REQ_NEW.3 => pem.3
  CC      kernel/sched/energy.o
PEM_read_bio_X509_CRL.3 => pem.3
PEM_read_X509_CRL.3 => pem.3
PEM_write_bio_X509_CRL.3 => pem.3
PEM_write_X509_CRL.3 => pem.3
PEM_read_bio_PKCS7.3 => pem.3
PEM_read_PKCS7.3 => pem.3
  CC      fs/cifs/dir.o
PEM_write_bio_PKCS7.3 => pem.3
PEM_write_PKCS7.3 => pem.3
PEM_read_bio_NETSCAPE_CERT_SEQUENCE.3 => pem.3
  CC      crypto/algboss.o
arm-histbv310-linux-gcc  -g  -Os  -fno-strict-aliasing -fno-common -ffixed-r8   -D__KERNEL__ -DTEXT_BASE=0x00c00000 -I/home/ray/workplace/git_download/HiSTB_origin/HiSTBLinux/out/hi3798mv100/hi3798mv100_out/obj/source/boot/fastboot/include -I/home/ray/workplace/git_download/HiSTB_origin/HiSTBLinux/out/hi3798mv100/hi3798mv100_out/obj/source/boot/fastboot -fno-builtin -ffreestanding -nostdinc -mfloat-abi=soft -isystem /home/ray/workplace/git_download/HiSTB_origin/HiSTBLinux/tools/linux/toolchains/arm-histbv310-linux/bin/../lib/gcc/arm-gcc492_glibc224-linux-gnueabi/4.9.2/include -pipe -DCONFIG_ARM -D__ARM__ -marm -mno-thumb-interwork  -mabi=aapcs-linux -march=armv7-a -DVERSION=3 -DPATCHLEVEL=3 -DSUBLEVEL=0 -DCONFIG_AUXIMAGE=\"/home/ray/workplace/git_download/HiSTB_origin/HiSTBLinux/out/hi3798mv100/hi3798mv100_out/obj/source/boot/fastboot/auxcode_sign.img\"   -DVERSION=3 -DPATCHLEVEL=3 -DSUBLEVEL=0 -DCONFIG_AUXIMAGE=\"/home/ray/workplace/git_download/HiSTB_origin/HiSTBLinux/out/hi3798mv100/hi3798mv100_out/obj/source/boot/fastboot/auxcode_sign.img\"   -Wall -Wstrict-prototypes -fno-stack-protector   \
	-o himciv200.o himciv200.c -c
PEM_read_NETSCAPE_CERT_SEQUENCE.3 => pem.3
PEM_write_bio_NETSCAPE_CERT_SEQUENCE.3 => pem.3
PEM_write_NETSCAPE_CERT_SEQUENCE.3 => pem.3
installing man3/rand.3
  CC      mm/page_ext.o
installing man3/rc4.3
  CC      kernel/sched/auto_group.o
In file included from himciv200.c:7:0:
himciv200.c: In function 'hi_mci_execute_tuning':
/home/ray/workplace/git_download/HiSTB_origin/HiSTBLinux/out/hi3798mv100/hi3798mv100_out/obj/source/boot/fastboot/include/asm/io.h:72:28: warning: 'reg_addr' may be used uninitialized in this function [-Wmaybe-uninitialized]
 #define __arch_getl(a)   (*(volatile unsigned int *)(a))
                            ^
himciv200.c:827:41: note: 'reg_addr' was declared here
  unsigned int index,min,max,mask,offset,reg_addr;
                                         ^
himciv200.c:904:15: warning: 'max' is used uninitialized in this function [-Wuninitialized]
    fall_point = max-1;
               ^
himciv200.c:907:17: warning: 'min' is used uninitialized in this function [-Wuninitialized]
    value = (max + raise_point + fall_point) / 2;
                 ^
himciv200.c:862:14: warning: 'mask' may be used uninitialized in this function [-Wmaybe-uninitialized]
   tmp_reg &= ~mask;
              ^
himciv200.c:863:21: warning: 'offset' may be used uninitialized in this function [-Wmaybe-uninitialized]
   tmp_reg |= (value << offset);
                     ^
  CC     route/link/api.lo
RC4_set_key.3 => rc4.3
RC4.3 => rc4.3
installing man3/ripemd.3
  CC      mm/page_idle.o
RIPEMD160.3 => ripemd.3
arm-histbv310-linux-gcc  -g  -Os  -fno-strict-aliasing -fno-common -ffixed-r8   -D__KERNEL__ -DTEXT_BASE=0x00c00000 -I/home/ray/workplace/git_download/HiSTB_origin/HiSTBLinux/out/hi3798mv100/hi3798mv100_out/obj/source/boot/fastboot/include -I/home/ray/workplace/git_download/HiSTB_origin/HiSTBLinux/out/hi3798mv100/hi3798mv100_out/obj/source/boot/fastboot -fno-builtin -ffreestanding -nostdinc -mfloat-abi=soft -isystem /home/ray/workplace/git_download/HiSTB_origin/HiSTBLinux/tools/linux/toolchains/arm-histbv310-linux/bin/../lib/gcc/arm-gcc492_glibc224-linux-gnueabi/4.9.2/include -pipe -DCONFIG_ARM -D__ARM__ -marm -mno-thumb-interwork  -mabi=aapcs-linux -march=armv7-a -DVERSION=3 -DPATCHLEVEL=3 -DSUBLEVEL=0 -DCONFIG_AUXIMAGE=\"/home/ray/workplace/git_download/HiSTB_origin/HiSTBLinux/out/hi3798mv100/hi3798mv100_out/obj/source/boot/fastboot/auxcode_sign.img\"   -DVERSION=3 -DPATCHLEVEL=3 -DSUBLEVEL=0 -DCONFIG_AUXIMAGE=\"/home/ray/workplace/git_download/HiSTB_origin/HiSTBLinux/out/hi3798mv100/hi3798mv100_out/obj/source/boot/fastboot/auxcode_sign.img\"   -Wall -Wstrict-prototypes -fno-stack-protector   \
	-o himciv200_dbg_boot_read.o himciv200_dbg_boot_read.c -c
RIPEMD160_Init.3 => ripemd.3
RIPEMD160_Update.3 => ripemd.3
RIPEMD160_Final.3 => ripemd.3
installing man3/rsa.3
  CC      crypto/testmgr.o
installing man3/sha.3
  CC      kernel/sched/cpuacct.o
arm-histbv310-linux-gcc  -g  -Os  -fno-strict-aliasing -fno-common -ffixed-r8   -D__KERNEL__ -DTEXT_BASE=0x00c00000 -I/home/ray/workplace/git_download/HiSTB_origin/HiSTBLinux/out/hi3798mv100/hi3798mv100_out/obj/source/boot/fastboot/include -I/home/ray/workplace/git_download/HiSTB_origin/HiSTBLinux/out/hi3798mv100/hi3798mv100_out/obj/source/boot/fastboot -fno-builtin -ffreestanding -nostdinc -mfloat-abi=soft -isystem /home/ray/workplace/git_download/HiSTB_origin/HiSTBLinux/tools/linux/toolchains/arm-histbv310-linux/bin/../lib/gcc/arm-gcc492_glibc224-linux-gnueabi/4.9.2/include -pipe -DCONFIG_ARM -D__ARM__ -marm -mno-thumb-interwork  -mabi=aapcs-linux -march=armv7-a -DVERSION=3 -DPATCHLEVEL=3 -DSUBLEVEL=0 -DCONFIG_AUXIMAGE=\"/home/ray/workplace/git_download/HiSTB_origin/HiSTBLinux/out/hi3798mv100/hi3798mv100_out/obj/source/boot/fastboot/auxcode_sign.img\"   -DVERSION=3 -DPATCHLEVEL=3 -DSUBLEVEL=0 -DCONFIG_AUXIMAGE=\"/home/ray/workplace/git_download/HiSTB_origin/HiSTBLinux/out/hi3798mv100/hi3798mv100_out/obj/source/boot/fastboot/auxcode_sign.img\"   -Wall -Wstrict-prototypes -fno-stack-protector   \
	-o himci_mmc_test.o himci_mmc_test.c -c
SHA1.3 => sha.3
SHA1_Init.3 => sha.3
SHA1_Update.3 => sha.3
SHA1_Final.3 => sha.3
SHA224.3 => sha.3
SHA224_Init.3 => sha.3
  CC      mm/frame_vector.o
SHA224_Update.3 => sha.3
  CC      fs/cifs/file.o
SHA224_Final.3 => sha.3
SHA256.3 => sha.3
SHA256_Init.3 => sha.3
SHA256_Update.3 => sha.3
SHA256_Final.3 => sha.3
SHA384.3 => sha.3
SHA384_Init.3 => sha.3
SHA384_Update.3 => sha.3
SHA384_Final.3 => sha.3
SHA512.3 => sha.3
arm-histbv310-linux-ar crv libmmc.a mmc.o himciv200.o himciv200_dbg_boot_read.o himci_mmc_test.o
SHA512_Init.3 => sha.3
SHA512_Update.3 => sha.3
SHA512_Final.3 => sha.3
  CC      crypto/cmac.o
installing man3/threads.3
  CC     route/link/vlan.lo
r - mmc.o
r - himciv200.o
r - himciv200_dbg_boot_read.o
r - himci_mmc_test.o
make[4]: Leaving directory '/home/ray/workplace/git_download/HiSTB_origin/HiSTBLinux/out/hi3798mv100/hi3798mv100_out/obj/source/boot/fastboot/drivers/mmc'
if [ ssfs/ext4/libext4.a != ss/home/ray/workplace/git_download/HiSTB_origin/HiSTBLinux/out/hi3798mv100/hi3798mv100_out/obj/source/boot/product/libproduct.a ]; then ( \
	make -C fs/ext4/; \
) fi
  LD      kernel/sched/built-in.o
CRYPTO_THREADID_set_callback.3 => threads.3
CRYPTO_THREADID_get_callback.3 => threads.3
CRYPTO_THREADID_current.3 => threads.3
CRYPTO_THREADID_cmp.3 => threads.3
CRYPTO_THREADID_cpy.3 => threads.3
CRYPTO_THREADID_hash.3 => threads.3
CRYPTO_set_locking_callback.3 => threads.3
CRYPTO_num_locks.3 => threads.3
CRYPTO_set_dynlock_create_callback.3 => threads.3
CRYPTO_set_dynlock_lock_callback.3 => threads.3
CRYPTO_set_dynlock_destroy_callback.3 => threads.3
make[4]: Entering directory '/home/ray/workplace/git_download/HiSTB_origin/HiSTBLinux/out/hi3798mv100/hi3798mv100_out/obj/source/boot/fastboot/fs/ext4'
  CC      crypto/hmac.o
CRYPTO_get_new_dynlockid.3 => threads.3
CRYPTO_destroy_dynlockid.3 => threads.3
CRYPTO_lock.3 => threads.3
installing man3/ui.3
  LD      mm/built-in.o
  CC      kernel/time/time.o
  CC      crypto/crypto_null.o
UI_new.3 => ui.3
UI_new_method.3 => ui.3
UI_free.3 => ui.3
UI_add_input_string.3 => ui.3
  CC      kernel/time/timer.o
UI_dup_input_string.3 => ui.3
UI_add_verify_string.3 => ui.3
UI_dup_verify_string.3 => ui.3
UI_add_input_boolean.3 => ui.3
UI_dup_input_boolean.3 => ui.3
UI_add_info_string.3 => ui.3
UI_dup_info_string.3 => ui.3
UI_add_error_string.3 => ui.3
UI_dup_error_string.3 => ui.3
UI_construct_prompt.3 => ui.3
UI_add_user_data.3 => ui.3
UI_get0_user_data.3 => ui.3
UI_get0_result.3 => ui.3
UI_process.3 => ui.3
UI_ctrl.3 => ui.3
UI_set_default_method.3 => ui.3
UI_get_default_method.3 => ui.3
UI_get_method.3 => ui.3
UI_set_method.3 => ui.3
UI_OpenSSL.3 => ui.3
ERR_load_UI_strings.3 => ui.3
installing man3/ui_compat.3
  CC      fs/cifs/inode.o
des_read_password.3 => ui_compat.3
des_read_2passwords.3 => ui_compat.3
  CC      crypto/md4.o
des_read_pw_string.3 => ui_compat.3
des_read_pw.3 => ui_compat.3
installing man3/x509.3
arm-histbv310-linux-gcc  -g  -Os  -fno-strict-aliasing -fno-common -ffixed-r8   -D__KERNEL__ -DTEXT_BASE=0x00c00000 -I/home/ray/workplace/git_download/HiSTB_origin/HiSTBLinux/out/hi3798mv100/hi3798mv100_out/obj/source/boot/fastboot/include -I/home/ray/workplace/git_download/HiSTB_origin/HiSTBLinux/out/hi3798mv100/hi3798mv100_out/obj/source/boot/fastboot -fno-builtin -ffreestanding -nostdinc -mfloat-abi=soft -isystem /home/ray/workplace/git_download/HiSTB_origin/HiSTBLinux/tools/linux/toolchains/arm-histbv310-linux/bin/../lib/gcc/arm-gcc492_glibc224-linux-gnueabi/4.9.2/include -pipe -DCONFIG_ARM -D__ARM__ -marm -mno-thumb-interwork  -mabi=aapcs-linux -march=armv7-a -DVERSION=3 -DPATCHLEVEL=3 -DSUBLEVEL=0 -DCONFIG_AUXIMAGE=\"/home/ray/workplace/git_download/HiSTB_origin/HiSTBLinux/out/hi3798mv100/hi3798mv100_out/obj/source/boot/fastboot/auxcode_sign.img\"   -DVERSION=3 -DPATCHLEVEL=3 -DSUBLEVEL=0 -DCONFIG_AUXIMAGE=\"/home/ray/workplace/git_download/HiSTB_origin/HiSTBLinux/out/hi3798mv100/hi3798mv100_out/obj/source/boot/fastboot/auxcode_sign.img\"   -Wall -Wstrict-prototypes -fno-stack-protector   \
	-o unsparse.o unsparse.c -c
installing man3/SSL_CIPHER_get_name.3
  CC     route/link/dummy.lo
arm-histbv310-linux-ar crv libext4.a unsparse.o
SSL_CIPHER_get_bits.3 => SSL_CIPHER_get_name.3
SSL_CIPHER_get_version.3 => SSL_CIPHER_get_name.3
SSL_CIPHER_description.3 => SSL_CIPHER_get_name.3
installing man3/SSL_COMP_add_compression_method.3
  CC      block/bio.o
r - unsparse.o
make[4]: Leaving directory '/home/ray/workplace/git_download/HiSTB_origin/HiSTBLinux/out/hi3798mv100/hi3798mv100_out/obj/source/boot/fastboot/fs/ext4'
if [ ssdrivers/mtd/libmtd.a != ss/home/ray/workplace/git_download/HiSTB_origin/HiSTBLinux/out/hi3798mv100/hi3798mv100_out/obj/source/boot/product/libproduct.a ]; then ( \
	make -C drivers/mtd/; \
) fi
  CC      crypto/md5.o
SSL_COMP_free_compression_methods.3 => SSL_COMP_add_compression_method.3
installing man3/SSL_CONF_CTX_new.3
make[4]: Entering directory '/home/ray/workplace/git_download/HiSTB_origin/HiSTBLinux/out/hi3798mv100/hi3798mv100_out/obj/source/boot/fastboot/drivers/mtd'
SSL_CONF_CTX_free.3 => SSL_CONF_CTX_new.3
installing man3/SSL_CONF_CTX_set1_prefix.3
installing man3/SSL_CONF_CTX_set_flags.3
  CC     route/link/bridge.lo
  CC      crypto/sha1_generic.o
arm-histbv310-linux-ar crv libmtd.a 
SSL_CONF_CTX_clear_flags.3 => SSL_CONF_CTX_set_flags.3
installing man3/SSL_CONF_CTX_set_ssl_ctx.3
  CC      kernel/time/hrtimer.o
make[4]: Leaving directory '/home/ray/workplace/git_download/HiSTB_origin/HiSTBLinux/out/hi3798mv100/hi3798mv100_out/obj/source/boot/fastboot/drivers/mtd'
if [ ssdrivers/mtd/spi/libspi_flash.a != ss/home/ray/workplace/git_download/HiSTB_origin/HiSTBLinux/out/hi3798mv100/hi3798mv100_out/obj/source/boot/product/libproduct.a ]; then ( \
	make -C drivers/mtd/spi/; \
) fi
SSL_CONF_CTX_set_ssl.3 => SSL_CONF_CTX_set_ssl_ctx.3
  CC      kernel/time/itimer.o
installing man3/SSL_CONF_cmd.3
make[4]: Entering directory '/home/ray/workplace/git_download/HiSTB_origin/HiSTBLinux/out/hi3798mv100/hi3798mv100_out/obj/source/boot/fastboot/drivers/mtd/spi'
  CC      crypto/sha256_generic.o
installing man3/SSL_CONF_cmd_argv.3
  CC      fs/cifs/link.o
installing man3/SSL_CTX_add1_chain_cert.3
  CC      block/elevator.o
SSL_CTX_set0_chain.3 => SSL_CTX_add1_chain_cert.3
SSL_CTX_set1_chain.3 => SSL_CTX_add1_chain_cert.3
SSL_CTX_add0_chain_cert.3 => SSL_CTX_add1_chain_cert.3
SSL_CTX_get0_chain_certs.3 => SSL_CTX_add1_chain_cert.3
SSL_CTX_clear_chain_certs.3 => SSL_CTX_add1_chain_cert.3
SSL_set0_chain.3 => SSL_CTX_add1_chain_cert.3
SSL_set1_chain.3 => SSL_CTX_add1_chain_cert.3
SSL_add0_chain_cert.3 => SSL_CTX_add1_chain_cert.3
SSL_add1_chain_cert.3 => SSL_CTX_add1_chain_cert.3
  CC      block/blk-core.o
SSL_get0_chain_certs.3 => SSL_CTX_add1_chain_cert.3
SSL_clear_chain_certs.3 => SSL_CTX_add1_chain_cert.3
SSL_CTX_build_cert_chain.3 => SSL_CTX_add1_chain_cert.3
  CC     route/link/inet6.lo
SSL_build_cert_chain.3 => SSL_CTX_add1_chain_cert.3
SSL_CTX_select_current_cert.3 => SSL_CTX_add1_chain_cert.3
SSL_select_current_cert.3 => SSL_CTX_add1_chain_cert.3
SSL_CTX_set_current_cert.3 => SSL_CTX_add1_chain_cert.3
SSL_set_current_cert.3 => SSL_CTX_add1_chain_cert.3
installing man3/SSL_CTX_add_extra_chain_cert.3
  CC      kernel/time/posix-timers.o
SSL_CTX_clear_extra_chain_certs.3 => SSL_CTX_add_extra_chain_cert.3
arm-histbv310-linux-gcc  -g  -Os  -fno-strict-aliasing -fno-common -ffixed-r8   -D__KERNEL__ -DTEXT_BASE=0x00c00000 -I/home/ray/workplace/git_download/HiSTB_origin/HiSTBLinux/out/hi3798mv100/hi3798mv100_out/obj/source/boot/fastboot/include -I/home/ray/workplace/git_download/HiSTB_origin/HiSTBLinux/out/hi3798mv100/hi3798mv100_out/obj/source/boot/fastboot -fno-builtin -ffreestanding -nostdinc -mfloat-abi=soft -isystem /home/ray/workplace/git_download/HiSTB_origin/HiSTBLinux/tools/linux/toolchains/arm-histbv310-linux/bin/../lib/gcc/arm-gcc492_glibc224-linux-gnueabi/4.9.2/include -pipe -DCONFIG_ARM -D__ARM__ -marm -mno-thumb-interwork  -mabi=aapcs-linux -march=armv7-a -DVERSION=3 -DPATCHLEVEL=3 -DSUBLEVEL=0 -DCONFIG_AUXIMAGE=\"/home/ray/workplace/git_download/HiSTB_origin/HiSTBLinux/out/hi3798mv100/hi3798mv100_out/obj/source/boot/fastboot/auxcode_sign.img\"   -DVERSION=3 -DPATCHLEVEL=3 -DSUBLEVEL=0 -DCONFIG_AUXIMAGE=\"/home/ray/workplace/git_download/HiSTB_origin/HiSTBLinux/out/hi3798mv100/hi3798mv100_out/obj/source/boot/fastboot/auxcode_sign.img\"   -Wall -Wstrict-prototypes -fno-stack-protector   \
	-o spi_compatible.o spi_compatible.c -c
installing man3/SSL_CTX_add_session.3
SSL_add_session.3 => SSL_CTX_add_session.3
SSL_CTX_remove_session.3 => SSL_CTX_add_session.3
  CC      crypto/ecb.o
spi_compatible.c: In function 'spi_flash_probe':
spi_compatible.c:42:6: warning: variable 'devs' set but not used [-Wunused-but-set-variable]
  int devs;
      ^
spi_compatible.c: In function 'get_spiflash_info':
spi_compatible.c:70:6: warning: variable 'devs' set but not used [-Wunused-but-set-variable]
  int devs;
      ^
SSL_remove_session.3 => SSL_CTX_add_session.3
arm-histbv310-linux-gcc  -g  -Os  -fno-strict-aliasing -fno-common -ffixed-r8   -D__KERNEL__ -DTEXT_BASE=0x00c00000 -I/home/ray/workplace/git_download/HiSTB_origin/HiSTBLinux/out/hi3798mv100/hi3798mv100_out/obj/source/boot/fastboot/include -I/home/ray/workplace/git_download/HiSTB_origin/HiSTBLinux/out/hi3798mv100/hi3798mv100_out/obj/source/boot/fastboot -fno-builtin -ffreestanding -nostdinc -mfloat-abi=soft -isystem /home/ray/workplace/git_download/HiSTB_origin/HiSTBLinux/tools/linux/toolchains/arm-histbv310-linux/bin/../lib/gcc/arm-gcc492_glibc224-linux-gnueabi/4.9.2/include -pipe -DCONFIG_ARM -D__ARM__ -marm -mno-thumb-interwork  -mabi=aapcs-linux -march=armv7-a -DVERSION=3 -DPATCHLEVEL=3 -DSUBLEVEL=0 -DCONFIG_AUXIMAGE=\"/home/ray/workplace/git_download/HiSTB_origin/HiSTBLinux/out/hi3798mv100/hi3798mv100_out/obj/source/boot/fastboot/auxcode_sign.img\"   -DVERSION=3 -DPATCHLEVEL=3 -DSUBLEVEL=0 -DCONFIG_AUXIMAGE=\"/home/ray/workplace/git_download/HiSTB_origin/HiSTBLinux/out/hi3798mv100/hi3798mv100_out/obj/source/boot/fastboot/auxcode_sign.img\"   -Wall -Wstrict-prototypes -fno-stack-protector   \
	-o spi_ids.o spi_ids.c -c
installing man3/SSL_CTX_ctrl.3
  CC      fs/cifs/misc.o
SSL_CTX_callback_ctrl.3 => SSL_CTX_ctrl.3
SSL_ctrl.3 => SSL_CTX_ctrl.3
SSL_callback_ctrl.3 => SSL_CTX_ctrl.3
installing man3/SSL_CTX_flush_sessions.3
  CC      kernel/time/posix-cpu-timers.o
arm-histbv310-linux-ar crv libspi_flash.a spi_compatible.o spi_ids.o
SSL_flush_sessions.3 => SSL_CTX_flush_sessions.3
installing man3/SSL_CTX_free.3
r - spi_compatible.o
r - spi_ids.o
make[4]: Leaving directory '/home/ray/workplace/git_download/HiSTB_origin/HiSTBLinux/out/hi3798mv100/hi3798mv100_out/obj/source/boot/fastboot/drivers/mtd/spi'
if [ ssdrivers/net/libnet.a != ss/home/ray/workplace/git_download/HiSTB_origin/HiSTBLinux/out/hi3798mv100/hi3798mv100_out/obj/source/boot/product/libproduct.a ]; then ( \
	make -C drivers/net/; \
) fi
  CC     route/link/inet.lo
  CC      crypto/cbc.o
installing man3/SSL_CTX_get0_param.3
make[4]: Entering directory '/home/ray/workplace/git_download/HiSTB_origin/HiSTBLinux/out/hi3798mv100/hi3798mv100_out/obj/source/boot/fastboot/drivers/net'
  CC      crypto/des_generic.o
SSL_get0_param.3 => SSL_CTX_get0_param.3
SSL_CTX_set1_param.3 => SSL_CTX_get0_param.3
SSL_set1_param.3 => SSL_CTX_get0_param.3
installing man3/SSL_CTX_get_ex_new_index.3
SSL_CTX_set_ex_data.3 => SSL_CTX_get_ex_new_index.3
SSL_CTX_get_ex_data.3 => SSL_CTX_get_ex_new_index.3
installing man3/SSL_CTX_get_verify_mode.3
  CC      block/blk-tag.o
arm-histbv310-linux-ar crv libnet.a 
  CC      fs/cifs/netmisc.o
SSL_get_verify_mode.3 => SSL_CTX_get_verify_mode.3
SSL_CTX_get_verify_depth.3 => SSL_CTX_get_verify_mode.3
SSL_get_verify_depth.3 => SSL_CTX_get_verify_mode.3
SSL_get_verify_callback.3 => SSL_CTX_get_verify_mode.3
SSL_CTX_get_verify_callback.3 => SSL_CTX_get_verify_mode.3
  CC      kernel/time/timekeeping.o
make[4]: Leaving directory '/home/ray/workplace/git_download/HiSTB_origin/HiSTBLinux/out/hi3798mv100/hi3798mv100_out/obj/source/boot/fastboot/drivers/net'
if [ ssdrivers/net/phy/libphy.a != ss/home/ray/workplace/git_download/HiSTB_origin/HiSTBLinux/out/hi3798mv100/hi3798mv100_out/obj/source/boot/product/libproduct.a ]; then ( \
	make -C drivers/net/phy/; \
) fi
installing man3/SSL_CTX_load_verify_locations.3
  CC     route/link/bonding.lo
installing man3/SSL_CTX_new.3
make[4]: Entering directory '/home/ray/workplace/git_download/HiSTB_origin/HiSTBLinux/out/hi3798mv100/hi3798mv100_out/obj/source/boot/fastboot/drivers/net/phy'
SSLv23_method.3 => SSL_CTX_new.3
SSLv23_server_method.3 => SSL_CTX_new.3
  CC      crypto/blowfish_generic.o
SSLv23_client_method.3 => SSL_CTX_new.3
TLSv1_2_method.3 => SSL_CTX_new.3
TLSv1_2_server_method.3 => SSL_CTX_new.3
TLSv1_2_client_method.3 => SSL_CTX_new.3
TLSv1_1_method.3 => SSL_CTX_new.3
TLSv1_1_server_method.3 => SSL_CTX_new.3
TLSv1_1_client_method.3 => SSL_CTX_new.3
TLSv1_method.3 => SSL_CTX_new.3
  CC      kernel/time/ntp.o
TLSv1_server_method.3 => SSL_CTX_new.3
TLSv1_client_method.3 => SSL_CTX_new.3
SSLv3_method.3 => SSL_CTX_new.3
SSLv3_server_method.3 => SSL_CTX_new.3
SSLv3_client_method.3 => SSL_CTX_new.3
SSLv2_method.3 => SSL_CTX_new.3
SSLv2_server_method.3 => SSL_CTX_new.3
SSLv2_client_method.3 => SSL_CTX_new.3
DTLS_method.3 => SSL_CTX_new.3
DTLS_server_method.3 => SSL_CTX_new.3
DTLS_client_method.3 => SSL_CTX_new.3
DTLSv1_2_method.3 => SSL_CTX_new.3
DTLSv1_2_server_method.3 => SSL_CTX_new.3
DTLSv1_2_client_method.3 => SSL_CTX_new.3
arm-histbv310-linux-ar crv libphy.a 
DTLSv1_method.3 => SSL_CTX_new.3
DTLSv1_server_method.3 => SSL_CTX_new.3
DTLSv1_client_method.3 => SSL_CTX_new.3
installing man3/SSL_CTX_sess_number.3
make[4]: Leaving directory '/home/ray/workplace/git_download/HiSTB_origin/HiSTBLinux/out/hi3798mv100/hi3798mv100_out/obj/source/boot/fastboot/drivers/net/phy'
if [ ssdrivers/net/hisfv300/libhisfv300.a != ss/home/ray/workplace/git_download/HiSTB_origin/HiSTBLinux/out/hi3798mv100/hi3798mv100_out/obj/source/boot/product/libproduct.a ]; then ( \
	make -C drivers/net/hisfv300/; \
) fi
  CC      fs/cifs/smbencrypt.o
SSL_CTX_sess_connect.3 => SSL_CTX_sess_number.3
SSL_CTX_sess_connect_good.3 => SSL_CTX_sess_number.3
  CC      crypto/blowfish_common.o
SSL_CTX_sess_connect_renegotiate.3 => SSL_CTX_sess_number.3
SSL_CTX_sess_accept.3 => SSL_CTX_sess_number.3
SSL_CTX_sess_accept_good.3 => SSL_CTX_sess_number.3
SSL_CTX_sess_accept_renegotiate.3 => SSL_CTX_sess_number.3
SSL_CTX_sess_hits.3 => SSL_CTX_sess_number.3
SSL_CTX_sess_cb_hits.3 => SSL_CTX_sess_number.3
  CC     route/link/can.lo
SSL_CTX_sess_misses.3 => SSL_CTX_sess_number.3
SSL_CTX_sess_timeouts.3 => SSL_CTX_sess_number.3
make[4]: Entering directory '/home/ray/workplace/git_download/HiSTB_origin/HiSTBLinux/out/hi3798mv100/hi3798mv100_out/obj/source/boot/fastboot/drivers/net/hisfv300'
SSL_CTX_sess_cache_full.3 => SSL_CTX_sess_number.3
installing man3/SSL_CTX_sess_set_cache_size.3
  CC      crypto/aes_generic.o
SSL_CTX_sess_get_cache_size.3 => SSL_CTX_sess_set_cache_size.3
installing man3/SSL_CTX_sess_set_get_cb.3
  CC      kernel/time/clocksource.o
  CC      block/blk-sysfs.o
  CC      block/blk-flush.o
SSL_CTX_sess_set_new_cb.3 => SSL_CTX_sess_set_get_cb.3
SSL_CTX_sess_set_remove_cb.3 => SSL_CTX_sess_set_get_cb.3
SSL_CTX_sess_get_new_cb.3 => SSL_CTX_sess_set_get_cb.3
SSL_CTX_sess_get_remove_cb.3 => SSL_CTX_sess_set_get_cb.3
SSL_CTX_sess_get_get_cb.3 => SSL_CTX_sess_set_get_cb.3
installing man3/SSL_CTX_sessions.3
installing man3/SSL_CTX_set1_curves.3
  CC      fs/cifs/transport.o
SSL_CTX_set1_curves_list.3 => SSL_CTX_set1_curves.3
SSL_set1_curves.3 => SSL_CTX_set1_curves.3
SSL_set1_curves_list.3 => SSL_CTX_set1_curves.3
  CC      kernel/time/jiffies.o
SSL_get1_curves.3 => SSL_CTX_set1_curves.3
SSL_get_shared_curve.3 => SSL_CTX_set1_curves.3
SSL_CTX_set_ecdh_auto.3 => SSL_CTX_set1_curves.3
SSL_set_ecdh_auto.3 => SSL_CTX_set1_curves.3
installing man3/SSL_CTX_set1_verify_cert_store.3
  CC      fs/cifs/asn1.o
SSL_CTX_set0_verify_cert_store.3 => SSL_CTX_set1_verify_cert_store.3
SSL_CTX_set0_chain_cert_store.3 => SSL_CTX_set1_verify_cert_store.3
  CC      block/blk-settings.o
SSL_CTX_set1_chain_cert_store.3 => SSL_CTX_set1_verify_cert_store.3
  CC      kernel/time/timer_list.o
SSL_set0_verify_cert_store.3 => SSL_CTX_set1_verify_cert_store.3
SSL_set1_verify_cert_store.3 => SSL_CTX_set1_verify_cert_store.3
SSL_set0_chain_cert_store.3 => SSL_CTX_set1_verify_cert_store.3
SSL_set1_chain_cert_store.3 => SSL_CTX_set1_verify_cert_store.3
installing man3/SSL_CTX_set_alpn_select_cb.3
  CC      crypto/arc4.o
arm-histbv310-linux-gcc  -g  -Os  -fno-strict-aliasing -fno-common -ffixed-r8   -D__KERNEL__ -DTEXT_BASE=0x00c00000 -I/home/ray/workplace/git_download/HiSTB_origin/HiSTBLinux/out/hi3798mv100/hi3798mv100_out/obj/source/boot/fastboot/include -I/home/ray/workplace/git_download/HiSTB_origin/HiSTBLinux/out/hi3798mv100/hi3798mv100_out/obj/source/boot/fastboot -fno-builtin -ffreestanding -nostdinc -mfloat-abi=soft -isystem /home/ray/workplace/git_download/HiSTB_origin/HiSTBLinux/tools/linux/toolchains/arm-histbv310-linux/bin/../lib/gcc/arm-gcc492_glibc224-linux-gnueabi/4.9.2/include -pipe -DCONFIG_ARM -D__ARM__ -marm -mno-thumb-interwork  -mabi=aapcs-linux -march=armv7-a -DVERSION=3 -DPATCHLEVEL=3 -DSUBLEVEL=0 -DCONFIG_AUXIMAGE=\"/home/ray/workplace/git_download/HiSTB_origin/HiSTBLinux/out/hi3798mv100/hi3798mv100_out/obj/source/boot/fastboot/auxcode_sign.img\"   -DVERSION=3 -DPATCHLEVEL=3 -DSUBLEVEL=0 -DCONFIG_AUXIMAGE=\"/home/ray/workplace/git_download/HiSTB_origin/HiSTBLinux/out/hi3798mv100/hi3798mv100_out/obj/source/boot/fastboot/auxcode_sign.img\"   -Wall -Wstrict-prototypes -fno-stack-protector   \
	-o net-drv.o net-drv.c -c
  CC     route/qdisc/blackhole.lo
SSL_CTX_set_alpn_protos.3 => SSL_CTX_set_alpn_select_cb.3
SSL_set_alpn_protos.3 => SSL_CTX_set_alpn_select_cb.3
SSL_select_next_proto.3 => SSL_CTX_set_alpn_select_cb.3
SSL_get0_alpn_selected.3 => SSL_CTX_set_alpn_select_cb.3
installing man3/SSL_CTX_set_cert_cb.3
SSL_set_cert_cb.3 => SSL_CTX_set_cert_cb.3
installing man3/SSL_CTX_set_cert_store.3
  CC      kernel/time/timeconv.o
  CC      crypto/deflate.o
arm-histbv310-linux-gcc  -g  -Os  -fno-strict-aliasing -fno-common -ffixed-r8   -D__KERNEL__ -DTEXT_BASE=0x00c00000 -I/home/ray/workplace/git_download/HiSTB_origin/HiSTBLinux/out/hi3798mv100/hi3798mv100_out/obj/source/boot/fastboot/include -I/home/ray/workplace/git_download/HiSTB_origin/HiSTBLinux/out/hi3798mv100/hi3798mv100_out/obj/source/boot/fastboot -fno-builtin -ffreestanding -nostdinc -mfloat-abi=soft -isystem /home/ray/workplace/git_download/HiSTB_origin/HiSTBLinux/tools/linux/toolchains/arm-histbv310-linux/bin/../lib/gcc/arm-gcc492_glibc224-linux-gnueabi/4.9.2/include -pipe -DCONFIG_ARM -D__ARM__ -marm -mno-thumb-interwork  -mabi=aapcs-linux -march=armv7-a -DVERSION=3 -DPATCHLEVEL=3 -DSUBLEVEL=0 -DCONFIG_AUXIMAGE=\"/home/ray/workplace/git_download/HiSTB_origin/HiSTBLinux/out/hi3798mv100/hi3798mv100_out/obj/source/boot/fastboot/auxcode_sign.img\"   -DVERSION=3 -DPATCHLEVEL=3 -DSUBLEVEL=0 -DCONFIG_AUXIMAGE=\"/home/ray/workplace/git_download/HiSTB_origin/HiSTBLinux/out/hi3798mv100/hi3798mv100_out/obj/source/boot/fastboot/auxcode_sign.img\"   -Wall -Wstrict-prototypes -fno-stack-protector   \
	-o mii-drv.o mii-drv.c -c
SSL_CTX_get_cert_store.3 => SSL_CTX_set_cert_store.3
installing man3/SSL_CTX_set_cert_verify_callback.3
  CC      block/blk-ioc.o
  CC      crypto/zlib.o
  CC      kernel/time/timecounter.o
  CC      fs/cifs/cifs_unicode.o
arm-histbv310-linux-gcc  -g  -Os  -fno-strict-aliasing -fno-common -ffixed-r8   -D__KERNEL__ -DTEXT_BASE=0x00c00000 -I/home/ray/workplace/git_download/HiSTB_origin/HiSTBLinux/out/hi3798mv100/hi3798mv100_out/obj/source/boot/fastboot/include -I/home/ray/workplace/git_download/HiSTB_origin/HiSTBLinux/out/hi3798mv100/hi3798mv100_out/obj/source/boot/fastboot -fno-builtin -ffreestanding -nostdinc -mfloat-abi=soft -isystem /home/ray/workplace/git_download/HiSTB_origin/HiSTBLinux/tools/linux/toolchains/arm-histbv310-linux/bin/../lib/gcc/arm-gcc492_glibc224-linux-gnueabi/4.9.2/include -pipe -DCONFIG_ARM -D__ARM__ -marm -mno-thumb-interwork  -mabi=aapcs-linux -march=armv7-a -DVERSION=3 -DPATCHLEVEL=3 -DSUBLEVEL=0 -DCONFIG_AUXIMAGE=\"/home/ray/workplace/git_download/HiSTB_origin/HiSTBLinux/out/hi3798mv100/hi3798mv100_out/obj/source/boot/fastboot/auxcode_sign.img\"   -DVERSION=3 -DPATCHLEVEL=3 -DSUBLEVEL=0 -DCONFIG_AUXIMAGE=\"/home/ray/workplace/git_download/HiSTB_origin/HiSTBLinux/out/hi3798mv100/hi3798mv100_out/obj/source/boot/fastboot/auxcode_sign.img\"   -Wall -Wstrict-prototypes -fno-stack-protector   \
	-o ctrl.o ctrl.c -c
  CC     route/qdisc/cbq.lo
  CC      kernel/time/posix-clock.o
installing man3/SSL_CTX_set_cipher_list.3
  CC      block/blk-map.o
SSL_set_cipher_list.3 => SSL_CTX_set_cipher_list.3
arm-histbv310-linux-gcc  -g  -Os  -fno-strict-aliasing -fno-common -ffixed-r8   -D__KERNEL__ -DTEXT_BASE=0x00c00000 -I/home/ray/workplace/git_download/HiSTB_origin/HiSTBLinux/out/hi3798mv100/hi3798mv100_out/obj/source/boot/fastboot/include -I/home/ray/workplace/git_download/HiSTB_origin/HiSTBLinux/out/hi3798mv100/hi3798mv100_out/obj/source/boot/fastboot -fno-builtin -ffreestanding -nostdinc -mfloat-abi=soft -isystem /home/ray/workplace/git_download/HiSTB_origin/HiSTBLinux/tools/linux/toolchains/arm-histbv310-linux/bin/../lib/gcc/arm-gcc492_glibc224-linux-gnueabi/4.9.2/include -pipe -DCONFIG_ARM -D__ARM__ -marm -mno-thumb-interwork  -mabi=aapcs-linux -march=armv7-a -DVERSION=3 -DPATCHLEVEL=3 -DSUBLEVEL=0 -DCONFIG_AUXIMAGE=\"/home/ray/workplace/git_download/HiSTB_origin/HiSTBLinux/out/hi3798mv100/hi3798mv100_out/obj/source/boot/fastboot/auxcode_sign.img\"   -DVERSION=3 -DPATCHLEVEL=3 -DSUBLEVEL=0 -DCONFIG_AUXIMAGE=\"/home/ray/workplace/git_download/HiSTB_origin/HiSTBLinux/out/hi3798mv100/hi3798mv100_out/obj/source/boot/fastboot/auxcode_sign.img\"   -Wall -Wstrict-prototypes -fno-stack-protector   \
	-o glb.o glb.c -c
installing man3/SSL_CTX_set_client_CA_list.3
SSL_set_client_CA_list.3 => SSL_CTX_set_client_CA_list.3
SSL_CTX_add_client_CA.3 => SSL_CTX_set_client_CA_list.3
SSL_add_client_CA.3 => SSL_CTX_set_client_CA_list.3
installing man3/SSL_CTX_set_client_cert_cb.3
  CC      crypto/crc32c_generic.o
arm-histbv310-linux-gcc  -g  -Os  -fno-strict-aliasing -fno-common -ffixed-r8   -D__KERNEL__ -DTEXT_BASE=0x00c00000 -I/home/ray/workplace/git_download/HiSTB_origin/HiSTBLinux/out/hi3798mv100/hi3798mv100_out/obj/source/boot/fastboot/include -I/home/ray/workplace/git_download/HiSTB_origin/HiSTBLinux/out/hi3798mv100/hi3798mv100_out/obj/source/boot/fastboot -fno-builtin -ffreestanding -nostdinc -mfloat-abi=soft -isystem /home/ray/workplace/git_download/HiSTB_origin/HiSTBLinux/tools/linux/toolchains/arm-histbv310-linux/bin/../lib/gcc/arm-gcc492_glibc224-linux-gnueabi/4.9.2/include -pipe -DCONFIG_ARM -D__ARM__ -marm -mno-thumb-interwork  -mabi=aapcs-linux -march=armv7-a -DVERSION=3 -DPATCHLEVEL=3 -DSUBLEVEL=0 -DCONFIG_AUXIMAGE=\"/home/ray/workplace/git_download/HiSTB_origin/HiSTBLinux/out/hi3798mv100/hi3798mv100_out/obj/source/boot/fastboot/auxcode_sign.img\"   -DVERSION=3 -DPATCHLEVEL=3 -DSUBLEVEL=0 -DCONFIG_AUXIMAGE=\"/home/ray/workplace/git_download/HiSTB_origin/HiSTBLinux/out/hi3798mv100/hi3798mv100_out/obj/source/boot/fastboot/auxcode_sign.img\"   -Wall -Wstrict-prototypes -fno-stack-protector   \
	-o mac.o mac.c -c
/home/ray/workplace/git_download/HiSTB_origin/HiSTBLinux/source/kernel/linux-4.4.y/block/blk-map.c: In function 'blk_rq_map_user_iov':
/home/ray/workplace/git_download/HiSTB_origin/HiSTBLinux/source/kernel/linux-4.4.y/block/blk-map.c:93:21: warning: passing argument 1 of 'iter_is_iovec' discards 'const' qualifier from pointer target type
  if (!iter_is_iovec(iter))
                     ^
In file included from /home/ray/workplace/git_download/HiSTB_origin/HiSTBLinux/source/kernel/linux-4.4.y/block/blk-map.c:8:0:
/home/ray/workplace/git_download/HiSTB_origin/HiSTBLinux/source/kernel/linux-4.4.y/include/linux/uio.h:109:20: note: expected 'struct iov_iter *' but argument is of type 'const struct iov_iter *'
 static inline bool iter_is_iovec(struct iov_iter *i)
                    ^
  CC      crypto/authenc.o
  CC      kernel/time/alarmtimer.o
SSL_CTX_get_client_cert_cb.3 => SSL_CTX_set_client_cert_cb.3
installing man3/SSL_CTX_set_custom_cli_ext.3
  CC      block/blk-exec.o
arm-histbv310-linux-gcc  -g  -Os  -fno-strict-aliasing -fno-common -ffixed-r8   -D__KERNEL__ -DTEXT_BASE=0x00c00000 -I/home/ray/workplace/git_download/HiSTB_origin/HiSTBLinux/out/hi3798mv100/hi3798mv100_out/obj/source/boot/fastboot/include -I/home/ray/workplace/git_download/HiSTB_origin/HiSTBLinux/out/hi3798mv100/hi3798mv100_out/obj/source/boot/fastboot -fno-builtin -ffreestanding -nostdinc -mfloat-abi=soft -isystem /home/ray/workplace/git_download/HiSTB_origin/HiSTBLinux/tools/linux/toolchains/arm-histbv310-linux/bin/../lib/gcc/arm-gcc492_glibc224-linux-gnueabi/4.9.2/include -pipe -DCONFIG_ARM -D__ARM__ -marm -mno-thumb-interwork  -mabi=aapcs-linux -march=armv7-a -DVERSION=3 -DPATCHLEVEL=3 -DSUBLEVEL=0 -DCONFIG_AUXIMAGE=\"/home/ray/workplace/git_download/HiSTB_origin/HiSTBLinux/out/hi3798mv100/hi3798mv100_out/obj/source/boot/fastboot/auxcode_sign.img\"   -DVERSION=3 -DPATCHLEVEL=3 -DSUBLEVEL=0 -DCONFIG_AUXIMAGE=\"/home/ray/workplace/git_download/HiSTB_origin/HiSTBLinux/out/hi3798mv100/hi3798mv100_out/obj/source/boot/fastboot/auxcode_sign.img\"   -Wall -Wstrict-prototypes -fno-stack-protector   \
	-o mdio.o mdio.c -c
SSL_CTX_add_client_custom_ext.3 => SSL_CTX_set_custom_cli_ext.3
SSL_CTX_add_server_custom_ext.3 => SSL_CTX_set_custom_cli_ext.3
  CC     route/qdisc/dsmark.lo
installing man3/SSL_CTX_set_default_passwd_cb.3
  CC      fs/cifs/nterr.o
  CC      fs/cifs/xattr.o
SSL_CTX_set_default_passwd_cb_userdata.3 => SSL_CTX_set_default_passwd_cb.3
installing man3/SSL_CTX_set_generate_session_id.3
arm-histbv310-linux-gcc  -g  -Os  -fno-strict-aliasing -fno-common -ffixed-r8   -D__KERNEL__ -DTEXT_BASE=0x00c00000 -I/home/ray/workplace/git_download/HiSTB_origin/HiSTBLinux/out/hi3798mv100/hi3798mv100_out/obj/source/boot/fastboot/include -I/home/ray/workplace/git_download/HiSTB_origin/HiSTBLinux/out/hi3798mv100/hi3798mv100_out/obj/source/boot/fastboot -fno-builtin -ffreestanding -nostdinc -mfloat-abi=soft -isystem /home/ray/workplace/git_download/HiSTB_origin/HiSTBLinux/tools/linux/toolchains/arm-histbv310-linux/bin/../lib/gcc/arm-gcc492_glibc224-linux-gnueabi/4.9.2/include -pipe -DCONFIG_ARM -D__ARM__ -marm -mno-thumb-interwork  -mabi=aapcs-linux -march=armv7-a -DVERSION=3 -DPATCHLEVEL=3 -DSUBLEVEL=0 -DCONFIG_AUXIMAGE=\"/home/ray/workplace/git_download/HiSTB_origin/HiSTBLinux/out/hi3798mv100/hi3798mv100_out/obj/source/boot/fastboot/auxcode_sign.img\"   -DVERSION=3 -DPATCHLEVEL=3 -DSUBLEVEL=0 -DCONFIG_AUXIMAGE=\"/home/ray/workplace/git_download/HiSTB_origin/HiSTBLinux/out/hi3798mv100/hi3798mv100_out/obj/source/boot/fastboot/auxcode_sign.img\"   -Wall -Wstrict-prototypes -fno-stack-protector   \
	-o sys.o sys.c -c
  CC      block/blk-merge.o
  CC      kernel/time/clockevents.o
SSL_set_generate_session_id.3 => SSL_CTX_set_generate_session_id.3
SSL_has_matching_session_id.3 => SSL_CTX_set_generate_session_id.3
installing man3/SSL_CTX_set_info_callback.3
  CC      block/blk-softirq.o
arm-histbv310-linux-gcc  -g  -Os  -fno-strict-aliasing -fno-common -ffixed-r8   -D__KERNEL__ -DTEXT_BASE=0x00c00000 -I/home/ray/workplace/git_download/HiSTB_origin/HiSTBLinux/out/hi3798mv100/hi3798mv100_out/obj/source/boot/fastboot/include -I/home/ray/workplace/git_download/HiSTB_origin/HiSTBLinux/out/hi3798mv100/hi3798mv100_out/obj/source/boot/fastboot -fno-builtin -ffreestanding -nostdinc -mfloat-abi=soft -isystem /home/ray/workplace/git_download/HiSTB_origin/HiSTBLinux/tools/linux/toolchains/arm-histbv310-linux/bin/../lib/gcc/arm-gcc492_glibc224-linux-gnueabi/4.9.2/include -pipe -DCONFIG_ARM -D__ARM__ -marm -mno-thumb-interwork  -mabi=aapcs-linux -march=armv7-a -DVERSION=3 -DPATCHLEVEL=3 -DSUBLEVEL=0 -DCONFIG_AUXIMAGE=\"/home/ray/workplace/git_download/HiSTB_origin/HiSTBLinux/out/hi3798mv100/hi3798mv100_out/obj/source/boot/fastboot/auxcode_sign.img\"   -DVERSION=3 -DPATCHLEVEL=3 -DSUBLEVEL=0 -DCONFIG_AUXIMAGE=\"/home/ray/workplace/git_download/HiSTB_origin/HiSTBLinux/out/hi3798mv100/hi3798mv100_out/obj/source/boot/fastboot/auxcode_sign.img\"   -Wall -Wstrict-prototypes -fno-stack-protector   \
	-o phy_fix.o phy_fix.c -c
  CC      crypto/authencesn.o
SSL_CTX_get_info_callback.3 => SSL_CTX_set_info_callback.3
SSL_set_info_callback.3 => SSL_CTX_set_info_callback.3
SSL_get_info_callback.3 => SSL_CTX_set_info_callback.3
installing man3/SSL_CTX_set_max_cert_list.3
arm-histbv310-linux-ar crv libhisfv300.a net-drv.o mii-drv.o ctrl.o glb.o mac.o mdio.o sys.o phy_fix.o
SSL_CTX_get_max_cert_list.3 => SSL_CTX_set_max_cert_list.3
SSL_set_max_cert_list.3 => SSL_CTX_set_max_cert_list.3
SSL_get_max_cert_list.3 => SSL_CTX_set_max_cert_list.3
installing man3/SSL_CTX_set_mode.3
r - net-drv.o
r - mii-drv.o
r - ctrl.o
r - glb.o
r - mac.o
r - mdio.o
r - sys.o
r - phy_fix.o
make[4]: Leaving directory '/home/ray/workplace/git_download/HiSTB_origin/HiSTBLinux/out/hi3798mv100/hi3798mv100_out/obj/source/boot/fastboot/drivers/net/hisfv300'
if [ ssdrivers/net/higmac/libhigmac.a != ss/home/ray/workplace/git_download/HiSTB_origin/HiSTBLinux/out/hi3798mv100/hi3798mv100_out/obj/source/boot/product/libproduct.a ]; then ( \
	make -C drivers/net/higmac/; \
) fi
  CC      fs/cifs/cifsencrypt.o
  CC     route/qdisc/fifo.lo
  CC      kernel/time/tick-common.o
  CC      fs/cifs/readdir.o
SSL_set_mode.3 => SSL_CTX_set_mode.3
SSL_CTX_get_mode.3 => SSL_CTX_set_mode.3
make[4]: Entering directory '/home/ray/workplace/git_download/HiSTB_origin/HiSTBLinux/out/hi3798mv100/hi3798mv100_out/obj/source/boot/fastboot/drivers/net/higmac'
SSL_get_mode.3 => SSL_CTX_set_mode.3
installing man3/SSL_CTX_set_msg_callback.3
SSL_CTX_set_msg_callback_arg.3 => SSL_CTX_set_msg_callback.3
SSL_set_msg_callback.3 => SSL_CTX_set_msg_callback.3
SSL_get_msg_callback_arg.3 => SSL_CTX_set_msg_callback.3
installing man3/SSL_CTX_set_options.3
  CC      crypto/lzo.o
  CC      block/blk-timeout.o
SSL_set_options.3 => SSL_CTX_set_options.3
arm-histbv310-linux-ar crv libhigmac.a 
SSL_CTX_clear_options.3 => SSL_CTX_set_options.3
SSL_clear_options.3 => SSL_CTX_set_options.3
SSL_CTX_get_options.3 => SSL_CTX_set_options.3
SSL_get_options.3 => SSL_CTX_set_options.3
SSL_get_secure_renegotiation_support.3 => SSL_CTX_set_options.3
installing man3/SSL_CTX_set_psk_client_callback.3
make[4]: Leaving directory '/home/ray/workplace/git_download/HiSTB_origin/HiSTBLinux/out/hi3798mv100/hi3798mv100_out/obj/source/boot/fastboot/drivers/net/higmac'
if [ ssdrivers/net/stmmac/libstmmac.a != ss/home/ray/workplace/git_download/HiSTB_origin/HiSTBLinux/out/hi3798mv100/hi3798mv100_out/obj/source/boot/product/libproduct.a ]; then ( \
	make -C drivers/net/stmmac/; \
) fi
  CC     route/qdisc/htb.lo
  CC      kernel/time/tick-broadcast.o
SSL_set_psk_client_callback.3 => SSL_CTX_set_psk_client_callback.3
installing man3/SSL_CTX_set_quiet_shutdown.3
  CC      crypto/lz4.o
make[4]: Entering directory '/home/ray/workplace/git_download/HiSTB_origin/HiSTBLinux/out/hi3798mv100/hi3798mv100_out/obj/source/boot/fastboot/drivers/net/stmmac'
SSL_CTX_get_quiet_shutdown.3 => SSL_CTX_set_quiet_shutdown.3
SSL_set_quiet_shutdown.3 => SSL_CTX_set_quiet_shutdown.3
  CC      block/blk-iopoll.o
SSL_get_quiet_shutdown.3 => SSL_CTX_set_quiet_shutdown.3
installing man3/SSL_CTX_set_read_ahead.3
  CC      crypto/rng.o
  CC      fs/cifs/ioctl.o
  CC      block/blk-lib.o
SSL_CTX_set_default_read_ahead.3 => SSL_CTX_set_read_ahead.3
SSL_CTX_get_read_ahead.3 => SSL_CTX_set_read_ahead.3
SSL_CTX_get_default_read_ahead.3 => SSL_CTX_set_read_ahead.3
SSL_set_read_ahead.3 => SSL_CTX_set_read_ahead.3
SSL_get_read_ahead.3 => SSL_CTX_set_read_ahead.3
installing man3/SSL_CTX_set_session_cache_mode.3
arm-histbv310-linux-ar crv libstmmac.a 
  CC      kernel/time/tick-broadcast-hrtimer.o
SSL_CTX_get_session_cache_mode.3 => SSL_CTX_set_session_cache_mode.3
make[4]: Leaving directory '/home/ray/workplace/git_download/HiSTB_origin/HiSTBLinux/out/hi3798mv100/hi3798mv100_out/obj/source/boot/fastboot/drivers/net/stmmac'
if [ ssdrivers/serial/libserial.a != ss/home/ray/workplace/git_download/HiSTB_origin/HiSTBLinux/out/hi3798mv100/hi3798mv100_out/obj/source/boot/product/libproduct.a ]; then ( \
	make -C drivers/serial/; \
) fi
installing man3/SSL_CTX_set_session_id_context.3
  CC      kernel/time/sched_clock.o
  CC      crypto/ansi_cprng.o
SSL_set_session_id_context.3 => SSL_CTX_set_session_id_context.3
make[4]: Entering directory '/home/ray/workplace/git_download/HiSTB_origin/HiSTBLinux/out/hi3798mv100/hi3798mv100_out/obj/source/boot/fastboot/drivers/serial'
installing man3/SSL_CTX_set_ssl_version.3
  CC      block/blk-mq.o
  CC      fs/cifs/sess.o
SSL_set_ssl_method.3 => SSL_CTX_set_ssl_version.3
SSL_get_ssl_method.3 => SSL_CTX_set_ssl_version.3
installing man3/SSL_CTX_set_timeout.3
  CC     route/qdisc/netem.lo
  CC      kernel/time/tick-oneshot.o
  CC      kernel/time/tick-sched.o
SSL_CTX_get_timeout.3 => SSL_CTX_set_timeout.3
installing man3/SSL_CTX_set_tlsext_status_cb.3
  CC      crypto/af_alg.o
SSL_CTX_set_tlsext_status_arg.3 => SSL_CTX_set_tlsext_status_cb.3
SSL_set_tlsext_status_type.3 => SSL_CTX_set_tlsext_status_cb.3
SSL_get_tlsext_status_ocsp_resp.3 => SSL_CTX_set_tlsext_status_cb.3
SSL_set_tlsext_status_ocsp_resp.3 => SSL_CTX_set_tlsext_status_cb.3
  CC      crypto/algif_hash.o
installing man3/SSL_CTX_set_tlsext_ticket_key_cb.3
arm-histbv310-linux-gcc  -g  -Os  -fno-strict-aliasing -fno-common -ffixed-r8   -D__KERNEL__ -DTEXT_BASE=0x00c00000 -I/home/ray/workplace/git_download/HiSTB_origin/HiSTBLinux/out/hi3798mv100/hi3798mv100_out/obj/source/boot/fastboot/include -I/home/ray/workplace/git_download/HiSTB_origin/HiSTBLinux/out/hi3798mv100/hi3798mv100_out/obj/source/boot/fastboot -fno-builtin -ffreestanding -nostdinc -mfloat-abi=soft -isystem /home/ray/workplace/git_download/HiSTB_origin/HiSTBLinux/tools/linux/toolchains/arm-histbv310-linux/bin/../lib/gcc/arm-gcc492_glibc224-linux-gnueabi/4.9.2/include -pipe -DCONFIG_ARM -D__ARM__ -marm -mno-thumb-interwork  -mabi=aapcs-linux -march=armv7-a -DVERSION=3 -DPATCHLEVEL=3 -DSUBLEVEL=0 -DCONFIG_AUXIMAGE=\"/home/ray/workplace/git_download/HiSTB_origin/HiSTBLinux/out/hi3798mv100/hi3798mv100_out/obj/source/boot/fastboot/auxcode_sign.img\"   -DVERSION=3 -DPATCHLEVEL=3 -DSUBLEVEL=0 -DCONFIG_AUXIMAGE=\"/home/ray/workplace/git_download/HiSTB_origin/HiSTBLinux/out/hi3798mv100/hi3798mv100_out/obj/source/boot/fastboot/auxcode_sign.img\"   -Wall -Wstrict-prototypes -fno-stack-protector   \
	-o serial_pl01x.o serial_pl01x.c -c
installing man3/SSL_CTX_set_tmp_dh_callback.3
SSL_CTX_set_tmp_dh.3 => SSL_CTX_set_tmp_dh_callback.3
SSL_set_tmp_dh_callback.3 => SSL_CTX_set_tmp_dh_callback.3
SSL_set_tmp_dh.3 => SSL_CTX_set_tmp_dh_callback.3
installing man3/SSL_CTX_set_tmp_rsa_callback.3
arm-histbv310-linux-ar crv libserial.a serial_pl01x.o
r - serial_pl01x.o
make[4]: Leaving directory '/home/ray/workplace/git_download/HiSTB_origin/HiSTBLinux/out/hi3798mv100/hi3798mv100_out/obj/source/boot/fastboot/drivers/serial'
if [ ssdrivers/usb/host/libusb_host.a != ss/home/ray/workplace/git_download/HiSTB_origin/HiSTBLinux/out/hi3798mv100/hi3798mv100_out/obj/source/boot/product/libproduct.a ]; then ( \
	make -C drivers/usb/host/; \
) fi
SSL_CTX_set_tmp_rsa.3 => SSL_CTX_set_tmp_rsa_callback.3
SSL_CTX_need_tmp_rsa.3 => SSL_CTX_set_tmp_rsa_callback.3
SSL_set_tmp_rsa_callback.3 => SSL_CTX_set_tmp_rsa_callback.3
SSL_set_tmp_rsa.3 => SSL_CTX_set_tmp_rsa_callback.3
  CC      fs/cifs/export.o
SSL_need_tmp_rsa.3 => SSL_CTX_set_tmp_rsa_callback.3
  CC      kernel/time/timekeeping_debug.o
installing man3/SSL_CTX_set_verify.3
make[4]: Entering directory '/home/ray/workplace/git_download/HiSTB_origin/HiSTBLinux/out/hi3798mv100/hi3798mv100_out/obj/source/boot/fastboot/drivers/usb/host'
SSL_set_verify.3 => SSL_CTX_set_verify.3
SSL_CTX_set_verify_depth.3 => SSL_CTX_set_verify.3
SSL_set_verify_depth.3 => SSL_CTX_set_verify.3
  CC [M]  crypto/seqiv.o
installing man3/SSL_CTX_use_certificate.3
  CC      fs/configfs/inode.o
  LD      kernel/time/built-in.o
  CC     route/qdisc/prio.lo
SSL_CTX_use_certificate_ASN1.3 => SSL_CTX_use_certificate.3
SSL_CTX_use_certificate_file.3 => SSL_CTX_use_certificate.3
SSL_use_certificate.3 => SSL_CTX_use_certificate.3
SSL_use_certificate_ASN1.3 => SSL_CTX_use_certificate.3
SSL_use_certificate_file.3 => SSL_CTX_use_certificate.3
SSL_CTX_use_certificate_chain_file.3 => SSL_CTX_use_certificate.3
SSL_CTX_use_PrivateKey.3 => SSL_CTX_use_certificate.3
SSL_CTX_use_PrivateKey_ASN1.3 => SSL_CTX_use_certificate.3
  CC      block/blk-mq-tag.o
SSL_CTX_use_PrivateKey_file.3 => SSL_CTX_use_certificate.3
SSL_CTX_use_RSAPrivateKey.3 => SSL_CTX_use_certificate.3
SSL_CTX_use_RSAPrivateKey_ASN1.3 => SSL_CTX_use_certificate.3
SSL_CTX_use_RSAPrivateKey_file.3 => SSL_CTX_use_certificate.3
SSL_use_PrivateKey_file.3 => SSL_CTX_use_certificate.3
  CC      kernel/trace/trace_clock.o
SSL_use_PrivateKey_ASN1.3 => SSL_CTX_use_certificate.3
SSL_use_PrivateKey.3 => SSL_CTX_use_certificate.3
SSL_use_RSAPrivateKey.3 => SSL_CTX_use_certificate.3
SSL_use_RSAPrivateKey_ASN1.3 => SSL_CTX_use_certificate.3
SSL_use_RSAPrivateKey_file.3 => SSL_CTX_use_certificate.3
SSL_CTX_check_private_key.3 => SSL_CTX_use_certificate.3
SSL_check_private_key.3 => SSL_CTX_use_certificate.3
installing man3/SSL_CTX_use_psk_identity_hint.3
  CC      fs/cifs/smb1ops.o
SSL_use_psk_identity_hint.3 => SSL_CTX_use_psk_identity_hint.3
SSL_CTX_set_psk_server_callback.3 => SSL_CTX_use_psk_identity_hint.3
SSL_set_psk_server_callback.3 => SSL_CTX_use_psk_identity_hint.3
installing man3/SSL_CTX_use_serverinfo.3
  CC      kernel/trace/ftrace.o
  CC      fs/configfs/file.o
  CC [M]  crypto/echainiv.o
SSL_CTX_use_serverinfo_file.3 => SSL_CTX_use_serverinfo.3
installing man3/SSL_SESSION_free.3
arm-histbv310-linux-gcc  -g  -Os  -fno-strict-aliasing -fno-common -ffixed-r8   -D__KERNEL__ -DTEXT_BASE=0x00c00000 -I/home/ray/workplace/git_download/HiSTB_origin/HiSTBLinux/out/hi3798mv100/hi3798mv100_out/obj/source/boot/fastboot/include -I/home/ray/workplace/git_download/HiSTB_origin/HiSTBLinux/out/hi3798mv100/hi3798mv100_out/obj/source/boot/fastboot -fno-builtin -ffreestanding -nostdinc -mfloat-abi=soft -isystem /home/ray/workplace/git_download/HiSTB_origin/HiSTBLinux/tools/linux/toolchains/arm-histbv310-linux/bin/../lib/gcc/arm-gcc492_glibc224-linux-gnueabi/4.9.2/include -pipe -DCONFIG_ARM -D__ARM__ -marm -mno-thumb-interwork  -mabi=aapcs-linux -march=armv7-a -DVERSION=3 -DPATCHLEVEL=3 -DSUBLEVEL=0 -DCONFIG_AUXIMAGE=\"/home/ray/workplace/git_download/HiSTB_origin/HiSTBLinux/out/hi3798mv100/hi3798mv100_out/obj/source/boot/fastboot/auxcode_sign.img\"   -DVERSION=3 -DPATCHLEVEL=3 -DSUBLEVEL=0 -DCONFIG_AUXIMAGE=\"/home/ray/workplace/git_download/HiSTB_origin/HiSTBLinux/out/hi3798mv100/hi3798mv100_out/obj/source/boot/fastboot/auxcode_sign.img\"   -Wall -Wstrict-prototypes -fno-stack-protector   \
	-o ehci-hcd.o ehci-hcd.c -c
installing man3/SSL_SESSION_get_ex_new_index.3
  CC     route/qdisc/red.lo
  CC      fs/configfs/dir.o
  CC      block/blk-mq-sysfs.o
In file included from ehci-hcd.c:41:0:
hiusb-hi3798mx.c: In function 'usb0_cpu_init':
hiusb-hi3798mx.c:61:2: warning: implicit declaration of function 'get_chipid_reg' [-Wimplicit-function-declaration]
  unsigned long long chipid = get_chipid_reg();
  ^
SSL_SESSION_set_ex_data.3 => SSL_SESSION_get_ex_new_index.3
SSL_SESSION_get_ex_data.3 => SSL_SESSION_get_ex_new_index.3
installing man3/SSL_SESSION_get_time.3
  CC [M]  crypto/gf128mul.o
arm-histbv310-linux-gcc  -g  -Os  -fno-strict-aliasing -fno-common -ffixed-r8   -D__KERNEL__ -DTEXT_BASE=0x00c00000 -I/home/ray/workplace/git_download/HiSTB_origin/HiSTBLinux/out/hi3798mv100/hi3798mv100_out/obj/source/boot/fastboot/include -I/home/ray/workplace/git_download/HiSTB_origin/HiSTBLinux/out/hi3798mv100/hi3798mv100_out/obj/source/boot/fastboot -fno-builtin -ffreestanding -nostdinc -mfloat-abi=soft -isystem /home/ray/workplace/git_download/HiSTB_origin/HiSTBLinux/tools/linux/toolchains/arm-histbv310-linux/bin/../lib/gcc/arm-gcc492_glibc224-linux-gnueabi/4.9.2/include -pipe -DCONFIG_ARM -D__ARM__ -marm -mno-thumb-interwork  -mabi=aapcs-linux -march=armv7-a -DVERSION=3 -DPATCHLEVEL=3 -DSUBLEVEL=0 -DCONFIG_AUXIMAGE=\"/home/ray/workplace/git_download/HiSTB_origin/HiSTBLinux/out/hi3798mv100/hi3798mv100_out/obj/source/boot/fastboot/auxcode_sign.img\"   -DVERSION=3 -DPATCHLEVEL=3 -DSUBLEVEL=0 -DCONFIG_AUXIMAGE=\"/home/ray/workplace/git_download/HiSTB_origin/HiSTBLinux/out/hi3798mv100/hi3798mv100_out/obj/source/boot/fastboot/auxcode_sign.img\"   -Wall -Wstrict-prototypes -fno-stack-protector   \
	-o xhci.o xhci.c -c
SSL_SESSION_set_time.3 => SSL_SESSION_get_time.3
SSL_SESSION_get_timeout.3 => SSL_SESSION_get_time.3
SSL_SESSION_set_timeout.3 => SSL_SESSION_get_time.3
installing man3/SSL_accept.3
  CC      fs/cifs/winucase.o
installing man3/SSL_alert_type_string.3
  CC      fs/cifs/smb2ops.o
  CC      block/blk-mq-cpu.o
SSL_alert_type_string_long.3 => SSL_alert_type_string.3
  CC [M]  crypto/ctr.o
SSL_alert_desc_string.3 => SSL_alert_type_string.3
SSL_alert_desc_string_long.3 => SSL_alert_type_string.3
installing man3/SSL_check_chain.3
  CC     route/qdisc/sfq.lo
arm-histbv310-linux-gcc  -g  -Os  -fno-strict-aliasing -fno-common -ffixed-r8   -D__KERNEL__ -DTEXT_BASE=0x00c00000 -I/home/ray/workplace/git_download/HiSTB_origin/HiSTBLinux/out/hi3798mv100/hi3798mv100_out/obj/source/boot/fastboot/include -I/home/ray/workplace/git_download/HiSTB_origin/HiSTBLinux/out/hi3798mv100/hi3798mv100_out/obj/source/boot/fastboot -fno-builtin -ffreestanding -nostdinc -mfloat-abi=soft -isystem /home/ray/workplace/git_download/HiSTB_origin/HiSTBLinux/tools/linux/toolchains/arm-histbv310-linux/bin/../lib/gcc/arm-gcc492_glibc224-linux-gnueabi/4.9.2/include -pipe -DCONFIG_ARM -D__ARM__ -marm -mno-thumb-interwork  -mabi=aapcs-linux -march=armv7-a -DVERSION=3 -DPATCHLEVEL=3 -DSUBLEVEL=0 -DCONFIG_AUXIMAGE=\"/home/ray/workplace/git_download/HiSTB_origin/HiSTBLinux/out/hi3798mv100/hi3798mv100_out/obj/source/boot/fastboot/auxcode_sign.img\"   -DVERSION=3 -DPATCHLEVEL=3 -DSUBLEVEL=0 -DCONFIG_AUXIMAGE=\"/home/ray/workplace/git_download/HiSTB_origin/HiSTBLinux/out/hi3798mv100/hi3798mv100_out/obj/source/boot/fastboot/auxcode_sign.img\"   -Wall -Wstrict-prototypes -fno-stack-protector   \
	-o xhci-mem.o xhci-mem.c -c
  CC      fs/configfs/symlink.o
installing man3/SSL_clear.3
installing man3/SSL_connect.3
  CC      block/blk-mq-cpumap.o
arm-histbv310-linux-gcc  -g  -Os  -fno-strict-aliasing -fno-common -ffixed-r8   -D__KERNEL__ -DTEXT_BASE=0x00c00000 -I/home/ray/workplace/git_download/HiSTB_origin/HiSTBLinux/out/hi3798mv100/hi3798mv100_out/obj/source/boot/fastboot/include -I/home/ray/workplace/git_download/HiSTB_origin/HiSTBLinux/out/hi3798mv100/hi3798mv100_out/obj/source/boot/fastboot -fno-builtin -ffreestanding -nostdinc -mfloat-abi=soft -isystem /home/ray/workplace/git_download/HiSTB_origin/HiSTBLinux/tools/linux/toolchains/arm-histbv310-linux/bin/../lib/gcc/arm-gcc492_glibc224-linux-gnueabi/4.9.2/include -pipe -DCONFIG_ARM -D__ARM__ -marm -mno-thumb-interwork  -mabi=aapcs-linux -march=armv7-a -DVERSION=3 -DPATCHLEVEL=3 -DSUBLEVEL=0 -DCONFIG_AUXIMAGE=\"/home/ray/workplace/git_download/HiSTB_origin/HiSTBLinux/out/hi3798mv100/hi3798mv100_out/obj/source/boot/fastboot/auxcode_sign.img\"   -DVERSION=3 -DPATCHLEVEL=3 -DSUBLEVEL=0 -DCONFIG_AUXIMAGE=\"/home/ray/workplace/git_download/HiSTB_origin/HiSTBLinux/out/hi3798mv100/hi3798mv100_out/obj/source/boot/fastboot/auxcode_sign.img\"   -Wall -Wstrict-prototypes -fno-stack-protector   \
	-o xhci-ring.o xhci-ring.c -c
installing man3/SSL_do_handshake.3
  CC      fs/configfs/mount.o
  CC [M]  crypto/gcm.o
installing man3/SSL_free.3
  CC     route/qdisc/tbf.lo
arm-histbv310-linux-ar crv libusb_host.a ehci-hcd.o xhci.o xhci-mem.o xhci-ring.o
installing man3/SSL_get_SSL_CTX.3
  CC      block/ioctl.o
r - ehci-hcd.o
r - xhci.o
r - xhci-mem.o
r - xhci-ring.o
make[4]: Leaving directory '/home/ray/workplace/git_download/HiSTB_origin/HiSTBLinux/out/hi3798mv100/hi3798mv100_out/obj/source/boot/fastboot/drivers/usb/host'
if [ ssfs/fat/libfat.a != ss/home/ray/workplace/git_download/HiSTB_origin/HiSTBLinux/out/hi3798mv100/hi3798mv100_out/obj/source/boot/product/libproduct.a ]; then ( \
	make -C fs/fat/; \
) fi
  CC      fs/configfs/item.o
installing man3/SSL_get_ciphers.3
  CC      fs/cifs/smb2maperror.o
  CC      kernel/trace/ring_buffer.o
make[4]: Entering directory '/home/ray/workplace/git_download/HiSTB_origin/HiSTBLinux/out/hi3798mv100/hi3798mv100_out/obj/source/boot/fastboot/fs/fat'
SSL_get_cipher_list.3 => SSL_get_ciphers.3
installing man3/SSL_get_client_CA_list.3
  LD      fs/configfs/configfs.o
  LD      fs/configfs/built-in.o
  CC      kernel/trace/trace.o
SSL_CTX_get_client_CA_list.3 => SSL_get_client_CA_list.3
installing man3/SSL_get_current_cipher.3
SSL_get_cipher.3 => SSL_get_current_cipher.3
SSL_get_cipher_name.3 => SSL_get_current_cipher.3
SSL_get_cipher_bits.3 => SSL_get_current_cipher.3
  CC [M]  crypto/ccm.o
SSL_get_cipher_version.3 => SSL_get_current_cipher.3
installing man3/SSL_get_default_timeout.3
  CC      block/genhd.o
installing man3/SSL_get_error.3
  CC     route/qdisc/plug.lo
  CC      fs/cifs/smb2transport.o
installing man3/SSL_get_ex_data_X509_STORE_CTX_idx.3
arm-histbv310-linux-gcc  -g  -Os  -fno-strict-aliasing -fno-common -ffixed-r8   -D__KERNEL__ -DTEXT_BASE=0x00c00000 -I/home/ray/workplace/git_download/HiSTB_origin/HiSTBLinux/out/hi3798mv100/hi3798mv100_out/obj/source/boot/fastboot/include -I/home/ray/workplace/git_download/HiSTB_origin/HiSTBLinux/out/hi3798mv100/hi3798mv100_out/obj/source/boot/fastboot -fno-builtin -ffreestanding -nostdinc -mfloat-abi=soft -isystem /home/ray/workplace/git_download/HiSTB_origin/HiSTBLinux/tools/linux/toolchains/arm-histbv310-linux/bin/../lib/gcc/arm-gcc492_glibc224-linux-gnueabi/4.9.2/include -pipe -DCONFIG_ARM -D__ARM__ -marm -mno-thumb-interwork  -mabi=aapcs-linux -march=armv7-a -DVERSION=3 -DPATCHLEVEL=3 -DSUBLEVEL=0 -DCONFIG_AUXIMAGE=\"/home/ray/workplace/git_download/HiSTB_origin/HiSTBLinux/out/hi3798mv100/hi3798mv100_out/obj/source/boot/fastboot/auxcode_sign.img\"   -DVERSION=3 -DPATCHLEVEL=3 -DSUBLEVEL=0 -DCONFIG_AUXIMAGE=\"/home/ray/workplace/git_download/HiSTB_origin/HiSTBLinux/out/hi3798mv100/hi3798mv100_out/obj/source/boot/fastboot/auxcode_sign.img\"   -Wall -Wstrict-prototypes -fno-stack-protector   \
	-o fat.o fat.c -c
installing man3/SSL_get_ex_new_index.3
SSL_set_ex_data.3 => SSL_get_ex_new_index.3
SSL_get_ex_data.3 => SSL_get_ex_new_index.3
installing man3/SSL_get_fd.3
  CC [M]  crypto/drbg.o
installing man3/SSL_get_peer_cert_chain.3
  CC     fib_lookup/lookup.lo
arm-histbv310-linux-gcc  -g  -Os  -fno-strict-aliasing -fno-common -ffixed-r8   -D__KERNEL__ -DTEXT_BASE=0x00c00000 -I/home/ray/workplace/git_download/HiSTB_origin/HiSTBLinux/out/hi3798mv100/hi3798mv100_out/obj/source/boot/fastboot/include -I/home/ray/workplace/git_download/HiSTB_origin/HiSTBLinux/out/hi3798mv100/hi3798mv100_out/obj/source/boot/fastboot -fno-builtin -ffreestanding -nostdinc -mfloat-abi=soft -isystem /home/ray/workplace/git_download/HiSTB_origin/HiSTBLinux/tools/linux/toolchains/arm-histbv310-linux/bin/../lib/gcc/arm-gcc492_glibc224-linux-gnueabi/4.9.2/include -pipe -DCONFIG_ARM -D__ARM__ -marm -mno-thumb-interwork  -mabi=aapcs-linux -march=armv7-a -DVERSION=3 -DPATCHLEVEL=3 -DSUBLEVEL=0 -DCONFIG_AUXIMAGE=\"/home/ray/workplace/git_download/HiSTB_origin/HiSTBLinux/out/hi3798mv100/hi3798mv100_out/obj/source/boot/fastboot/auxcode_sign.img\"   -DVERSION=3 -DPATCHLEVEL=3 -DSUBLEVEL=0 -DCONFIG_AUXIMAGE=\"/home/ray/workplace/git_download/HiSTB_origin/HiSTBLinux/out/hi3798mv100/hi3798mv100_out/obj/source/boot/fastboot/auxcode_sign.img\"   -Wall -Wstrict-prototypes -fno-stack-protector   \
	-o file.o file.c -c
installing man3/SSL_get_peer_certificate.3
installing man3/SSL_get_psk_identity.3
  CC      fs/cramfs/inode.o
arm-histbv310-linux-ar crv libfat.a fat.o file.o
  CC      fs/cifs/smb2misc.o
  CC      block/scsi_ioctl.o
SSL_get_psk_identity_hint.3 => SSL_get_psk_identity.3
installing man3/SSL_get_rbio.3
r - fat.o
r - file.o
make[4]: Leaving directory '/home/ray/workplace/git_download/HiSTB_origin/HiSTBLinux/out/hi3798mv100/hi3798mv100_out/obj/source/boot/fastboot/fs/fat'
if [ ssdisk/libdisk.a != ss/home/ray/workplace/git_download/HiSTB_origin/HiSTBLinux/out/hi3798mv100/hi3798mv100_out/obj/source/boot/product/libproduct.a ]; then ( \
	make -C disk/; \
) fi
installing man3/SSL_get_session.3
  CC [M]  crypto/jitterentropy.o
make[4]: Entering directory '/home/ray/workplace/git_download/HiSTB_origin/HiSTBLinux/out/hi3798mv100/hi3798mv100_out/obj/source/boot/fastboot/disk'
  CC [M]  crypto/jitterentropy-kcapi.o
installing man3/SSL_get_verify_result.3
  CC     fib_lookup/request.lo
installing man3/SSL_get_version.3
  CC      fs/cramfs/uncompress.o
installing man3/SSL_library_init.3
  CC      block/partition-generic.o
  LD      fs/cramfs/cramfs.o
  LD      fs/cramfs/built-in.o
  CC      kernel/trace/trace_output.o
  CC      fs/cifs/smb2pdu.o
  CC [M]  crypto/ghash-generic.o
OpenSSL_add_ssl_algorithms.3 => SSL_library_init.3
SSLeay_add_ssl_algorithms.3 => SSL_library_init.3
installing man3/SSL_load_client_CA_file.3
  CC      fs/cifs/smb2inode.o
installing man3/SSL_new.3
arm-histbv310-linux-gcc  -g  -Os  -fno-strict-aliasing -fno-common -ffixed-r8   -D__KERNEL__ -DTEXT_BASE=0x00c00000 -I/home/ray/workplace/git_download/HiSTB_origin/HiSTBLinux/out/hi3798mv100/hi3798mv100_out/obj/source/boot/fastboot/include -I/home/ray/workplace/git_download/HiSTB_origin/HiSTBLinux/out/hi3798mv100/hi3798mv100_out/obj/source/boot/fastboot -fno-builtin -ffreestanding -nostdinc -mfloat-abi=soft -isystem /home/ray/workplace/git_download/HiSTB_origin/HiSTBLinux/tools/linux/toolchains/arm-histbv310-linux/bin/../lib/gcc/arm-gcc492_glibc224-linux-gnueabi/4.9.2/include -pipe -DCONFIG_ARM -D__ARM__ -marm -mno-thumb-interwork  -mabi=aapcs-linux -march=armv7-a -DVERSION=3 -DPATCHLEVEL=3 -DSUBLEVEL=0 -DCONFIG_AUXIMAGE=\"/home/ray/workplace/git_download/HiSTB_origin/HiSTBLinux/out/hi3798mv100/hi3798mv100_out/obj/source/boot/fastboot/auxcode_sign.img\"   -DVERSION=3 -DPATCHLEVEL=3 -DSUBLEVEL=0 -DCONFIG_AUXIMAGE=\"/home/ray/workplace/git_download/HiSTB_origin/HiSTBLinux/out/hi3798mv100/hi3798mv100_out/obj/source/boot/fastboot/auxcode_sign.img\"   -Wall -Wstrict-prototypes -fno-stack-protector   \
	-o part.o part.c -c
installing man3/SSL_pending.3
  CC     route/pktloc.lo
  LD      crypto/crypto.o
  LD      crypto/crypto_algapi.o
  LD      crypto/crypto_blkcipher.o
arm-histbv310-linux-gcc  -g  -Os  -fno-strict-aliasing -fno-common -ffixed-r8   -D__KERNEL__ -DTEXT_BASE=0x00c00000 -I/home/ray/workplace/git_download/HiSTB_origin/HiSTBLinux/out/hi3798mv100/hi3798mv100_out/obj/source/boot/fastboot/include -I/home/ray/workplace/git_download/HiSTB_origin/HiSTBLinux/out/hi3798mv100/hi3798mv100_out/obj/source/boot/fastboot -fno-builtin -ffreestanding -nostdinc -mfloat-abi=soft -isystem /home/ray/workplace/git_download/HiSTB_origin/HiSTBLinux/tools/linux/toolchains/arm-histbv310-linux/bin/../lib/gcc/arm-gcc492_glibc224-linux-gnueabi/4.9.2/include -pipe -DCONFIG_ARM -D__ARM__ -marm -mno-thumb-interwork  -mabi=aapcs-linux -march=armv7-a -DVERSION=3 -DPATCHLEVEL=3 -DSUBLEVEL=0 -DCONFIG_AUXIMAGE=\"/home/ray/workplace/git_download/HiSTB_origin/HiSTBLinux/out/hi3798mv100/hi3798mv100_out/obj/source/boot/fastboot/auxcode_sign.img\"   -DVERSION=3 -DPATCHLEVEL=3 -DSUBLEVEL=0 -DCONFIG_AUXIMAGE=\"/home/ray/workplace/git_download/HiSTB_origin/HiSTBLinux/out/hi3798mv100/hi3798mv100_out/obj/source/boot/fastboot/auxcode_sign.img\"   -Wall -Wstrict-prototypes -fno-stack-protector   \
	-o part_dos.o part_dos.c -c
  LD      crypto/crypto_hash.o
  LD      crypto/cryptomgr.o
  LD [M]  crypto/jitterentropy_rng.o
  LD      crypto/built-in.o
installing man3/SSL_read.3
  CC      kernel/trace/trace_seq.o
  CC      block/ioprio.o
installing man3/SSL_rstate_string.3
arm-histbv310-linux-ar crv libdisk.a part.o part_dos.o
SSL_rstate_string_long.3 => SSL_rstate_string.3
installing man3/SSL_session_reused.3
r - part.o
r - part_dos.o
make[4]: Leaving directory '/home/ray/workplace/git_download/HiSTB_origin/HiSTBLinux/out/hi3798mv100/hi3798mv100_out/obj/source/boot/fastboot/disk'
if [ ssdrivers/ddr/hi3798mx/libddr.a != ss/home/ray/workplace/git_download/HiSTB_origin/HiSTBLinux/out/hi3798mv100/hi3798mv100_out/obj/source/boot/product/libproduct.a ]; then ( \
	make -C drivers/ddr/hi3798mx/; \
) fi
  CC      kernel/trace/trace_stat.o
  CC      block/partitions/check.o
  CC      kernel/freezer.o
installing man3/SSL_set_bio.3
make[4]: Entering directory '/home/ray/workplace/git_download/HiSTB_origin/HiSTBLinux/out/hi3798mv100/hi3798mv100_out/obj/source/boot/fastboot/drivers/ddr/hi3798mx'
  CC      block/partitions/cmdline.o
  CC     route/pktloc_syntax.lo
installing man3/SSL_set_connect_state.3
make -C cmd_bin TOPDIR=/home/ray/workplace/git_download/HiSTB_origin/HiSTBLinux/out/hi3798mv100/hi3798mv100_out/obj/source/boot/fastboot CROSS_COMPILE=arm-histbv310-linux-
SSL_get_accept_state.3 => SSL_set_connect_state.3
installing man3/SSL_set_fd.3
make[5]: Entering directory '/home/ray/workplace/git_download/HiSTB_origin/HiSTBLinux/out/hi3798mv100/hi3798mv100_out/obj/source/boot/fastboot/drivers/ddr/hi3798mx/cmd_bin'
set -e; arm-histbv310-linux-gcc -Os -pipe -DCMD_TEXT_BASE=0xFFFF0C00 -DSTACK_POINT=0xFFFF0C00 -fno-builtin -ffreestanding -I./ -I/home/ray/workplace/git_download/HiSTB_origin/HiSTBLinux/out/hi3798mv100/hi3798mv100_out/obj/source/boot/fastboot/include -I../ -DDDR_TRAINING_CMD -I/home/ray/workplace/git_download/HiSTB_origin/HiSTBLinux/out/hi3798mv100/hi3798mv100_out/obj/source/boot/fastboot/drivers/ddr/hi3798mx/ -fno-strict-aliasing -fno-common -ffixed-r8   -DCONFIG_ARM -D__ARM__ -marm -mno-thumb-interwork  -mabi=aapcs-linux -march=armv7-a -DCONFIG_ARM -D__ARM__    -MM cmd_entry.S | sed 's,cmd_entry.o:,cmd_entry.o cmd_entry.d:,g' > cmd_entry.d
  CC      kernel/trace/trace_printk.o
  CC      kernel/profile.o
ln -sf ../ddr_training_ctl.c ddr_training_ctl.c
ln -sf /home/ray/workplace/git_download/HiSTB_origin/HiSTBLinux/out/hi3798mv100/hi3798mv100_out/obj/source/boot/fastboot/arch/arm/cpu/hi3798mx/uart.S uart.S
ln -sf /home/ray/workplace/git_download/HiSTB_origin/HiSTBLinux/out/hi3798mv100/hi3798mv100_out/obj/source/boot/fastboot/drivers/ddr/hi3798mx/ddr_training_custom.c ddr_training_custom.c
set -e; arm-histbv310-linux-gcc -Os -pipe -DCMD_TEXT_BASE=0xFFFF0C00 -DSTACK_POINT=0xFFFF0C00 -fno-builtin -ffreestanding -I./ -I/home/ray/workplace/git_download/HiSTB_origin/HiSTBLinux/out/hi3798mv100/hi3798mv100_out/obj/source/boot/fastboot/include -I../ -DDDR_TRAINING_CMD -I/home/ray/workplace/git_download/HiSTB_origin/HiSTBLinux/out/hi3798mv100/hi3798mv100_out/obj/source/boot/fastboot/drivers/ddr/hi3798mx/ -fno-strict-aliasing -fno-common -ffixed-r8   -DCONFIG_ARM -D__ARM__ -marm -mno-thumb-interwork  -mabi=aapcs-linux -march=armv7-a -DCONFIG_ARM -D__ARM__    -MM ddr_training_ctl.c | sed 's,ddr_training_ctl.o:,ddr_training_ctl.o ddr_training_ctl.d:,g' > ddr_training_ctl.d
  CC      kernel/trace/trace_sched_switch.o
ln -sf ../ddr_training_impl.c ddr_training_impl.c
ln -sf /home/ray/workplace/git_download/HiSTB_origin/HiSTBLinux/out/hi3798mv100/hi3798mv100_out/obj/source/boot/fastboot/arch/arm/cpu/hi3798mx/uart.S uart.S
ln -sf /home/ray/workplace/git_download/HiSTB_origin/HiSTBLinux/out/hi3798mv100/hi3798mv100_out/obj/source/boot/fastboot/drivers/ddr/hi3798mx/ddr_training_custom.c ddr_training_custom.c
set -e; arm-histbv310-linux-gcc -Os -pipe -DCMD_TEXT_BASE=0xFFFF0C00 -DSTACK_POINT=0xFFFF0C00 -fno-builtin -ffreestanding -I./ -I/home/ray/workplace/git_download/HiSTB_origin/HiSTBLinux/out/hi3798mv100/hi3798mv100_out/obj/source/boot/fastboot/include -I../ -DDDR_TRAINING_CMD -I/home/ray/workplace/git_download/HiSTB_origin/HiSTBLinux/out/hi3798mv100/hi3798mv100_out/obj/source/boot/fastboot/drivers/ddr/hi3798mx/ -fno-strict-aliasing -fno-common -ffixed-r8   -DCONFIG_ARM -D__ARM__ -marm -mno-thumb-interwork  -mabi=aapcs-linux -march=armv7-a -DCONFIG_ARM -D__ARM__    -MM ddr_training_impl.c | sed 's,ddr_training_impl.o:,ddr_training_impl.o ddr_training_impl.d:,g' > ddr_training_impl.d
set -e; arm-histbv310-linux-gcc -Os -pipe -DCMD_TEXT_BASE=0xFFFF0C00 -DSTACK_POINT=0xFFFF0C00 -fno-builtin -ffreestanding -I./ -I/home/ray/workplace/git_download/HiSTB_origin/HiSTBLinux/out/hi3798mv100/hi3798mv100_out/obj/source/boot/fastboot/include -I../ -DDDR_TRAINING_CMD -I/home/ray/workplace/git_download/HiSTB_origin/HiSTBLinux/out/hi3798mv100/hi3798mv100_out/obj/source/boot/fastboot/drivers/ddr/hi3798mx/ -fno-strict-aliasing -fno-common -ffixed-r8   -DCONFIG_ARM -D__ARM__ -marm -mno-thumb-interwork  -mabi=aapcs-linux -march=armv7-a -DCONFIG_ARM -D__ARM__    -MM ddr_training_cmd.c | sed 's,ddr_training_cmd.o:,ddr_training_cmd.o ddr_training_cmd.d:,g' > ddr_training_cmd.d
installing man3/SSL_set_session.3
set -e; arm-histbv310-linux-gcc -Os -pipe -DCMD_TEXT_BASE=0xFFFF0C00 -DSTACK_POINT=0xFFFF0C00 -fno-builtin -ffreestanding -I./ -I/home/ray/workplace/git_download/HiSTB_origin/HiSTBLinux/out/hi3798mv100/hi3798mv100_out/obj/source/boot/fastboot/include -I../ -DDDR_TRAINING_CMD -I/home/ray/workplace/git_download/HiSTB_origin/HiSTBLinux/out/hi3798mv100/hi3798mv100_out/obj/source/boot/fastboot/drivers/ddr/hi3798mx/ -fno-strict-aliasing -fno-common -ffixed-r8   -DCONFIG_ARM -D__ARM__ -marm -mno-thumb-interwork  -mabi=aapcs-linux -march=armv7-a -DCONFIG_ARM -D__ARM__    -MM ddr_training_custom.c | sed 's,ddr_training_custom.o:,ddr_training_custom.o ddr_training_custom.d:,g' > ddr_training_custom.d
set -e; arm-histbv310-linux-gcc -Os -pipe -DCMD_TEXT_BASE=0xFFFF0C00 -DSTACK_POINT=0xFFFF0C00 -fno-builtin -ffreestanding -I./ -I/home/ray/workplace/git_download/HiSTB_origin/HiSTBLinux/out/hi3798mv100/hi3798mv100_out/obj/source/boot/fastboot/include -I../ -DDDR_TRAINING_CMD -I/home/ray/workplace/git_download/HiSTB_origin/HiSTBLinux/out/hi3798mv100/hi3798mv100_out/obj/source/boot/fastboot/drivers/ddr/hi3798mx/ -fno-strict-aliasing -fno-common -ffixed-r8   -DCONFIG_ARM -D__ARM__ -marm -mno-thumb-interwork  -mabi=aapcs-linux -march=armv7-a -DCONFIG_ARM -D__ARM__    -MM uart.S | sed 's,uart.o:,uart.o uart.d:,g' > uart.d
  CC      block/partitions/msdos.o
arm-histbv310-linux-gcc -D__ASSEMBLY__ -Os -pipe -DCMD_TEXT_BASE=0xFFFF0C00 -DSTACK_POINT=0xFFFF0C00 -fno-builtin -ffreestanding -I./ -I/home/ray/workplace/git_download/HiSTB_origin/HiSTBLinux/out/hi3798mv100/hi3798mv100_out/obj/source/boot/fastboot/include -I../ -DDDR_TRAINING_CMD -I/home/ray/workplace/git_download/HiSTB_origin/HiSTBLinux/out/hi3798mv100/hi3798mv100_out/obj/source/boot/fastboot/drivers/ddr/hi3798mx/ -fno-strict-aliasing -fno-common -ffixed-r8   -DCONFIG_ARM -D__ARM__ -marm -mno-thumb-interwork  -mabi=aapcs-linux -march=armv7-a -DCONFIG_ARM -D__ARM__    -o cmd_entry.o -c cmd_entry.S
arm-histbv310-linux-gcc -D__ASSEMBLY__ -Os -pipe -DCMD_TEXT_BASE=0xFFFF0C00 -DSTACK_POINT=0xFFFF0C00 -fno-builtin -ffreestanding -I./ -I/home/ray/workplace/git_download/HiSTB_origin/HiSTBLinux/out/hi3798mv100/hi3798mv100_out/obj/source/boot/fastboot/include -I../ -DDDR_TRAINING_CMD -I/home/ray/workplace/git_download/HiSTB_origin/HiSTBLinux/out/hi3798mv100/hi3798mv100_out/obj/source/boot/fastboot/drivers/ddr/hi3798mx/ -fno-strict-aliasing -fno-common -ffixed-r8   -DCONFIG_ARM -D__ARM__ -marm -mno-thumb-interwork  -mabi=aapcs-linux -march=armv7-a -DCONFIG_ARM -D__ARM__    -o uart.o -c uart.S
arm-histbv310-linux-gcc -Os -pipe -DCMD_TEXT_BASE=0xFFFF0C00 -DSTACK_POINT=0xFFFF0C00 -fno-builtin -ffreestanding -I./ -I/home/ray/workplace/git_download/HiSTB_origin/HiSTBLinux/out/hi3798mv100/hi3798mv100_out/obj/source/boot/fastboot/include -I../ -DDDR_TRAINING_CMD -I/home/ray/workplace/git_download/HiSTB_origin/HiSTBLinux/out/hi3798mv100/hi3798mv100_out/obj/source/boot/fastboot/drivers/ddr/hi3798mx/ -fno-strict-aliasing -fno-common -ffixed-r8   -DCONFIG_ARM -D__ARM__ -marm -mno-thumb-interwork  -mabi=aapcs-linux -march=armv7-a -DCONFIG_ARM -D__ARM__    -Wall -Wstrict-prototypes -fno-stack-protector \
	-o ddr_training_custom.o -c ddr_training_custom.c
arm-histbv310-linux-gcc -Os -pipe -DCMD_TEXT_BASE=0xFFFF0C00 -DSTACK_POINT=0xFFFF0C00 -fno-builtin -ffreestanding -I./ -I/home/ray/workplace/git_download/HiSTB_origin/HiSTBLinux/out/hi3798mv100/hi3798mv100_out/obj/source/boot/fastboot/include -I../ -DDDR_TRAINING_CMD -I/home/ray/workplace/git_download/HiSTB_origin/HiSTBLinux/out/hi3798mv100/hi3798mv100_out/obj/source/boot/fastboot/drivers/ddr/hi3798mx/ -fno-strict-aliasing -fno-common -ffixed-r8   -DCONFIG_ARM -D__ARM__ -marm -mno-thumb-interwork  -mabi=aapcs-linux -march=armv7-a -DCONFIG_ARM -D__ARM__    -Wall -Wstrict-prototypes -fno-stack-protector \
	-o ddr_training_cmd.o -c ddr_training_cmd.c
installing man3/SSL_set_shutdown.3
  CC      fs/cifs/smb2file.o
arm-histbv310-linux-gcc -Os -pipe -DCMD_TEXT_BASE=0xFFFF0C00 -DSTACK_POINT=0xFFFF0C00 -fno-builtin -ffreestanding -I./ -I/home/ray/workplace/git_download/HiSTB_origin/HiSTBLinux/out/hi3798mv100/hi3798mv100_out/obj/source/boot/fastboot/include -I../ -DDDR_TRAINING_CMD -I/home/ray/workplace/git_download/HiSTB_origin/HiSTBLinux/out/hi3798mv100/hi3798mv100_out/obj/source/boot/fastboot/drivers/ddr/hi3798mx/ -fno-strict-aliasing -fno-common -ffixed-r8   -DCONFIG_ARM -D__ARM__ -marm -mno-thumb-interwork  -mabi=aapcs-linux -march=armv7-a -DCONFIG_ARM -D__ARM__    -Wall -Wstrict-prototypes -fno-stack-protector \
	-o ddr_training_impl.o -c ddr_training_impl.c
SSL_get_shutdown.3 => SSL_set_shutdown.3
installing man3/SSL_set_verify_result.3
  CC      block/partitions/efi.o
  CC      kernel/trace/trace_functions.o
installing man3/SSL_shutdown.3
  CC      fs/debugfs/inode.o
installing man3/SSL_state_string.3
  CC      fs/debugfs/file.o
arm-histbv310-linux-gcc -Os -pipe -DCMD_TEXT_BASE=0xFFFF0C00 -DSTACK_POINT=0xFFFF0C00 -fno-builtin -ffreestanding -I./ -I/home/ray/workplace/git_download/HiSTB_origin/HiSTBLinux/out/hi3798mv100/hi3798mv100_out/obj/source/boot/fastboot/include -I../ -DDDR_TRAINING_CMD -I/home/ray/workplace/git_download/HiSTB_origin/HiSTBLinux/out/hi3798mv100/hi3798mv100_out/obj/source/boot/fastboot/drivers/ddr/hi3798mx/ -fno-strict-aliasing -fno-common -ffixed-r8   -DCONFIG_ARM -D__ARM__ -marm -mno-thumb-interwork  -mabi=aapcs-linux -march=armv7-a -DCONFIG_ARM -D__ARM__    -Wall -Wstrict-prototypes -fno-stack-protector \
	-o ddr_training_ctl.o -c ddr_training_ctl.c
  CC     route/pktloc_grammar.lo
#@echo CMD_TEXT_BASE=0xFFFF0C00
arm-histbv310-linux-ld -Bstatic -T ddr_cmd.lds -Ttext 0xFFFF0C00 cmd_entry.o \
	uart.o ddr_training_custom.o ddr_training_cmd.o ddr_training_impl.o ddr_training_ctl.o  -Map ddr_cmd.map -o ddr_cmd.elf
arm-histbv310-linux-objcopy -O srec /home/ray/workplace/git_download/HiSTB_origin/HiSTBLinux/out/hi3798mv100/hi3798mv100_out/obj/source/boot/fastboot/drivers/ddr/hi3798mx/cmd_bin/ddr_cmd.elf ddr_cmd.srec
arm-histbv310-linux-objcopy --gap-fill=0xff -O binary /home/ray/workplace/git_download/HiSTB_origin/HiSTBLinux/out/hi3798mv100/hi3798mv100_out/obj/source/boot/fastboot/drivers/ddr/hi3798mx/cmd_bin/ddr_cmd.elf ddr_cmd.bin
#remove soft link files
SSL_state_string_long.3 => SSL_state_string.3
make[5]: Leaving directory '/home/ray/workplace/git_download/HiSTB_origin/HiSTBLinux/out/hi3798mv100/hi3798mv100_out/obj/source/boot/fastboot/drivers/ddr/hi3798mx/cmd_bin'
arm-histbv310-linux-gcc   -D__ASSEMBLY__ -g  -Os  -fno-strict-aliasing -fno-common -ffixed-r8   -D__KERNEL__ -DTEXT_BASE=0x00c00000 -I/home/ray/workplace/git_download/HiSTB_origin/HiSTBLinux/out/hi3798mv100/hi3798mv100_out/obj/source/boot/fastboot/include -I/home/ray/workplace/git_download/HiSTB_origin/HiSTBLinux/out/hi3798mv100/hi3798mv100_out/obj/source/boot/fastboot -fno-builtin -ffreestanding -nostdinc -mfloat-abi=soft -isystem /home/ray/workplace/git_download/HiSTB_origin/HiSTBLinux/tools/linux/toolchains/arm-histbv310-linux/bin/../lib/gcc/arm-gcc492_glibc224-linux-gnueabi/4.9.2/include -pipe -DCONFIG_ARM -D__ARM__ -marm -mno-thumb-interwork  -mabi=aapcs-linux -march=armv7-a -DVERSION=3 -DPATCHLEVEL=3 -DSUBLEVEL=0 -DCONFIG_AUXIMAGE=\"/home/ray/workplace/git_download/HiSTB_origin/HiSTBLinux/out/hi3798mv100/hi3798mv100_out/obj/source/boot/fastboot/auxcode_sign.img\"   -DVERSION=3 -DPATCHLEVEL=3 -DSUBLEVEL=0 -DCONFIG_AUXIMAGE=\"/home/ray/workplace/git_download/HiSTB_origin/HiSTBLinux/out/hi3798mv100/hi3798mv100_out/obj/source/boot/fastboot/auxcode_sign.img\"     \
	-o ddr_cmd_loc.o ddr_cmd_loc.S -c
installing man3/SSL_want.3
arm-histbv310-linux-gcc  -g  -Os  -fno-strict-aliasing -fno-common -ffixed-r8   -D__KERNEL__ -DTEXT_BASE=0x00c00000 -I/home/ray/workplace/git_download/HiSTB_origin/HiSTBLinux/out/hi3798mv100/hi3798mv100_out/obj/source/boot/fastboot/include -I/home/ray/workplace/git_download/HiSTB_origin/HiSTBLinux/out/hi3798mv100/hi3798mv100_out/obj/source/boot/fastboot -fno-builtin -ffreestanding -nostdinc -mfloat-abi=soft -isystem /home/ray/workplace/git_download/HiSTB_origin/HiSTBLinux/tools/linux/toolchains/arm-histbv310-linux/bin/../lib/gcc/arm-gcc492_glibc224-linux-gnueabi/4.9.2/include -pipe -DCONFIG_ARM -D__ARM__ -marm -mno-thumb-interwork  -mabi=aapcs-linux -march=armv7-a -DVERSION=3 -DPATCHLEVEL=3 -DSUBLEVEL=0 -DCONFIG_AUXIMAGE=\"/home/ray/workplace/git_download/HiSTB_origin/HiSTBLinux/out/hi3798mv100/hi3798mv100_out/obj/source/boot/fastboot/auxcode_sign.img\"   -DVERSION=3 -DPATCHLEVEL=3 -DSUBLEVEL=0 -DCONFIG_AUXIMAGE=\"/home/ray/workplace/git_download/HiSTB_origin/HiSTBLinux/out/hi3798mv100/hi3798mv100_out/obj/source/boot/fastboot/auxcode_sign.img\"   -Wall -Wstrict-prototypes -fno-stack-protector   \
	-o ddr_cmd_ctl.o ddr_cmd_ctl.c -c
SSL_want_nothing.3 => SSL_want.3
  LD      fs/cifs/cifs.o
SSL_want_read.3 => SSL_want.3
SSL_want_write.3 => SSL_want.3
SSL_want_x509_lookup.3 => SSL_want.3
  CC      kernel/trace/trace_nop.o
  LD      fs/cifs/built-in.o
installing man3/SSL_write.3
  CC      fs/devpts/inode.o
installing man3/d2i_SSL_SESSION.3
  LD      block/partitions/built-in.o
  CC      kernel/stacktrace.o
  CC      block/bounce.o
arm-histbv310-linux-gcc  -g  -Os  -fno-strict-aliasing -fno-common -ffixed-r8   -D__KERNEL__ -DTEXT_BASE=0x00c00000 -I/home/ray/workplace/git_download/HiSTB_origin/HiSTBLinux/out/hi3798mv100/hi3798mv100_out/obj/source/boot/fastboot/include -I/home/ray/workplace/git_download/HiSTB_origin/HiSTBLinux/out/hi3798mv100/hi3798mv100_out/obj/source/boot/fastboot -fno-builtin -ffreestanding -nostdinc -mfloat-abi=soft -isystem /home/ray/workplace/git_download/HiSTB_origin/HiSTBLinux/tools/linux/toolchains/arm-histbv310-linux/bin/../lib/gcc/arm-gcc492_glibc224-linux-gnueabi/4.9.2/include -pipe -DCONFIG_ARM -D__ARM__ -marm -mno-thumb-interwork  -mabi=aapcs-linux -march=armv7-a -DVERSION=3 -DPATCHLEVEL=3 -DSUBLEVEL=0 -DCONFIG_AUXIMAGE=\"/home/ray/workplace/git_download/HiSTB_origin/HiSTBLinux/out/hi3798mv100/hi3798mv100_out/obj/source/boot/fastboot/auxcode_sign.img\"   -DVERSION=3 -DPATCHLEVEL=3 -DSUBLEVEL=0 -DCONFIG_AUXIMAGE=\"/home/ray/workplace/git_download/HiSTB_origin/HiSTBLinux/out/hi3798mv100/hi3798mv100_out/obj/source/boot/fastboot/auxcode_sign.img\"   -Wall -Wstrict-prototypes -fno-stack-protector   \
	-o ddr_training_impl.o ddr_training_impl.c -c
i2d_SSL_SESSION.3 => d2i_SSL_SESSION.3
installing man3/ssl.3
  LD      fs/debugfs/debugfs.o
  LD      fs/debugfs/built-in.o
  CC      kernel/futex.o
  CC      kernel/trace/trace_functions_graph.o
  CC      kernel/trace/blktrace.o
  LD      fs/devpts/devpts.o
  LD      fs/devpts/built-in.o
SSL.3 => ssl.3
  CC      fs/exportfs/expfs.o
making install in crypto...
make[4]: Entering directory '/home/ray/workplace/git_download/HiSTB_origin/HiSTBLinux/out/hi3798mv100/hi3798mv100_out/obj/source/component/openssl/openssl-1.0.2l/crypto'
making install in crypto/objects...
make[5]: Entering directory '/home/ray/workplace/git_download/HiSTB_origin/HiSTBLinux/out/hi3798mv100/hi3798mv100_out/obj/source/component/openssl/openssl-1.0.2l/crypto/objects'
make[5]: Leaving directory '/home/ray/workplace/git_download/HiSTB_origin/HiSTBLinux/out/hi3798mv100/hi3798mv100_out/obj/source/component/openssl/openssl-1.0.2l/crypto/objects'
making install in crypto/md4...
make[5]: Entering directory '/home/ray/workplace/git_download/HiSTB_origin/HiSTBLinux/out/hi3798mv100/hi3798mv100_out/obj/source/component/openssl/openssl-1.0.2l/crypto/md4'
make[5]: Leaving directory '/home/ray/workplace/git_download/HiSTB_origin/HiSTBLinux/out/hi3798mv100/hi3798mv100_out/obj/source/component/openssl/openssl-1.0.2l/crypto/md4'
making install in crypto/md5...
make[5]: Entering directory '/home/ray/workplace/git_download/HiSTB_origin/HiSTBLinux/out/hi3798mv100/hi3798mv100_out/obj/source/component/openssl/openssl-1.0.2l/crypto/md5'
make[5]: Leaving directory '/home/ray/workplace/git_download/HiSTB_origin/HiSTBLinux/out/hi3798mv100/hi3798mv100_out/obj/source/component/openssl/openssl-1.0.2l/crypto/md5'
making install in crypto/sha...
make[5]: Entering directory '/home/ray/workplace/git_download/HiSTB_origin/HiSTBLinux/out/hi3798mv100/hi3798mv100_out/obj/source/component/openssl/openssl-1.0.2l/crypto/sha'
make[5]: Leaving directory '/home/ray/workplace/git_download/HiSTB_origin/HiSTBLinux/out/hi3798mv100/hi3798mv100_out/obj/source/component/openssl/openssl-1.0.2l/crypto/sha'
making install in crypto/mdc2...
make[5]: Entering directory '/home/ray/workplace/git_download/HiSTB_origin/HiSTBLinux/out/hi3798mv100/hi3798mv100_out/obj/source/component/openssl/openssl-1.0.2l/crypto/mdc2'
make[5]: Leaving directory '/home/ray/workplace/git_download/HiSTB_origin/HiSTBLinux/out/hi3798mv100/hi3798mv100_out/obj/source/component/openssl/openssl-1.0.2l/crypto/mdc2'
making install in crypto/hmac...
make[5]: Entering directory '/home/ray/workplace/git_download/HiSTB_origin/HiSTBLinux/out/hi3798mv100/hi3798mv100_out/obj/source/component/openssl/openssl-1.0.2l/crypto/hmac'
  CC      block/bsg.o
make[5]: Leaving directory '/home/ray/workplace/git_download/HiSTB_origin/HiSTBLinux/out/hi3798mv100/hi3798mv100_out/obj/source/component/openssl/openssl-1.0.2l/crypto/hmac'
making install in crypto/ripemd...
make[5]: Entering directory '/home/ray/workplace/git_download/HiSTB_origin/HiSTBLinux/out/hi3798mv100/hi3798mv100_out/obj/source/component/openssl/openssl-1.0.2l/crypto/ripemd'
arm-histbv310-linux-gcc  -g  -Os  -fno-strict-aliasing -fno-common -ffixed-r8   -D__KERNEL__ -DTEXT_BASE=0x00c00000 -I/home/ray/workplace/git_download/HiSTB_origin/HiSTBLinux/out/hi3798mv100/hi3798mv100_out/obj/source/boot/fastboot/include -I/home/ray/workplace/git_download/HiSTB_origin/HiSTBLinux/out/hi3798mv100/hi3798mv100_out/obj/source/boot/fastboot -fno-builtin -ffreestanding -nostdinc -mfloat-abi=soft -isystem /home/ray/workplace/git_download/HiSTB_origin/HiSTBLinux/tools/linux/toolchains/arm-histbv310-linux/bin/../lib/gcc/arm-gcc492_glibc224-linux-gnueabi/4.9.2/include -pipe -DCONFIG_ARM -D__ARM__ -marm -mno-thumb-interwork  -mabi=aapcs-linux -march=armv7-a -DVERSION=3 -DPATCHLEVEL=3 -DSUBLEVEL=0 -DCONFIG_AUXIMAGE=\"/home/ray/workplace/git_download/HiSTB_origin/HiSTBLinux/out/hi3798mv100/hi3798mv100_out/obj/source/boot/fastboot/auxcode_sign.img\"   -DVERSION=3 -DPATCHLEVEL=3 -DSUBLEVEL=0 -DCONFIG_AUXIMAGE=\"/home/ray/workplace/git_download/HiSTB_origin/HiSTBLinux/out/hi3798mv100/hi3798mv100_out/obj/source/boot/fastboot/auxcode_sign.img\"   -Wall -Wstrict-prototypes -fno-stack-protector   \
	-o ddr_training_ctl.o ddr_training_ctl.c -c
make[5]: Leaving directory '/home/ray/workplace/git_download/HiSTB_origin/HiSTBLinux/out/hi3798mv100/hi3798mv100_out/obj/source/component/openssl/openssl-1.0.2l/crypto/ripemd'
making install in crypto/whrlpool...
make[5]: Entering directory '/home/ray/workplace/git_download/HiSTB_origin/HiSTBLinux/out/hi3798mv100/hi3798mv100_out/obj/source/component/openssl/openssl-1.0.2l/crypto/whrlpool'
make[5]: Leaving directory '/home/ray/workplace/git_download/HiSTB_origin/HiSTBLinux/out/hi3798mv100/hi3798mv100_out/obj/source/component/openssl/openssl-1.0.2l/crypto/whrlpool'
making install in crypto/des...
make[5]: Entering directory '/home/ray/workplace/git_download/HiSTB_origin/HiSTBLinux/out/hi3798mv100/hi3798mv100_out/obj/source/component/openssl/openssl-1.0.2l/crypto/des'
make[5]: Leaving directory '/home/ray/workplace/git_download/HiSTB_origin/HiSTBLinux/out/hi3798mv100/hi3798mv100_out/obj/source/component/openssl/openssl-1.0.2l/crypto/des'
making install in crypto/aes...
make[5]: Entering directory '/home/ray/workplace/git_download/HiSTB_origin/HiSTBLinux/out/hi3798mv100/hi3798mv100_out/obj/source/component/openssl/openssl-1.0.2l/crypto/aes'
make[5]: Leaving directory '/home/ray/workplace/git_download/HiSTB_origin/HiSTBLinux/out/hi3798mv100/hi3798mv100_out/obj/source/component/openssl/openssl-1.0.2l/crypto/aes'
making install in crypto/rc2...
make[5]: Entering directory '/home/ray/workplace/git_download/HiSTB_origin/HiSTBLinux/out/hi3798mv100/hi3798mv100_out/obj/source/component/openssl/openssl-1.0.2l/crypto/rc2'
make[5]: Leaving directory '/home/ray/workplace/git_download/HiSTB_origin/HiSTBLinux/out/hi3798mv100/hi3798mv100_out/obj/source/component/openssl/openssl-1.0.2l/crypto/rc2'
making install in crypto/rc4...
make[5]: Entering directory '/home/ray/workplace/git_download/HiSTB_origin/HiSTBLinux/out/hi3798mv100/hi3798mv100_out/obj/source/component/openssl/openssl-1.0.2l/crypto/rc4'
make[5]: Leaving directory '/home/ray/workplace/git_download/HiSTB_origin/HiSTBLinux/out/hi3798mv100/hi3798mv100_out/obj/source/component/openssl/openssl-1.0.2l/crypto/rc4'
making install in crypto/idea...
make[5]: Entering directory '/home/ray/workplace/git_download/HiSTB_origin/HiSTBLinux/out/hi3798mv100/hi3798mv100_out/obj/source/component/openssl/openssl-1.0.2l/crypto/idea'
make[5]: Leaving directory '/home/ray/workplace/git_download/HiSTB_origin/HiSTBLinux/out/hi3798mv100/hi3798mv100_out/obj/source/component/openssl/openssl-1.0.2l/crypto/idea'
making install in crypto/bf...
make[5]: Entering directory '/home/ray/workplace/git_download/HiSTB_origin/HiSTBLinux/out/hi3798mv100/hi3798mv100_out/obj/source/component/openssl/openssl-1.0.2l/crypto/bf'
  CC      block/blk-cgroup.o
make[5]: Leaving directory '/home/ray/workplace/git_download/HiSTB_origin/HiSTBLinux/out/hi3798mv100/hi3798mv100_out/obj/source/component/openssl/openssl-1.0.2l/crypto/bf'
making install in crypto/cast...
make[5]: Entering directory '/home/ray/workplace/git_download/HiSTB_origin/HiSTBLinux/out/hi3798mv100/hi3798mv100_out/obj/source/component/openssl/openssl-1.0.2l/crypto/cast'
arm-histbv310-linux-gcc  -g  -Os  -fno-strict-aliasing -fno-common -ffixed-r8   -D__KERNEL__ -DTEXT_BASE=0x00c00000 -I/home/ray/workplace/git_download/HiSTB_origin/HiSTBLinux/out/hi3798mv100/hi3798mv100_out/obj/source/boot/fastboot/include -I/home/ray/workplace/git_download/HiSTB_origin/HiSTBLinux/out/hi3798mv100/hi3798mv100_out/obj/source/boot/fastboot -fno-builtin -ffreestanding -nostdinc -mfloat-abi=soft -isystem /home/ray/workplace/git_download/HiSTB_origin/HiSTBLinux/tools/linux/toolchains/arm-histbv310-linux/bin/../lib/gcc/arm-gcc492_glibc224-linux-gnueabi/4.9.2/include -pipe -DCONFIG_ARM -D__ARM__ -marm -mno-thumb-interwork  -mabi=aapcs-linux -march=armv7-a -DVERSION=3 -DPATCHLEVEL=3 -DSUBLEVEL=0 -DCONFIG_AUXIMAGE=\"/home/ray/workplace/git_download/HiSTB_origin/HiSTBLinux/out/hi3798mv100/hi3798mv100_out/obj/source/boot/fastboot/auxcode_sign.img\"   -DVERSION=3 -DPATCHLEVEL=3 -DSUBLEVEL=0 -DCONFIG_AUXIMAGE=\"/home/ray/workplace/git_download/HiSTB_origin/HiSTBLinux/out/hi3798mv100/hi3798mv100_out/obj/source/boot/fastboot/auxcode_sign.img\"   -Wall -Wstrict-prototypes -fno-stack-protector   \
	-o ddr_training_boot.o ddr_training_boot.c -c
make[5]: Leaving directory '/home/ray/workplace/git_download/HiSTB_origin/HiSTBLinux/out/hi3798mv100/hi3798mv100_out/obj/source/component/openssl/openssl-1.0.2l/crypto/cast'
making install in crypto/camellia...
make[5]: Entering directory '/home/ray/workplace/git_download/HiSTB_origin/HiSTBLinux/out/hi3798mv100/hi3798mv100_out/obj/source/component/openssl/openssl-1.0.2l/crypto/camellia'
make[5]: Leaving directory '/home/ray/workplace/git_download/HiSTB_origin/HiSTBLinux/out/hi3798mv100/hi3798mv100_out/obj/source/component/openssl/openssl-1.0.2l/crypto/camellia'
making install in crypto/seed...
make[5]: Entering directory '/home/ray/workplace/git_download/HiSTB_origin/HiSTBLinux/out/hi3798mv100/hi3798mv100_out/obj/source/component/openssl/openssl-1.0.2l/crypto/seed'
  LD      fs/exportfs/exportfs.o
make[5]: Leaving directory '/home/ray/workplace/git_download/HiSTB_origin/HiSTBLinux/out/hi3798mv100/hi3798mv100_out/obj/source/component/openssl/openssl-1.0.2l/crypto/seed'
  LD      fs/exportfs/built-in.o
making install in crypto/modes...
make[5]: Entering directory '/home/ray/workplace/git_download/HiSTB_origin/HiSTBLinux/out/hi3798mv100/hi3798mv100_out/obj/source/component/openssl/openssl-1.0.2l/crypto/modes'
make[5]: Leaving directory '/home/ray/workplace/git_download/HiSTB_origin/HiSTBLinux/out/hi3798mv100/hi3798mv100_out/obj/source/component/openssl/openssl-1.0.2l/crypto/modes'
making install in crypto/bn...
make[5]: Entering directory '/home/ray/workplace/git_download/HiSTB_origin/HiSTBLinux/out/hi3798mv100/hi3798mv100_out/obj/source/component/openssl/openssl-1.0.2l/crypto/bn'
make[5]: Leaving directory '/home/ray/workplace/git_download/HiSTB_origin/HiSTBLinux/out/hi3798mv100/hi3798mv100_out/obj/source/component/openssl/openssl-1.0.2l/crypto/bn'
making install in crypto/ec...
make[5]: Entering directory '/home/ray/workplace/git_download/HiSTB_origin/HiSTBLinux/out/hi3798mv100/hi3798mv100_out/obj/source/component/openssl/openssl-1.0.2l/crypto/ec'
make[5]: Leaving directory '/home/ray/workplace/git_download/HiSTB_origin/HiSTBLinux/out/hi3798mv100/hi3798mv100_out/obj/source/component/openssl/openssl-1.0.2l/crypto/ec'
making install in crypto/rsa...
make[5]: Entering directory '/home/ray/workplace/git_download/HiSTB_origin/HiSTBLinux/out/hi3798mv100/hi3798mv100_out/obj/source/component/openssl/openssl-1.0.2l/crypto/rsa'
make[5]: Leaving directory '/home/ray/workplace/git_download/HiSTB_origin/HiSTBLinux/out/hi3798mv100/hi3798mv100_out/obj/source/component/openssl/openssl-1.0.2l/crypto/rsa'
making install in crypto/dsa...
make[5]: Entering directory '/home/ray/workplace/git_download/HiSTB_origin/HiSTBLinux/out/hi3798mv100/hi3798mv100_out/obj/source/component/openssl/openssl-1.0.2l/crypto/dsa'
make[5]: Leaving directory '/home/ray/workplace/git_download/HiSTB_origin/HiSTBLinux/out/hi3798mv100/hi3798mv100_out/obj/source/component/openssl/openssl-1.0.2l/crypto/dsa'
making install in crypto/ecdsa...
make[5]: Entering directory '/home/ray/workplace/git_download/HiSTB_origin/HiSTBLinux/out/hi3798mv100/hi3798mv100_out/obj/source/component/openssl/openssl-1.0.2l/crypto/ecdsa'
arm-histbv310-linux-gcc  -g  -Os  -fno-strict-aliasing -fno-common -ffixed-r8   -D__KERNEL__ -DTEXT_BASE=0x00c00000 -I/home/ray/workplace/git_download/HiSTB_origin/HiSTBLinux/out/hi3798mv100/hi3798mv100_out/obj/source/boot/fastboot/include -I/home/ray/workplace/git_download/HiSTB_origin/HiSTBLinux/out/hi3798mv100/hi3798mv100_out/obj/source/boot/fastboot -fno-builtin -ffreestanding -nostdinc -mfloat-abi=soft -isystem /home/ray/workplace/git_download/HiSTB_origin/HiSTBLinux/tools/linux/toolchains/arm-histbv310-linux/bin/../lib/gcc/arm-gcc492_glibc224-linux-gnueabi/4.9.2/include -pipe -DCONFIG_ARM -D__ARM__ -marm -mno-thumb-interwork  -mabi=aapcs-linux -march=armv7-a -DVERSION=3 -DPATCHLEVEL=3 -DSUBLEVEL=0 -DCONFIG_AUXIMAGE=\"/home/ray/workplace/git_download/HiSTB_origin/HiSTBLinux/out/hi3798mv100/hi3798mv100_out/obj/source/boot/fastboot/auxcode_sign.img\"   -DVERSION=3 -DPATCHLEVEL=3 -DSUBLEVEL=0 -DCONFIG_AUXIMAGE=\"/home/ray/workplace/git_download/HiSTB_origin/HiSTBLinux/out/hi3798mv100/hi3798mv100_out/obj/source/boot/fastboot/auxcode_sign.img\"   -Wall -Wstrict-prototypes -fno-stack-protector   \
	-o ddr_training_custom.o ddr_training_custom.c -c
make[5]: Leaving directory '/home/ray/workplace/git_download/HiSTB_origin/HiSTBLinux/out/hi3798mv100/hi3798mv100_out/obj/source/component/openssl/openssl-1.0.2l/crypto/ecdsa'
making install in crypto/dh...
make[5]: Entering directory '/home/ray/workplace/git_download/HiSTB_origin/HiSTBLinux/out/hi3798mv100/hi3798mv100_out/obj/source/component/openssl/openssl-1.0.2l/crypto/dh'
  CC      fs/ext2/balloc.o
make[5]: Leaving directory '/home/ray/workplace/git_download/HiSTB_origin/HiSTBLinux/out/hi3798mv100/hi3798mv100_out/obj/source/component/openssl/openssl-1.0.2l/crypto/dh'
making install in crypto/ecdh...
make[5]: Entering directory '/home/ray/workplace/git_download/HiSTB_origin/HiSTBLinux/out/hi3798mv100/hi3798mv100_out/obj/source/component/openssl/openssl-1.0.2l/crypto/ecdh'
make[5]: Leaving directory '/home/ray/workplace/git_download/HiSTB_origin/HiSTBLinux/out/hi3798mv100/hi3798mv100_out/obj/source/component/openssl/openssl-1.0.2l/crypto/ecdh'
making install in crypto/dso...
make[5]: Entering directory '/home/ray/workplace/git_download/HiSTB_origin/HiSTBLinux/out/hi3798mv100/hi3798mv100_out/obj/source/component/openssl/openssl-1.0.2l/crypto/dso'
make[5]: Leaving directory '/home/ray/workplace/git_download/HiSTB_origin/HiSTBLinux/out/hi3798mv100/hi3798mv100_out/obj/source/component/openssl/openssl-1.0.2l/crypto/dso'
  CC     route/cls/ematch_syntax.lo
making install in crypto/engine...
make[5]: Entering directory '/home/ray/workplace/git_download/HiSTB_origin/HiSTBLinux/out/hi3798mv100/hi3798mv100_out/obj/source/component/openssl/openssl-1.0.2l/crypto/engine'
make[5]: Leaving directory '/home/ray/workplace/git_download/HiSTB_origin/HiSTBLinux/out/hi3798mv100/hi3798mv100_out/obj/source/component/openssl/openssl-1.0.2l/crypto/engine'
making install in crypto/buffer...
make[5]: Entering directory '/home/ray/workplace/git_download/HiSTB_origin/HiSTBLinux/out/hi3798mv100/hi3798mv100_out/obj/source/component/openssl/openssl-1.0.2l/crypto/buffer'
make[5]: Leaving directory '/home/ray/workplace/git_download/HiSTB_origin/HiSTBLinux/out/hi3798mv100/hi3798mv100_out/obj/source/component/openssl/openssl-1.0.2l/crypto/buffer'
making install in crypto/bio...
make[5]: Entering directory '/home/ray/workplace/git_download/HiSTB_origin/HiSTBLinux/out/hi3798mv100/hi3798mv100_out/obj/source/component/openssl/openssl-1.0.2l/crypto/bio'
  CC      kernel/trace/trace_events.o
make[5]: Leaving directory '/home/ray/workplace/git_download/HiSTB_origin/HiSTBLinux/out/hi3798mv100/hi3798mv100_out/obj/source/component/openssl/openssl-1.0.2l/crypto/bio'
making install in crypto/stack...
make[5]: Entering directory '/home/ray/workplace/git_download/HiSTB_origin/HiSTBLinux/out/hi3798mv100/hi3798mv100_out/obj/source/component/openssl/openssl-1.0.2l/crypto/stack'
arm-histbv310-linux-gcc  -g  -Os  -fno-strict-aliasing -fno-common -ffixed-r8   -D__KERNEL__ -DTEXT_BASE=0x00c00000 -I/home/ray/workplace/git_download/HiSTB_origin/HiSTBLinux/out/hi3798mv100/hi3798mv100_out/obj/source/boot/fastboot/include -I/home/ray/workplace/git_download/HiSTB_origin/HiSTBLinux/out/hi3798mv100/hi3798mv100_out/obj/source/boot/fastboot -fno-builtin -ffreestanding -nostdinc -mfloat-abi=soft -isystem /home/ray/workplace/git_download/HiSTB_origin/HiSTBLinux/tools/linux/toolchains/arm-histbv310-linux/bin/../lib/gcc/arm-gcc492_glibc224-linux-gnueabi/4.9.2/include -pipe -DCONFIG_ARM -D__ARM__ -marm -mno-thumb-interwork  -mabi=aapcs-linux -march=armv7-a -DVERSION=3 -DPATCHLEVEL=3 -DSUBLEVEL=0 -DCONFIG_AUXIMAGE=\"/home/ray/workplace/git_download/HiSTB_origin/HiSTBLinux/out/hi3798mv100/hi3798mv100_out/obj/source/boot/fastboot/auxcode_sign.img\"   -DVERSION=3 -DPATCHLEVEL=3 -DSUBLEVEL=0 -DCONFIG_AUXIMAGE=\"/home/ray/workplace/git_download/HiSTB_origin/HiSTBLinux/out/hi3798mv100/hi3798mv100_out/obj/source/boot/fastboot/auxcode_sign.img\"   -Wall -Wstrict-prototypes -fno-stack-protector   \
	-o cmd_ddr_training_v2.o cmd_ddr_training_v2.c -c
make[5]: Leaving directory '/home/ray/workplace/git_download/HiSTB_origin/HiSTBLinux/out/hi3798mv100/hi3798mv100_out/obj/source/component/openssl/openssl-1.0.2l/crypto/stack'
making install in crypto/lhash...
make[5]: Entering directory '/home/ray/workplace/git_download/HiSTB_origin/HiSTBLinux/out/hi3798mv100/hi3798mv100_out/obj/source/component/openssl/openssl-1.0.2l/crypto/lhash'
make[5]: Leaving directory '/home/ray/workplace/git_download/HiSTB_origin/HiSTBLinux/out/hi3798mv100/hi3798mv100_out/obj/source/component/openssl/openssl-1.0.2l/crypto/lhash'
making install in crypto/rand...
make[5]: Entering directory '/home/ray/workplace/git_download/HiSTB_origin/HiSTBLinux/out/hi3798mv100/hi3798mv100_out/obj/source/component/openssl/openssl-1.0.2l/crypto/rand'
make[5]: Leaving directory '/home/ray/workplace/git_download/HiSTB_origin/HiSTBLinux/out/hi3798mv100/hi3798mv100_out/obj/source/component/openssl/openssl-1.0.2l/crypto/rand'
making install in crypto/err...
make[5]: Entering directory '/home/ray/workplace/git_download/HiSTB_origin/HiSTBLinux/out/hi3798mv100/hi3798mv100_out/obj/source/component/openssl/openssl-1.0.2l/crypto/err'
make[5]: Leaving directory '/home/ray/workplace/git_download/HiSTB_origin/HiSTBLinux/out/hi3798mv100/hi3798mv100_out/obj/source/component/openssl/openssl-1.0.2l/crypto/err'
making install in crypto/evp...
make[5]: Entering directory '/home/ray/workplace/git_download/HiSTB_origin/HiSTBLinux/out/hi3798mv100/hi3798mv100_out/obj/source/component/openssl/openssl-1.0.2l/crypto/evp'
make[5]: Leaving directory '/home/ray/workplace/git_download/HiSTB_origin/HiSTBLinux/out/hi3798mv100/hi3798mv100_out/obj/source/component/openssl/openssl-1.0.2l/crypto/evp'
making install in crypto/asn1...
make[5]: Entering directory '/home/ray/workplace/git_download/HiSTB_origin/HiSTBLinux/out/hi3798mv100/hi3798mv100_out/obj/source/component/openssl/openssl-1.0.2l/crypto/asn1'
make[5]: Leaving directory '/home/ray/workplace/git_download/HiSTB_origin/HiSTBLinux/out/hi3798mv100/hi3798mv100_out/obj/source/component/openssl/openssl-1.0.2l/crypto/asn1'
making install in crypto/pem...
make[5]: Entering directory '/home/ray/workplace/git_download/HiSTB_origin/HiSTBLinux/out/hi3798mv100/hi3798mv100_out/obj/source/component/openssl/openssl-1.0.2l/crypto/pem'
make[5]: Leaving directory '/home/ray/workplace/git_download/HiSTB_origin/HiSTBLinux/out/hi3798mv100/hi3798mv100_out/obj/source/component/openssl/openssl-1.0.2l/crypto/pem'
making install in crypto/x509...
make[5]: Entering directory '/home/ray/workplace/git_download/HiSTB_origin/HiSTBLinux/out/hi3798mv100/hi3798mv100_out/obj/source/component/openssl/openssl-1.0.2l/crypto/x509'
make[5]: Leaving directory '/home/ray/workplace/git_download/HiSTB_origin/HiSTBLinux/out/hi3798mv100/hi3798mv100_out/obj/source/component/openssl/openssl-1.0.2l/crypto/x509'
making install in crypto/x509v3...
make[5]: Entering directory '/home/ray/workplace/git_download/HiSTB_origin/HiSTBLinux/out/hi3798mv100/hi3798mv100_out/obj/source/component/openssl/openssl-1.0.2l/crypto/x509v3'
make[5]: Leaving directory '/home/ray/workplace/git_download/HiSTB_origin/HiSTBLinux/out/hi3798mv100/hi3798mv100_out/obj/source/component/openssl/openssl-1.0.2l/crypto/x509v3'
making install in crypto/conf...
make[5]: Entering directory '/home/ray/workplace/git_download/HiSTB_origin/HiSTBLinux/out/hi3798mv100/hi3798mv100_out/obj/source/component/openssl/openssl-1.0.2l/crypto/conf'
arm-histbv310-linux-ar crv libddr.a ddr_cmd_loc.o ddr_cmd_ctl.o ddr_training_impl.o ddr_training_ctl.o ddr_training_boot.o ddr_training_custom.o cmd_ddr_training_v2.o
make[5]: Leaving directory '/home/ray/workplace/git_download/HiSTB_origin/HiSTBLinux/out/hi3798mv100/hi3798mv100_out/obj/source/component/openssl/openssl-1.0.2l/crypto/conf'
making install in crypto/txt_db...
make[5]: Entering directory '/home/ray/workplace/git_download/HiSTB_origin/HiSTBLinux/out/hi3798mv100/hi3798mv100_out/obj/source/component/openssl/openssl-1.0.2l/crypto/txt_db'
make[5]: Leaving directory '/home/ray/workplace/git_download/HiSTB_origin/HiSTBLinux/out/hi3798mv100/hi3798mv100_out/obj/source/component/openssl/openssl-1.0.2l/crypto/txt_db'
making install in crypto/pkcs7...
make[5]: Entering directory '/home/ray/workplace/git_download/HiSTB_origin/HiSTBLinux/out/hi3798mv100/hi3798mv100_out/obj/source/component/openssl/openssl-1.0.2l/crypto/pkcs7'
make[5]: Leaving directory '/home/ray/workplace/git_download/HiSTB_origin/HiSTBLinux/out/hi3798mv100/hi3798mv100_out/obj/source/component/openssl/openssl-1.0.2l/crypto/pkcs7'
making install in crypto/pkcs12...
make[5]: Entering directory '/home/ray/workplace/git_download/HiSTB_origin/HiSTBLinux/out/hi3798mv100/hi3798mv100_out/obj/source/component/openssl/openssl-1.0.2l/crypto/pkcs12'
make[5]: Leaving directory '/home/ray/workplace/git_download/HiSTB_origin/HiSTBLinux/out/hi3798mv100/hi3798mv100_out/obj/source/component/openssl/openssl-1.0.2l/crypto/pkcs12'
making install in crypto/comp...
make[5]: Entering directory '/home/ray/workplace/git_download/HiSTB_origin/HiSTBLinux/out/hi3798mv100/hi3798mv100_out/obj/source/component/openssl/openssl-1.0.2l/crypto/comp'
make[5]: Leaving directory '/home/ray/workplace/git_download/HiSTB_origin/HiSTBLinux/out/hi3798mv100/hi3798mv100_out/obj/source/component/openssl/openssl-1.0.2l/crypto/comp'
making install in crypto/ocsp...
make[5]: Entering directory '/home/ray/workplace/git_download/HiSTB_origin/HiSTBLinux/out/hi3798mv100/hi3798mv100_out/obj/source/component/openssl/openssl-1.0.2l/crypto/ocsp'
make[5]: Leaving directory '/home/ray/workplace/git_download/HiSTB_origin/HiSTBLinux/out/hi3798mv100/hi3798mv100_out/obj/source/component/openssl/openssl-1.0.2l/crypto/ocsp'
making install in crypto/ui...
make[5]: Entering directory '/home/ray/workplace/git_download/HiSTB_origin/HiSTBLinux/out/hi3798mv100/hi3798mv100_out/obj/source/component/openssl/openssl-1.0.2l/crypto/ui'
r - ddr_cmd_loc.o
r - ddr_cmd_ctl.o
r - ddr_training_impl.o
r - ddr_training_ctl.o
r - ddr_training_boot.o
r - ddr_training_custom.o
r - cmd_ddr_training_v2.o
make[4]: Leaving directory '/home/ray/workplace/git_download/HiSTB_origin/HiSTBLinux/out/hi3798mv100/hi3798mv100_out/obj/source/boot/fastboot/drivers/ddr/hi3798mx'
if [ sscommon/libcommon.a != ss/home/ray/workplace/git_download/HiSTB_origin/HiSTBLinux/out/hi3798mv100/hi3798mv100_out/obj/source/boot/product/libproduct.a ]; then ( \
	make -C common/; \
) fi
make[5]: Leaving directory '/home/ray/workplace/git_download/HiSTB_origin/HiSTBLinux/out/hi3798mv100/hi3798mv100_out/obj/source/component/openssl/openssl-1.0.2l/crypto/ui'
making install in crypto/krb5...
make[5]: Entering directory '/home/ray/workplace/git_download/HiSTB_origin/HiSTBLinux/out/hi3798mv100/hi3798mv100_out/obj/source/component/openssl/openssl-1.0.2l/crypto/krb5'
  CC      kernel/trace/trace_export.o
make[5]: Leaving directory '/home/ray/workplace/git_download/HiSTB_origin/HiSTBLinux/out/hi3798mv100/hi3798mv100_out/obj/source/component/openssl/openssl-1.0.2l/crypto/krb5'
making install in crypto/cms...
make[5]: Entering directory '/home/ray/workplace/git_download/HiSTB_origin/HiSTBLinux/out/hi3798mv100/hi3798mv100_out/obj/source/component/openssl/openssl-1.0.2l/crypto/cms'
make[5]: Leaving directory '/home/ray/workplace/git_download/HiSTB_origin/HiSTBLinux/out/hi3798mv100/hi3798mv100_out/obj/source/component/openssl/openssl-1.0.2l/crypto/cms'
making install in crypto/pqueue...
make[5]: Entering directory '/home/ray/workplace/git_download/HiSTB_origin/HiSTBLinux/out/hi3798mv100/hi3798mv100_out/obj/source/component/openssl/openssl-1.0.2l/crypto/pqueue'
make[5]: Leaving directory '/home/ray/workplace/git_download/HiSTB_origin/HiSTBLinux/out/hi3798mv100/hi3798mv100_out/obj/source/component/openssl/openssl-1.0.2l/crypto/pqueue'
making install in crypto/ts...
make[5]: Entering directory '/home/ray/workplace/git_download/HiSTB_origin/HiSTBLinux/out/hi3798mv100/hi3798mv100_out/obj/source/component/openssl/openssl-1.0.2l/crypto/ts'
make[5]: Leaving directory '/home/ray/workplace/git_download/HiSTB_origin/HiSTBLinux/out/hi3798mv100/hi3798mv100_out/obj/source/component/openssl/openssl-1.0.2l/crypto/ts'
making install in crypto/srp...
make[5]: Entering directory '/home/ray/workplace/git_download/HiSTB_origin/HiSTBLinux/out/hi3798mv100/hi3798mv100_out/obj/source/component/openssl/openssl-1.0.2l/crypto/srp'
make[5]: Leaving directory '/home/ray/workplace/git_download/HiSTB_origin/HiSTBLinux/out/hi3798mv100/hi3798mv100_out/obj/source/component/openssl/openssl-1.0.2l/crypto/srp'
making install in crypto/cmac...
make[5]: Entering directory '/home/ray/workplace/git_download/HiSTB_origin/HiSTBLinux/out/hi3798mv100/hi3798mv100_out/obj/source/component/openssl/openssl-1.0.2l/crypto/cmac'
make[5]: Leaving directory '/home/ray/workplace/git_download/HiSTB_origin/HiSTBLinux/out/hi3798mv100/hi3798mv100_out/obj/source/component/openssl/openssl-1.0.2l/crypto/cmac'
make[4]: Leaving directory '/home/ray/workplace/git_download/HiSTB_origin/HiSTBLinux/out/hi3798mv100/hi3798mv100_out/obj/source/component/openssl/openssl-1.0.2l/crypto'
making install in ssl...
make[4]: Entering directory '/home/ray/workplace/git_download/HiSTB_origin/HiSTBLinux/out/hi3798mv100/hi3798mv100_out/obj/source/component/openssl/openssl-1.0.2l/ssl'
make[4]: Entering directory '/home/ray/workplace/git_download/HiSTB_origin/HiSTBLinux/out/hi3798mv100/hi3798mv100_out/obj/source/boot/fastboot/common'
make[4]: Leaving directory '/home/ray/workplace/git_download/HiSTB_origin/HiSTBLinux/out/hi3798mv100/hi3798mv100_out/obj/source/component/openssl/openssl-1.0.2l/ssl'
making install in engines...
make[4]: Entering directory '/home/ray/workplace/git_download/HiSTB_origin/HiSTBLinux/out/hi3798mv100/hi3798mv100_out/obj/source/component/openssl/openssl-1.0.2l/engines'
  CC      fs/ext2/dir.o
installing 4758cca
installing aep
installing atalla
installing cswift
installing gmp
installing chil
installing nuron
installing sureware
  CC      drivers/amba/bus.o
installing ubsec
installing padlock
installing capi
  CC      block/noop-iosched.o
making install in engines/ccgost...
make[5]: Entering directory '/home/ray/workplace/git_download/HiSTB_origin/HiSTBLinux/out/hi3798mv100/hi3798mv100_out/obj/source/component/openssl/openssl-1.0.2l/engines/ccgost'
[ -n "/home/ray/workplace/git_download/HiSTB_origin/HiSTBLinux/out/hi3798mv100/hi3798mv100_out/obj/source/component/openssl/release" ] # should be set by top Makefile...
if [ -n "libcrypto.so.1.0.0 libssl.so.1.0.0" ]; then \
	set -e; \
	echo installing gost; \
	pfx=lib; \
	if expr "linux-armv4" : "Cygwin" >/dev/null; then \
		sfx=".so"; \
		cp cyggost.dll /home/ray/workplace/git_download/HiSTB_origin/HiSTBLinux/out/hi3798mv100/hi3798mv100_out/obj/source/component/openssl/release/lib/engines/${pfx}gost$sfx.new; \
	else \
		case "-I../../include -fPIC -DOPENSSL_PIC -DOPENSSL_THREADS -D_REENTRANT -DDSO_DLFCN -DHAVE_DLFCN_H -O3 -Wall -DOPENSSL_BN_ASM_MONT -DOPENSSL_BN_ASM_GF2m -DSHA1_ASM -DSHA256_ASM -DSHA512_ASM -DAES_ASM -DBSAES_ASM -DGHASH_ASM" in \
		*DSO_BEOS*) sfx=".so";; \
		*DSO_DLFCN*) sfx=`expr ".so.1.0.0" : '.*\(\.[a-z][a-z]*\)' \| ".so"`;; \
		*DSO_DL*) sfx=".sl";; \
		*DSO_WIN32*) sfx="eay32.dll"; pfx=;; \
		*) sfx=".bad";; \
		esac; \
		cp ${pfx}gost$sfx /home/ray/workplace/git_download/HiSTB_origin/HiSTBLinux/out/hi3798mv100/hi3798mv100_out/obj/source/component/openssl/release/lib/engines/${pfx}gost$sfx.new; \
	fi; \
	chmod 555 /home/ray/workplace/git_download/HiSTB_origin/HiSTBLinux/out/hi3798mv100/hi3798mv100_out/obj/source/component/openssl/release/lib/engines/${pfx}gost$sfx.new; \
	mv -f /home/ray/workplace/git_download/HiSTB_origin/HiSTBLinux/out/hi3798mv100/hi3798mv100_out/obj/source/component/openssl/release/lib/engines/${pfx}gost$sfx.new /home/ray/workplace/git_download/HiSTB_origin/HiSTBLinux/out/hi3798mv100/hi3798mv100_out/obj/source/component/openssl/release/lib/engines/${pfx}gost$sfx; \
fi
installing gost
make[5]: Leaving directory '/home/ray/workplace/git_download/HiSTB_origin/HiSTBLinux/out/hi3798mv100/hi3798mv100_out/obj/source/component/openssl/openssl-1.0.2l/engines/ccgost'
make[4]: Leaving directory '/home/ray/workplace/git_download/HiSTB_origin/HiSTBLinux/out/hi3798mv100/hi3798mv100_out/obj/source/component/openssl/openssl-1.0.2l/engines'
making install in apps...
make[4]: Entering directory '/home/ray/workplace/git_download/HiSTB_origin/HiSTBLinux/out/hi3798mv100/hi3798mv100_out/obj/source/component/openssl/openssl-1.0.2l/apps'
installing openssl
installing CA.sh
installing CA.pl
installing tsget
make[4]: Leaving directory '/home/ray/workplace/git_download/HiSTB_origin/HiSTBLinux/out/hi3798mv100/hi3798mv100_out/obj/source/component/openssl/openssl-1.0.2l/apps'
making install in test...
make[4]: Entering directory '/home/ray/workplace/git_download/HiSTB_origin/HiSTBLinux/out/hi3798mv100/hi3798mv100_out/obj/source/component/openssl/openssl-1.0.2l/test'
make[4]: Nothing to be done for 'install'.
make[4]: Leaving directory '/home/ray/workplace/git_download/HiSTB_origin/HiSTBLinux/out/hi3798mv100/hi3798mv100_out/obj/source/component/openssl/openssl-1.0.2l/test'
making install in tools...
make[4]: Entering directory '/home/ray/workplace/git_download/HiSTB_origin/HiSTBLinux/out/hi3798mv100/hi3798mv100_out/obj/source/component/openssl/openssl-1.0.2l/tools'
  CC      kernel/trace/trace_event_perf.o
make[4]: Leaving directory '/home/ray/workplace/git_download/HiSTB_origin/HiSTBLinux/out/hi3798mv100/hi3798mv100_out/obj/source/component/openssl/openssl-1.0.2l/tools'
installing libcrypto.a
installing libssl.a
installing libcrypto.so.1.0.0
installing libssl.so.1.0.0
  LD      drivers/amba/built-in.o
make[4]: Entering directory '/home/ray/workplace/git_download/HiSTB_origin/HiSTBLinux/out/hi3798mv100/hi3798mv100_out/obj/source/component/openssl/release/lib'
make[5]: Entering directory '/home/ray/workplace/git_download/HiSTB_origin/HiSTBLinux/out/hi3798mv100/hi3798mv100_out/obj/source/component/openssl/release/lib'
make[5]: Leaving directory '/home/ray/workplace/git_download/HiSTB_origin/HiSTBLinux/out/hi3798mv100/hi3798mv100_out/obj/source/component/openssl/release/lib'
make[5]: Entering directory '/home/ray/workplace/git_download/HiSTB_origin/HiSTBLinux/out/hi3798mv100/hi3798mv100_out/obj/source/component/openssl/release/lib'
make[5]: Leaving directory '/home/ray/workplace/git_download/HiSTB_origin/HiSTBLinux/out/hi3798mv100/hi3798mv100_out/obj/source/component/openssl/release/lib'
make[4]: Leaving directory '/home/ray/workplace/git_download/HiSTB_origin/HiSTBLinux/out/hi3798mv100/hi3798mv100_out/obj/source/component/openssl/release/lib'
OpenSSL shared libraries have been installed in:
  /home/ray/workplace/git_download/HiSTB_origin/HiSTBLinux/out/hi3798mv100/hi3798mv100_out/obj/source/component/openssl/release

If this directory is not in a standard system path for dynamic/shared
libraries, then you will have problems linking and executing
applications that use OpenSSL libraries UNLESS:

* you link with static (archive) libraries.  If you are truly
  paranoid about security, you should use static libraries.
* you use the GNU libtool code during linking
  (http://www.gnu.org/software/libtool/libtool.html)
* you use pkg-config during linking (this requires that
  PKG_CONFIG_PATH includes the path to the OpenSSL shared
  library directory), and make use of -R or -rpath.
  (http://www.freedesktop.org/software/pkgconfig/)
* you specify the system-wide link path via a command such
  as crle(1) on Solaris systems.
* you add the OpenSSL shared library directory to /etc/ld.so.conf
  and run ldconfig(8) on Linux systems.
* you define the LD_LIBRARY_PATH, LIBPATH, SHLIB_PATH (HP),
  DYLD_LIBRARY_PATH (MacOS X) or PATH (Cygwin and DJGPP)
  environment variable and add the OpenSSL shared library
  directory to it.

One common tool to check the dynamic dependencies of an executable
or dynamic library is ldd(1) on most UNIX systems.

See any operating system documentation and manpages about shared
libraries for your version of UNIX.  The following manpages may be
helpful: ld(1), ld.so(1), ld.so.1(1) [Solaris], dld.sl(1) [HP],
ldd(1), crle(1) [Solaris], pldd(1) [Solaris], ldconfig(8) [Linux],
chatr(1) [HP].
cp libcrypto.pc /home/ray/workplace/git_download/HiSTB_origin/HiSTBLinux/out/hi3798mv100/hi3798mv100_out/obj/source/component/openssl/release/lib/pkgconfig
chmod 644 /home/ray/workplace/git_download/HiSTB_origin/HiSTBLinux/out/hi3798mv100/hi3798mv100_out/obj/source/component/openssl/release/lib/pkgconfig/libcrypto.pc
  CC      block/deadline-iosched.o
cp libssl.pc /home/ray/workplace/git_download/HiSTB_origin/HiSTBLinux/out/hi3798mv100/hi3798mv100_out/obj/source/component/openssl/release/lib/pkgconfig
chmod 644 /home/ray/workplace/git_download/HiSTB_origin/HiSTBLinux/out/hi3798mv100/hi3798mv100_out/obj/source/component/openssl/release/lib/pkgconfig/libssl.pc
cp openssl.pc /home/ray/workplace/git_download/HiSTB_origin/HiSTBLinux/out/hi3798mv100/hi3798mv100_out/obj/source/component/openssl/release/lib/pkgconfig
chmod 644 /home/ray/workplace/git_download/HiSTB_origin/HiSTBLinux/out/hi3798mv100/hi3798mv100_out/obj/source/component/openssl/release/lib/pkgconfig/openssl.pc
make[3]: Leaving directory '/home/ray/workplace/git_download/HiSTB_origin/HiSTBLinux/out/hi3798mv100/hi3798mv100_out/obj/source/component/openssl/openssl-1.0.2l'
  CC      fs/ext2/file.o
make[2]: Leaving directory '/home/ray/workplace/git_download/HiSTB_origin/HiSTBLinux/source/component/openssl'
  CC      fs/ext2/ialloc.o
  CC     route/cls/ematch_grammar.lo
  CC      drivers/base/component.o
  CC      drivers/block/brd.o
  CC      kernel/trace/trace_events_filter.o
  CC      drivers/block/loop.o
  CC      block/cfq-iosched.o
  CC      drivers/base/core.o
  CC      fs/ext2/inode.o
  CC      block/cmdline-parser.o
  CC      drivers/base/bus.o
  CC      kernel/trace/trace_events_trigger.o
  LD      drivers/block/built-in.o
  CC      kernel/trace/power-traces.o
  CC      fs/ext2/ioctl.o
  CCLD   libnl-route-3.la
  CC      fs/ext2/namei.o
arm-histbv310-linux-gcc  -g  -Os  -fno-strict-aliasing -fno-common -ffixed-r8   -D__KERNEL__ -DTEXT_BASE=0x00c00000 -I/home/ray/workplace/git_download/HiSTB_origin/HiSTBLinux/out/hi3798mv100/hi3798mv100_out/obj/source/boot/fastboot/include -I/home/ray/workplace/git_download/HiSTB_origin/HiSTBLinux/out/hi3798mv100/hi3798mv100_out/obj/source/boot/fastboot -fno-builtin -ffreestanding -nostdinc -mfloat-abi=soft -isystem /home/ray/workplace/git_download/HiSTB_origin/HiSTBLinux/tools/linux/toolchains/arm-histbv310-linux/bin/../lib/gcc/arm-gcc492_glibc224-linux-gnueabi/4.9.2/include -pipe -DCONFIG_ARM -D__ARM__ -marm -mno-thumb-interwork  -mabi=aapcs-linux -march=armv7-a -DVERSION=3 -DPATCHLEVEL=3 -DSUBLEVEL=0 -DCONFIG_AUXIMAGE=\"/home/ray/workplace/git_download/HiSTB_origin/HiSTBLinux/out/hi3798mv100/hi3798mv100_out/obj/source/boot/fastboot/auxcode_sign.img\"   -DVERSION=3 -DPATCHLEVEL=3 -DSUBLEVEL=0 -DCONFIG_AUXIMAGE=\"/home/ray/workplace/git_download/HiSTB_origin/HiSTBLinux/out/hi3798mv100/hi3798mv100_out/obj/source/boot/fastboot/auxcode_sign.img\"   -Wall -Wstrict-prototypes -fno-stack-protector   \
	-o bootstrap.o bootstrap.c -c
  CC      drivers/base/dd.o
  CC      sound/sound_core.o
  CC      sound/sound_firmware.o
arm-histbv310-linux-gcc  -g  -Os  -fno-strict-aliasing -fno-common -ffixed-r8   -D__KERNEL__ -DTEXT_BASE=0x00c00000 -I/home/ray/workplace/git_download/HiSTB_origin/HiSTBLinux/out/hi3798mv100/hi3798mv100_out/obj/source/boot/fastboot/include -I/home/ray/workplace/git_download/HiSTB_origin/HiSTBLinux/out/hi3798mv100/hi3798mv100_out/obj/source/boot/fastboot -fno-builtin -ffreestanding -nostdinc -mfloat-abi=soft -isystem /home/ray/workplace/git_download/HiSTB_origin/HiSTBLinux/tools/linux/toolchains/arm-histbv310-linux/bin/../lib/gcc/arm-gcc492_glibc224-linux-gnueabi/4.9.2/include -pipe -DCONFIG_ARM -D__ARM__ -marm -mno-thumb-interwork  -mabi=aapcs-linux -march=armv7-a -DVERSION=3 -DPATCHLEVEL=3 -DSUBLEVEL=0 -DCONFIG_AUXIMAGE=\"/home/ray/workplace/git_download/HiSTB_origin/HiSTBLinux/out/hi3798mv100/hi3798mv100_out/obj/source/boot/fastboot/auxcode_sign.img\"   -DVERSION=3 -DPATCHLEVEL=3 -DSUBLEVEL=0 -DCONFIG_AUXIMAGE=\"/home/ray/workplace/git_download/HiSTB_origin/HiSTBLinux/out/hi3798mv100/hi3798mv100_out/obj/source/boot/fastboot/auxcode_sign.img\"   -Wall -Wstrict-prototypes -fno-stack-protector   \
	-o cmd_boot.o cmd_boot.c -c
  CC      fs/ext2/super.o
  CC     netfilter/ct.lo
arm-histbv310-linux-gcc  -g  -Os  -fno-strict-aliasing -fno-common -ffixed-r8   -D__KERNEL__ -DTEXT_BASE=0x00c00000 -I/home/ray/workplace/git_download/HiSTB_origin/HiSTBLinux/out/hi3798mv100/hi3798mv100_out/obj/source/boot/fastboot/include -I/home/ray/workplace/git_download/HiSTB_origin/HiSTBLinux/out/hi3798mv100/hi3798mv100_out/obj/source/boot/fastboot -fno-builtin -ffreestanding -nostdinc -mfloat-abi=soft -isystem /home/ray/workplace/git_download/HiSTB_origin/HiSTBLinux/tools/linux/toolchains/arm-histbv310-linux/bin/../lib/gcc/arm-gcc492_glibc224-linux-gnueabi/4.9.2/include -pipe -DCONFIG_ARM -D__ARM__ -marm -mno-thumb-interwork  -mabi=aapcs-linux -march=armv7-a -DVERSION=3 -DPATCHLEVEL=3 -DSUBLEVEL=0 -DCONFIG_AUXIMAGE=\"/home/ray/workplace/git_download/HiSTB_origin/HiSTBLinux/out/hi3798mv100/hi3798mv100_out/obj/source/boot/fastboot/auxcode_sign.img\"   -DVERSION=3 -DPATCHLEVEL=3 -DSUBLEVEL=0 -DCONFIG_AUXIMAGE=\"/home/ray/workplace/git_download/HiSTB_origin/HiSTBLinux/out/hi3798mv100/hi3798mv100_out/obj/source/boot/fastboot/auxcode_sign.img\"   -Wall -Wstrict-prototypes -fno-stack-protector   \
	-o cmd_bootm.o cmd_bootm.c -c
  CC      drivers/base/syscore.o
  CC      fs/ext2/symlink.o
  CC      kernel/trace/rpm-traces.o
  LD      block/built-in.o
  CC      drivers/base/driver.o
arm-histbv310-linux-gcc  -g  -Os  -fno-strict-aliasing -fno-common -ffixed-r8   -D__KERNEL__ -DTEXT_BASE=0x00c00000 -I/home/ray/workplace/git_download/HiSTB_origin/HiSTBLinux/out/hi3798mv100/hi3798mv100_out/obj/source/boot/fastboot/include -I/home/ray/workplace/git_download/HiSTB_origin/HiSTBLinux/out/hi3798mv100/hi3798mv100_out/obj/source/boot/fastboot -fno-builtin -ffreestanding -nostdinc -mfloat-abi=soft -isystem /home/ray/workplace/git_download/HiSTB_origin/HiSTBLinux/tools/linux/toolchains/arm-histbv310-linux/bin/../lib/gcc/arm-gcc492_glibc224-linux-gnueabi/4.9.2/include -pipe -DCONFIG_ARM -D__ARM__ -marm -mno-thumb-interwork  -mabi=aapcs-linux -march=armv7-a -DVERSION=3 -DPATCHLEVEL=3 -DSUBLEVEL=0 -DCONFIG_AUXIMAGE=\"/home/ray/workplace/git_download/HiSTB_origin/HiSTBLinux/out/hi3798mv100/hi3798mv100_out/obj/source/boot/fastboot/auxcode_sign.img\"   -DVERSION=3 -DPATCHLEVEL=3 -DSUBLEVEL=0 -DCONFIG_AUXIMAGE=\"/home/ray/workplace/git_download/HiSTB_origin/HiSTBLinux/out/hi3798mv100/hi3798mv100_out/obj/source/boot/fastboot/auxcode_sign.img\"   -Wall -Wstrict-prototypes -fno-stack-protector   \
	-o cmd_fat.o cmd_fat.c -c
  CC      sound/core/sound.o
  CC      drivers/base/class.o
arm-histbv310-linux-gcc  -g  -Os  -fno-strict-aliasing -fno-common -ffixed-r8   -D__KERNEL__ -DTEXT_BASE=0x00c00000 -I/home/ray/workplace/git_download/HiSTB_origin/HiSTBLinux/out/hi3798mv100/hi3798mv100_out/obj/source/boot/fastboot/include -I/home/ray/workplace/git_download/HiSTB_origin/HiSTBLinux/out/hi3798mv100/hi3798mv100_out/obj/source/boot/fastboot -fno-builtin -ffreestanding -nostdinc -mfloat-abi=soft -isystem /home/ray/workplace/git_download/HiSTB_origin/HiSTBLinux/tools/linux/toolchains/arm-histbv310-linux/bin/../lib/gcc/arm-gcc492_glibc224-linux-gnueabi/4.9.2/include -pipe -DCONFIG_ARM -D__ARM__ -marm -mno-thumb-interwork  -mabi=aapcs-linux -march=armv7-a -DVERSION=3 -DPATCHLEVEL=3 -DSUBLEVEL=0 -DCONFIG_AUXIMAGE=\"/home/ray/workplace/git_download/HiSTB_origin/HiSTBLinux/out/hi3798mv100/hi3798mv100_out/obj/source/boot/fastboot/auxcode_sign.img\"   -DVERSION=3 -DPATCHLEVEL=3 -DSUBLEVEL=0 -DCONFIG_AUXIMAGE=\"/home/ray/workplace/git_download/HiSTB_origin/HiSTBLinux/out/hi3798mv100/hi3798mv100_out/obj/source/boot/fastboot/auxcode_sign.img\"   -Wall -Wstrict-prototypes -fno-stack-protector   \
	-o cmd_getinfo.o cmd_getinfo.c -c
  CC      sound/core/init.o
  CC      sound/core/memory.o
  LD      kernel/trace/libftrace.o
  LD      kernel/trace/built-in.o
  CC      kernel/smp.o
arm-histbv310-linux-gcc  -g  -Os  -fno-strict-aliasing -fno-common -ffixed-r8   -D__KERNEL__ -DTEXT_BASE=0x00c00000 -I/home/ray/workplace/git_download/HiSTB_origin/HiSTBLinux/out/hi3798mv100/hi3798mv100_out/obj/source/boot/fastboot/include -I/home/ray/workplace/git_download/HiSTB_origin/HiSTBLinux/out/hi3798mv100/hi3798mv100_out/obj/source/boot/fastboot -fno-builtin -ffreestanding -nostdinc -mfloat-abi=soft -isystem /home/ray/workplace/git_download/HiSTB_origin/HiSTBLinux/tools/linux/toolchains/arm-histbv310-linux/bin/../lib/gcc/arm-gcc492_glibc224-linux-gnueabi/4.9.2/include -pipe -DCONFIG_ARM -D__ARM__ -marm -mno-thumb-interwork  -mabi=aapcs-linux -march=armv7-a -DVERSION=3 -DPATCHLEVEL=3 -DSUBLEVEL=0 -DCONFIG_AUXIMAGE=\"/home/ray/workplace/git_download/HiSTB_origin/HiSTBLinux/out/hi3798mv100/hi3798mv100_out/obj/source/boot/fastboot/auxcode_sign.img\"   -DVERSION=3 -DPATCHLEVEL=3 -DSUBLEVEL=0 -DCONFIG_AUXIMAGE=\"/home/ray/workplace/git_download/HiSTB_origin/HiSTBLinux/out/hi3798mv100/hi3798mv100_out/obj/source/boot/fastboot/auxcode_sign.img\"   -Wall -Wstrict-prototypes -fno-stack-protector   \
	-o cmd_help.o cmd_help.c -c
  CC      drivers/base/platform.o
  CC      fs/ext2/xattr.o
  CC     netfilter/ct_obj.lo
  CC      fs/ext2/xattr_user.o
  CC      drivers/bluetooth/btusb.o
arm-histbv310-linux-gcc  -g  -Os  -fno-strict-aliasing -fno-common -ffixed-r8   -D__KERNEL__ -DTEXT_BASE=0x00c00000 -I/home/ray/workplace/git_download/HiSTB_origin/HiSTBLinux/out/hi3798mv100/hi3798mv100_out/obj/source/boot/fastboot/include -I/home/ray/workplace/git_download/HiSTB_origin/HiSTBLinux/out/hi3798mv100/hi3798mv100_out/obj/source/boot/fastboot -fno-builtin -ffreestanding -nostdinc -mfloat-abi=soft -isystem /home/ray/workplace/git_download/HiSTB_origin/HiSTBLinux/tools/linux/toolchains/arm-histbv310-linux/bin/../lib/gcc/arm-gcc492_glibc224-linux-gnueabi/4.9.2/include -pipe -DCONFIG_ARM -D__ARM__ -marm -mno-thumb-interwork  -mabi=aapcs-linux -march=armv7-a -DVERSION=3 -DPATCHLEVEL=3 -DSUBLEVEL=0 -DCONFIG_AUXIMAGE=\"/home/ray/workplace/git_download/HiSTB_origin/HiSTBLinux/out/hi3798mv100/hi3798mv100_out/obj/source/boot/fastboot/auxcode_sign.img\"   -DVERSION=3 -DPATCHLEVEL=3 -DSUBLEVEL=0 -DCONFIG_AUXIMAGE=\"/home/ray/workplace/git_download/HiSTB_origin/HiSTBLinux/out/hi3798mv100/hi3798mv100_out/obj/source/boot/fastboot/auxcode_sign.img\"   -Wall -Wstrict-prototypes -fno-stack-protector   \
	-o cmd_hibernate.o cmd_hibernate.c -c
  CC      sound/core/control.o
  CC      kernel/uid16.o
  CC      fs/ext2/xattr_trusted.o
arm-histbv310-linux-gcc  -g  -Os  -fno-strict-aliasing -fno-common -ffixed-r8   -D__KERNEL__ -DTEXT_BASE=0x00c00000 -I/home/ray/workplace/git_download/HiSTB_origin/HiSTBLinux/out/hi3798mv100/hi3798mv100_out/obj/source/boot/fastboot/include -I/home/ray/workplace/git_download/HiSTB_origin/HiSTBLinux/out/hi3798mv100/hi3798mv100_out/obj/source/boot/fastboot -fno-builtin -ffreestanding -nostdinc -mfloat-abi=soft -isystem /home/ray/workplace/git_download/HiSTB_origin/HiSTBLinux/tools/linux/toolchains/arm-histbv310-linux/bin/../lib/gcc/arm-gcc492_glibc224-linux-gnueabi/4.9.2/include -pipe -DCONFIG_ARM -D__ARM__ -marm -mno-thumb-interwork  -mabi=aapcs-linux -march=armv7-a -DVERSION=3 -DPATCHLEVEL=3 -DSUBLEVEL=0 -DCONFIG_AUXIMAGE=\"/home/ray/workplace/git_download/HiSTB_origin/HiSTBLinux/out/hi3798mv100/hi3798mv100_out/obj/source/boot/fastboot/auxcode_sign.img\"   -DVERSION=3 -DPATCHLEVEL=3 -DSUBLEVEL=0 -DCONFIG_AUXIMAGE=\"/home/ray/workplace/git_download/HiSTB_origin/HiSTBLinux/out/hi3798mv100/hi3798mv100_out/obj/source/boot/fastboot/auxcode_sign.img\"   -Wall -Wstrict-prototypes -fno-stack-protector   \
	-o cmd_load.o cmd_load.c -c
  CC      fs/ext2/acl.o
  CC      kernel/module.o
  CC      drivers/base/cpu.o
arm-histbv310-linux-gcc  -g  -Os  -fno-strict-aliasing -fno-common -ffixed-r8   -D__KERNEL__ -DTEXT_BASE=0x00c00000 -I/home/ray/workplace/git_download/HiSTB_origin/HiSTBLinux/out/hi3798mv100/hi3798mv100_out/obj/source/boot/fastboot/include -I/home/ray/workplace/git_download/HiSTB_origin/HiSTBLinux/out/hi3798mv100/hi3798mv100_out/obj/source/boot/fastboot -fno-builtin -ffreestanding -nostdinc -mfloat-abi=soft -isystem /home/ray/workplace/git_download/HiSTB_origin/HiSTBLinux/tools/linux/toolchains/arm-histbv310-linux/bin/../lib/gcc/arm-gcc492_glibc224-linux-gnueabi/4.9.2/include -pipe -DCONFIG_ARM -D__ARM__ -marm -mno-thumb-interwork  -mabi=aapcs-linux -march=armv7-a -DVERSION=3 -DPATCHLEVEL=3 -DSUBLEVEL=0 -DCONFIG_AUXIMAGE=\"/home/ray/workplace/git_download/HiSTB_origin/HiSTBLinux/out/hi3798mv100/hi3798mv100_out/obj/source/boot/fastboot/auxcode_sign.img\"   -DVERSION=3 -DPATCHLEVEL=3 -DSUBLEVEL=0 -DCONFIG_AUXIMAGE=\"/home/ray/workplace/git_download/HiSTB_origin/HiSTBLinux/out/hi3798mv100/hi3798mv100_out/obj/source/boot/fastboot/auxcode_sign.img\"   -Wall -Wstrict-prototypes -fno-stack-protector   \
	-o cmd_mem.o cmd_mem.c -c
  CC      fs/ext2/xattr_security.o
  CC      drivers/bluetooth/btintel.o
  CC      drivers/base/firmware.o
arm-histbv310-linux-gcc  -g  -Os  -fno-strict-aliasing -fno-common -ffixed-r8   -D__KERNEL__ -DTEXT_BASE=0x00c00000 -I/home/ray/workplace/git_download/HiSTB_origin/HiSTBLinux/out/hi3798mv100/hi3798mv100_out/obj/source/boot/fastboot/include -I/home/ray/workplace/git_download/HiSTB_origin/HiSTBLinux/out/hi3798mv100/hi3798mv100_out/obj/source/boot/fastboot -fno-builtin -ffreestanding -nostdinc -mfloat-abi=soft -isystem /home/ray/workplace/git_download/HiSTB_origin/HiSTBLinux/tools/linux/toolchains/arm-histbv310-linux/bin/../lib/gcc/arm-gcc492_glibc224-linux-gnueabi/4.9.2/include -pipe -DCONFIG_ARM -D__ARM__ -marm -mno-thumb-interwork  -mabi=aapcs-linux -march=armv7-a -DVERSION=3 -DPATCHLEVEL=3 -DSUBLEVEL=0 -DCONFIG_AUXIMAGE=\"/home/ray/workplace/git_download/HiSTB_origin/HiSTBLinux/out/hi3798mv100/hi3798mv100_out/obj/source/boot/fastboot/auxcode_sign.img\"   -DVERSION=3 -DPATCHLEVEL=3 -DSUBLEVEL=0 -DCONFIG_AUXIMAGE=\"/home/ray/workplace/git_download/HiSTB_origin/HiSTBLinux/out/hi3798mv100/hi3798mv100_out/obj/source/boot/fastboot/auxcode_sign.img\"   -Wall -Wstrict-prototypes -fno-stack-protector   \
	-o cmd_mii.o cmd_mii.c -c
