make[1]: Entering directory '/home/ray/workplace/git_download/HiSTB_origin/HiSTBLinux/source/kernel'
[DEBUG] kernel MAKE = make
[DEBUG] MAKELEVEL=1
[DEBUG] JOBSERVER = 
[DEBUG] kernel MAKEFLAGS = w
make[2]: Entering directory '/home/ray/workplace/git_download/HiSTB_origin/HiSTBLinux/source/kernel/linux-4.4.y'
make[3]: Entering directory '/home/ray/workplace/git_download/HiSTB_origin/HiSTBLinux/out/hi3798mv100/hi3798mv100_out/obj/source/kernel/linux-4.4.y'
  HOSTCC  scripts/basic/fixdep
  GEN     ./Makefile
  HOSTCC  scripts/kconfig/conf.o
  SHIPPED scripts/kconfig/zconf.tab.c
  SHIPPED scripts/kconfig/zconf.lex.c
  SHIPPED scripts/kconfig/zconf.hash.c
  HOSTCC  scripts/kconfig/zconf.tab.o
  HOSTLD  scripts/kconfig/conf
#
# configuration written to .config
#
make[3]: Leaving directory '/home/ray/workplace/git_download/HiSTB_origin/HiSTBLinux/out/hi3798mv100/hi3798mv100_out/obj/source/kernel/linux-4.4.y'
make[2]: Leaving directory '/home/ray/workplace/git_download/HiSTB_origin/HiSTBLinux/source/kernel/linux-4.4.y'
make pcie_config
make[2]: Entering directory '/home/ray/workplace/git_download/HiSTB_origin/HiSTBLinux/source/kernel'
make[2]: warning: jobserver unavailable: using -j1.  Add '+' to parent make rule.
[DEBUG] kernel MAKE = make
[DEBUG] MAKELEVEL=2
[DEBUG] JOBSERVER = 
[DEBUG] kernel MAKEFLAGS = w
make[2]: Nothing to be done for 'pcie_config'.
make[2]: Leaving directory '/home/ray/workplace/git_download/HiSTB_origin/HiSTBLinux/source/kernel'
make[2]: Entering directory '/home/ray/workplace/git_download/HiSTB_origin/HiSTBLinux/source/kernel/linux-4.4.y'
make[3]: Entering directory '/home/ray/workplace/git_download/HiSTB_origin/HiSTBLinux/out/hi3798mv100/hi3798mv100_out/obj/source/kernel/linux-4.4.y'
  GEN     ./Makefile
scripts/kconfig/conf  --oldconfig Kconfig
#
# configuration written to .config
#
make[3]: Leaving directory '/home/ray/workplace/git_download/HiSTB_origin/HiSTBLinux/out/hi3798mv100/hi3798mv100_out/obj/source/kernel/linux-4.4.y'
make[2]: Leaving directory '/home/ray/workplace/git_download/HiSTB_origin/HiSTBLinux/source/kernel/linux-4.4.y'
make -C /home/ray/workplace/git_download/HiSTB_origin/HiSTBLinux/source/kernel/linux-4.4.y ARCH=arm \
	CROSS_COMPILE=arm-histbv310-linux- \
	O=/home/ray/workplace/git_download/HiSTB_origin/HiSTBLinux/out/hi3798mv100/hi3798mv100_out/obj/source/kernel/linux-4.4.y \
	CONFIG_MSP=y \
	HI_CONFIG_WIFI=y \
	HI_CONFIG_BLUETOOTH= \
	CONFIG_ADVCA= \
	 \
	CFLAGS_KERNEL= AFLAGS_KERNEL= uImage modules
make[2]: Entering directory '/home/ray/workplace/git_download/HiSTB_origin/HiSTBLinux/source/kernel/linux-4.4.y'
make[3]: Entering directory '/home/ray/workplace/git_download/HiSTB_origin/HiSTBLinux/out/hi3798mv100/hi3798mv100_out/obj/source/kernel/linux-4.4.y'
  GEN     ./Makefile
scripts/kconfig/conf  --silentoldconfig Kconfig
  CHK     include/config/kernel.release
  GEN     ./Makefile
  UPD     include/config/kernel.release
  WRAP    arch/arm/include/generated/asm/bitsperlong.h
  WRAP    arch/arm/include/generated/asm/cputime.h
  WRAP    arch/arm/include/generated/asm/current.h
  WRAP    arch/arm/include/generated/asm/emergency-restart.h
  WRAP    arch/arm/include/generated/asm/errno.h
  CHK     include/generated/uapi/linux/version.h
  WRAP    arch/arm/include/generated/asm/exec.h
  WRAP    arch/arm/include/generated/asm/ioctl.h
  WRAP    arch/arm/include/generated/asm/ipcbuf.h
  WRAP    arch/arm/include/generated/asm/irq_regs.h
  WRAP    arch/arm/include/generated/asm/kdebug.h
  WRAP    arch/arm/include/generated/asm/local.h
  WRAP    arch/arm/include/generated/asm/local64.h
  UPD     include/generated/uapi/linux/version.h
  WRAP    arch/arm/include/generated/asm/mm-arch-hooks.h
  WRAP    arch/arm/include/generated/asm/msgbuf.h
  WRAP    arch/arm/include/generated/asm/msi.h
  WRAP    arch/arm/include/generated/asm/param.h
  WRAP    arch/arm/include/generated/asm/parport.h
  WRAP    arch/arm/include/generated/asm/poll.h
  WRAP    arch/arm/include/generated/asm/preempt.h
  WRAP    arch/arm/include/generated/asm/resource.h
  WRAP    arch/arm/include/generated/asm/rwsem.h
  WRAP    arch/arm/include/generated/asm/seccomp.h
  WRAP    arch/arm/include/generated/asm/sections.h
  WRAP    arch/arm/include/generated/asm/segment.h
  WRAP    arch/arm/include/generated/asm/sembuf.h
  WRAP    arch/arm/include/generated/asm/serial.h
  WRAP    arch/arm/include/generated/asm/shmbuf.h
  WRAP    arch/arm/include/generated/asm/siginfo.h
  WRAP    arch/arm/include/generated/asm/simd.h
  WRAP    arch/arm/include/generated/asm/sizes.h
  WRAP    arch/arm/include/generated/asm/socket.h
  WRAP    arch/arm/include/generated/asm/sockios.h
  WRAP    arch/arm/include/generated/asm/termbits.h
  WRAP    arch/arm/include/generated/asm/termios.h
  CHK     include/generated/utsrelease.h
  WRAP    arch/arm/include/generated/asm/timex.h
  WRAP    arch/arm/include/generated/asm/trace_clock.h
  WRAP    arch/arm/include/generated/asm/unaligned.h
  UPD     include/generated/utsrelease.h
  HOSTCC  scripts/basic/bin2c
  Using /home/ray/workplace/git_download/HiSTB_origin/HiSTBLinux/source/kernel/linux-4.4.y as source for kernel
  HOSTCC  scripts/kallsyms
  HOSTCC  scripts/dtc/dtc.o
  HOSTCC  scripts/dtc/flattree.o
  CC      scripts/mod/empty.o
  HOSTCC  scripts/conmakehash
  HOSTCC  scripts/mod/mk_elfconfig
  HOSTCC  scripts/dtc/fstree.o
  CC      scripts/mod/devicetable-offsets.s
  HOSTCC  scripts/recordmcount
  HOSTCC  scripts/sortextable
  HOSTCC  scripts/dtc/data.o
  MKELF   scripts/mod/elfconfig.h
  GEN     scripts/mod/devicetable-offsets.h
  HOSTCC  scripts/mod/sumversion.o
  HOSTCC  scripts/dtc/livetree.o
  HOSTCC  scripts/dtc/treesource.o
  HOSTCC  scripts/mod/modpost.o
  HOSTCC  scripts/mod/file2alias.o
  HOSTCC  scripts/dtc/srcpos.o
grep: include/linux/mali/mali_utgard_uk_types.h: No such file or directory
  HOSTCC  scripts/dtc/checks.o
  Generating include/generated/mach-types.h
  HOSTCC  scripts/dtc/util.o
  SHIPPED scripts/dtc/dtc-lexer.lex.c
  SHIPPED scripts/dtc/dtc-parser.tab.h
  SHIPPED scripts/dtc/dtc-parser.tab.c
  HOSTCC  scripts/dtc/dtc-lexer.lex.o
  HOSTCC  scripts/dtc/dtc-parser.tab.o
  CC      kernel/bounds.s
  CHK     include/generated/timeconst.h
  UPD     include/generated/timeconst.h
  CHK     include/generated/bounds.h
  UPD     include/generated/bounds.h
  CC      arch/arm/kernel/asm-offsets.s
  HOSTLD  scripts/dtc/dtc
  HOSTLD  scripts/mod/modpost
  CHK     include/generated/asm-offsets.h
  UPD     include/generated/asm-offsets.h
  CALL    /home/ray/workplace/git_download/HiSTB_origin/HiSTBLinux/source/kernel/linux-4.4.y/scripts/checksyscalls.sh
  HOSTCC  usr/gen_init_cpio
  CC      init/main.o
  CHK     include/generated/compile.h
  CC      init/do_mounts.o
  CC      init/do_mounts_rd.o
  CC      init/do_mounts_initrd.o
  CC      init/noinitramfs.o
  CC      init/initramfs.o
  CC      init/calibrate.o
  CC      init/init_task.o
  CC      arch/arm/nwfpe/fpa11.o
  CC      arch/arm/nwfpe/fpa11_cpdo.o
  CC      arch/arm/vfp/vfpmodule.o
  UPD     include/generated/compile.h
  AS      arch/arm/vfp/entry.o
  CC      arch/arm/mm/dma-mapping.o
  AS      arch/arm/vfp/vfphw.o
  CC      arch/arm/nwfpe/fpa11_cpdt.o
  LDS     arch/arm/vdso/vdso.lds
  CC      arch/arm/kernel/elf.o
  CC      arch/arm/common/firmware.o
  CC      arch/arm/vdso/vgettimeofday.o
  AS      arch/arm/vdso/datapage.o
  HOSTCC  arch/arm/vdso/vdsomunge
  AS      arch/arm/kernel/entry-common.o
  CC      init/version.o
  GEN     usr/initramfs_data.cpio.gz
  CC      arch/arm/vfp/vfpsingle.o
  CC      arch/arm/kernel/irq.o
  VDSO    arch/arm/vdso/vdso.so.raw
  CC      arch/arm/kernel/opcodes.o
  MUNGE   arch/arm/vdso/vdso.so.dbg
  OBJCOPY arch/arm/vdso/vdso.so
  AS      usr/initramfs_data.o
  CC      arch/arm/nwfpe/fpa11_cprt.o
  CC      arch/arm/nwfpe/fpmodule.o
  AS      arch/arm/vdso/vdso.o
  LD      arch/arm/common/built-in.o
  LD      usr/built-in.o
  CC      arch/arm/nwfpe/fpopcode.o
  LD      arch/arm/vdso/built-in.o
  LD      arch/arm/probes/built-in.o
  CC      arch/arm/kernel/process.o
  CC      arch/arm/kernel/ptrace.o
  CC      arch/arm/nwfpe/softfloat.o
  CC      arch/arm/vfp/vfpdouble.o
  CC      arch/arm/nwfpe/single_cpdo.o
  CC      arch/arm/mm/extable.o
  CC      arch/arm/net/bpf_jit_32.o
  CC      arch/arm/mm/fault.o
  LD      arch/arm/crypto/built-in.o
  CC      arch/arm/kernel/reboot.o
  LD      arch/arm/firmware/built-in.o
  CC      arch/arm/mm/init.o
  CC      arch/arm/kernel/return_address.o
  CC      arch/arm/nwfpe/double_cpdo.o
  CC      arch/arm/kernel/setup.o
  CC      arch/arm/mm/iomap.o
  AS      arch/arm/nwfpe/entry.o
  CC      arch/arm/mach-hi3798mx/core.o
  CC      arch/arm/kernel/signal.o
  CC      arch/arm/mm/fault-armv.o
  LD      certs/built-in.o
  CC      arch/arm/nwfpe/extended_cpdo.o
  CC      arch/arm/mach-hi3798mx/pmu.o
  CC      arch/arm/mm/flush.o
  CC      arch/arm/mach-hi3798mx/platsmp.o
  LD      arch/arm/vfp/vfp.o
  AS      arch/arm/kernel/sigreturn_codes.o
  LD      arch/arm/vfp/built-in.o
  CC      arch/arm/mm/idmap.o
  LD      init/mounts.o
  CC      kernel/fork.o
  CC      arch/arm/mm/ioremap.o
  AS      arch/arm/mach-hi3798mx/headsmp.o
  LD      init/built-in.o
  CC      arch/arm/mm/mmap.o
  CC      arch/arm/kernel/stacktrace.o
  CC      arch/arm/mm/pgd.o
  CC      kernel/exec_domain.o
  CC      arch/arm/mm/mmu.o
  CC      arch/arm/mach-hi3798mx/hotplug.o
  CC      mm/filemap.o
  CC      kernel/panic.o
  CC      kernel/cpu.o
  CC      arch/arm/kernel/sys_arm.o
  CC      arch/arm/kernel/time.o
  CC      arch/arm/mm/pageattr.o
  CC      ipc/util.o
  CC      mm/mempool.o
  CC      fs/open.o
  CC      kernel/exit.o
  CC      fs/read_write.o
  LD      arch/arm/mach-hi3798mx/built-in.o
  CC      fs/file_table.o
  CC      ipc/msgutil.o
  CC      arch/arm/kernel/traps.o
  CC      arch/arm/mm/proc-syms.o
  CC      kernel/softirq.o
  LD      arch/arm/nwfpe/nwfpe.o
  LD      arch/arm/nwfpe/built-in.o
  CC      arch/arm/kernel/atags_parse.o
  CC      mm/oom_kill.o
  CC      fs/super.o
  CC      arch/arm/mm/alignment.o
  CC      mm/maccess.o
  AS      arch/arm/kernel/entry-armv.o
  CC      ipc/msg.o
  CC      arch/arm/mm/highmem.o
  CC      security/integrity/iint.o
  CC      ipc/sem.o
  CC      arch/arm/kernel/cpuidle.o
  CC      fs/char_dev.o
  CC      security/keys/gc.o
  LD      arch/arm/net/built-in.o
  CC      kernel/resource.o
  CC      security/commoncap.o
  CC      security/keys/key.o
  CC      security/integrity/integrity_audit.o
  CC      ipc/shm.o
  CC      mm/page_alloc.o
  AS      arch/arm/mm/abort-ev7.o
  CC      arch/arm/kernel/armksyms.o
  CC      security/keys/keyring.o
  AS      arch/arm/mm/pabort-v7.o
  CC      mm/page-writeback.o
  CC      kernel/sysctl.o
  AS      arch/arm/mm/cache-v7.o
  CC      arch/arm/kernel/module.o
  CC      arch/arm/mm/copypage-v6.o
  CC      kernel/sysctl_binary.o
  CC      fs/stat.o
  LD      security/integrity/integrity.o
  LD      security/integrity/built-in.o
  CC      mm/readahead.o
  CC      fs/exec.o
  CC      ipc/syscall.o
  CC      arch/arm/mm/context.o
  CC      security/min_addr.o
  CC      arch/arm/kernel/module-plts.o
  CC      kernel/capability.o
  CC      crypto/api.o
  CC      crypto/cipher.o
  CC      security/keys/keyctl.o
  CC      kernel/ptrace.o
  CC      arch/arm/kernel/bios32.o
  CC      kernel/user.o
  AS      arch/arm/mm/tlb-v7.o
  CC      ipc/ipc_sysctl.o
  CC      mm/swap.o
  AS      arch/arm/mm/proc-v7.o
  LD      arch/arm/mm/built-in.o
  CC      block/bio.o
  CC      block/elevator.o
  CC      block/blk-core.o
  CC      security/security.o
  CC      kernel/signal.o
  CC      ipc/mqueue.o
  CC      block/blk-tag.o
  CC      fs/pipe.o
  CC      crypto/compress.o
  CC      arch/arm/kernel/isa.o
  CC      security/keys/permission.o
  CC      mm/truncate.o
  CC      crypto/memneq.o
  AS      arch/arm/kernel/sleep.o
  CC      arch/arm/kernel/suspend.o
  LD      firmware/built-in.o
  CC      security/lsm_audit.o
  CC      security/keys/process_keys.o
  CC      sound/sound_core.o
  CC      security/keys/request_key.o
  CC      drivers/amba/bus.o
  LD      drivers/android/built-in.o
  CC      arch/arm/kernel/smp.o
  CC      crypto/crypto_wq.o
  CC      fs/namei.o
  CC      ipc/namespace.o
  CC      security/device_cgroup.o
  CC      mm/vmscan.o
  CC      security/keys/request_key_auth.o
  CC      sound/sound_firmware.o
  CC      arch/arm/oprofile/../../../drivers/oprofile/oprof.o
  CC      arch/arm/oprofile/../../../drivers/oprofile/cpu_buffer.o
  CC      security/keys/user_defined.o
  LD      drivers/amba/built-in.o
  LD      drivers/auxdisplay/built-in.o
  CC      ipc/mq_sysctl.o
  CC      crypto/algapi.o
  CC      arch/arm/oprofile/../../../drivers/oprofile/buffer_sync.o
  CC      drivers/base/component.o
  LD      sound/arm/built-in.o
  CC      mm/shmem.o
  LD      sound/atmel/built-in.o
  LD      ipc/built-in.o
  CC      arch/arm/oprofile/../../../drivers/oprofile/event_buffer.o
  CC      kernel/sys.o
  CC      block/blk-sysfs.o
  CC      security/keys/proc.o
  CC      drivers/block/brd.o
  CC      sound/core/sound.o
  CC      crypto/scatterwalk.o
  CC      arch/arm/kernel/smp_tlb.o
  CC      sound/core/init.o
  CC      drivers/base/core.o
  CC      kernel/kmod.o
  CC      arch/arm/oprofile/../../../drivers/oprofile/oprofile_files.o
  CC      security/keys/sysctl.o
  CC      drivers/block/loop.o
  CC      arch/arm/kernel/arch_timer.o
  CC      fs/fcntl.o
  CC      kernel/workqueue.o
  AS      arch/arm/kernel/entry-ftrace.o
  CC      crypto/proc.o
  CC      arch/arm/kernel/ftrace.o
  CC      arch/arm/oprofile/../../../drivers/oprofile/oprofilefs.o
  LD      security/keys/built-in.o
  CC      arch/arm/oprofile/../../../drivers/oprofile/oprofile_stats.o
  LD      security/built-in.o
  CC      arch/arm/oprofile/../../../drivers/oprofile/timer_int.o
  CC      block/blk-flush.o
  CC      sound/core/memory.o
  CC      fs/ioctl.o
  CC      arch/arm/oprofile/../../../drivers/oprofile/oprofile_perf.o
  CC      mm/util.o
  CC      arch/arm/kernel/insn.o
  CC      crypto/aead.o
  CC      sound/core/control.o
  CC      arch/arm/kernel/jump_label.o
  LD      sound/drivers/mpu401/built-in.o
  LD      sound/drivers/opl3/built-in.o
  CC      arch/arm/kernel/patch.o
  LD      sound/drivers/opl4/built-in.o
  CC      drivers/base/bus.o
  CC      block/blk-settings.o
  LD      sound/drivers/pcsp/built-in.o
  LD      sound/drivers/vx/built-in.o
  CC      net/socket.o
  LD      sound/drivers/built-in.o
  CC      mm/mmzone.o
  CC      net/802/p8022.o
  CC      crypto/ablkcipher.o
  CC      arch/arm/oprofile/common.o
  LD      drivers/block/built-in.o
  CC      sound/core/misc.o
  CC      net/8021q/vlan_core.o
  CC      arch/arm/lib/xor-neon.o
  CC      block/blk-ioc.o
  CC      fs/readdir.o
  CC      arch/arm/kernel/sys_oabi-compat.o
  CC      mm/vmstat.o
  CC      mm/backing-dev.o
  AS      arch/arm/lib/ashldi3.o
  CC      net/8021q/vlan.o
  LD      arch/arm/oprofile/oprofile.o
  LD      arch/arm/oprofile/built-in.o
  CC      kernel/pid.o
  AS      arch/arm/lib/ashrdi3.o
  CC      net/802/psnap.o
  CC      drivers/base/dd.o
  CC      arch/arm/kernel/unwind.o
  AS      arch/arm/lib/backtrace.o
  AS      arch/arm/lib/bswapsdi2.o
  CC      sound/core/device.o
  AS      arch/arm/lib/call_with_stack.o
  CC      fs/select.o
  CC      crypto/blkcipher.o
  AS      arch/arm/lib/changebit.o
  CC      block/blk-map.o
  AS      arch/arm/lib/clear_user.o
  CC      drivers/bluetooth/btusb.o
  AS      arch/arm/lib/clearbit.o
  AS      arch/arm/lib/copy_from_user.o
  CC      drivers/bluetooth/btintel.o
  AS      arch/arm/lib/copy_page.o
  CC      drivers/base/syscore.o
  CC      arch/arm/kernel/devtree.o
  AS      arch/arm/lib/copy_to_user.o
  CC      net/8021q/vlan_dev.o
  CC      sound/core/info.o
  AS      arch/arm/lib/csumipv6.o
/home/ray/workplace/git_download/HiSTB_origin/HiSTBLinux/source/kernel/linux-4.4.y/block/blk-map.c: In function 'blk_rq_map_user_iov':
/home/ray/workplace/git_download/HiSTB_origin/HiSTBLinux/source/kernel/linux-4.4.y/block/blk-map.c:93:21: warning: passing argument 1 of 'iter_is_iovec' discards 'const' qualifier from pointer target type
  if (!iter_is_iovec(iter))
                     ^
In file included from /home/ray/workplace/git_download/HiSTB_origin/HiSTBLinux/source/kernel/linux-4.4.y/block/blk-map.c:8:0:
/home/ray/workplace/git_download/HiSTB_origin/HiSTBLinux/source/kernel/linux-4.4.y/include/linux/uio.h:109:20: note: expected 'struct iov_iter *' but argument is of type 'const struct iov_iter *'
 static inline bool iter_is_iovec(struct iov_iter *i)
                    ^
  CC      net/802/stp.o
  AS      arch/arm/lib/csumpartial.o
  CC      kernel/task_work.o
  CC      kernel/extable.o
  CC      mm/mm_init.o
  AS      arch/arm/lib/csumpartialcopy.o
  CC      block/blk-exec.o
  AS      arch/arm/lib/csumpartialcopyuser.o
  CC      net/bluetooth/af_bluetooth.o
  AS      arch/arm/lib/delay-loop.o
  CC      arch/arm/lib/delay.o
  CC      arch/arm/kernel/swp_emulate.o
  CC      drivers/base/driver.o
  AS      arch/arm/lib/div64.o
  CC      mm/mmu_context.o
  CC      kernel/params.o
  CC      crypto/skcipher.o
  LD      sound/firewire/built-in.o
  CC      fs/dcache.o
  LD      drivers/bus/built-in.o
  CC      sound/core/ctljack.o
  LD      net/802/built-in.o
  CC      net/8021q/vlan_netlink.o
  CC      block/blk-merge.o
  AS      arch/arm/lib/findbit.o
  AS      arch/arm/lib/getuser.o
  AS      arch/arm/lib/io-readsb.o
  CC      arch/arm/kernel/hw_breakpoint.o
  AS      arch/arm/lib/io-readsl.o
  CC      net/8021q/vlanproc.o
  CC      drivers/base/class.o
  CC      mm/percpu.o
  CC      crypto/chainiv.o
  AS      arch/arm/lib/io-readsw-armv4.o
  AS      arch/arm/lib/io-writesb.o
  LD      sound/hda/built-in.o
  CC      sound/core/jack.o
  CC      kernel/kthread.o
  AS      arch/arm/lib/io-writesl.o
  CC      lib/lockref.o
  AS      arch/arm/lib/io-writesw-armv4.o
  LD      drivers/cdrom/built-in.o
  AS      arch/arm/lib/lib1funcs.o
  CC      lib/bcd.o
  AS      arch/arm/lib/lshrdi3.o
  CC      net/bluetooth/hci_core.o
  AS      arch/arm/lib/memchr.o
  LD      virt/lib/built-in.o
  CC      net/bluetooth/hci_conn.o
  CC      block/blk-softirq.o
  LD      virt/built-in.o
  CC      net/bluetooth/hci_event.o
  CC      lib/div64.o
  AS      arch/arm/lib/memcpy.o
  CC      drivers/base/platform.o
  CC      crypto/eseqiv.o
  AS      arch/arm/lib/memmove.o
  AS      arch/arm/lib/memset.o
  LD      drivers/bluetooth/built-in.o
  AS      arch/arm/lib/memzero.o
  CC      sound/core/hwdep.o
  LD      net/8021q/8021q.o
  CC      lib/sort.o
  LD      net/8021q/built-in.o
  CC      arch/arm/kernel/perf_regs.o
  CC      sound/core/timer.o
  AS      arch/arm/lib/muldi3.o
  CC      lib/parser.o
  CC      block/blk-timeout.o
  CC      kernel/sys_ni.o
  AS      arch/arm/lib/putuser.o
  CC      net/bridge/br.o
  AS      arch/arm/lib/setbit.o
  CC      kernel/nsproxy.o
  AS      arch/arm/lib/strchr.o
  AS      arch/arm/lib/strrchr.o
  CC      lib/halfmd4.o
  CC      crypto/ahash.o
  AS      arch/arm/lib/testchangebit.o
  CC      arch/arm/kernel/perf_callchain.o
  CC      net/core/sock.o
  CC      mm/slab_common.o
  AS      arch/arm/lib/testclearbit.o
  CC      lib/debug_locks.o
  AS      arch/arm/lib/testsetbit.o
  CC      block/blk-iopoll.o
  AS      arch/arm/lib/ucmpdi2.o
  CC      fs/inode.o
  CC      drivers/base/cpu.o
  CC      lib/random32.o
  CC      net/dcb/dcbnl.o
  LD      arch/arm/lib/built-in.o
  AR      arch/arm/lib/lib.a
  CC      fs/attr.o
  CC      kernel/notifier.o
  CC      arch/arm/kernel/perf_event_xscale.o
  CC      net/bridge/br_device.o
  CC      arch/arm/kernel/perf_event_v6.o
  CC      lib/bust_spinlocks.o
  CC      arch/arm/kernel/perf_event_v7.o
  CC      block/blk-lib.o
  CC      crypto/shash.o
  CC      drivers/base/firmware.o
  CC      kernel/ksysfs.o
  CC      net/dcb/dcbevent.o
  CC      mm/compaction.o
  CC      drivers/base/init.o
  CC      sound/core/pcm.o
  CC      lib/kasprintf.o
  CC      kernel/cred.o
  CC      drivers/base/map.o
  CC      block/blk-mq.o
  CC      lib/bitmap.o
  CC      arch/arm/kernel/topology.o
  CC      net/bridge/br_fdb.o
  CC      fs/bad_inode.o
  CC      crypto/pcompress.o
  CC      crypto/akcipher.o
  CC      drivers/base/devres.o
  CC      sound/core/pcm_native.o
  LD      net/dcb/built-in.o
  CC      drivers/char/mem.o
  CC      fs/file.o
  CC      lib/scatterlist.o
  CC      arch/arm/kernel/vdso.o
  CC      drivers/char/random.o
  CC      kernel/reboot.o
  CC      drivers/base/attribute_container.o
  LD      sound/i2c/other/built-in.o
  CC      drivers/char/misc.o
  CC      net/core/request_sock.o
  LD      sound/i2c/built-in.o
  CC      crypto/algboss.o
  CC      block/blk-mq-tag.o
  CC      arch/arm/kernel/io.o
  CC      lib/gcd.o
  CC      drivers/base/transport_class.o
  AS      arch/arm/kernel/hyp-stub.o
  CC      lib/lcm.o
  CC      net/bridge/br_forward.o
  CC      arch/arm/kernel/psci_smp.o
  CC      fs/filesystems.o
  CC      kernel/async.o
  CC      drivers/char/apm-emulation.o
  CC      lib/list_sort.o
  CC      mm/vmacache.o
  CC      mm/interval_tree.o
  CC      net/bridge/br_if.o
  CC      drivers/base/topology.o
  CC      net/core/skbuff.o
  AS      arch/arm/kernel/smccc-call.o
  CC      lib/uuid.o
  CC      crypto/testmgr.o
  AS      arch/arm/kernel/head.o
  CC      block/blk-mq-sysfs.o
  LDS     arch/arm/kernel/vmlinux.lds
  CC      lib/flex_array.o
  LD      arch/arm/kernel/built-in.o
  CC      crypto/cmac.o
  CC      net/bluetooth/mgmt.o
  CC      kernel/range.o
  CC      drivers/base/container.o
  CC      fs/namespace.o
  CC      kernel/smpboot.o
  CC      net/bluetooth/hci_sock.o
  CC      lib/iov_iter.o
  CC      drivers/base/property.o
  CC      fs/seq_file.o
  LD      drivers/char/agp/built-in.o
  CC      mm/list_lru.o
  CC      drivers/clk/clk-devres.o
  LD      drivers/char/built-in.o
  CC      crypto/hmac.o
  CC      block/blk-mq-cpu.o
  CC      net/dccp/ccid.o
  CC      net/bridge/br_input.o
  LD      sound/isa/ad1816a/built-in.o
  CC      sound/core/pcm_lib.o
  LD      sound/isa/ad1848/built-in.o
  CC      drivers/clk/clkdev.o
  LD      sound/isa/cs423x/built-in.o
  LD      sound/isa/es1688/built-in.o
  LD      sound/isa/galaxy/built-in.o
  CC      kernel/groups.o
  LD      sound/isa/gus/built-in.o
  LD      sound/isa/msnd/built-in.o
  LD      sound/isa/opti9xx/built-in.o
  LD      sound/isa/sb/built-in.o
  CC      mm/workingset.o
  CC      block/blk-mq-cpumap.o
  LD      sound/isa/wavefront/built-in.o
  CC      drivers/base/cacheinfo.o
  LD      sound/isa/wss/built-in.o
  CC      crypto/crypto_null.o
  LD      sound/isa/built-in.o
  CC      drivers/clk/clk.o
  CC      sound/core/pcm_misc.o
  CC      block/ioctl.o
  CC      net/dccp/feat.o
  CC      block/genhd.o
  CC      mm/debug.o
  CC      lib/clz_ctz.o
  CC      crypto/md4.o
  CC      net/bridge/br_ioctl.o
  CC      net/dns_resolver/dns_key.o
  CC      kernel/bpf/core.o
  CC      drivers/base/devtmpfs.o
  CC      lib/bsearch.o
  CC      drivers/base/dma-contiguous.o
  CC      lib/find_bit.o
  CC      lib/llist.o
  CC      fs/xattr.o
  CC      mm/gup.o
  CC      crypto/md5.o
  CC      net/dns_resolver/dns_query.o
  CC      lib/memweight.o
  CC      drivers/clk/clk-divider.o
  CC      crypto/sha1_generic.o
  CC      sound/core/pcm_memory.o
  CC      lib/kfifo.o
  CC      drivers/base/power/sysfs.o
  CC      net/bridge/br_stp.o
  LD      net/dns_resolver/dns_resolver.o
  CC      net/ethernet/eth.o
  CC      net/core/datagram.o
  LD      net/dns_resolver/built-in.o
  CC      net/bluetooth/hci_sysfs.o
  CC      block/scsi_ioctl.o
  CC      net/dccp/input.o
  CC      sound/core/memalloc.o
  CC      crypto/sha256_generic.o
  CC      kernel/events/core.o
  CC      kernel/bpf/syscall.o
  CC      drivers/base/power/generic_ops.o
  CC      mm/highmem.o
  CC      lib/percpu-refcount.o
  CC      fs/libfs.o
  CC      drivers/clk/clk-fixed-factor.o
  CC      sound/core/pcm_timer.o
  CC      lib/percpu_ida.o
  LD      net/ethernet/built-in.o
  CC      kernel/events/ring_buffer.o
  CC      kernel/events/callchain.o
  CC      block/partition-generic.o
  CC      net/bridge/br_stp_bpdu.o
  CC      drivers/base/power/common.o
  CC      drivers/clk/clk-fixed-rate.o
  CC      net/core/stream.o
  CC      mm/memory.o
  CC      net/dccp/minisocks.o
  CC      crypto/ecb.o
  CC      sound/core/rawmidi.o
  CC      net/bluetooth/l2cap_core.o
  CC      mm/mincore.o
  CC      drivers/base/power/qos.o
  CC      drivers/clk/clk-gate.o
  CC      lib/rhashtable.o
  CC      fs/fs-writeback.o
  CC      kernel/bpf/verifier.o
  CC      kernel/bpf/inode.o
  CC      crypto/cbc.o
  CC      drivers/clk/clk-multiplier.o
  CC      block/ioprio.o
  CC      net/bridge/br_stp_if.o
  CC      net/dccp/options.o
  CC      crypto/des_generic.o
  CC      net/core/scm.o
  CC      drivers/clk/clk-mux.o
  CC      drivers/base/power/runtime.o
  CC      net/bridge/br_stp_timer.o
  LD      sound/core/snd.o
  LD      sound/core/snd-hwdep.o
  LD      sound/core/snd-timer.o
  LD      sound/core/snd-pcm.o
  CC      lib/reciprocal_div.o
  LD      sound/core/snd-rawmidi.o
  LD      sound/core/built-in.o
  CC      drivers/clk/clk-composite.o
  LD      sound/mips/built-in.o
  CC      block/partitions/check.o
  CC      lib/once.o
  LD      sound/oss/built-in.o
  CC      kernel/irq/irqdesc.o
  LD      sound/parisc/built-in.o
  CC      lib/string_helpers.o
  CC      drivers/clk/clk-fractional-divider.o
  CC      mm/mlock.o
  LD      sound/pci/ac97/built-in.o
  CC      kernel/irq/handle.o
  LD      sound/pci/ali5451/built-in.o
  CC      crypto/blowfish_generic.o
  LD      sound/pci/asihpi/built-in.o
  LD      sound/pci/au88x0/built-in.o
  CC      drivers/base/power/wakeirq.o
  CC      net/dccp/output.o
  LD      sound/pci/aw2/built-in.o
  CC      lib/hexdump.o
  LD      sound/pci/ca0106/built-in.o
  CC      block/partitions/cmdline.o
  LD      sound/pci/cs46xx/built-in.o
  CC      net/core/gen_stats.o
  CC      net/bridge/br_netlink.o
  CC      kernel/irq/manage.o
  LD      sound/pci/cs5535audio/built-in.o
  CC      drivers/clk/clk-gpio.o
  LD      sound/pci/ctxfi/built-in.o
  LD      sound/pci/echoaudio/built-in.o
  LD      sound/pci/emu10k1/built-in.o
  LD      sound/pci/hda/built-in.o
  CC      kernel/bpf/helpers.o
  CC      kernel/events/hw_breakpoint.o
  LD      sound/pci/ice1712/built-in.o
  CC      lib/kstrtox.o
  CC      drivers/base/power/main.o
  LD      sound/pci/korg1212/built-in.o
  CC      crypto/blowfish_common.o
  LD      sound/pci/lola/built-in.o
  LD      sound/pci/lx6464es/built-in.o
  LD      sound/pci/mixart/built-in.o
  LD      sound/pci/nm256/built-in.o
  LD      sound/pci/oxygen/built-in.o
  CC      mm/mmap.o
  CC      kernel/bpf/hashtab.o
  CC      block/partitions/msdos.o
  CC      drivers/clk/clk-conf.o
  LD      sound/pci/pcxhr/built-in.o
  LD      sound/pci/riptide/built-in.o
  CC      lib/pci_iomap.o
  LD      sound/pci/rme9652/built-in.o
  LD      sound/pci/trident/built-in.o
  CC      net/core/gen_estimator.o
  CC      crypto/aes_generic.o
  LD      sound/pci/vx222/built-in.o
  LD      sound/pci/ymfpci/built-in.o
  CC      lib/iomap_copy.o
  LD      sound/pci/built-in.o
  LD      drivers/clk/bcm/built-in.o
  LD      drivers/clk/built-in.o
  CC      block/partitions/efi.o
  CC      kernel/irq/spurious.o
  LD      sound/pcmcia/pdaudiocf/built-in.o
  CC      net/bluetooth/l2cap_sock.o
  CC      lib/devres.o
  LD      sound/pcmcia/vx/built-in.o
  CC      net/dccp/proto.o
  CC      fs/pnode.o
  LD      sound/pcmcia/built-in.o
  CC      net/bridge/br_sysfs_if.o
  LD      sound/ppc/built-in.o
  LD      sound/sh/built-in.o
  CC      kernel/irq/resend.o
  CC      kernel/bpf/arraymap.o
  LD      kernel/events/built-in.o
  CC      sound/soc/soc-core.o
  CC      block/bounce.o
  CC      net/core/net_namespace.o
  CC      lib/hweight.o
  CC      drivers/base/power/wakeup.o
  CC      net/ipv4/route.o
  CC      fs/splice.o
  CC      lib/assoc_array.o
  CC      kernel/irq/chip.o
  CC      crypto/arc4.o
  LD      block/partitions/built-in.o
  CC      block/bsg.o
  CC      mm/mprotect.o
  CC      net/bridge/br_sysfs_br.o
  LD      kernel/bpf/built-in.o
  CC      drivers/base/regmap/regmap.o
  CC      drivers/clocksource/clksrc-probe.o
  CC      crypto/deflate.o
  CC      lib/bitrev.o
  CC      drivers/base/power/opp/core.o
  CC      drivers/base/power/opp/cpu.o
  CC      lib/rational.o
  CC      net/core/secure_seq.o
  CC      lib/crc-ccitt.o
  CC      kernel/irq/dummychip.o
  CC      net/dccp/timer.o
  CC      drivers/clocksource/mmio.o
  CC      lib/crc16.o
  CC      mm/mremap.o
  CC      net/bluetooth/smp.o
  CC      crypto/zlib.o
  CC      net/core/flow_dissector.o
  CC      block/blk-cgroup.o
  CC      kernel/irq/devres.o
  CC      drivers/clocksource/arm_arch_timer.o
  CC      drivers/clocksource/timer-sp804.o
  CC      lib/crc-itu-t.o
  CC      fs/sync.o
  CC      net/bridge/br_nf_core.o
  CC      kernel/irq/autoprobe.o
  CC      drivers/base/power/opp/debugfs.o
  HOSTCC  lib/gen_crc32table
  LD      sound/sparc/built-in.o
  CC      sound/soc/soc-dapm.o
  CC      crypto/crc32c_generic.o
  CC      mm/msync.o
  CC      net/dccp/qpolicy.o
  LD      drivers/base/power/opp/built-in.o
  CC      kernel/irq/irqdomain.o
  CC      drivers/base/power/clock_ops.o
  CC      lib/libcrc32c.o
  CC      net/ipv4/inetpeer.o
  CC      lib/genalloc.o
  CC      drivers/clocksource/dummy_timer.o
  CC      fs/utimes.o
  CC      mm/rmap.o
  CC      net/dccp/ccids/ccid2.o
  CC      crypto/authenc.o
  CC      block/noop-iosched.o
  CC      net/core/sysctl_net_core.o
  CC      drivers/base/regmap/regcache.o
  CC      net/bridge/br_multicast.o
  LD      drivers/base/power/built-in.o
  CC      lib/lz4/lz4_compress.o
  LD      drivers/clocksource/built-in.o
  CC      mm/vmalloc.o
  CC      net/bluetooth/lib.o
  CC      fs/stack.o
  CC      lib/lz4/lz4_decompress.o
  CC      kernel/irq/proc.o
  CC      block/deadline-iosched.o
  CC      crypto/authencesn.o
  CC      fs/fs_struct.o
  CC      drivers/base/regmap/regcache-rbtree.o
  CC      net/ipv4/protocol.o
  LD      lib/lz4/built-in.o
  CC      net/key/af_key.o
  CC      lib/lzo/lzo1x_compress.o
  LD      net/ipv6/netfilter/built-in.o
  CC      net/ipv6/addrconf_core.o
  CC      net/ipv6/exthdrs_core.o
  CC      net/bluetooth/ecc.o
  CC      fs/statfs.o
  CC      kernel/irq/pm.o
  CC      net/dccp/ackvec.o
  CC      net/core/dev.o
  CC      block/cfq-iosched.o
  CC      lib/lzo/lzo1x_decompress_safe.o
  CC      drivers/base/regmap/regcache-lzo.o
  CC      net/ipv4/ip_input.o
  CC      net/bluetooth/hci_request.o
  LD      kernel/irq/built-in.o
  LD      kernel/livepatch/built-in.o
  CC      sound/soc/soc-jack.o
  LD      lib/lzo/lzo_compress.o
  LD      lib/lzo/lzo_decompress.o
  LD      lib/lzo/built-in.o
  CC      crypto/lzo.o
  CC      mm/pagewalk.o
  CC      fs/fs_pin.o
  CC      kernel/locking/mutex.o
  CC      net/bridge/br_mdb.o
  CC      drivers/base/regmap/regcache-flat.o
  CC      lib/raid6/algos.o
  CC      net/ipv6/ip6_checksum.o
  CC      kernel/power/qos.o
  CC      net/dccp/ccids/ccid3.o
  CC      fs/nsfs.o
  CC      drivers/base/regmap/regmap-debugfs.o
  CC      crypto/lz4.o
  CC      mm/pgtable-generic.o
  CC      kernel/locking/semaphore.o
  CC      lib/raid6/recov.o
  CC      sound/soc/soc-cache.o
  CC      crypto/rng.o
  CC      fs/buffer.o
  CC      net/bluetooth/mgmt_util.o
  CC      net/ipv4/ip_fragment.o
  CC      net/ipv6/ip6_icmp.o
  CC      mm/process_vm_access.o
  CC      net/bridge/br_vlan.o
  CC      kernel/power/main.o
  CC      drivers/base/regmap/regmap-i2c.o
  CC      kernel/locking/rwsem.o
  HOSTCC  lib/raid6/mktables
  CC      sound/soc/soc-utils.o
  CC      crypto/ansi_cprng.o
  CC      kernel/locking/percpu-rwsem.o
  CC      mm/init-mm.o
  CC      drivers/base/regmap/regmap-spi.o
  CC      net/dccp/ccids/lib/tfrc.o
  LD      net/key/built-in.o
  UNROLL  lib/raid6/int1.c
  CC      net/l3mdev/l3mdev.o
awk: /home/ray/workplace/git_download/HiSTB_origin/HiSTBLinux/source/kernel/linux-4.4.y/lib/raid6/unroll.awk:16: warning: regexp escape sequence `\#' is not a known regexp operator
  CC      net/bluetooth/sco.o
  UNROLL  lib/raid6/int2.c
awk: /home/ray/workplace/git_download/HiSTB_origin/HiSTBLinux/source/kernel/linux-4.4.y/lib/raid6/unroll.awk:16: warning: regexp escape sequence `\#' is not a known regexp operator
  CC      net/ipv6/output_core.o
  CC      kernel/power/console.o
  UNROLL  lib/raid6/int4.c
awk: /home/ray/workplace/git_download/HiSTB_origin/HiSTBLinux/source/kernel/linux-4.4.y/lib/raid6/unroll.awk:16: warning: regexp escape sequence `\#' is not a known regexp operator
  UNROLL  lib/raid6/int8.c
awk: /home/ray/workplace/git_download/HiSTB_origin/HiSTBLinux/source/kernel/linux-4.4.y/lib/raid6/unroll.awk:16: warning: regexp escape sequence `\#' is not a known regexp operator
  UNROLL  lib/raid6/int16.c
awk: /home/ray/workplace/git_download/HiSTB_origin/HiSTBLinux/source/kernel/linux-4.4.y/lib/raid6/unroll.awk:16: warning: regexp escape sequence `\#' is not a known regexp operator
  UNROLL  lib/raid6/int32.c
awk: /home/ray/workplace/git_download/HiSTB_origin/HiSTBLinux/source/kernel/linux-4.4.y/lib/raid6/unroll.awk:16: warning: regexp escape sequence `\#' is not a known regexp operator
  CC      lib/raid6/neon.o
  CC      sound/soc/soc-pcm.o
  CC      mm/nobootmem.o
  CC      kernel/locking/spinlock.o
  CC      crypto/af_alg.o
  LD      drivers/base/regmap/built-in.o
  CC      net/ipv4/ip_forward.o
  CC      drivers/base/dma-mapping.o
  CC      block/cmdline-parser.o
  CC      kernel/locking/osq_lock.o
  LD      net/l3mdev/built-in.o
  UNROLL  lib/raid6/neon1.c
awk: /home/ray/workplace/git_download/HiSTB_origin/HiSTBLinux/source/kernel/linux-4.4.y/lib/raid6/unroll.awk:16: warning: regexp escape sequence `\#' is not a known regexp operator
  CC      kernel/power/process.o
  UNROLL  lib/raid6/neon2.c
awk: /home/ray/workplace/git_download/HiSTB_origin/HiSTBLinux/source/kernel/linux-4.4.y/lib/raid6/unroll.awk:16: warning: regexp escape sequence `\#' is not a known regexp operator
  UNROLL  lib/raid6/neon4.c
awk: /home/ray/workplace/git_download/HiSTB_origin/HiSTBLinux/source/kernel/linux-4.4.y/lib/raid6/unroll.awk:16: warning: regexp escape sequence `\#' is not a known regexp operator
  UNROLL  lib/raid6/neon8.c
awk: /home/ray/workplace/git_download/HiSTB_origin/HiSTBLinux/source/kernel/linux-4.4.y/lib/raid6/unroll.awk:16: warning: regexp escape sequence `\#' is not a known regexp operator
  CC      net/dccp/ccids/lib/tfrc_equation.o
  TABLE   lib/raid6/tables.c
  CC      mm/fadvise.o
  CC      lib/raid6/int1.o
  CC      net/bridge/br_netfilter_hooks.o
  CC      net/ipv6/protocol.o
  LD      drivers/common/built-in.o
  CC [M]  drivers/common/himedia/himedia_base.o
  CC      kernel/locking/lglock.o
  CC      drivers/base/dma-coherent.o
  LD      block/built-in.o
  LD      sound/spi/built-in.o
  CC      net/core/ethtool.o
  CC      crypto/algif_hash.o
  CC      fs/block_dev.o
  CC      lib/raid6/int2.o
  CC      kernel/locking/rtmutex.o
  CC      mm/madvise.o
  CC      net/ipv4/ip_options.o
  CC      kernel/power/suspend.o
  CC      net/bluetooth/a2mp.o
  CC      net/ipv6/ip6_offload.o
  CC      net/dccp/ccids/lib/packet_history.o
  CC [M]  drivers/common/himedia/himedia.o
  CC      drivers/base/firmware_class.o
  CC      lib/raid6/int4.o
  CC      kernel/locking/rwsem-xadd.o
  CC      mm/memblock.o
  CC      sound/soc/soc-io.o
  CC [M]  drivers/common/mmz/drv_mmz_ext_k.o
  CC      kernel/power/wakelock.o
  CC      drivers/base/module.o
  CC      net/bridge/netfilter/nf_tables_bridge.o
  CC      crypto/xor.o
  CC      lib/raid6/int8.o
  LD      kernel/locking/built-in.o
  CC      net/ipv6/tcpv6_offload.o
  CC      net/bridge/netfilter/nft_meta_bridge.o
  CC      net/ipv4/ip_output.o
  CC      fs/direct-io.o
  CC      net/dccp/ccids/lib/loss_interval.o
  CC      sound/soc/soc-devres.o
  LD      drivers/base/built-in.o
  CC      lib/xz/xz_dec_syms.o
  CC      net/llc/llc_core.o
  CC [M]  crypto/seqiv.o
  CC      kernel/power/poweroff.o
  CC [M]  drivers/common/mmz/drv_mmz_intf.o
  CC      net/bluetooth/amp.o
  CC      lib/xz/xz_dec_stream.o
  CC      kernel/power/wakeup_reason.o
  CC      lib/raid6/int16.o
  CC      mm/page_io.o
  CC      net/core/dev_addr_lists.o
  CC      net/llc/llc_input.o
  CC      sound/soc/soc-ops.o
  CC      net/bridge/netfilter/ebtables.o
  CC      net/ipv6/udp_offload.o
  CC      lib/xz/xz_dec_lzma2.o
  CC [M]  drivers/common/mmz/drv_tzsmmu.o
  CC      net/llc/llc_output.o
  CC [M]  crypto/echainiv.o
  CC      lib/raid6/int32.o
  CC      net/dccp/sysctl.o
  LD      kernel/power/built-in.o
  CC      kernel/printk/printk.o
  CC      mm/swap_state.o
  LD      sound/synth/built-in.o
  CC      net/ipv4/ip_sockglue.o
  CC [M]  drivers/common/mmz/drv_mmz_userdev.o
  CC      net/core/dst.o
  CC      net/bluetooth/hci_debugfs.o
  LD      sound/soc/adi/built-in.o
  CC      lib/xz/xz_dec_bcj.o
  CC [M]  crypto/gf128mul.o
  LD      sound/soc/atmel/built-in.o
  LD      net/llc/llc.o
  CC      lib/raid6/neon1.o
  LD      net/llc/built-in.o
  CC [M]  crypto/ctr.o
  CC      net/ipv6/exthdrs_offload.o
  LD      sound/soc/au1x/built-in.o
  LD      sound/soc/bcm/built-in.o
  LD      sound/soc/blackfin/built-in.o
  CC      net/dccp/ipv4.o
  LD      sound/soc/cirrus/built-in.o
  CC      lib/raid6/neon2.o
  LD      sound/soc/codecs/built-in.o
  LD      sound/soc/davinci/built-in.o
  CC      fs/mpage.o
  CC      mm/swapfile.o
  LD      sound/soc/dwc/built-in.o
  LD      lib/xz/xz_dec.o
  LD      sound/soc/fsl/built-in.o
  LD      lib/xz/built-in.o
  CC      lib/raid6/neon4.o
  LD      sound/soc/generic/built-in.o
  CC      drivers/connector/cn_queue.o
  LD      sound/soc/intel/boards/built-in.o
  LD      sound/soc/jz4740/built-in.o
  LD      sound/soc/intel/built-in.o
  CC      lib/raid6/neon8.o
  LD      net/ipv6/built-in.o
  CC [M]  crypto/gcm.o
  CC      net/ipv4/inet_hashtables.o
  LD      sound/soc/kirkwood/built-in.o
  CC      net/ipv4/inet_timewait_sock.o
  LD      sound/soc/mediatek/built-in.o
  LD      net/bridge/netfilter/built-in.o
  LD      sound/soc/mxs/built-in.o
  LD      net/bridge/bridge.o
  CC [M]  drivers/common/mmz/drv_media_mem.o
  CC      net/core/netevent.o
  LD      net/bridge/br_netfilter.o
  LD      sound/soc/nuc900/built-in.o
  LD      net/bridge/built-in.o
  LD      sound/soc/omap/built-in.o
  CC      lib/raid6/tables.o
  LD      sound/soc/pxa/built-in.o
  CC [M]  crypto/ccm.o
  LD      sound/soc/qcom/built-in.o
  LD      sound/soc/rockchip/built-in.o
  LD      sound/soc/samsung/built-in.o
  LD      net/mac80211/built-in.o
  CC [M]  net/mac80211/main.o
  LD      sound/soc/sh/built-in.o
  LD      kernel/printk/built-in.o
  LD      sound/soc/sirf/built-in.o
  CC      net/bluetooth/bnep/core.o
  CC      kernel/rcu/update.o
  LD      sound/soc/spear/built-in.o
  CC      drivers/connector/connector.o
  LD      sound/soc/sti/built-in.o
  CC      fs/proc_namespace.o
  LD      sound/soc/sunxi/built-in.o
  CC      net/mpls/mpls_gso.o
  LD      sound/soc/tegra/built-in.o
  CC      net/core/neighbour.o
  LD      sound/soc/txx9/built-in.o
  LD      sound/soc/ux500/built-in.o
  LD      sound/soc/xtensa/built-in.o
  LD      lib/raid6/raid6_pq.o
  CC      net/bluetooth/bnep/sock.o
  LD      sound/soc/zte/built-in.o
  CC      net/dccp/diag.o
  LD      lib/raid6/built-in.o
  LD      sound/soc/snd-soc-core.o
  CC      lib/zlib_deflate/deflate.o
  CC      lib/zlib_inflate/inffast.o
  CC      kernel/rcu/sync.o
  CC      net/ipv4/inet_connection_sock.o
  CC [M]  crypto/drbg.o
  CC [M]  drivers/common/sys/drv_base_ext_k.o
  LD      sound/soc/built-in.o
  CC      fs/autofs4/init.o
  CC      net/mpls/af_mpls.o
  CC      lib/zlib_inflate/inflate.o
  LD      drivers/connector/cn.o
  LD      drivers/connector/built-in.o
  CC      sound/usb/card.o
  CC      fs/autofs4/inode.o
  CC      mm/dmapool.o
  CC      kernel/rcu/srcu.o
  CC      lib/zlib_deflate/deftree.o
  CC      fs/autofs4/root.o
  CC      net/bluetooth/bnep/netdev.o
  CC      net/bluetooth/hidp/core.o
  CC [M]  drivers/common/sys/drv_sys_ext_k.o
  LD      net/dccp/dccp.o
  LD      net/dccp/dccp_ipv4.o
  LD      net/dccp/dccp_diag.o
  LD      net/dccp/built-in.o
  CC [M]  net/mac80211/status.o
  CC      mm/ksm.o
  CC      net/bluetooth/hidp/sock.o
  CC      kernel/rcu/tree.o
  CC [M]  crypto/jitterentropy.o
  CC      net/core/rtnetlink.o
  CC      lib/zlib_inflate/infutil.o
  CC [M]  crypto/jitterentropy-kcapi.o
  CC      sound/usb/clock.o
  CC      lib/zlib_deflate/deflate_syms.o
  CC [M]  drivers/common/dev/drv_dev_ext_k.o
  CC      lib/zlib_inflate/inftrees.o
  CC      fs/autofs4/symlink.o
  CC      net/ipv4/tcp.o
  LD      net/bluetooth/bnep/bnep.o
  LD      net/bluetooth/bnep/built-in.o
  CC      net/mpls/mpls_iptunnel.o
  LD      lib/zlib_deflate/zlib_deflate.o
  LD      lib/zlib_deflate/built-in.o
  CC      lib/zlib_inflate/inflate_syms.o
  CC      sound/last.o
  CC [M]  crypto/ghash-generic.o
  CC      sound/usb/endpoint.o
  CC      fs/btrfs/super.o
  CC      fs/autofs4/waitq.o
  CC [M]  drivers/common/stat/drv_stat_ext_k.o
  LD      lib/zlib_inflate/zlib_inflate.o
  CC      drivers/cpufreq/cpufreq.o
  LD      lib/zlib_inflate/built-in.o
  CC      lib/percpu_counter.o
  CC      fs/btrfs/ctree.o
  CC [M]  net/mac80211/driver-ops.o
  CC      mm/slub.o
  CC      drivers/cpufreq/freq_table.o
  LD      net/bluetooth/hidp/hidp.o
  LD      net/bluetooth/hidp/built-in.o
  CC      net/bluetooth/rfcomm/core.o
  CC [M]  drivers/common/proc/drv_proc_ext_k.o
  LD      crypto/crypto.o
  LD      crypto/crypto_algapi.o
  LD      crypto/crypto_blkcipher.o
  CC      lib/audit.o
  LD      crypto/crypto_hash.o
  LD      crypto/cryptomgr.o
  LD [M]  crypto/jitterentropy_rng.o
  LD      crypto/built-in.o
  LD      net/mpls/mpls_router.o
  LD      net/mpls/built-in.o
  CC      fs/autofs4/expire.o
  CC      net/bluetooth/rfcomm/sock.o
  CC [M]  drivers/common/log/drv_log_ext_k.o
  CC      kernel/sched/core.o
  CC      sound/usb/format.o
  CC      fs/cachefiles/bind.o
  CC      lib/swiotlb.o
  CC      fs/autofs4/dev-ioctl.o
  CC      net/core/utils.o
  CC      sound/usb/helper.o
  CC [M]  drivers/common/sys/drv_base_ext.o
  CC      fs/cachefiles/daemon.o
  CC [M]  net/mac80211/sta_info.o
  CC      drivers/cpufreq/cpufreq_stats.o
  CC [M]  net/mac80211/wep.o
  CC      sound/usb/mixer.o
  CC      lib/iommu-helper.o
  CC [M]  drivers/common/sys/drv_sys_ext.o
  LD      fs/autofs4/autofs4.o
  LD      fs/autofs4/built-in.o
  CC      net/core/link_watch.o
  CC [M]  drivers/common/sys/drv_reg_common.o
  CC      net/bluetooth/rfcomm/tty.o
  CC      drivers/cpufreq/cpufreq_performance.o
  LD      kernel/rcu/built-in.o
  CC      fs/cachefiles/interface.o
  CC      lib/iommu-common.o
  CC      drivers/cpuidle/cpuidle.o
  CC [M]  drivers/common/stat/drv_stat_ext.o
  CC      net/ipv4/tcp_input.o
  CC      drivers/cpufreq/cpufreq_powersave.o
  CC      net/ipv4/tcp_output.o
  CC      fs/btrfs/extent-tree.o
  CC      lib/syscall.o
  CC      drivers/cpufreq/cpufreq_userspace.o
  CC      mm/migrate.o
  CC      net/core/filter.o
  CC      fs/cachefiles/key.o
  CC      lib/dynamic_debug.o
  CC      drivers/cpufreq/cpufreq_ondemand.o
  CC      drivers/cpuidle/driver.o
  CC      fs/btrfs/print-tree.o
  CC [M]  drivers/common/mem/drv_mutils.o
  LD      net/bluetooth/rfcomm/rfcomm.o
  LD      net/bluetooth/rfcomm/built-in.o
  LD      net/bluetooth/bluetooth.o
  CC      drivers/cpuidle/governor.o
  CC [M]  drivers/common/module/drv_module_ext.o
  CC      sound/usb/mixer_quirks.o
  CC      fs/cachefiles/main.o
  LD      net/bluetooth/built-in.o
  CC [M]  net/mac80211/wpa.o
  CC      lib/nlattr.o
  CC      drivers/cpufreq/cpufreq_conservative.o
  CC      drivers/cpuidle/sysfs.o
  CC      lib/cpu_rmap.o
  CC      mm/page_counter.o
  CC      fs/cachefiles/namei.o
  CC      kernel/sched/loadavg.o
  CC      drivers/cpuidle/governors/ladder.o
  CC [M]  drivers/common/file/drv_file_ext.o
  CC      net/core/sock_diag.o
  CC      drivers/cpufreq/cpufreq_interactive.o
  CC      mm/memcontrol.o
  CC      lib/cordic.o
  LD      drivers/crypto/built-in.o
  CC      drivers/cpuidle/governors/menu.o
  CC      sound/usb/mixer_scarlett.o
  CC      mm/vmpressure.o
  CC      lib/dynamic_queue_limits.o
  CC [M]  drivers/common/proc/drv_proc_ext.o
  CC      lib/jedec_ddr_data.o
  CC      kernel/time/time.o
  CC      fs/cachefiles/rdwr.o
  CC [M]  net/mac80211/scan.o
  CC      net/ipv4/tcp_timer.o
  LD      drivers/cpuidle/governors/built-in.o
  CC      drivers/cpuidle/dt_idle_states.o
  CC      lib/strncpy_from_user.o
  CC      sound/usb/pcm.o
  CC      drivers/cpuidle/cpuidle-arm.o
  CC [M]  drivers/common/log/drv_log_ext.o
/home/ray/workplace/git_download/HiSTB_origin/HiSTBLinux/source/kernel/linux-4.4.y/mm/memcontrol.c:5355:12: warning: initialization from incompatible pointer type
  .attach = mem_cgroup_move_task,
            ^
/home/ray/workplace/git_download/HiSTB_origin/HiSTBLinux/source/kernel/linux-4.4.y/mm/memcontrol.c:5355:12: warning: (near initialization for 'memory_cgrp_subsys.attach')
  CC      lib/strnlen_user.o
  CC      net/core/dev_ioctl.o
  CC      drivers/cpufreq/cpufreq_governor.o
  LD      drivers/cpuidle/built-in.o
  CC      kernel/time/timer.o
  CC      fs/cifs/cifsfs.o
  CC      lib/net_utils.o
  CC      kernel/trace/trace_clock.o
  CC [M]  drivers/common/memdev/drv_memdev.o
  CC      fs/cachefiles/security.o
  CC      fs/btrfs/root-tree.o
  CC      kernel/sched/clock.o
  LD      drivers/cpufreq/built-in.o
  CC      net/core/tso.o
  LD      sound/soundcore.o
  GEN     lib/oid_registry_data.c
  CC      fs/cifs/cifssmb.o
  CC      fs/cachefiles/xattr.o
  CC      kernel/trace/ftrace.o
  CC      sound/usb/proc.o
  CC      lib/argv_split.o
  CC [M]  drivers/common/userproc/drv_userproc.o
  CC      net/ipv4/tcp_ipv4.o
  CC      kernel/time/hrtimer.o
  CC [M]  net/mac80211/offchannel.o
  CC      kernel/sched/cputime.o
  CC      lib/bug.o
  CC      sound/usb/quirks.o
  LD      fs/cachefiles/cachefiles.o
  LD      fs/cachefiles/built-in.o
  CC      fs/configfs/inode.o
  CC      fs/cramfs/inode.o
  CC      net/core/flow.o
  CC      fs/cramfs/uncompress.o
  CC      lib/cmdline.o
  CC      kernel/sched/idle_task.o
  CC      lib/cpumask.o
  CC      kernel/sched/fair.o
  CC      kernel/sched/rt.o
  CC [M]  drivers/common/osal/drv_osal.o
  CC      kernel/time/itimer.o
  CC [M]  net/mac80211/ht.o
  CC      lib/ctype.o
  CC      lib/dec_and_lock.o
  LD      fs/cramfs/cramfs.o
  LD      fs/cramfs/built-in.o
  CC      net/ipv4/tcp_minisocks.o
  CC      fs/configfs/file.o
  CC      sound/usb/stream.o
  CC      lib/decompress.o
  CC      net/core/net-sysfs.o
  CC      mm/swap_cgroup.o
  LD [M]  drivers/common/hi_media.o
  LD [M]  drivers/common/hi_mmz.o
  LD [M]  drivers/common/hi_common.o
  CC      lib/decompress_bunzip2.o
  CC      kernel/time/posix-timers.o
  CC      drivers/devfreq/devfreq.o
  CC      net/netfilter/core.o
  CC      fs/configfs/dir.o
  CC      mm/cleancache.o
  CC      lib/decompress_inflate.o
  CC      kernel/kcmp.o
  CC      net/netfilter/nf_log.o
  CC      sound/usb/midi.o
  CC      kernel/trace/ring_buffer.o
  CC [M]  net/mac80211/agg-tx.o
  CC      drivers/devfreq/devfreq-event.o
  CC      net/ipv4/tcp_cong.o
  CC      lib/decompress_unlz4.o
  CC      kernel/time/posix-cpu-timers.o
  CC      mm/page_isolation.o
  CC      fs/btrfs/dir-item.o
  CC      kernel/time/timekeeping.o
  CC      fs/configfs/symlink.o
  CC      net/core/net-procfs.o
  CC      lib/decompress_unlzma.o
  CC      kernel/freezer.o
  CC      drivers/devfreq/governor_simpleondemand.o
  CC      mm/zpool.o
  CC      net/netfilter/nf_queue.o
  CC      drivers/devfreq/governor_performance.o
  CC      fs/configfs/mount.o
  CC      fs/cifs/cifs_debug.o
  CC      net/ipv4/tcp_metrics.o
  CC      drivers/devfreq/governor_powersave.o
  CC      kernel/profile.o
  CC [M]  net/mac80211/agg-rx.o
  CC      lib/decompress_unlzo.o
  CC      mm/zsmalloc.o
  LD      sound/usb/6fire/built-in.o
  CC      net/core/fib_rules.o
  LD      sound/usb/bcd2000/built-in.o
  LD      sound/usb/caiaq/built-in.o
  CC      kernel/time/ntp.o
  LD      sound/usb/hiface/built-in.o
  CC      fs/btrfs/file-item.o
  CC      drivers/devfreq/governor_userspace.o
  LD      sound/usb/misc/built-in.o
  LD      sound/usb/usx2y/built-in.o
  LD      sound/usb/snd-usb-audio.o
  LD      sound/usb/snd-usbmidi-lib.o
  CC      fs/configfs/item.o
  LD      sound/usb/built-in.o
  CC      lib/decompress_unxz.o
  LD      sound/built-in.o
  CC      net/netfilter/nf_sockopt.o
  CC      mm/cma.o
  CC      fs/btrfs/inode-item.o
  LD      drivers/devfreq/event/built-in.o
  LD      drivers/devfreq/built-in.o
  CC      drivers/dma/dmaengine.o
  LD      fs/configfs/configfs.o
  CC      net/netlink/af_netlink.o
  LD      fs/configfs/built-in.o
  CC      kernel/sched/deadline.o
  CC      lib/dump_stack.o
  CC      kernel/trace/trace.o
  CC      kernel/time/clocksource.o
  CC      fs/cifs/connect.o
  CC [M]  net/mac80211/vht.o
  CC      kernel/trace/trace_output.o
  CC      lib/earlycpio.o
  CC      lib/extable.o
  CC      net/core/net-traces.o
  CC      net/ipv4/tcp_fastopen.o
  CC      net/netfilter/nfnetlink.o
  CC      mm/page_ext.o
  CC      kernel/time/jiffies.o
  CC      lib/fdt.o
  CC      fs/btrfs/inode-map.o
  CC      net/netlink/genetlink.o
  CC      drivers/dma/of-dma.o
  CC      lib/fdt_empty_tree.o
  CC      mm/page_idle.o
  CC      lib/fdt_ro.o
  CC      kernel/time/timer_list.o
  CC      net/netlink/diag.o
  CC      lib/fdt_rw.o
  CC [M]  net/mac80211/ibss.o
  LD      drivers/dma/xilinx/built-in.o
  LD      drivers/dma/built-in.o
  CC      mm/frame_vector.o
  CC      kernel/stacktrace.o
  CC      net/ipv4/tcp_recovery.o
  CC      drivers/dma-buf/dma-buf.o
  CC      kernel/time/timeconv.o
  CC      net/netfilter/nfnetlink_acct.o
  CC      lib/fdt_strerror.o
  CC      lib/fdt_sw.o
  CC      kernel/sched/stop_task.o
  CC      kernel/time/timecounter.o
  CC      net/openvswitch/actions.o
  CC      fs/btrfs/disk-io.o
  CC      kernel/time/posix-clock.o
  CC      lib/fdt_wip.o
  LD      mm/built-in.o
  CC      drivers/dma-buf/fence.o
  CC      drivers/dma-buf/reservation.o
  CC      net/core/netprio_cgroup.o
  CC      lib/flex_proportions.o
  CC      kernel/sched/wait.o
  CC      kernel/sched/completion.o
  LD      net/netlink/netlink_diag.o
  CC      net/ipv4/tcp_offload.o
  CC      kernel/trace/trace_seq.o
  CC      fs/cifs/dir.o
  CC      lib/idr.o
  LD      net/netlink/built-in.o
  CC      fs/debugfs/inode.o
  CC      net/netfilter/nfnetlink_queue.o
  CC      kernel/time/alarmtimer.o
  CC [M]  net/mac80211/iface.o
  CC      kernel/sched/idle.o
  CC      drivers/extcon/extcon.o
  CC      kernel/futex.o
  CC      drivers/dma-buf/seqno-fence.o
  CC      net/core/netclassid_cgroup.o
  CC [M]  net/mac80211/rate.o
  CC      lib/int_sqrt.o
  CC      fs/debugfs/file.o
  CC      lib/ioremap.o
  CC      kernel/time/clockevents.o
  CC      kernel/sched/cpupri.o
  CC      net/openvswitch/datapath.o
  CC      net/ipv4/datagram.o
  CC      kernel/trace/trace_stat.o
  LD      drivers/dma-buf/built-in.o
  CC      kernel/trace/trace_printk.o
  CC      fs/cifs/file.o
  CC      drivers/extcon/extcon-gpio.o
  CC      kernel/sched/cpudeadline.o
  CC      lib/irq_regs.o
  CC      net/core/lwtunnel.o
  CC      lib/is_single_threaded.o
  LD      fs/debugfs/debugfs.o
  LD      fs/debugfs/built-in.o
  CC      fs/devpts/inode.o
  CC      drivers/extcon/extcon-usb-gpio.o
  CC      net/openvswitch/dp_notify.o
  CC      kernel/time/tick-common.o
  CC      kernel/trace/trace_sched_switch.o
  CC      kernel/sched/energy.o
  CC      net/netfilter/nf_conntrack_core.o
  CC      net/ipv4/raw.o
  CC      lib/klist.o
  LD      drivers/extcon/built-in.o
  CC      fs/btrfs/transaction.o
  LD      drivers/firewire/built-in.o
  CC [M]  net/mac80211/michael.o
  CC      drivers/firmware/psci.o
  CC      net/packet/af_packet.o
  CC      kernel/sched/auto_group.o
  LD      fs/devpts/devpts.o
  LD      fs/devpts/built-in.o
  CC      fs/cifs/inode.o
  CC      lib/kobject.o
  LD      net/core/built-in.o
  CC      kernel/trace/trace_functions.o
  CC      net/rfkill/core.o
  CC      kernel/time/tick-broadcast.o
  CC      net/ipv4/udp.o
  CC [M]  net/mac80211/tkip.o
  LD      drivers/firmware/broadcom/built-in.o
  CC      kernel/sched/debug.o
  LD      drivers/firmware/built-in.o
  CC      drivers/gpio/devres.o
  CC      net/openvswitch/flow.o
  CC      kernel/trace/trace_nop.o
  CC      kernel/time/tick-broadcast-hrtimer.o
  CC      lib/kobject_uevent.o
  CC      fs/btrfs/inode.o
  CC      kernel/smp.o
  CC      drivers/gpio/gpiolib.o
  LD      net/rfkill/rfkill.o
  LD      net/rfkill/built-in.o
  CC      drivers/gpio/gpiolib-legacy.o
  CC      kernel/time/sched_clock.o
  CC      kernel/trace/trace_functions_graph.o
  CC [M]  net/mac80211/aes_ccm.o
  CC      drivers/gpio/gpiolib-of.o
  CC      kernel/trace/blktrace.o
  LD      fs/exofs/built-in.o
  CC      net/packet/diag.o
  CC      kernel/time/tick-oneshot.o
  CC      net/netfilter/nf_conntrack_standalone.o
  CC      kernel/sched/cpuacct.o
  CC      fs/cifs/link.o
  CC      net/openvswitch/flow_netlink.o
  CC      lib/md5.o
  CC      drivers/gpu/vga/vgaarb.o
  CC      kernel/time/tick-sched.o
  CC      drivers/gpu/drm/drm_auth.o
  CC      lib/nmi_backtrace.o
  CC [M]  net/mac80211/aes_gcm.o
  CC      net/sched/sch_generic.o
  LD      kernel/sched/built-in.o
  CC      drivers/gpu/drm/drm_bufs.o
  CC      kernel/trace/trace_events.o
  CC      net/netfilter/nf_conntrack_expect.o
  CC      net/openvswitch/flow_table.o
  CC      lib/plist.o
  CC      lib/proportions.o
  CC      drivers/gpio/gpiolib-sysfs.o
  CC      drivers/gpu/drm/drm_cache.o
  LD      net/packet/af_packet_diag.o
  CC      net/ipv4/udplite.o
  LD      net/packet/built-in.o
  CC [M]  net/mac80211/aes_cmac.o
  CC      fs/btrfs/file.o
  CC      fs/cifs/misc.o
  LD      drivers/gpu/vga/built-in.o
  CC      kernel/time/timekeeping_debug.o
  CC      lib/radix-tree.o
  CC      drivers/hid/hid-core.o
  CC      drivers/gpio/gpio-generic.o
  CC      drivers/gpio/gpio-pl061.o
  CC      net/sched/sch_mq.o
  CC      net/netfilter/nf_conntrack_helper.o
  LD      kernel/time/built-in.o
  CC      drivers/hid/hid-input.o
  CC [M]  net/mac80211/aes_gmac.o
  CC      net/ipv4/udp_offload.o
  CC      kernel/trace/trace_export.o
  CC      fs/exportfs/expfs.o
  LD      drivers/gpio/built-in.o
  CC      lib/ratelimit.o
  CC      net/sctp/sm_statetable.o
  CC      net/openvswitch/vport.o
  CC      lib/rbtree.o
  CC      drivers/gpu/drm/drm_context.o
  LD      net/sched/built-in.o
  CC      fs/cifs/netmisc.o
  CC      fs/btrfs/tree-defrag.o
  CC      net/sctp/sm_statefuns.o
  CC [M]  net/mac80211/cfg.o
  CC      net/netfilter/nf_conntrack_proto.o
  LD      fs/exportfs/exportfs.o
  LD      fs/exportfs/built-in.o
  CC      net/sctp/sm_sideeffect.o
  CC      kernel/trace/trace_event_perf.o
  CC      kernel/trace/trace_events_filter.o
  CC      lib/seq_buf.o
  CC      net/ipv4/arp.o
  CC      kernel/uid16.o
  CC      lib/sha1.o
  CC      net/ipv4/icmp.o
  CC      drivers/gpu/drm/drm_dma.o
  CC      net/openvswitch/vport-internal_dev.o
  CC      net/netfilter/nf_conntrack_l3proto_generic.o
  CC      fs/cifs/smbencrypt.o
  CC      net/sunrpc/clnt.o
  CC      net/sunrpc/xprt.o
  CC      drivers/hisilicon/atags/atags2fdt.o
  CC      lib/show_mem.o
/home/ray/workplace/git_download/HiSTB_origin/HiSTBLinux/source/kernel/linux-4.4.y/drivers/hisilicon/atags/atags2fdt.c: In function 'deal_atags':
/home/ray/workplace/git_download/HiSTB_origin/HiSTBLinux/source/kernel/linux-4.4.y/drivers/hisilicon/atags/atags2fdt.c:274:15: warning: unused variable 'node' [-Wunused-variable]
  int memsize, node;
               ^
  CC      drivers/hid/hid-debug.o
  CC      drivers/gpu/drm/drm_fops.o
  CC      kernel/trace/trace_events_trigger.o
  CC      net/openvswitch/vport-netdev.o
  CC      lib/string.o
  CC      drivers/hisilicon/atags/atags.o
  CC      net/netfilter/nf_conntrack_proto_generic.o
  CC      fs/btrfs/extent_map.o
  CC      drivers/hisilicon/atags/tag-param.o
  CC      fs/ext2/balloc.o
  CC      fs/cifs/transport.o
  CC      drivers/hisilicon/atags/tag-sdkver.o
  CC      lib/timerqueue.o
  LD      drivers/hsi/clients/built-in.o
  LD      drivers/hsi/controllers/built-in.o
  CC      drivers/hisilicon/atags/tag-net.o
  CC      drivers/hid/uhid.o
  LD      drivers/hsi/built-in.o
  CC      net/ipv4/devinet.o
  CC      net/unix/af_unix.o
  CC      lib/vsprintf.o
  CC      drivers/gpu/drm/drm_gem.o
  CC      drivers/hisilicon/atags/tag-chiptrim.o
  CC      net/netfilter/nf_conntrack_proto_tcp.o
  CC      kernel/trace/power-traces.o
  CC      net/openvswitch/conntrack.o
  CC      drivers/hisilicon/atags/tag-emmc.o
  CC      drivers/gpu/drm/drm_ioctl.o
  CC      net/sunrpc/socklib.o
  CC      fs/btrfs/sysfs.o
  CC      drivers/hisilicon/atags/tag-bootreg.o
  CC      fs/ext2/dir.o
  LD      drivers/hisilicon/atags/built-in.o
  CC      drivers/hisilicon/clk/hi3798mx/clk-hi3798mv100.o
  CC      drivers/hid/hid-generic.o
  CC      net/sctp/protocol.o
  CC [M]  net/mac80211/ethtool.o
  CC      drivers/hisilicon/clk/hi3798mx/clk-hiusb2.o
  CC      fs/ext2/file.o
  CC      drivers/hid/hid-a4tech.o
  CC      fs/cifs/asn1.o
  CC      net/sunrpc/xprtsock.o
  CC      drivers/gpu/drm/drm_irq.o
  CC      drivers/hisilicon/clk/hi3798mx/clk-hiusb3.o
  CC      net/openvswitch/vport-gre.o
  CC      drivers/hid/hid-apple.o
  CC      net/sunrpc/sched.o
  CC      fs/ext2/ialloc.o
  CC      drivers/hisilicon/clk/hi3798mx/clk-hiir.o
  CC      net/netfilter/nf_conntrack_proto_udp.o
  GEN     lib/crc32table.h
  CC      kernel/trace/rpm-traces.o
  CC      lib/oid_registry.o
  CC      fs/btrfs/struct-funcs.o
  CC      net/ipv4/af_inet.o
  CC      drivers/hid/hid-belkin.o
  LD      drivers/hisilicon/clk/hi3798mx/built-in.o
  CC      drivers/hisilicon/clk/clk-hisi.o
  CC      fs/cifs/cifs_unicode.o
  AR      lib/lib.a
  CC      net/sctp/endpointola.o
  CC      lib/crc32.o
  CC      drivers/hid/hid-cherry.o
  CC [M]  net/mac80211/rx.o
  LD      net/openvswitch/openvswitch.o
  LD      net/openvswitch/built-in.o
  CC      fs/ext2/inode.o
  CC      drivers/hisilicon/clk/reset-hisilicon.o
  CC      net/unix/garbage.o
  LD      drivers/hwtracing/intel_th/built-in.o
  CC      drivers/hisilicon/cma/hi_cma.o
  CC      drivers/hid/hid-chicony.o
  LD      kernel/trace/libftrace.o
  LD      kernel/trace/built-in.o
  CC      net/netfilter/nf_conntrack_extend.o
  CC      drivers/gpu/drm/drm_lock.o
  CC      kernel/module.o
  LD      drivers/hisilicon/clk/built-in.o
  CC      drivers/hid/hid-cypress.o
  CC      fs/btrfs/xattr.o
  LD      lib/built-in.o
  LD      drivers/hisilicon/cma/built-in.o
  CC      net/sunrpc/auth.o
  CC      drivers/hisilicon/flash_stats/flash_stats.o
  CC      fs/cifs/nterr.o
  CC      net/sctp/associola.o
  CC      drivers/hid/hid-ezkey.o
  CC      net/ipv4/igmp.o
  CC [M]  net/mac80211/spectmgmt.o
  CC      net/netfilter/nf_conntrack_acct.o
  CC      drivers/gpu/drm/drm_memory.o
  CC      net/unix/sysctl_net_unix.o
  CC      fs/cifs/xattr.o
  CC      fs/ext2/ioctl.o
  CC      net/unix/diag.o
  CC      drivers/hid/hid-kensington.o
  CC      drivers/hisilicon/flash_stats/stats_rwe.o
  CC      net/sunrpc/auth_null.o
  CC      fs/btrfs/ordered-data.o
  CC      fs/ext2/namei.o
  CC      drivers/hid/hid-lg.o
  CC      drivers/gpu/drm/drm_drv.o
  CC      net/netfilter/nf_conntrack_seqadj.o
  CC      net/netfilter/nf_conntrack_timeout.o
  CC      drivers/hisilicon/flash_stats/stats_ecc.o
  CC      drivers/gpu/drm/drm_vm.o
  CC      fs/cifs/cifsencrypt.o
  CC      net/vmw_vsock/af_vsock.o
  CC      fs/ext2/super.o
  CC      drivers/hisilicon/flash_stats/stats_read_retry.o
  LD      net/unix/unix.o
  LD      net/unix/unix_diag.o
  CC      net/sctp/transport.o
  LD      net/unix/built-in.o
  CC      net/netfilter/nf_conntrack_ecache.o
  CC      drivers/hid/hid-lgff.o
  CC      net/sunrpc/auth_unix.o
  CC      drivers/hisilicon/hash_vrf_dev/verify.o
  LD      drivers/hisilicon/flash_stats/built-in.o
  CC      drivers/i2c/i2c-boardinfo.o
  CC      drivers/hid/hid-lg2ff.o
  CC      kernel/kallsyms.o
/home/ray/workplace/git_download/HiSTB_origin/HiSTBLinux/source/kernel/linux-4.4.y/drivers/hisilicon/hash_vrf_dev/verify.c: In function 'part_find_num':
  CC      net/ipv4/fib_frontend.o
/home/ray/workplace/git_download/HiSTB_origin/HiSTBLinux/source/kernel/linux-4.4.y/drivers/hisilicon/hash_vrf_dev/verify.c:84:12: warning: passing argument 1 of 'strim' from incompatible pointer type
  b = strim(buffer);
            ^
In file included from /home/ray/workplace/git_download/HiSTB_origin/HiSTBLinux/source/kernel/linux-4.4.y/include/linux/bitmap.h:8:0,
                 from /home/ray/workplace/git_download/HiSTB_origin/HiSTBLinux/source/kernel/linux-4.4.y/include/linux/nodemask.h:92,
                 from /home/ray/workplace/git_download/HiSTB_origin/HiSTBLinux/source/kernel/linux-4.4.y/include/linux/mmzone.h:16,
                 from /home/ray/workplace/git_download/HiSTB_origin/HiSTBLinux/source/kernel/linux-4.4.y/include/linux/gfp.h:5,
                 from /home/ray/workplace/git_download/HiSTB_origin/HiSTBLinux/source/kernel/linux-4.4.y/include/linux/kmod.h:22,
                 from /home/ray/workplace/git_download/HiSTB_origin/HiSTBLinux/source/kernel/linux-4.4.y/include/linux/module.h:13,
                 from /home/ray/workplace/git_download/HiSTB_origin/HiSTBLinux/source/kernel/linux-4.4.y/drivers/hisilicon/hash_vrf_dev/verify.c:9:
/home/ray/workplace/git_download/HiSTB_origin/HiSTBLinux/source/kernel/linux-4.4.y/include/linux/string.h:66:14: note: expected 'char *' but argument is of type 'char **'
 extern char *strim(char *);
              ^
/home/ray/workplace/git_download/HiSTB_origin/HiSTBLinux/source/kernel/linux-4.4.y/drivers/hisilicon/hash_vrf_dev/verify.c:79:9: warning: unused variable 'has_st' [-Wunused-variable]
  char * has_st ;
         ^
/home/ray/workplace/git_download/HiSTB_origin/HiSTBLinux/source/kernel/linux-4.4.y/drivers/hisilicon/hash_vrf_dev/verify.c:76:9: warning: unused variable 'haspart' [-Wunused-variable]
  char * haspart;
         ^
/home/ray/workplace/git_download/HiSTB_origin/HiSTBLinux/source/kernel/linux-4.4.y/drivers/hisilicon/hash_vrf_dev/verify.c: In function 'early_verify_paramter':
/home/ray/workplace/git_download/HiSTB_origin/HiSTBLinux/source/kernel/linux-4.4.y/drivers/hisilicon/hash_vrf_dev/verify.c:106:12: warning: passing argument 1 of 'strim' from incompatible pointer type
  b = strim(buffer);
            ^
In file included from /home/ray/workplace/git_download/HiSTB_origin/HiSTBLinux/source/kernel/linux-4.4.y/include/linux/bitmap.h:8:0,
                 from /home/ray/workplace/git_download/HiSTB_origin/HiSTBLinux/source/kernel/linux-4.4.y/include/linux/nodemask.h:92,
                 from /home/ray/workplace/git_download/HiSTB_origin/HiSTBLinux/source/kernel/linux-4.4.y/include/linux/mmzone.h:16,
                 from /home/ray/workplace/git_download/HiSTB_origin/HiSTBLinux/source/kernel/linux-4.4.y/include/linux/gfp.h:5,
                 from /home/ray/workplace/git_download/HiSTB_origin/HiSTBLinux/source/kernel/linux-4.4.y/include/linux/kmod.h:22,
                 from /home/ray/workplace/git_download/HiSTB_origin/HiSTBLinux/source/kernel/linux-4.4.y/include/linux/module.h:13,
                 from /home/ray/workplace/git_download/HiSTB_origin/HiSTBLinux/source/kernel/linux-4.4.y/drivers/hisilicon/hash_vrf_dev/verify.c:9:
/home/ray/workplace/git_download/HiSTB_origin/HiSTBLinux/source/kernel/linux-4.4.y/include/linux/string.h:66:14: note: expected 'char *' but argument is of type 'char **'
 extern char *strim(char *);
              ^
/home/ray/workplace/git_download/HiSTB_origin/HiSTBLinux/source/kernel/linux-4.4.y/drivers/hisilicon/hash_vrf_dev/verify.c: In function 'sha256_string':
/home/ray/workplace/git_download/HiSTB_origin/HiSTBLinux/source/kernel/linux-4.4.y/drivers/hisilicon/hash_vrf_dev/verify.c:265:6: warning: unused variable 'readlen' [-Wunused-variable]
  int readlen;
      ^
/home/ray/workplace/git_download/HiSTB_origin/HiSTBLinux/source/kernel/linux-4.4.y/drivers/hisilicon/hash_vrf_dev/verify.c: At top level:
/home/ray/workplace/git_download/HiSTB_origin/HiSTBLinux/source/kernel/linux-4.4.y/drivers/hisilicon/hash_vrf_dev/verify.c:235:13: warning: 'compose_num' defined but not used [-Wunused-function]
 static char compose_num(char a,char b)
             ^
  CC      drivers/gpu/drm/drm_scatter.o
  CC      fs/btrfs/extent_io.o
  CC      fs/btrfs/volumes.o
  CC      net/netfilter/nf_conntrack_proto_dccp.o
  CC      drivers/hid/hid-lg3ff.o
  CC      drivers/i2c/i2c-core.o
  LD      drivers/hisilicon/hash_vrf_dev/built-in.o
  CC [M]  net/mac80211/tx.o
  CC      drivers/hisilicon/initfile/initfile.o
  CC      net/sctp/chunk.o
  CC [M]  net/mac80211/key.o
  CC      net/sunrpc/auth_generic.o
  CC      fs/ext2/symlink.o
  CC      kernel/cgroup.o
  CC      net/vmw_vsock/vsock_addr.o
  CC      drivers/hid/hid-lg4ff.o
  CC      fs/cifs/readdir.o
  CC      fs/ext2/xattr.o
  CC      drivers/gpu/drm/drm_pci.o
  LD      drivers/hisilicon/initfile/built-in.o
  CC      drivers/hisilicon/initmrd/initmrd.o
  CC      net/netfilter/nf_conntrack_proto_sctp.o
  LD      net/vmw_vsock/vsock.o
  CC      net/sctp/sm_make_chunk.o
  LD      net/vmw_vsock/built-in.o
  CC      kernel/cgroup_freezer.o
  CC      drivers/hid/hid-microsoft.o
  CC      net/sunrpc/svc.o
  CC      net/ipv4/fib_semantics.o
  CC      drivers/gpu/drm/drm_platform.o
  CC      fs/ext2/xattr_user.o
  LD      drivers/hisilicon/initmrd/built-in.o
  LD      drivers/hisilicon/ir/built-in.o
  CC      fs/cifs/ioctl.o
  CC      drivers/hisilicon/kapi/sem.o
  CC      drivers/hid/hid-monterey.o
  LD      drivers/idle/built-in.o
  CC      fs/btrfs/async-thread.o
  CC      fs/ext2/xattr_trusted.o
  CC      fs/ext4/balloc.o
  CC      drivers/gpu/drm/drm_sysfs.o
  CC      net/netfilter/nf_conntrack_netlink.o
  CC      fs/ext2/acl.o
  CC      drivers/hid/usbhid/hid-core.o
  CC      drivers/hisilicon/kapi/mem.o
  CC      drivers/i2c/i2c-dev.o
  CC      fs/cifs/sess.o
  CC      fs/ext2/xattr_security.o
  CC      drivers/hisilicon/kapi/param.o
  CC      net/sunrpc/svcsock.o
  CC      drivers/hisilicon/kapi/ultohstr.o
  CC      drivers/gpu/drm/drm_hashtab.o
  CC      drivers/hisilicon/kapi/match.o
  CC      fs/btrfs/ioctl.o
  CC      net/ipv4/fib_trie.o
  CC      drivers/i2c/i2c-mux.o
  CC      drivers/hisilicon/kapi/pdm.o
  CC [M]  net/mac80211/util.o
  LD      fs/ext2/ext2.o
  LD      fs/ext2/built-in.o
  CC      drivers/hid/usbhid/hid-quirks.o
  CC      fs/ext4/bitmap.o
  CC      net/sctp/ulpevent.o
  CC      kernel/cgroup_pids.o
  CC      drivers/hisilicon/kapi/sram.o
  CC      drivers/i2c/algos/i2c-algo-bit.o
  LD      drivers/i2c/busses/built-in.o
  CC      drivers/hid/usbhid/hiddev.o
  CC      drivers/gpu/drm/drm_mm.o
  LD      drivers/i2c/muxes/built-in.o
  CC      net/netfilter/nf_conntrack_tftp.o
  CC      drivers/i2c/i2c-slave-eeprom.o
/home/ray/workplace/git_download/HiSTB_origin/HiSTBLinux/source/kernel/linux-4.4.y/drivers/hisilicon/kapi/sram.c:84:27: warning: 'sram_pm_syscore_ops' defined but not used [-Wunused-variable]
 static struct syscore_ops sram_pm_syscore_ops = {
                           ^
  LD      drivers/hisilicon/kapi/built-in.o
  CC      fs/cifs/export.o
  CC      drivers/hisilicon/misc/hisp804-timer.o
  CC      kernel/cpuset.o
  CC      fs/ext4/dir.o
  CC      fs/ext4/file.o
  CC      net/sunrpc/svcauth.o
  CC      net/sctp/inqueue.o
  CC      drivers/hisilicon/misc/hifixtimer.o
  LD      drivers/i2c/algos/built-in.o
  LD      drivers/i2c/built-in.o
  CC      drivers/hisilicon/misc/romblock.o
  CC      net/ipv4/inet_fragment.o
  CC      drivers/gpu/drm/drm_crtc.o
  CC      net/netfilter/nf_nat_core.o
  LD      drivers/hid/usbhid/usbhid.o
  LD      drivers/hid/usbhid/built-in.o
  CC      fs/cifs/smb1ops.o
  LD      drivers/hid/hid.o
  LD      drivers/hid/hid-logitech.o
  CC      net/sunrpc/svcauth_unix.o
  CC [M]  net/mac80211/wme.o
  LD      drivers/hid/built-in.o
  CC      fs/fat/cache.o
  CC      drivers/hisilicon/misc/export_sym.o
  CC      fs/ext4/fsync.o
  CC      net/wireless/wext-core.o
  CC      drivers/hisilicon/misc/part-change.o
  CC      fs/fscache/cache.o
  CC      net/sctp/outqueue.o
  CC      drivers/hisilicon/misc/i2c-hisi.o
  CC      fs/fat/dir.o
  CC      net/ipv4/ping.o
  CC      kernel/utsname.o
  CC      fs/ext4/ialloc.o
  CC      fs/fat/fatent.o
  CC      kernel/user_namespace.o
  CC      fs/cifs/winucase.o
  CC      net/netfilter/nf_nat_proto_unknown.o
  CC      net/wireless/wext-proc.o
  CC      net/sunrpc/addr.o
  CC      fs/fscache/cookie.o
  CC [M]  net/mac80211/chan.o
  CC      drivers/hisilicon/misc/hw_breakpoint.o
  CC      fs/cifs/smb2ops.o
  CC      fs/ext4/inode.o
  CC      kernel/pid_namespace.o
  CC      net/netfilter/nf_nat_proto_common.o
  CC      net/wireless/wext-priv.o
  CC [M]  net/wireless/core.o
  CC [M]  drivers/hisilicon/misc/hrtimer_test.o
  CC      net/ipv4/ip_tunnel_core.o
  CC      fs/fat/file.o
  CC      net/sunrpc/rpcb_clnt.o
  CC      fs/fscache/fsdef.o
  CC      net/sctp/ulpqueue.o
  LD      drivers/hisilicon/misc/built-in.o
  GZIP    kernel/config_data.gz
  CC      kernel/stop_machine.o
  CC      drivers/hisilicon/soc/cputable.o
  CC      net/netfilter/nf_nat_proto_udp.o
  CC      net/netfilter/nf_nat_proto_tcp.o
  CC      drivers/gpu/drm/drm_modes.o
  CC      fs/fscache/main.o
  CC      drivers/hisilicon/soc/hi3798mv100/cpu-hi3798mv100.o
  CC      drivers/hisilicon/soc/hi3798mv100/hipm.o
  CC      fs/cifs/smb2maperror.o
  CC      net/xfrm/xfrm_policy.o
  CC      fs/fat/inode.o
  CC      net/ipv4/gre_offload.o
  CC      kernel/audit.o
  CC [M]  net/mac80211/trace.o
  CC      fs/fscache/netfs.o
/home/ray/workplace/git_download/HiSTB_origin/HiSTBLinux/source/kernel/linux-4.4.y/drivers/hisilicon/soc/hi3798mv100/hipm.c: In function 'do_ca_pm_suspend':
/home/ray/workplace/git_download/HiSTB_origin/HiSTBLinux/source/kernel/linux-4.4.y/drivers/hisilicon/soc/hi3798mv100/hipm.c:52:6: warning: unused variable 'ret' [-Wunused-variable]
  int ret = 0;
      ^
  CC      net/sunrpc/timer.o
  CC      fs/btrfs/locking.o
  AS      drivers/hisilicon/soc/hi3798mv100/hipm_sleep.o
  CC      fs/fuse/dev.o
  CC      net/netfilter/nf_nat_helper.o
  LD      drivers/hisilicon/soc/hi3798mv100/built-in.o
  LD      drivers/hisilicon/soc/built-in.o
  CC      drivers/hisilicon/usbotg/hiotg.o
  CC      drivers/gpu/drm/drm_edid.o
  CC      net/sctp/tsnmap.o
  CC [M]  net/wireless/sysfs.o
  CC      fs/fscache/object.o
  CC      fs/cifs/smb2transport.o
  CC      net/ipv4/ip_tunnel.o
  CC      net/sunrpc/xdr.o
  LD      drivers/hisilicon/usbotg/built-in.o
  LD      drivers/hisilicon/built-in.o
  CC      fs/fscache/operation.o
  CC      fs/btrfs/orphan.o
  CC      net/netfilter/nf_nat_redirect.o
  CC      fs/fat/misc.o
  CC      net/sysctl_net.o
  CC      net/sctp/bind_addr.o
  CC      fs/cifs/smb2misc.o
  CC [M]  net/wireless/radiotap.o
  CC      fs/fat/nfs.o
  CC      net/sunrpc/sunrpc_syms.o
  CC      fs/btrfs/export.o
  CC      fs/fscache/page.o
  CC      kernel/auditfilter.o
  CC      fs/ext4/page-io.o
  CC      net/netfilter/nf_nat_proto_dccp.o
  CC      fs/fuse/dir.o
  CC      net/netfilter/nf_nat_proto_sctp.o
  CC      net/ipv4/sysctl_net_ipv4.o
  CC      fs/fat/namei_vfat.o
  CC      drivers/gpu/drm/drm_info.o
  CC [M]  net/wireless/util.o
  CC      net/sunrpc/cache.o
  CC      fs/ext4/ioctl.o
  CC      fs/btrfs/tree-log.o
  CC      fs/cifs/smb2pdu.o
  CC      fs/fscache/proc.o
  CC      net/sctp/socket.o
  CC      net/netfilter/nf_nat_tftp.o
  CC      net/xfrm/xfrm_state.o
  CC [M]  net/mac80211/mlme.o
  CC      drivers/gpu/drm/drm_debugfs.o
  LD      fs/fscache/fscache.o
  CC      kernel/seccomp.o
  LD      fs/fscache/built-in.o
  CC      fs/isofs/namei.o
  CC      net/ipv4/sysfs_net_ipv4.o
  CC      fs/fat/namei_msdos.o
  CC      fs/fuse/file.o
  CC      net/netfilter/nf_synproxy_core.o
  CC      fs/ext4/namei.o
  CC      kernel/relay.o
  CC      fs/isofs/inode.o
  CC      drivers/gpu/drm/drm_encoder_slave.o
  CC      net/sunrpc/rpc_pipe.o
  LD      fs/fat/fat.o
  LD      fs/fat/vfat.o
  LD      fs/fat/msdos.o
  LD      fs/fat/built-in.o
  CC      net/ipv4/proc.o
  CC      fs/jbd2/transaction.o
  CC      drivers/gpu/drm/drm_trace_points.o
  CC [M]  net/wireless/reg.o
  CC      net/netfilter/nf_tables_core.o
  CC      fs/isofs/dir.o
  CC      kernel/utsname_sysctl.o
  CC      net/xfrm/xfrm_hash.o
  CC      fs/cifs/smb2inode.o
  CC      kernel/tracepoint.o
  CC      drivers/gpu/drm/drm_global.o
  CC      fs/isofs/util.o
  CC      net/ipv4/fib_rules.o
  CC      net/xfrm/xfrm_input.o
  CC      net/netfilter/nf_tables_api.o
  CC      net/sunrpc/svc_xprt.o
  CC      drivers/gpu/drm/drm_prime.o
  CC      kernel/elfcore.o
  CC      fs/fuse/inode.o
  CC      fs/jbd2/commit.o
  CC      net/ipv4/ipmr.o
  CC      fs/cifs/smb2file.o
  CC      fs/isofs/rock.o
  CC      kernel/irq_work.o
  CC      fs/ext4/super.o
  CC      kernel/cpu_pm.o
  CC [M]  net/mac80211/tdls.o
  CC      fs/btrfs/free-space-cache.o
  CC      net/sctp/primitive.o
  CC      net/xfrm/xfrm_output.o
  CC      drivers/gpu/drm/drm_rect.o
  CC      kernel/jump_label.o
  CC [M]  net/wireless/scan.o
  CC      fs/isofs/export.o
  CC      fs/fuse/control.o
  LD      fs/cifs/cifs.o
  LD      fs/cifs/built-in.o
  CC      net/sunrpc/backchannel_rqst.o
  CC      fs/jffs2/compr.o
  CC      fs/jbd2/recovery.o
  CC      kernel/context_tracking.o
  CC      fs/jffs2/dir.o
  LD      fs/isofs/isofs.o
  LD      fs/isofs/built-in.o
  CC      fs/ext4/symlink.o
  CC      drivers/gpu/drm/drm_vma_manager.o
  CC      fs/fuse/cuse.o
  CC      net/xfrm/xfrm_sysctl.o
  CC      net/sctp/output.o
  CC      drivers/iio/industrialio-core.o
  CC      kernel/membarrier.o
  CC      net/sunrpc/stats.o
  CC      fs/jffs2/file.o
  CC      net/ipv4/ipip.o
  CC      fs/jbd2/checkpoint.o
  CC [M]  net/mac80211/ocb.o
  CC      net/netfilter/nft_immediate.o
  CC      drivers/gpu/drm/drm_flip_work.o
  LD      fs/fuse/fuse.o
  LD      fs/fuse/built-in.o
  CC      kernel/memremap.o
  CC      fs/btrfs/zlib.o
  CC      net/xfrm/xfrm_replay.o
  CC      fs/jffs2/ioctl.o
  CC      drivers/iio/industrialio-event.o
  CC [M]  net/wireless/nl80211.o
  CC      net/xfrm/xfrm_proc.o
  CC      drivers/gpu/drm/drm_modeset_lock.o
  CC      fs/jbd2/revoke.o
  CC      net/netfilter/nft_cmp.o
  CC      net/sunrpc/sysctl.o
  CHK     kernel/config_data.h
  UPD     kernel/config_data.h
  CC      kernel/configs.o
  CC      net/sctp/input.o
  CC [M]  net/mac80211/led.o
  CC      fs/btrfs/lzo.o
  CC      fs/jffs2/nodelist.o
  CC      fs/jffs2/malloc.o
  CC      net/ipv4/fou.o
  LD      kernel/built-in.o
  CC      drivers/iio/inkern.o
  LD      drivers/iio/accel/built-in.o
  CC      drivers/input/gameport/gameport.o
  CC      net/xfrm/xfrm_algo.o
  CC      fs/jbd2/journal.o
  CC      fs/ext4/hash.o
  CC      net/netfilter/nft_lookup.o
  CC      drivers/input/input.o
  CC      net/sunrpc/auth_gss/auth_gss.o
  CC      fs/btrfs/compression.o
  CC      drivers/gpu/drm/drm_atomic.o
  CC      fs/jffs2/read.o
  CC [M]  net/mac80211/mesh.o
  LD      drivers/iio/adc/built-in.o
  LD      drivers/iio/amplifiers/built-in.o
  LD      drivers/iio/buffer/built-in.o
  CC [M]  net/mac80211/mesh_pathtbl.o
  LD      drivers/iio/chemical/built-in.o
  LD      drivers/input/gameport/built-in.o
  CC      drivers/input/serio/serio.o
  LD      drivers/iio/common/hid-sensors/built-in.o
  CC      net/netfilter/nft_dynset.o
  LD      drivers/iio/common/ms_sensors/built-in.o
  LD      drivers/iio/common/ssp_sensors/built-in.o
  LD      drivers/iio/common/st_sensors/built-in.o
  LD      drivers/iio/common/built-in.o
  CC      net/ipv4/gre_demux.o
  CC      net/sctp/debug.o
  LD      drivers/iio/dac/built-in.o
  LD      drivers/iio/frequency/built-in.o
  CC      net/xfrm/xfrm_user.o
  CC      fs/jffs2/nodemgmt.o
  LD      drivers/iio/gyro/built-in.o
  LD      drivers/iio/humidity/built-in.o
  LD      drivers/iio/imu/inv_mpu6050/built-in.o
  LD      drivers/iio/imu/built-in.o
  LD      drivers/iio/light/built-in.o
  LD      drivers/iio/magnetometer/built-in.o
  CC      fs/btrfs/delayed-ref.o
  CC      drivers/gpu/drm/drm_bridge.o
  LD      drivers/iio/orientation/built-in.o
  LD      drivers/iio/potentiometer/built-in.o
  CC      net/netfilter/nft_bitwise.o
  LD      drivers/iio/pressure/built-in.o
  LD      drivers/iio/proximity/built-in.o
  CC      drivers/input/serio/serport.o
  LD      drivers/iio/temperature/built-in.o
  LD      drivers/iio/trigger/built-in.o
  LD      drivers/iio/industrialio.o
  CC      net/ipv4/ip_gre.o
  CC      fs/jffs2/readinode.o
  CC      drivers/input/input-compat.o
  CC      net/sctp/ssnmap.o
  CC      net/sunrpc/auth_gss/gss_generic_token.o
  LD      drivers/iio/built-in.o
  CC      net/ipv4/udp_tunnel.o
  CC      drivers/input/serio/libps2.o
  CC [M]  net/mac80211/mesh_plink.o
  CC      drivers/gpu/drm/ati_pcigart.o
  CC      drivers/input/input-mt.o
  CC      net/netfilter/nft_byteorder.o
  CC      net/sunrpc/auth_gss/gss_mech_switch.o
  LD      fs/jfs/built-in.o
  CC [M]  fs/jfs/super.o
  LD      fs/jbd2/jbd2.o
  LD      fs/jbd2/built-in.o
  CC      drivers/gpu/drm/drm_of.o
  LD      drivers/input/serio/built-in.o
  CC      drivers/input/ff-core.o
  CC      net/netfilter/nft_payload.o
  CC      net/sctp/auth.o
  CC      net/sctp/proc.o
  CC      fs/btrfs/relocation.o
  CC      net/sunrpc/auth_gss/svcauth_gss.o
  CC      fs/jffs2/write.o
  CC      net/sunrpc/auth_gss/gss_rpc_upcall.o
  CC      net/xfrm/xfrm_ipcomp.o
  LD      drivers/gpu/drm/bridge/built-in.o
  CC      drivers/input/ff-memless.o
  CC      net/ipv4/ip_vti.o
  LD      drivers/gpu/drm/i2c/built-in.o
  LD      drivers/gpu/drm/panel/built-in.o
  LD      drivers/gpu/drm/tilcdc/built-in.o
  CC [M]  fs/jfs/file.o
  LD      drivers/gpu/drm/drm.o
  CC      net/sunrpc/auth_gss/gss_rpc_xdr.o
  LD      drivers/gpu/drm/built-in.o
  LD      drivers/gpu/built-in.o
  CC [M]  net/wireless/mlme.o
  CC      net/netfilter/nf_tables_netdev.o
  CC [M]  net/mac80211/mesh_hwmp.o
  CC      fs/jffs2/scan.o
  CC      drivers/input/input-leds.o
  CC [M]  fs/jfs/inode.o
  CC      net/sctp/sysctl.o
  CC      fs/ext4/resize.o
  LD      net/xfrm/built-in.o
  CC      fs/ext4/extents.o
  CC      drivers/input/mousedev.o
  CC      fs/kernfs/mount.o
  CC      net/ipv4/syncookies.o
  CC      net/netfilter/nft_compat.o
  CC      net/netfilter/nft_exthdr.o
  CC [M]  fs/jfs/namei.o
  CC [M]  net/mac80211/mesh_sync.o
  LD      net/sunrpc/auth_gss/auth_rpcgss.o
  LD      net/sunrpc/auth_gss/built-in.o
  LD      net/sunrpc/sunrpc.o
  LD      net/sunrpc/built-in.o
  CC      fs/jffs2/gc.o
  LD      net/sctp/sctp.o
  CC      drivers/input/joydev.o
  CC [M]  net/wireless/ibss.o
  LD      net/sctp/built-in.o
  CC      fs/kernfs/inode.o
  CC [M]  fs/jfs/jfs_mount.o
  CC      fs/ext4/ext4_jbd2.o
  CC      fs/btrfs/delayed-inode.o
  CC      net/ipv4/ah4.o
  CC      drivers/input/evdev.o
  CC      fs/lockd/clntlock.o
  CC [M]  net/mac80211/mesh_ps.o
  CC      fs/kernfs/dir.o
  CC      net/netfilter/nft_meta.o
  CC [M]  fs/jfs/jfs_umount.o
  CC      fs/jffs2/symlink.o
  CC      fs/lockd/clntproc.o
  CC      fs/lockd/clntxdr.o
  CC [M]  net/wireless/sme.o
  CC      fs/jffs2/build.o
  CC [M]  fs/jfs/jfs_xtree.o
  CC      fs/nfs/client.o
  CC [M]  net/mac80211/pm.o
  CC      fs/kernfs/file.o
  CC      fs/kernfs/symlink.o
  CC      net/ipv4/esp4.o
  CC      drivers/input/joystick/xpad.o
  CC      net/netfilter/nft_ct.o
  CC [M]  fs/jfs/jfs_imap.o
  CC      fs/jffs2/erase.o
  CC      fs/ext4/migrate.o
  CC      drivers/iommu/iommu.o
  CC      fs/lockd/host.o
  CC      fs/btrfs/scrub.o
  LD      fs/kernfs/built-in.o
  CC      drivers/iommu/iommu-traces.o
  CC [M]  net/mac80211/rc80211_minstrel.o
  CC      net/netfilter/nft_limit.o
  LD      drivers/input/joystick/built-in.o
  CC      drivers/input/keyboard/atkbd.o
  CC      fs/jffs2/background.o
  CC      net/ipv4/ipcomp.o
  CC [M]  fs/jfs/jfs_debug.o
  CC      drivers/irqchip/irqchip.o
  CC [M]  net/wireless/chan.o
  CC      fs/nfs/dir.o
  CC      fs/ext4/mballoc.o
  CC      fs/jffs2/fs.o
  CC      fs/ext4/block_validity.o
  CC [M]  net/wireless/ethtool.o
  CC      drivers/irqchip/irq-gic.o
  CC [M]  net/wireless/mesh.o
  CC [M]  fs/jfs/jfs_dmap.o
  CC      net/netfilter/nft_nat.o
  CC      drivers/iommu/iommu-sysfs.o
  CC      fs/lockd/svc.o
  LD      drivers/input/keyboard/built-in.o
  CC      drivers/input/misc/uinput.o
  CC      net/ipv4/xfrm4_tunnel.o
  CC      drivers/irqchip/irq-gic-common.o
  CC [M]  net/mac80211/rc80211_minstrel_ht.o
  CC      drivers/iommu/io-pgtable.o
  CC      fs/jffs2/writev.o
  CC      drivers/iommu/io-pgtable-arm.o
  CC      drivers/iommu/of_iommu.o
  LD      drivers/irqchip/built-in.o
  CC      drivers/leds/led-core.o
  CC      net/netfilter/nft_queue.o
  CC      fs/lockd/svclock.o
  LD      drivers/lguest/built-in.o
  CC      fs/nfs_common/nfsacl.o
  CC [M]  net/wireless/ap.o
  CC      fs/jffs2/super.o
  LD      drivers/input/misc/built-in.o
  CC [M]  net/wireless/trace.o
  CC      drivers/input/mouse/psmouse-base.o
  CC      net/ipv4/xfrm4_mode_beet.o
  CC      drivers/leds/led-class.o
  CC      drivers/iommu/arm-smmu.o
  CC [M]  fs/jfs/jfs_unicode.o
  CC      fs/nfs_common/grace.o
  CC      drivers/leds/led-triggers.o
  LD      drivers/macintosh/built-in.o
  CC      fs/jffs2/debug.o
  CC      net/netfilter/nft_reject.o
  CC [M]  net/wireless/ocb.o
  LD      drivers/input/tablet/built-in.o
  CC      fs/lockd/svcshare.o
  CC [M]  drivers/input/tablet/wacom_serial4.o
  CC [M]  fs/jfs/jfs_dtree.o
  LD [M]  net/mac80211/mac80211.o
  CC      net/ipv4/inet_lro.o
  LD      fs/nfs_common/nfs_acl.o
  CC      fs/nfs/file.o
  LD      drivers/leds/trigger/built-in.o
  LD      fs/nfs_common/built-in.o
  CC      fs/btrfs/reada.o
  LD      drivers/leds/built-in.o
  CC      fs/ext4/move_extent.o
  CC      fs/jffs2/wbuf.o
  CC      drivers/input/mouse/synaptics.o
  CC      net/netfilter/nft_rbtree.o
  CC [M]  net/wireless/wext-compat.o
  CC      fs/lockd/svcproc.o
  LD      drivers/input/input-core.o
  CC [M]  fs/jfs/jfs_inode.o
  CC      net/ipv4/tunnel4.o
  CC      drivers/iommu/hisi-iommu.o
  CC [M]  fs/jfs/jfs_discard.o
  CC      net/netfilter/nft_hash.o
  CC [M]  fs/jfs/jfs_extent.o
  CC      net/netfilter/nft_counter.o
  CC      net/netfilter/nft_log.o
  CC      drivers/input/mouse/focaltech.o
  CC      fs/jffs2/compr_rtime.o
  CC      fs/lockd/svcsubs.o
  CC      fs/ext4/mmp.o
  CC      fs/lockd/mon.o
  CC      fs/nfs/getroot.o
  CC      net/ipv4/xfrm4_mode_transport.o
  CC      fs/btrfs/backref.o
  CC      drivers/iommu/hisi-iommu-domain.o
  LD      drivers/media/common/b2c2/built-in.o
  LD      drivers/media/common/saa7146/built-in.o
  LD      drivers/media/common/siano/built-in.o
  LD      drivers/media/common/built-in.o
  CC      fs/jffs2/compr_zlib.o
  LD      drivers/media/firewire/built-in.o
  CC      drivers/input/mouse/alps.o
  CC      net/netfilter/nft_masq.o
  LD      drivers/media/i2c/soc_camera/built-in.o
  CC      drivers/media/i2c/ir-kbd-i2c.o
  CC      fs/ext4/indirect.o
  CC      fs/nfs/inode.o
  LD      fs/jffs2/jffs2.o
  LD      fs/jffs2/built-in.o
  CC      net/netfilter/nft_redir.o
  CC      net/ipv4/xfrm4_mode_tunnel.o
  CC [M]  fs/jfs/symlink.o
  LD      drivers/iommu/built-in.o
  CC      fs/lockd/xdr.o
  CC      fs/btrfs/ulist.o
  CC      fs/btrfs/qgroup.o
  CC      fs/lockd/clnt4xdr.o
  CC      fs/nfs/super.o
  CC      fs/nfsd/trace.o
  LD      drivers/media/i2c/built-in.o
  CC [M]  fs/jfs/jfs_metapage.o
  LD      drivers/media/mmc/siano/built-in.o
  LD      drivers/media/mmc/built-in.o
  LD      drivers/media/pci/b2c2/built-in.o
  LD      drivers/media/pci/ddbridge/built-in.o
  LD      drivers/media/pci/dm1105/built-in.o
  LD      drivers/media/pci/mantis/built-in.o
  CC      drivers/media/platform/sh_veu.o
  LD      drivers/media/pci/netup_unidvb/built-in.o
  LD      drivers/media/pci/ngene/built-in.o
  LD      drivers/media/pci/pluto2/built-in.o
  LD      drivers/media/pci/pt1/built-in.o
  CC      net/netfilter/x_tables.o
  LD      drivers/media/pci/pt3/built-in.o
  CC      fs/nfsd/nfssvc.o
  LD      drivers/media/pci/saa7146/built-in.o
  CC      net/ipv4/ipconfig.o
  LD      drivers/media/pci/smipcie/built-in.o
  CC      net/netfilter/xt_tcpudp.o
  CC      drivers/input/mouse/logips2pp.o
  LD      drivers/media/pci/ttpci/built-in.o
  LD      drivers/media/pci/built-in.o
  CC      fs/ext4/extents_status.o
  CC      fs/lockd/xdr4.o
  CC      drivers/memory/of_memory.o
  CC      fs/nls/nls_base.o
  CC [M]  fs/jfs/jfs_logmgr.o
  CC      fs/ext4/xattr.o
  LD      drivers/memory/built-in.o
  CC      fs/nls/nls_cp437.o
  CC      drivers/input/mouse/trackpoint.o
  CC [M]  net/wireless/wext-sme.o
  CC      fs/nls/nls_cp936.o
  CC      drivers/media/platform/m2m-deinterlace.o
  CC [M]  fs/jfs/jfs_txnmgr.o
  CC      fs/nfsd/nfsctl.o
  CC      drivers/input/mouse/cypress_ps2.o
  CC      net/ipv4/netfilter.o
  CC      fs/nfs/direct.o
  CC      fs/lockd/svc4proc.o
  CC      net/netfilter/xt_nat.o
  CC      fs/btrfs/send.o
  CC [M]  fs/jfs/jfs_uniupr.o
  CC      fs/nls/nls_ascii.o
  CC [M]  fs/jfs/resize.o
  CC      fs/nls/nls_iso8859-1.o
  CC      fs/nls/nls_utf8.o
  CC      fs/ext4/xattr_user.o
  LD      drivers/media/radio/built-in.o
  LD      drivers/input/mouse/psmouse.o
  LD      drivers/mfd/built-in.o
  LD      drivers/input/mouse/built-in.o
  LD      drivers/media/platform/omap/built-in.o
  CC      fs/notify/fsnotify.o
  CC      fs/notify/notification.o
  LD      drivers/input/built-in.o
  LD      drivers/media/platform/built-in.o
  CC      fs/notify/group.o
  CC [M]  fs/nls/nls_cp737.o
  LD      drivers/misc/cb710/built-in.o
  CC      net/netfilter/xt_NETMAP.o
  LD      drivers/misc/eeprom/built-in.o
  CC      fs/lockd/procfs.o
  LD      drivers/misc/lis3lv02d/built-in.o
  LD      drivers/misc/mic/bus/built-in.o
  CC      drivers/media/rc/rc-main.o
  LD      drivers/misc/mic/built-in.o
  CC      fs/nfsd/nfsproc.o
  LD      drivers/misc/ti-st/built-in.o
  LD      drivers/misc/built-in.o
  CC [M]  fs/nls/nls_cp775.o
  CC      fs/ext4/xattr_trusted.o
  CC      net/ipv4/netfilter/nf_conntrack_l3proto_ipv4_compat.o
  CC      fs/nfs/pagelist.o
  CC      drivers/mmc/card/block.o
  CC      fs/notify/inode_mark.o
  CC [M]  fs/nls/nls_cp850.o
  CC      drivers/media/rc/keymaps/rc-adstech-dvb-t-pci.o
  CC      drivers/mmc/core/core.o
  CC [M]  fs/jfs/xattr.o
  CC      drivers/mmc/card/queue.o
  LD      fs/lockd/lockd.o
  LD      fs/lockd/built-in.o
  CC      drivers/mmc/core/bus.o
  CC [M]  fs/nls/nls_cp852.o
  CC      fs/ext4/inline.o
  CC      net/netfilter/xt_REDIRECT.o
  CC      drivers/media/rc/keymaps/rc-alink-dtu-m.o
  CC      fs/nfsd/nfsfh.o
  CC      fs/notify/mark.o
  CC [M]  fs/nls/nls_cp855.o
  CC      net/ipv4/netfilter/nf_conntrack_l3proto_ipv4.o
  CC      drivers/media/tuners/tuner-xc2028.o
  CC      drivers/media/rc/keymaps/rc-anysee.o
  CC      drivers/media/tuners/tuner-simple.o
  CC      drivers/media/tuners/tuner-types.o
  CC [M]  fs/nls/nls_cp857.o
  CC [M]  fs/jfs/ioctl.o
  CC      drivers/media/rc/keymaps/rc-apac-viewcomp.o
  CC      fs/notify/vfsmount_mark.o
  CC      net/netfilter/xt_addrtype.o
  CC [M]  fs/nls/nls_cp860.o
  CC      fs/nfsd/vfs.o
  CC      drivers/media/tuners/mt20xx.o
  CC      fs/nfs/read.o
  CC      drivers/media/rc/keymaps/rc-asus-pc39.o
  CC [M]  fs/jfs/acl.o
  CC [M]  fs/nls/nls_cp861.o
  CC      fs/notify/fdinfo.o
  CC      net/ipv4/netfilter/nf_conntrack_proto_icmp.o
  CC      drivers/media/rc/keymaps/rc-asus-ps3-100.o
  CC [M]  fs/nls/nls_cp862.o
  CC      fs/ext4/readpage.o
  CC      drivers/mmc/card/sdio_uart.o
  LD [M]  fs/jfs/jfs.o
  CC      drivers/mmc/core/host.o
  LD      net/wireless/built-in.o
  CC      fs/btrfs/dev-replace.o
  LD [M]  net/wireless/cfg80211.o
  CC      drivers/media/rc/keymaps/rc-ati-tv-wonder-hd-600.o
  CC      fs/notify/dnotify/dnotify.o
  CC      drivers/media/rc/rc-ir-raw.o
  CC [M]  fs/nls/nls_cp863.o
  CC      net/netfilter/xt_conntrack.o
  CC      drivers/media/tuners/tda8290.o
  CC      net/netfilter/xt_socket.o
  LD      drivers/msp/adac/slic/built-in.o
  CC [M]  drivers/msp/adac/slic/./profiles/profiles8.o
  CC [M]  fs/nls/nls_cp864.o
  CC      drivers/media/rc/keymaps/rc-ati-x10.o
  CC [M]  drivers/msp/adac/slic/./hal/vp_hal.o
  CC      fs/nfs/symlink.o
  CC      fs/ext4/sysfs.o
  CC      fs/nfsd/export.o
  LD      fs/notify/dnotify/built-in.o
  LD      fs/notify/fanotify/built-in.o
  CC      fs/notify/inotify/inotify_fsnotify.o
  CC      net/ipv4/netfilter/nf_nat_l3proto_ipv4.o
  LD      drivers/msp/adec/adec_v1_1/built-in.o
  CC [M]  drivers/msp/adec/adec_v1_1/drv_adec.o
  CC [M]  fs/nls/nls_cp865.o
  CC      drivers/media/rc/keymaps/rc-avermedia-a16d.o
  LD      drivers/media/usb/b2c2/built-in.o
  CC      drivers/mmc/core/mmc.o
  LD      drivers/media/usb/dvb-usb/built-in.o
  LD      drivers/media/usb/dvb-usb-v2/built-in.o
  LD      drivers/media/usb/gspca/built-in.o
  CC [M]  drivers/media/usb/gspca/gspca.o
  LD      drivers/mmc/card/mmc_block.o
  LD      drivers/mmc/card/built-in.o
  CC      drivers/media/tuners/tda9887.o
  CC [M]  fs/nls/nls_cp866.o
  CC      fs/notify/inotify/inotify_user.o
  CC [M]  fs/nls/nls_cp869.o
  CC [M]  drivers/msp/adac/slic/./hal/sys_service.o
  CC      net/netfilter/xt_state.o
  CC      drivers/media/rc/keymaps/rc-avermedia.o
  CC [M]  drivers/msp/adac/slic/./common/vp_api_init.o
  CC      fs/ext4/acl.o
  CC      net/ipv4/inet_diag.o
  CC      fs/btrfs/raid56.o
  CC      fs/nfs/unlink.o
  CC      drivers/mtd/mtdcore.o
  CC [M]  fs/nls/nls_cp874.o
  CC      drivers/media/rc/keymaps/rc-avermedia-cardbus.o
  CC [M]  drivers/msp/adec/adec_v1_1/drv_adec_k.o
  CC [M]  drivers/msp/adac/slic/./common/vp_api_control.o
  CC [M]  fs/nls/nls_cp932.o
  CC      fs/nfsd/auth.o
  CC      net/ipv4/netfilter/nf_nat_proto_icmp.o
  CC      drivers/media/rc/keymaps/rc-avermedia-dvbt.o
  CC      drivers/media/tuners/tda827x.o
  CC [M]  drivers/msp/adac/slic/./common/vp_api_query.o
  LD      fs/notify/inotify/built-in.o
  LD      fs/notify/built-in.o
  CC      net/netfilter/ipset/ip_set_core.o
  CC      drivers/media/rc/keymaps/rc-avermedia-m135a.o
  CC      fs/ext4/xattr_security.o
  LD [M]  drivers/msp/adec/adec_v1_1/hi_adec.o
  CC [M]  drivers/msp/adac/slic/./common/vp_api_common.o
  CC [M]  fs/nls/nls_euc-jp.o
  LD      drivers/msp/adec/built-in.o
  CC      drivers/media/rc/ir-nec-decoder.o
  CC      drivers/mmc/core/mmc_ops.o
  CC      fs/nfsd/lockd.o
  CC      drivers/media/rc/keymaps/rc-avermedia-m733a-rm-k6.o
  LD      drivers/msp/adsp/adsp_v1_1/built-in.o
  CC [M]  drivers/msp/adsp/adsp_v1_1/drv_adsp_intf.o
  CC      drivers/mtd/mtdsuper.o
  CC [M]  fs/nls/nls_cp949.o
  CC      net/ipv4/netfilter/nf_defrag_ipv4.o
  CC      drivers/media/rc/keymaps/rc-avermedia-rm-ks.o
  CC      drivers/media/tuners/tda18271-maps.o
  CC [M]  drivers/media/usb/gspca/autogain_functions.o
  CC [M]  drivers/msp/adac/slic/./common/vp_api_cslac_seq.o
  CC      fs/nfs/write.o
  LD      fs/ext4/ext4.o
  CC [M]  drivers/msp/adsp/adsp_v1_1/drv_adsp.o
  CC [M]  drivers/msp/adsp/adsp_v1_1/drv_adsp_hal.o
  LD      fs/ext4/built-in.o
  CC      fs/nfsd/nfscache.o
  CC      drivers/mtd/mtdconcat.o
  CC      drivers/media/rc/keymaps/rc-avertv-303.o
  CC      drivers/media/v4l2-core/v4l2-dev.o
  LD      drivers/media/usb/s2255/built-in.o
  CC      drivers/mmc/host/ushc.o
  CC      fs/btrfs/uuid-tree.o
  CC      drivers/mmc/core/sd.o
  CC [M]  drivers/msp/adac/slic/./common/vp_api_config.o
  CC      drivers/media/tuners/tda18271-common.o
  CC [M]  fs/nls/nls_cp950.o
  CC      drivers/media/rc/keymaps/rc-azurewave-ad-tu700.o
  CC      net/ipv4/netfilter/nf_reject_ipv4.o
  LD [M]  drivers/media/usb/gspca/gspca_main.o
  CC      drivers/media/v4l2-core/v4l2-ioctl.o
  CC [M]  drivers/msp/adsp/adsp_v1_1/drv_adsp_proc.o
  LD      drivers/media/usb/siano/built-in.o
  CC [M]  drivers/msp/adac/slic/./common/vp_debug.o
  LD      drivers/media/usb/stkwebcam/built-in.o
  LD      drivers/media/usb/ttusb-budget/built-in.o
  LD      drivers/media/usb/ttusb-dec/built-in.o
  CC      drivers/media/rc/keymaps/rc-behold.o
  CC [M]  drivers/msp/adac/slic/./common/vp_api_test.o
  CC      drivers/media/usb/uvc/uvc_driver.o
  CC      drivers/mmc/host/himciv200/himciv200.o
  CC [M]  fs/nls/nls_cp1250.o
  CC [M]  drivers/msp/adac/slic/./vp890_api/vp890_config.o
  CC      drivers/mtd/mtdpart.o
  CC      drivers/media/tuners/tda18271-fe.o
  CC      drivers/media/rc/keymaps/rc-behold-columbus.o
  CC      fs/nfsd/nfsxdr.o
  CC      net/netfilter/ipset/ip_set_getport.o
  CC      fs/btrfs/props.o
  CC [M]  drivers/msp/adac/slic/./vp890_api/vp890_init.o
  CC [M]  fs/nls/nls_cp1251.o
  CC      drivers/media/rc/ir-rc5-decoder.o
  CC      net/ipv4/netfilter/nf_nat_masquerade_ipv4.o
  CC      drivers/media/rc/keymaps/rc-budget-ci-old.o
  CC      drivers/mmc/core/sd_ops.o
  CC [M]  drivers/msp/adsp/adsp_v1_1/osal/adsp_osal.o
  CC [M]  fs/nls/nls_iso8859-2.o
  AS [M]  drivers/msp/adsp/adsp_v1_1/./hifi_32bit/common/linear/linear.o
  CC      drivers/media/rc/keymaps/rc-cinergy-1400.o
  CC      net/ipv4/netfilter/nf_tables_ipv4.o
  CC [M]  drivers/msp/adac/slic/./vp890_api/vp890_control.o
  CC [M]  fs/nls/nls_iso8859-3.o
  CC      fs/nfsd/stats.o
  CC      fs/nfs/namespace.o
  CC      net/netfilter/ipset/pfxlen.o
  CC      drivers/mmc/core/sdio.o
  CC [M]  fs/nls/nls_iso8859-4.o
  CC      drivers/media/rc/keymaps/rc-cinergy.o
  CC      drivers/mtd/mtdchar.o
  AS [M]  drivers/msp/adsp/adsp_v1_1/./hifi_32bit/common/mem/dsp_mem.o
  CC      drivers/mmc/core/sdio_ops.o
  AS [M]  drivers/msp/adsp/adsp_v1_1/./hifi_32bit/common/resampler/resample_rom.o
  CC      fs/btrfs/hash.o
  CC      drivers/mmc/host/himciv200/himciv200_dbg.o
  CC      drivers/media/tuners/xc5000.o
  AS [M]  drivers/msp/adsp/adsp_v1_1/./hifi_32bit/common/resampler/resample.o
  CC [M]  fs/nls/nls_iso8859-5.o
  CC      drivers/media/rc/keymaps/rc-delock-61959.o
  AS [M]  drivers/msp/adsp/adsp_v1_1/./hifi_32bit/common/util/dsp_util.o
  CC      fs/nfsd/nfs2acl.o
  AS [M]  drivers/msp/adsp/adsp_v1_1/./hifi_32bit/common/ringbuf/dsp_ringbuf.o
  CC [M]  drivers/msp/adac/slic/./vp890_api/vp890_common.o
  AS [M]  drivers/msp/adsp/adsp_v1_1/./hifi_32bit/common/basicop/basicop.o
  CC      drivers/media/usb/uvc/uvc_queue.o
  CC      fs/btrfs/acl.o
  AS [M]  drivers/msp/adsp/adsp_v1_1/./hifi_32bit/common/timer/system_timer.o
  CC      drivers/media/v4l2-core/v4l2-device.o
  CC      net/ipv4/netfilter/nft_chain_route_ipv4.o
  CC [M]  fs/nls/nls_iso8859-6.o
  AS [M]  drivers/msp/adsp/adsp_v1_1/./hifi_32bit/sw_main.o
  AS [M]  drivers/msp/adsp/adsp_v1_1/./hifi_32bit/aoe/src/aop/aoe_aop.o
  CC      drivers/media/rc/keymaps/rc-dib0700-nec.o
  CC [M]  drivers/msp/adac/slic/./vp890_api/vp890_apiCal.o
  CC      net/ipv4/netfilter/nft_chain_nat_ipv4.o
  AS [M]  drivers/msp/adsp/adsp_v1_1/./hifi_32bit/aoe/src/aop/aoe_cast.o
  LD      net/netfilter/ipset/ip_set.o
  LD      net/netfilter/ipset/built-in.o
  CC      fs/nfs/mount_clnt.o
  AS [M]  drivers/msp/adsp/adsp_v1_1/./hifi_32bit/aoe/src/aip/aoe_aip.o
  LD      net/netfilter/netfilter.o
  LD      net/netfilter/nf_conntrack.o
  LD      net/netfilter/nf_nat.o
  LD      drivers/mmc/host/himciv200/built-in.o
  LD      net/netfilter/nf_tables.o
  AS [M]  drivers/msp/adsp/adsp_v1_1/./hifi_32bit/aoe/src/engine/aoe_engine.o
  LD      drivers/mmc/host/built-in.o
  CC [M]  fs/nls/nls_iso8859-7.o
  LD      net/netfilter/built-in.o
  CC      drivers/mmc/core/sdio_bus.o
  AS [M]  drivers/msp/adsp/adsp_v1_1/./hifi_32bit/aoe/src/aoe_main.o
  CC      drivers/media/rc/keymaps/rc-dib0700-rc5.o
  LD      drivers/msp/advca/built-in.o
  AS [M]  drivers/msp/adsp/adsp_v1_1/./hifi_32bit/aoe/src/aoe_reg.o
  CC [M]  drivers/msp/advca/drv_advca_intf.o
  CC      fs/nfsd/nfs3proc.o
  LD [M]  drivers/msp/adsp/adsp_v1_1/hi_adsp.o
  CC      drivers/net/Space.o
  LD      drivers/msp/adsp/built-in.o
  CC      drivers/media/usb/uvc/uvc_v4l2.o
  CC      drivers/mtd/ofpart.o
  LD      drivers/msp/aenc/built-in.o
  CC [M]  drivers/msp/aenc/drv_aenc.o
  CC      drivers/media/v4l2-core/v4l2-fh.o
  CC [M]  fs/nls/nls_cp1255.o
  CC      drivers/media/tuners/xc4000.o
  CC      drivers/media/rc/keymaps/rc-digitalnow-tinytwin.o
  LD      fs/btrfs/btrfs.o
  CC [M]  drivers/msp/advca/drv_advca.o
  LD      fs/btrfs/built-in.o
  CC [M]  fs/nls/nls_iso8859-9.o
  CC      drivers/net/loopback.o
  CC      net/ipv4/netfilter/nft_reject_ipv4.o
  CC      drivers/media/v4l2-core/v4l2-event.o
  CC      drivers/mtd/cmdlinepart.o
  CC      drivers/mmc/core/sdio_cis.o
  CC      drivers/media/rc/keymaps/rc-digittrade.o
  CC      fs/nfs/nfstrace.o
  CC      fs/nfsd/nfs3xdr.o
  CC      net/ipv4/netfilter/nft_masq_ipv4.o
  CC [M]  fs/nls/nls_iso8859-13.o
  CC      drivers/media/rc/keymaps/rc-dm1105-nec.o
  LD [M]  drivers/msp/aenc/hi_aenc.o
  CC      net/ipv4/tcp_diag.o
  CC [M]  drivers/msp/advca/drv_advca_common.o
  CC [M]  drivers/msp/adac/slic/./vp890_api/vp890_query.o
  CC      drivers/mtd/mtd_blkdevs.o
  CC      drivers/media/media-device.o
  CC      drivers/media/usb/uvc/uvc_video.o
  CC [M]  fs/nls/nls_iso8859-14.o
  CC      drivers/media/rc/keymaps/rc-dntv-live-dvb-t.o
  CC      drivers/media/v4l2-core/v4l2-ctrls.o
  CC      drivers/mmc/core/sdio_io.o
  CC      drivers/media/v4l2-core/v4l2-subdev.o
  CC [M]  fs/nls/nls_iso8859-15.o
  CC      drivers/media/tuners/mc44s803.o
  CC [M]  drivers/msp/advca/drv_tee_advca.o
  CC      net/ipv4/netfilter/nft_redir_ipv4.o
  CC [M]  drivers/msp/adac/slic/./vp890_api/vp890_seq.o
  CC      drivers/media/rc/keymaps/rc-dntv-live-dvbt-pro.o
  CC      drivers/net/phy/phy.o
  LD      drivers/net/ethernet/3com/built-in.o
  CC [M]  fs/nls/nls_koi8-r.o
  LD      drivers/net/ethernet/8390/built-in.o
  CC [M]  drivers/msp/advca/V300/hal_advca_v300.o
  LD      drivers/net/ethernet/adaptec/built-in.o
  CC      drivers/mtd/mtdblock.o
  LD      drivers/net/ethernet/agere/built-in.o
  CC [M]  drivers/msp/advca/V300/drv_advca_v300.o
  LD      drivers/net/ethernet/alteon/built-in.o
  LD      drivers/net/ethernet/amd/built-in.o
  CC      fs/nfsd/nfs3acl.o
  CC      drivers/media/rc/keymaps/rc-dvbsky.o
  LD      drivers/net/ethernet/arc/built-in.o
  LD      drivers/media/tuners/tda18271.o
  CC [M]  drivers/msp/adac/slic/./vp890_api/vp890_fxo_control.o
  LD      drivers/media/tuners/built-in.o
  LD      drivers/net/ethernet/atheros/built-in.o
  CC      drivers/media/v4l2-core/v4l2-clk.o
  CC [M]  fs/nls/nls_koi8-u.o
  LD      drivers/net/ethernet/broadcom/built-in.o
  LD      drivers/net/ethernet/brocade/built-in.o
  LD      drivers/net/ethernet/cadence/built-in.o
  CC      net/ipv4/netfilter/nft_dup_ipv4.o
  LD      drivers/net/ethernet/cavium/liquidio/built-in.o
  CC      drivers/mmc/core/sdio_irq.o
  LD      drivers/net/ethernet/cavium/thunder/built-in.o
  LD      drivers/net/ethernet/cavium/built-in.o
  CC [M]  fs/nls/nls_koi8-ru.o
  CC      drivers/media/rc/keymaps/rc-em-terratec.o
  LD      drivers/net/ethernet/chelsio/built-in.o
  LD      drivers/net/ethernet/cirrus/built-in.o
  CC      fs/ntfs/aops.o
  CC      drivers/mtd/chips/chipreg.o
  LD      drivers/net/ethernet/cisco/built-in.o
  CC      drivers/media/usb/uvc/uvc_ctrl.o
  LD      drivers/net/ethernet/dec/built-in.o
  LD      drivers/net/ethernet/dlink/built-in.o
  CC [M]  drivers/msp/adac/slic/./vp890_api/vp890_fxs_control.o
  CC      fs/nfsd/nfs4proc.o
  CC      drivers/net/phy/phy_device.o
  LD      drivers/net/ethernet/emulex/built-in.o
  LD      fs/nls/built-in.o
  LD      drivers/net/ethernet/ezchip/built-in.o
  CC      fs/ntfs/attrib.o
  LD      drivers/net/ethernet/faraday/built-in.o
  CC      drivers/media/rc/keymaps/rc-encore-enltv2.o
  CC      drivers/net/ethernet/hieth/mdio.o
  CC      drivers/mtd/devices/block2mtd.o
  LD      drivers/mtd/chips/built-in.o
  CC      drivers/net/ethernet/hieth/hieth.o
  CC      fs/nfs/nfsroot.o
  CC      drivers/mmc/core/quirks.o
  CC      net/ipv4/netfilter/nf_tables_arp.o
  CC      drivers/media/rc/keymaps/rc-encore-enltv.o
  CC [M]  drivers/msp/adac/slic/./vp890_api/vp890_lp_control.o
  CC [M]  drivers/msp/adac/slic/./slac.o
  CC      drivers/mmc/core/slot-gpio.o
  CC      drivers/media/rc/keymaps/rc-encore-enltv-fm53.o
  CC      fs/nfs/sysctl.o
  CC      drivers/media/v4l2-core/v4l2-async.o
  LD      drivers/mtd/devices/built-in.o
  LD      drivers/mtd/lpddr/built-in.o
  CC      drivers/net/ppp/ppp_generic.o
  LD      drivers/mtd/maps/built-in.o
  CC      drivers/media/rc/keymaps/rc-evga-indtube.o
  CC      drivers/mtd/nand/nand_base.o
  CC      drivers/media/usb/uvc/uvc_status.o
  CC      net/ipv4/netfilter/ip_tables.o
  CC      drivers/net/phy/mdio_bus.o
  CC [M]  drivers/msp/advca/ca_otp/ca_otpv200/drv_ca_otp_v200.o
  CC      drivers/mmc/core/pwrseq.o
  CC [M]  drivers/msp/adac/slic/./slac89116.o
  CC      drivers/media/rc/keymaps/rc-eztv.o
  CC      drivers/media/rc/ir-rc6-decoder.o
  CC      fs/nfsd/nfs4xdr.o
  CC      fs/nfsd/nfs4state.o
  CC      drivers/media/v4l2-core/v4l2-of.o
  CC      fs/nfs/fscache.o
  CC      drivers/net/ethernet/hieth/phy.o
  CC      drivers/media/rc/keymaps/rc-flydvb.o
  CC      fs/ntfs/collate.o
  CC      drivers/media/usb/uvc/uvc_isight.o
  CC      drivers/mmc/core/pwrseq_simple.o
  CC      drivers/media/v4l2-core/vb2-trace.o
  LD [M]  drivers/msp/adac/slic/hi_slic.o
  CC      drivers/mmc/core/pwrseq_emmc.o
  LD      drivers/msp/adac/built-in.o
  LD      drivers/nfc/built-in.o
  CC      drivers/media/rc/keymaps/rc-flyvideo.o
  LD      drivers/net/phy/libphy.o
  CC      fs/overlayfs/super.o
  LD      drivers/net/phy/built-in.o
  LD      drivers/net/ethernet/hisilicon/built-in.o
  LD      drivers/media/usb/zr364xx/built-in.o
  LD      drivers/mtd/onenand/built-in.o
  CC      drivers/net/ppp/ppp_async.o
  CC      fs/ntfs/compress.o
  CC      drivers/media/rc/keymaps/rc-fusionhdtv-mce.o
  CC      drivers/media/usb/uvc/uvc_debugfs.o
  CC      drivers/media/v4l2-core/v4l2-trace.o
  CC      fs/ntfs/debug.o
  CC      drivers/mmc/core/debugfs.o
  CC      drivers/net/ethernet/hieth/autoeee.o
  CC      net/ipv4/netfilter/iptable_filter.o
  CC      fs/nfs/fscache-index.o
  CC      drivers/media/rc/keymaps/rc-gadmei-rm008z.o
  CC [M]  drivers/msp/advca/runtime/sha1.o
  CC      drivers/media/rc/keymaps/rc-genius-tvgo-a11mce.o
  CC      drivers/media/usb/uvc/uvc_entity.o
  CC      fs/overlayfs/inode.o
  LD      drivers/net/ethernet/hp/built-in.o
  CC      drivers/net/slip/slhc.o
  CC      drivers/media/v4l2-core/v4l2-common.o
  CC      drivers/net/ethernet/hieth/hieth_dbg.o
  LD      drivers/mmc/core/mmc_core.o
  LD      drivers/mmc/core/built-in.o
  LD      drivers/mmc/built-in.o
  CC      fs/nfs/nfs2super.o
  CC      drivers/net/ppp/bsd_comp.o
  CC      drivers/media/media-devnode.o
  CC      net/ipv4/netfilter/iptable_mangle.o
  CC      drivers/media/rc/keymaps/rc-gotview7135.o
  CC      fs/ntfs/dir.o
  CC      fs/overlayfs/dir.o
  CC      drivers/mtd/nand/nand_bbt.o
  CC      fs/nfsd/nfs4idmap.o
  LD      drivers/media/usb/uvc/uvcvideo.o
  LD      drivers/media/usb/uvc/built-in.o
  LD      drivers/media/usb/built-in.o
  CC      drivers/media/rc/keymaps/rc-imon-mce.o
  CC      net/ipv4/udp_diag.o
  LD      drivers/net/ethernet/hieth/built-in.o
  CC      drivers/media/v4l2-core/v4l2-dv-timings.o
  CC      drivers/net/ppp/ppp_deflate.o
  LD      drivers/net/ethernet/i825xx/built-in.o
  LD      drivers/net/ethernet/intel/built-in.o
  LD      drivers/net/ethernet/marvell/built-in.o
  LD      drivers/net/ethernet/mellanox/built-in.o
  CC      drivers/media/rc/ir-jvc-decoder.o
  LD      drivers/net/ethernet/micrel/built-in.o
  LD      drivers/net/ethernet/microchip/built-in.o
  CC      drivers/media/rc/keymaps/rc-imon-pad.o
  LD      drivers/net/ethernet/myricom/built-in.o
  LD      drivers/net/ethernet/natsemi/built-in.o
  CC      fs/nfs/proc.o
  LD      drivers/net/ethernet/neterion/built-in.o
  CC      net/ipv4/netfilter/iptable_nat.o
  LD      drivers/net/ethernet/nvidia/built-in.o
  LD      drivers/net/ethernet/oki-semi/built-in.o
  CC      drivers/net/ppp/ppp_synctty.o
  LD      drivers/net/ethernet/packetengines/built-in.o
  CC      fs/overlayfs/readdir.o
  LD      drivers/net/ethernet/qlogic/built-in.o
  CC      drivers/media/rc/keymaps/rc-iodata-bctv7e.o
  LD      drivers/net/ethernet/qualcomm/built-in.o
  CC      drivers/mtd/nand/nand_timings.o
  LD      drivers/net/ethernet/rdc/built-in.o
  LD      drivers/net/slip/built-in.o
  LD      drivers/net/ethernet/realtek/built-in.o
  LD      drivers/net/usb/built-in.o
  LD      drivers/net/ethernet/renesas/built-in.o
  CC      net/ipv4/tcp_cubic.o
  LD      drivers/mtd/tests/built-in.o
  CC      drivers/media/v4l2-core/v4l2-mem2mem.o
  LD      drivers/net/ethernet/rocker/built-in.o
  CC      fs/ntfs/file.o
  LD      drivers/net/ethernet/samsung/built-in.o
  LD      drivers/nvme/host/built-in.o
  LD      drivers/net/ethernet/seeq/built-in.o
  LD      drivers/nvme/built-in.o
  CC [M]  drivers/msp/advca/runtime/runtime_module.o
  LD      drivers/net/ethernet/silan/built-in.o
  LD      drivers/net/ethernet/sis/built-in.o
  CC      drivers/media/rc/keymaps/rc-it913x-v1.o
  LD      drivers/msp/aiao/aiao_v1_1/built-in.o
  CC      drivers/media/media-entity.o
  CC      fs/proc/task_mmu.o
  CC [M]  drivers/msp/aiao/aiao_v1_1/drv_aiao_module.o
  LD      drivers/net/ethernet/smsc/built-in.o
  LD      drivers/net/ethernet/stmicro/built-in.o
  CC      drivers/mtd/nand/hinfc_gen.o
  LD      drivers/net/ethernet/sun/built-in.o
  LD      drivers/net/ethernet/synopsys/built-in.o
  LD      drivers/net/ethernet/tehuti/built-in.o
  CC      fs/nfs/nfs2xdr.o
  LD      drivers/net/ethernet/ti/built-in.o
  CC      net/ipv4/netfilter/iptable_security.o
  LD      drivers/net/ethernet/via/built-in.o
  LD      drivers/net/ethernet/wiznet/built-in.o
  CC      drivers/media/rc/keymaps/rc-it913x-v2.o
  LD      drivers/net/ethernet/built-in.o
  CC [M]  drivers/msp/aiao/aiao_v1_1/common/src/audio_util.o
  CC      fs/overlayfs/copy_up.o
  CC      drivers/mtd/nand/hinfc_spl_ids.o
  LD [M]  drivers/msp/advca/hi_advca.o
  CC      drivers/media/rc/ir-sony-decoder.o
  CC      drivers/media/rc/ir-sanyo-decoder.o
  LD      drivers/net/ppp/built-in.o
  CC      drivers/media/v4l2-core/videobuf2-core.o
  CC      drivers/media/v4l2-core/videobuf2-v4l2.o
  CC      fs/nfsd/nfs4acl.o
  CC      drivers/media/rc/keymaps/rc-kaiomy.o
  CC      net/ipv4/tcp_memcontrol.o
  LD      drivers/net/wireless/ath/built-in.o
  CC [M]  drivers/net/wireless/ath/main.o
  CC      drivers/mtd/ubi/vtbl.o
  CC      drivers/mtd/nand/nand_ecc.o
  CC      net/ipv4/netfilter/ipt_MASQUERADE.o
  CC      fs/proc/inode.o
  CC      drivers/media/rc/keymaps/rc-kworld-315u.o
  CC      drivers/mtd/ubi/vmt.o
  LD      fs/overlayfs/overlay.o
  LD      fs/overlayfs/built-in.o
  CC      drivers/media/rc/keymaps/rc-kworld-pc150u.o
  CC      net/ipv4/xfrm4_policy.o
  CC      fs/nfs/nfs3super.o
  CC [M]  drivers/msp/aiao/aiao_v1_1/common/src/hal_aiao.o
  CC      drivers/mtd/nand/nand_ids.o
  CC      fs/nfsd/nfs4callback.o
  CC      drivers/media/rc/keymaps/rc-kworld-plus-tv-analog.o
  LD      drivers/msp/cipher/built-in.o
  CC [M]  drivers/msp/cipher/drv_cipher.o
  CC [M]  drivers/net/wireless/ath/regd.o
  CC [M]  drivers/msp/cipher/hal_cipher.o
  CC      drivers/media/rc/keymaps/rc-leadtek-y04g0051.o
  CC      fs/ntfs/index.o
  CC      fs/proc/root.o
  CC      net/ipv4/netfilter/ipt_REJECT.o
  CC      drivers/nvmem/core.o
  CC      drivers/mtd/nand/hinfc610/hinfc610.o
  LD      drivers/net/wireless/realtek/built-in.o
  CC      fs/quota/dquot.o
  CC      drivers/mtd/ubi/upd.o
  CC      drivers/media/rc/keymaps/rc-lirc.o
  CC      drivers/media/v4l2-core/videobuf2-memops.o
  CC      fs/nfs/nfs3client.o
  CC      net/ipv4/xfrm4_state.o
  CC      fs/proc/base.o
  CC      fs/ntfs/inode.o
  CC      fs/nfsd/nfs4recover.o
  CC [M]  drivers/net/wireless/ath/hw.o
  LD      drivers/nvmem/nvmem_core.o
  LD      drivers/nvmem/built-in.o
  CC      drivers/media/rc/keymaps/rc-lme2510.o
  CC      fs/quota/quota.o
  CC      net/ipv4/netfilter/ipt_SYNPROXY.o
  CC      drivers/mtd/ubi/build.o
  CC      drivers/media/v4l2-core/videobuf2-vmalloc.o
  CC [M]  drivers/msp/aiao/aiao_v1_1/common/src/hal_aiao_func.o
  CC      drivers/media/rc/keymaps/rc-manli.o
  CC      fs/nfs/nfs3proc.o
  CC [M]  drivers/msp/cipher/drv_cipher_intf.o
  CC      drivers/mtd/nand/hinfc610/hinfc610_os.o
  CC      net/ipv4/xfrm4_input.o
  CC [M]  drivers/net/wireless/ath/key.o
  CC      drivers/media/rc/ir-sharp-decoder.o
  CC      drivers/media/rc/keymaps/rc-medion-x10.o
  CC      drivers/media/v4l2-core/videobuf2-dma-contig.o
  CC      drivers/media/rc/keymaps/rc-medion-x10-digitainer.o
  CC      drivers/mtd/ubi/cdev.o
  CC      drivers/media/rc/keymaps/rc-medion-x10-or2x.o
  CC      net/ipv4/netfilter/arp_tables.o
  CC      drivers/mtd/nand/hinfc610/hinfc610_gen.o
  LD      drivers/media/media.o
  CC [M]  drivers/msp/cipher/drv_rsa_bignum.o
  CC      fs/proc/generic.o
  CC [M]  drivers/msp/aiao/aiao_v1_1/common/src/hal_aiao_priv.o
  CC [M]  drivers/net/wireless/zd1201.o
  CC      fs/nfsd/nfs4layouts.o
  CC      net/ipv4/xfrm4_output.o
  CC      fs/quota/kqid.o
  CC      drivers/media/rc/keymaps/rc-msi-digivox-ii.o
  CC      drivers/mtd/nand/hinfc610/hinfc610_dbg_inf.o
  CC [M]  drivers/net/wireless/ath/dfs_pattern_detector.o
  CC      fs/nfs/nfs3xdr.o
  LD      drivers/media/v4l2-core/videodev.o
  CC [M]  fs/quota/quota_v1.o
  LD      drivers/media/v4l2-core/built-in.o
  CC      drivers/media/rc/keymaps/rc-msi-digivox-iii.o
  CC      fs/ramfs/inode.o
  CC      drivers/of/base.o
  CC      fs/proc/array.o
  CC      drivers/mtd/nand/hinfc610/hinfc610_ecc_info.o
  CC [M]  fs/quota/quota_v2.o
  CC      drivers/media/rc/keymaps/rc-msi-tvanywhere.o
  CC [M]  drivers/net/wireless/ath/dfs_pri_detector.o
  CC      fs/ntfs/mft.o
  LD      drivers/msp/dbe/built-in.o
  CC [M]  drivers/msp/dbe/hi_dbe.o
  CC      drivers/mtd/ubi/kapi.o
  CC      drivers/media/rc/keymaps/rc-msi-tvanywhere-plus.o
  CC      fs/ramfs/file-mmu.o
  CC      fs/nfsd/blocklayout.o
  CC [M]  drivers/msp/cipher/drv_rsa.o
  CC      net/ipv4/netfilter/arpt_mangle.o
  CC      drivers/mtd/nand/hinfc610/hinfc610_rw_latch.o
  CC [M]  fs/quota/quota_tree.o
  CC      drivers/mtd/nand/hinfc610/hinfc610_read_retry_hynix_bg_cdie.o
  CC      fs/proc/fd.o
  CC      drivers/media/rc/keymaps/rc-nebula.o
  CC [M]  drivers/msp/aiao/aiao_v1_1/common/src/hal_tianlai_adac.o
  LD      fs/ramfs/ramfs.o
  LD      fs/ramfs/built-in.o
  CC      drivers/media/rc/ir-mce_kbd-decoder.o
  CC      drivers/pci/access.o
  CC      drivers/mtd/ubi/eba.o
  CC      drivers/of/device.o
  CC      fs/nfs/nfs3acl.o
  CC      net/ipv4/xfrm4_protocol.o
  CC      drivers/media/rc/keymaps/rc-nec-terratec-cinergy-xs.o
  CC [M]  drivers/msp/cipher/cenc/drv_cenc.o
  LD      drivers/net/wireless/ath/ath9k/built-in.o
  CC [M]  drivers/net/wireless/ath/ath9k/beacon.o
  CC      fs/nfsd/blocklayoutxdr.o
  CC      drivers/mtd/nand/hinfc610/hinfc610_read_retry_hynix_bg_bdie.o
  CC      fs/proc/proc_tty.o
  CC      net/ipv4/netfilter/arptable_filter.o
  LD      fs/quota/built-in.o
  CC [M]  drivers/msp/aiao/aiao_v1_1/ao/drv_ao.o
  CC      drivers/pci/bus.o
  CC      drivers/media/rc/keymaps/rc-norwood.o
  CC      drivers/media/rc/keymaps/rc-npgtech.o
  CC      drivers/of/platform.o
  CC      fs/proc/cmdline.o
  CC      fs/ntfs/mst.o
  LD [M]  drivers/msp/cipher/hi_cipher.o
  CC [M]  drivers/msp/aiao/aiao_v1_1/ao/drv_ao_op.o
  LD      fs/nfsd/nfsd.o
  CC      fs/ntfs/namei.o
  LD      fs/nfsd/built-in.o
  CC      drivers/mtd/nand/hinfc610/hinfc610_read_retry_hynix_cg_adie.o
  CC      drivers/perf/arm_pmu.o
  CC      drivers/media/rc/keymaps/rc-pctv-sedna.o
  CC      fs/nfs/nfs4proc.o
  CC [M]  drivers/net/wireless/ath/ath9k/gpio.o
  CC      net/ipv4/netfilter/nf_dup_ipv4.o
  CC      fs/proc/consoles.o
  CC      drivers/pci/probe.o
  CC      drivers/mtd/ubi/io.o
  CC      drivers/media/rc/keymaps/rc-pinnacle-color.o
  CC      drivers/of/dynamic.o
  CC [M]  drivers/msp/aiao/aiao_v1_1/ao/drv_ao_track.o
  LD      drivers/msp/ddr/built-in.o
  CC [M]  drivers/msp/ddr/detect_ddr.o
  CC      fs/proc/cpuinfo.o
  LD      fs/reiserfs/built-in.o
  CC      drivers/mtd/nand/hinfc610/hinfc610_read_retry_micron.o
  CC [M]  fs/reiserfs/bitmap.o
  CC      fs/ntfs/runlist.o
  CC      drivers/media/rc/keymaps/rc-pinnacle-grey.o
  CC      fs/proc/devices.o
  LD [M]  drivers/msp/ddr/ddr.o
  LD      drivers/perf/built-in.o
  CC      fs/proc/interrupts.o
  LD      net/ipv4/netfilter/nf_conntrack_ipv4.o
  LD      net/ipv4/netfilter/nf_nat_ipv4.o
  CC      drivers/of/fdt.o
  LD      drivers/msp/demux/built-in.o
  LD      net/ipv4/netfilter/built-in.o
  CC [M]  drivers/net/wireless/ath/ath9k/init.o
  CC [M]  drivers/msp/demux/demux_v2/drv_demux_intf.o
  CC      drivers/media/rc/keymaps/rc-pinnacle-pctv-hd.o
  CC      drivers/mtd/nand/hinfc610/hinfc610_read_retry_samsung.o
  LD      net/ipv4/gre.o
  LD      net/ipv4/built-in.o
  CC [M]  drivers/msp/demux/demux_v2/drv_demux.o
  LD      net/built-in.o
  CC      fs/proc/loadavg.o
  CC      drivers/media/rc/keymaps/rc-pixelview.o
  CC      drivers/mtd/ubi/wl.o
  CC      drivers/pci/host-bridge.o
  CC      drivers/of/fdt_address.o
  CC      drivers/mtd/nand/hinfc610/hinfc610_read_retry_toshiba_v2012.o
  CC      fs/proc/meminfo.o
  CC      drivers/media/rc/keymaps/rc-pixelview-mk12.o
  CC [M]  fs/reiserfs/do_balan.o
  CC      drivers/media/rc/keymaps/rc-pixelview-002t.o
  CC      drivers/media/rc/ir-xmp-decoder.o
  CC      drivers/of/address.o
  CC [M]  drivers/net/wireless/ath/ath9k/main.o
  CC      drivers/mtd/nand/hinfc610/hinfc610_read_retry_toshiba_v2013.o
  CC      fs/squashfs/block.o
  CC      drivers/pci/remove.o
  CC      fs/proc/stat.o
  CC      drivers/media/rc/keymaps/rc-pixelview-new.o
  CC      fs/ntfs/super.o
  CC [M]  drivers/msp/aiao/aiao_v1_1/ao/hal_aoe_func.o
  CC      fs/nfs/nfs4xdr.o
  CC      drivers/media/rc/keymaps/rc-powercolor-real-angel.o
  CC      drivers/pci/pci.o
  LD      drivers/msp/gpio/built-in.o
  CC      drivers/mtd/ubi/attach.o
  CC      fs/squashfs/cache.o
  CC [M]  drivers/msp/gpio/drv_gpio_intf.o
  CC      drivers/mtd/nand/hinfc610/hinfc610_read_retry.o
  CC      fs/proc/uptime.o
  CC      drivers/of/irq.o
  CC [M]  drivers/msp/demux/demux_v2/drv_demux_func.o
  CC      drivers/media/rc/keymaps/rc-proteus-2309.o
  LD      drivers/platform/chrome/built-in.o
  LD      drivers/platform/built-in.o
  CC [M]  drivers/msp/gpio/drv_gpio.o
  CC      drivers/mtd/nand/hinfc610/hinfc610_sync.o
  CC      fs/proc/version.o
  CC      drivers/media/rc/keymaps/rc-purpletv.o
  CC [M]  drivers/net/wireless/ath/ath9k/recv.o
  CC [M]  drivers/msp/aiao/aiao_v1_1/ao/hal_aoe.o
  CC [M]  fs/reiserfs/namei.o
  CC      fs/squashfs/dir.o
  CC      drivers/media/rc/keymaps/rc-pv951.o
  CC      fs/proc/softirqs.o
  CC      drivers/of/of_net.o
  CC      drivers/mtd/nand/hinfc610/hinfc610_sync_onfi_23.o
  CC      fs/sysfs/file.o
  CC      fs/squashfs/export.o
  LD [M]  drivers/msp/gpio/hi_gpio.o
  CC      drivers/media/rc/keymaps/rc-hauppauge.o
  CC      fs/ntfs/sysctl.o
  CC      fs/proc/namespaces.o
  CC      drivers/mtd/ubi/misc.o
  CC      fs/squashfs/file.o
  CC      drivers/mtd/nand/hinfc610/hinfc610_sync_toggle.o
  CC      fs/sysfs/dir.o
  CC      drivers/media/rc/keymaps/rc-rc6-mce.o
  CC      fs/nfs/nfs4state.o
  CC [M]  drivers/msp/aiao/aiao_v1_1/ao/drv_ao_intf.o
  CC      drivers/of/unittest.o
  CC      fs/ntfs/unistr.o
  CC [M]  drivers/net/wireless/ath/ath9k/xmit.o
  CC      drivers/mtd/ubi/debug.o
  CC      drivers/media/rc/keymaps/rc-real-audio-220-32-keys.o
  CC [M]  fs/reiserfs/inode.o
  CC      fs/sysfs/symlink.o
  CC      fs/proc/self.o
  CC      drivers/mtd/nand/hinfc610/hinfc620_gen.o
  CC      fs/squashfs/fragment.o
  CC      drivers/media/rc/keymaps/rc-reddo.o
  CC      drivers/pci/pci-driver.o
  CC [M]  drivers/msp/aiao/aiao_v1_1/ao/drv_ao_cast.o
  CC      drivers/mtd/nand/hinfc610/hinfc610_rw_latch_hi3798mv100.o
  CC      fs/ntfs/upcase.o
  LD      drivers/mtd/ubi/ubi.o
  CC      fs/sysfs/mount.o
  CC      fs/squashfs/id.o
  CC      drivers/mtd/nand/hinfc610/hinfc610_dbg.o
  LD      drivers/mtd/ubi/built-in.o
  CC      drivers/media/rc/keymaps/rc-snapstream-firefly.o
  CC      fs/proc/thread_self.o
  CC      drivers/pci/search.o
  CC [M]  drivers/msp/aiao/aiao_v1_1/ao/hal_cast.o
  CC      fs/squashfs/inode.o
  CC      drivers/media/rc/keymaps/rc-streamzap.o
  CC      fs/sysfs/group.o
  CC      fs/proc/proc_sysctl.o
  CC      fs/ntfs/bitmap.o
  CC      drivers/mtd/nand/hinfc610/hinfc610_dbg_dump.o
  CC [M]  drivers/msp/demux/demux_v2/hal_demux.o
  CC      drivers/media/rc/keymaps/rc-tbs-nec.o
  CC      drivers/pci/pci-sysfs.o
  CC      fs/squashfs/namei.o
  LD      fs/sysfs/built-in.o
  CC [M]  drivers/msp/demux/demux_v2/drv_demux_osal.o
  CC      fs/ntfs/lcnalloc.o
  CC [M]  drivers/msp/aiao/aiao_v1_1/common/src/hal_tianlai_adac_v500.o
  CC      drivers/media/rc/keymaps/rc-technisat-ts35.o
  CC      fs/nfs/nfs4renewd.o
grep: include/linux/mali/mali_utgard_uk_types.h: No such file or directory
  CC      drivers/of/of_mdio.o
  CC      fs/squashfs/super.o
  CC      fs/nfs/nfs4super.o
  CC      drivers/media/rc/keymaps/rc-technisat-usb2.o
  CC      drivers/mtd/nand/hinfc610/hinfc610_dbg_erase_count.o
  CC [M]  drivers/net/wireless/ath/ath9k/link.o
  LD      drivers/msp/gpu/utgard/built-in.o
  CC [M]  drivers/msp/gpu/utgard/linux/mali_osk_atomics.o
  CC [M]  drivers/msp/aiao/aiao_v1_1/timer/drv_timer.o
  CC [M]  fs/reiserfs/file.o
  CC [M]  drivers/msp/aiao/aiao_v1_1/ai/drv_ai_intf.o
  CC      drivers/pci/rom.o
  CC      drivers/media/rc/keymaps/rc-terratec-cinergy-c-pci.o
  CC      fs/proc/proc_net.o
  CC      fs/ntfs/logfile.o
  CC [M]  drivers/msp/gpu/utgard/linux/mali_osk_irq.o
  CC      drivers/of/of_pci.o
  CC      fs/squashfs/symlink.o
  CC      drivers/mtd/nand/hinfc610/hinfc610_dbg_read_count.o
  CC      drivers/of/of_pci_irq.o
  CC      drivers/media/rc/keymaps/rc-terratec-cinergy-s2-hd.o
  CC      drivers/media/rc/gpio-ir-recv.o
  CC [M]  drivers/msp/aiao/aiao_v1_1/ai/drv_ai.o
  CC      drivers/pci/setup-res.o
  CC      fs/nfs/nfs4file.o
  CC [M]  drivers/msp/gpu/utgard/linux/mali_osk_wq.o
  CC [M]  fs/reiserfs/dir.o
  CC      fs/proc/kmsg.o
  CC      drivers/media/rc/keymaps/rc-terratec-cinergy-xs.o
  CC      fs/squashfs/decompressor.o
  CC      fs/proc/page.o
  CC [M]  drivers/net/wireless/ath/ath9k/antenna.o
  CC      drivers/of/of_mtd.o
  CC      drivers/mtd/nand/hinfc610/hinfc610_dbg_ecc_count.o
  CC      drivers/media/rc/keymaps/rc-terratec-slim.o
  CC      fs/ntfs/quota.o
  CC      fs/tracefs/inode.o
  LD      drivers/mtd/mtd.o
  CC [M]  drivers/msp/gpu/utgard/linux/mali_osk_locks.o
  CC      drivers/of/of_reserved_mem.o
  CC      drivers/power/power_supply_core.o
  CC      fs/squashfs/file_cache.o
  CC      drivers/pci/irq.o
  CC [M]  fs/reiserfs/fix_node.o
  CC      drivers/media/rc/keymaps/rc-terratec-slim-2.o
  LD      drivers/msp/hdmi/built-in.o
  LD      fs/proc/proc.o
  CC [M]  drivers/msp/hdmi/hdmi_1_4/hdmi_intf_k.o
  LD      fs/proc/built-in.o
  CC [M]  drivers/msp/gpu/utgard/linux/mali_osk_wait_queue.o
  CC      fs/ntfs/usnjrnl.o
  CC      fs/ubifs/shrinker.o
  CC      drivers/media/rc/keymaps/rc-tevii-nec.o
  CC      fs/squashfs/decompressor_single.o
  CC [M]  drivers/net/wireless/ath/ath9k/channel.o
  CC      drivers/pci/vpd.o
  CC      drivers/of/resolver.o
  CC      fs/nfs/delegation.o
  CC      drivers/mtd/nand/hinfc610/hinfc610_dbg_read_retry.o
  LD      fs/tracefs/tracefs.o
  CC      drivers/power/power_supply_sysfs.o
  LD      fs/tracefs/built-in.o
  CC      fs/ubifs/journal.o
  CC [M]  drivers/msp/gpu/utgard/linux/mali_osk_low_level_mem.o
  CC      drivers/media/rc/keymaps/rc-tivo.o
  LD      fs/ntfs/ntfs.o
  LD      fs/ntfs/built-in.o
  CC [M]  drivers/msp/aiao/aiao_v1_1/alsa/dsp_mix_v2/hiaiao_card.o
  CC [M]  drivers/msp/aiao/aiao_v1_1/alsa/dsp_mix_v2/hiaiao_dma.o
  CC [M]  drivers/msp/demux/demux_v2/drv_demux_scd.o
  CC      fs/squashfs/lzo_wrapper.o
  CC      drivers/pci/setup-bus.o
  CC      drivers/power/power_supply_leds.o
  CC      drivers/of/overlay.o
  LD      drivers/power/avs/built-in.o
  CC      drivers/media/rc/keymaps/rc-total-media-in-hand.o
  CC [M]  drivers/msp/gpu/utgard/linux/mali_osk_math.o
  CC      fs/udf/balloc.o
  CC [M]  drivers/net/wireless/ath/ath9k/mci.o
  LD      drivers/mtd/nand/hinfc610/built-in.o
  LD      drivers/mtd/nand/nand.o
  LD      drivers/power/power_supply.o
  LD      drivers/mtd/nand/built-in.o
  LD      drivers/power/built-in.o
  LD      drivers/mtd/built-in.o
  CC [M]  drivers/msp/hdmi/hdmi_1_4/hdmi_intf.o
  CC      fs/squashfs/xz_wrapper.o
  CC      drivers/media/rc/keymaps/rc-total-media-in-hand-02.o
  CC [M]  drivers/msp/gpu/utgard/linux/mali_osk_memory.o
  LD      drivers/media/rc/rc-core.o
  CC      fs/squashfs/zlib_wrapper.o
  CC [M]  drivers/msp/demux/demux_v2/drv_demux_bitstream.o
  DTC     drivers/of/unittest-data/testcases.dtb
  LD      drivers/msp/hifb/built-in.o
  CC [M]  drivers/msp/hifb/./adp/hifb_v1_0/drv_hifb_adp.o
  DTB     drivers/of/unittest-data/testcases.dtb.S
  AS      drivers/of/unittest-data/testcases.dtb.o
  CC      drivers/media/rc/keymaps/rc-trekstor.o
  CC [M]  drivers/msp/gpu/utgard/linux/mali_osk_misc.o
  CC      fs/nfs/nfs4idmap.o
  LD      drivers/of/unittest-data/built-in.o
  CC [M]  drivers/msp/demux/demux_v2/drv_demux_index.o
  CC [M]  drivers/msp/aiao/aiao_v1_1/alsa/dsp_mix_v2/hiaiao_codec.o
  LD      drivers/of/built-in.o
  CC [M]  drivers/msp/demux/demux_v2/drv_demux_sw.o
  CC      drivers/pci/vc.o
  CC      fs/ubifs/file.o
  LD      fs/squashfs/squashfs.o
  LD      fs/squashfs/built-in.o
  CC      drivers/media/rc/keymaps/rc-tt-1500.o
  CC [M]  drivers/net/wireless/ath/ath9k/pci.o
  CC      fs/udf/dir.o
  CC [M]  drivers/msp/hdmi/hdmi_1_4/drv_hdmi.o
  CC [M]  drivers/msp/gpu/utgard/linux/mali_osk_mali.o
  CC [M]  fs/reiserfs/super.o
  CC [M]  drivers/msp/aiao/aiao_v1_1/alsa/dsp_mix_v2/hiaiao_i2s.o
  CC      drivers/media/rc/keymaps/rc-twinhan-dtv-cab-ci.o
  CC      drivers/pci/proc.o
  CC [M]  drivers/msp/i2c/gpio_i2c/drv_gpioi2c_intf.o
  LD      drivers/msp/i2c/gpio_i2c/built-in.o
  LD      drivers/pwm/built-in.o
  CC      fs/xfs/xfs_trace.o
  LD      drivers/msp/i2c/std_i2c/built-in.o
  CC [M]  drivers/msp/i2c/std_i2c/drv_i2c_intf.o
  CC [M]  drivers/msp/i2c/gpio_i2c/drv_gpio_i2c.o
  CC [M]  drivers/msp/gpu/utgard/linux/mali_osk_notification.o
  CC      drivers/media/rc/keymaps/rc-twinhan1027.o
  CC      drivers/media/rc/keymaps/rc-videomate-m1f.o
  CC      fs/udf/file.o
  CC [M]  drivers/net/wireless/ath/ath9k/ar9002_hw.o
  CC [M]  drivers/msp/aiao/aiao_v1_1/alsa/dsp_mix_v2/alsa_aiao_proc_func.o
  CC [M]  drivers/msp/demux/demux_v2/descrambler/drv_descrambler.o
  CC [M]  drivers/msp/i2c/std_i2c/drv_i2c.o
  CC      drivers/media/rc/keymaps/rc-videomate-s350.o
  CC      drivers/pci/slot.o
  CC [M]  drivers/msp/gpu/utgard/linux/mali_osk_time.o
  CC      fs/ubifs/dir.o
  CC      fs/nfs/callback.o
  CC [M]  drivers/msp/gpu/utgard/linux/mali_osk_timers.o
  CC      drivers/media/rc/keymaps/rc-videomate-tv-pvr.o
  CC      fs/udf/ialloc.o
  CC [M]  drivers/msp/aiao/aiao_v1_1/alsa/dsp_mix_v2/drv_ao_func.o
  CC      drivers/pci/quirks.o
  CC      drivers/media/rc/keymaps/rc-winfast.o
  CC [M]  drivers/msp/gpu/utgard/linux/mali_osk_bitmap.o
  LD [M]  drivers/msp/i2c/gpio_i2c/hi_gpio_i2c.o
  CC      fs/ubifs/super.o
  CC [M]  drivers/msp/hifb/./adp/hifb_v1_0/drv_hifb_hal.o
  CC      fs/ubifs/sb.o
  CC [M]  drivers/net/wireless/ath/ath9k/ar9003_hw.o
  CC      fs/udf/inode.o
  CC [M]  drivers/msp/aiao/aiao_v1_1/alsa/dsp_mix_v2/alsa_aiao_volume_func.o
  CC [M]  drivers/msp/hdmi/hdmi_1_4/drv_global.o
  CC      drivers/media/rc/keymaps/rc-winfast-usbii-deluxe.o
  LD [M]  drivers/msp/i2c/std_i2c/hi_i2c.o
  LD      drivers/msp/i2c/built-in.o
  LD      drivers/msp/ir/ir_std/built-in.o
  CC [M]  fs/reiserfs/prints.o
  CC [M]  drivers/msp/gpu/utgard/linux/mali_memory.o
  CC [M]  drivers/msp/ir/ir_std/drv_ir_intf.o
  CC      drivers/reset/core.o
  CC      drivers/media/rc/keymaps/rc-su3000.o
  CC      fs/nfs/callback_xdr.o
  CC [M]  drivers/msp/aiao/aiao_v1_1/alsa/dsp_mix_v2/drv_ai_func.o
  CC [M]  drivers/msp/hdmi/hdmi_1_4/drv_reg_proc.o
  LD      drivers/media/rc/keymaps/built-in.o
  LD      drivers/reset/built-in.o
  CC      fs/xfs/libxfs/xfs_alloc.o
  CC [M]  drivers/msp/demux/demux_v2/descrambler/drv_descrambler_func.o
  LD      drivers/media/rc/built-in.o
  CC      drivers/pci/setup-irq.o
  LD      drivers/media/built-in.o
  LD [M]  drivers/msp/ir/ir_std/hi_ir.o
  LD      drivers/msp/ir/built-in.o
  CC [M]  drivers/msp/hifb/./adp/alg/optm_alg_csc.o
  LD [M]  drivers/msp/aiao/aiao_v1_1/hi_aiao.o
  CC [M]  drivers/msp/gpu/utgard/linux/mali_memory_os_alloc.o
  CC      fs/yaffs2/yaffs_ecc.o
  CC [M]  fs/reiserfs/objectid.o
  CC      drivers/rtc/rtc-lib.o
  LD      drivers/msp/aiao/built-in.o
  CC      fs/udf/lowlevel.o
  CC [M]  drivers/msp/hdmi/hdmi_1_4/drv_compatibility.o
  CC [M]  drivers/msp/hdmi/hdmi_1_4/hdmi_drv/drv_hlviic.o
  CC      drivers/pci/syscall.o
  CC      drivers/rtc/hctosys.o
  CC      fs/nfs/callback_proc.o
  CC      fs/yaffs2/yaffs_vfs.o
  CC [M]  drivers/net/wireless/ath/ath9k/hw.o
  CC [M]  drivers/net/wireless/ath/ath9k/ar9003_phy.o
  CC [M]  fs/reiserfs/lbalance.o
  CC [M]  drivers/msp/demux/demux_v2/descrambler/hal_descrambler.o
  CC [M]  drivers/msp/hdmi/hdmi_1_4/hdmi_drv/si_audio.o
  CC      fs/xfs/libxfs/xfs_alloc_btree.o
  CC      fs/ubifs/io.o
  CC      fs/udf/namei.o
  CC      drivers/rtc/systohc.o
  CC [M]  drivers/msp/hifb/./adp/alg/optm_alg_gsharp.o
  CC      drivers/pci/of.o
  CC [M]  drivers/msp/hifb/./adp/alg/optm_alg_gzme.o
  CC [M]  drivers/msp/gpu/utgard/linux/mali_memory_external.o
  CC [M]  drivers/msp/hdmi/hdmi_1_4/hdmi_drv/si_cec.o
  CC      drivers/rtc/class.o
  LD [M]  drivers/msp/demux/hi_demux.o
  CC [M]  drivers/msp/hifb/./adp/alg/optm_alg_zme_coef.o
  CC      fs/xfs/libxfs/xfs_attr.o
  LD      drivers/pci/host/built-in.o
  LD      drivers/pci/built-in.o
  CC [M]  drivers/msp/hdmi/hdmi_1_4/hdmi_drv/si_crc16.o
  CC [M]  drivers/msp/hdmi/hdmi_1_4/hdmi_drv/si_de.o
  CC [M]  drivers/msp/gpu/utgard/linux/mali_memory_block_alloc.o
  CC      fs/nfs/nfs4namespace.o
  CC      drivers/rtc/interface.o
  CC      fs/yaffs2/yaffs_guts.o
  CC [M]  drivers/msp/hifb/./adp/src/drv_hifb_osi.o
  CC [M]  drivers/net/wireless/ath/ath9k/ar9002_phy.o
  CC [M]  drivers/msp/hdmi/hdmi_1_4/hdmi_drv/si_delay.o
  CC      fs/udf/partition.o
  CC [M]  fs/reiserfs/ibalance.o
  CC [M]  drivers/msp/hifb/./adp/src/drv_hifb_wbc.o
  CC      fs/ubifs/tnc.o
  CC [M]  drivers/msp/hdmi/hdmi_1_4/hdmi_drv/si_edid.o
  LD      drivers/msp/jpeg/built-in.o
  CC [M]  drivers/msp/jpeg/src/jpeg_drv_hal.o
  CC      fs/eventpoll.o
  CC [M]  drivers/msp/gpu/utgard/linux/mali_memory_swap_alloc.o
  CC      drivers/rtc/rtc-dev.o
  CC      fs/udf/super.o
  CC      drivers/scsi/scsi.o
  CC      fs/xfs/libxfs/xfs_attr_leaf.o
  LD      drivers/soc/built-in.o
  CC      drivers/spi/spi.o
  CC [M]  drivers/msp/jpeg/src/jpeg_drv_proc.o
  CC [M]  drivers/msp/hifb/./src/drv_hifb_blit.o
  CC      drivers/staging/staging.o
  CC      drivers/rtc/rtc-proc.o
  CC [M]  fs/reiserfs/stree.o
  CC      fs/nfs/nfs4getroot.o
  CC [M]  drivers/net/wireless/ath/ath9k/ar5008_phy.o
  CC      drivers/staging/android/ion/ion.o
  CC      drivers/rtc/rtc-sysfs.o
  CC      drivers/spi/spidev.o
  CC [M]  drivers/msp/hdmi/hdmi_1_4/hdmi_drv/si_eeprom.o
  CC [M]  drivers/msp/gpu/utgard/linux/mali_memory_manager.o
  CC [M]  drivers/msp/jpeg/src/jpeg_drv_suspend.o
  LD      drivers/rtc/rtc-core.o
  LD      drivers/rtc/built-in.o
  CC [M]  drivers/msp/jpeg/src/jpeg_drv_osr.o
/home/ray/workplace/git_download/HiSTB_origin/HiSTBLinux/source/kernel/linux-4.4.y/drivers/staging/android/ion/ion.c: In function 'ion_sync_for_device':
/home/ray/workplace/git_download/HiSTB_origin/HiSTBLinux/source/kernel/linux-4.4.y/drivers/staging/android/ion/ion.c:1491:19: warning: unused variable 'heap' [-Wunused-variable]
  struct ion_heap *heap = NULL;
                   ^
  CC [M]  drivers/msp/hifb/./src/drv_hifb_dmabuf.o
  CC [M]  drivers/msp/hdmi/hdmi_1_4/hdmi_drv/si_fifo.o
  CC      drivers/scsi/hosts.o
  CC      fs/udf/truncate.o
  CC      fs/nfs/nfs4client.o
  CC      fs/yaffs2/yaffs_checkptrw.o
  CC      fs/ubifs/master.o
  LD      drivers/msp/jpge/built-in.o
  CC [M]  drivers/msp/hdmi/hdmi_1_4/hdmi_drv/si_hdcp.o
  CC [M]  drivers/msp/jpge/src/jpge_osr.o
  CC [M]  drivers/net/wireless/ath/ath9k/ar9002_calib.o
  CC [M]  drivers/msp/hifb/./src/drv_hifb_fence.o
  CC      fs/xfs/libxfs/xfs_attr_remote.o
  CC      drivers/staging/android/ion/ion_heap.o
  LD [M]  drivers/msp/jpeg/hi_jpeg.o
  CC      drivers/scsi/scsi_ioctl.o
  CC      fs/udf/symlink.o
  CC      fs/yaffs2/yaffs_packedtags1.o
  CC [M]  drivers/msp/gpu/utgard/linux/mali_memory_virtual.o
  LD      drivers/msp/keyled/built-in.o
  CC [M]  drivers/msp/keyled/drv_keyled_intf.o
  CC [M]  drivers/msp/hifb/./src/drv_hifb_logo.o
  CC      drivers/spi/spi-bitbang.o
  CC      fs/ubifs/scan.o
  CC [M]  drivers/msp/hdmi/hdmi_1_4/hdmi_drv/si_hdmitx.o
  CC [M]  drivers/msp/jpge/src/jpge_osal.o
  CC [M]  fs/reiserfs/hashes.o
  CC      fs/yaffs2/yaffs_packedtags2.o
  CC      fs/udf/directory.o
  CC      drivers/scsi/scsicam.o
  CC [M]  drivers/msp/keyled/keyled_std/drv_keyled_std.o
  CC      drivers/staging/android/ion/ion_page_pool.o
  CC [M]  drivers/net/wireless/ath/ath9k/ar9003_calib.o
  CC [M]  drivers/msp/gpu/utgard/linux/mali_memory_util.o
  CC      fs/nfs/nfs4session.o
  CC      drivers/spi/spi-oc-tiny.o
  CC [M]  drivers/msp/jpge/src/jpge_hal.o
  CC [M]  drivers/msp/hdmi/hdmi_1_4/hdmi_drv/si_infofrm.o
  CC      fs/ubifs/replay.o
  CC      fs/yaffs2/yaffs_nand.o
  CC [M]  fs/reiserfs/tail_conversion.o
  CC      fs/udf/misc.o
  CC [M]  drivers/msp/keyled/keyled_gpiokey/drv_keyled_gpiokey.o
  CC [M]  drivers/msp/hifb/./src/drv_hifb_mem.o
  CC      drivers/scsi/scsi_error.o
  CC      drivers/staging/android/ion/ion_system_heap.o
  CC      fs/xfs/libxfs/xfs_bit.o
  CC [M]  drivers/msp/gpu/utgard/linux/mali_memory_cow.o
  CC      fs/yaffs2/yaffs_tagscompat.o
  CC      drivers/spi/spi-pl022.o
  CC [M]  drivers/msp/hdmi/hdmi_1_4/hdmi_drv/si_infpkttb.o
  CC [M]  fs/reiserfs/journal.o
  CC      fs/udf/udftime.o
  LD [M]  drivers/msp/jpge/hi_jpge.o
  CC [M]  drivers/msp/hifb/./src/drv_hifb_osr.o
  CC      fs/udf/unicode.o
  CC      drivers/staging/android/ion/ion_carveout_heap.o
  CC      fs/nfs/dns_resolve.o
  CC [M]  drivers/msp/hdmi/hdmi_1_4/hdmi_drv/si_isr.o
  CC [M]  drivers/msp/keyled/keyled_fd650/drv_keyled_fd650.o
  CC      fs/anon_inodes.o
  CC      fs/yaffs2/yaffs_tagsmarshall.o
  CC      fs/xfs/libxfs/xfs_bmap.o
  CC      fs/yaffs2/yaffs_mtdif.o
  CC [M]  drivers/net/wireless/ath/ath9k/calib.o
  CC      drivers/staging/android/ion/ion_chunk_heap.o
  CC [M]  drivers/msp/gpu/utgard/linux/mali_memory_defer_bind.o
  LD      fs/udf/udf.o
  CC      fs/xfs/libxfs/xfs_bmap_btree.o
  LD      fs/udf/built-in.o
  CC [M]  drivers/msp/hdmi/hdmi_1_4/hdmi_drv/si_mddc.o
  CC      drivers/scsi/scsi_lib.o
  CC      fs/ubifs/log.o
  LD      drivers/staging/iio/accel/built-in.o
  LD      drivers/staging/iio/adc/built-in.o
  LD      drivers/staging/iio/addac/built-in.o
  LD      drivers/staging/iio/cdc/built-in.o
  LD      drivers/staging/iio/frequency/built-in.o
  LD      drivers/spi/built-in.o
  LD      drivers/staging/iio/gyro/built-in.o
  CC [M]  fs/reiserfs/resize.o
  CC [M]  drivers/msp/hdmi/hdmi_1_4/hdmi_drv/si_regio.o
  CC      fs/yaffs2/yaffs_nameval.o
  CC [M]  drivers/msp/keyled/keyled_pt6961/drv_keyled_pt6961.o
  LD      drivers/staging/iio/impedance-analyzer/built-in.o
  LD      drivers/staging/iio/light/built-in.o
  LD      drivers/staging/iio/magnetometer/built-in.o
  CC      drivers/staging/android/ion/ion_cma_heap.o
  LD      drivers/staging/iio/meter/built-in.o
  CC [M]  drivers/net/wireless/ath/ath9k/eeprom.o
  LD      drivers/staging/iio/resolver/built-in.o
  CC [M]  drivers/msp/gpu/utgard/linux/mali_ukk_mem.o
  CC      fs/nfs/nfs4trace.o
  LD      drivers/staging/iio/trigger/built-in.o
  LD      drivers/staging/iio/built-in.o
  CC      fs/nfs/cache_lib.o
  CC [M]  drivers/msp/hdmi/hdmi_1_4/hdmi_drv/si_sha.o
  CC      fs/nfs/nfs4sysctl.o
  CC      fs/yaffs2/yaffs_attribs.o
  CC      fs/ubifs/commit.o
  LD      drivers/msp/mce/built-in.o
  CC [M]  drivers/msp/mce/drv_mce_intf.o
  CC      drivers/staging/android/ion/hisi/hisi_ion_device.o
  CC [M]  drivers/msp/keyled/keyled_pt6964/drv_keyled_pt6964.o
  CC [M]  drivers/msp/gpu/utgard/linux/mali_ukk_gp.o
  CC      fs/yaffs2/yaffs_allocator.o
  CC [M]  drivers/msp/hdmi/hdmi_1_4/hdmi_drv/si_sha_hw.o
  CC      fs/nfs/pnfs.o
  CC      drivers/staging/android/ion/hisi/hisi_ion.o
  CC [M]  drivers/msp/hifb/./src/drv_hifb_proc.o
  CC      fs/nfs/pnfs_dev.o
  CC [M]  drivers/msp/hdmi/hdmi_1_4/hdmi_drv/si_timer.o
  CC [M]  fs/reiserfs/item_ops.o
  LD [M]  drivers/msp/mce/hi_mce.o
  CC      fs/signalfd.o
  LD      drivers/msp/omxvdec/omxvdec_v1.0/built-in.o
  CC [M]  drivers/net/wireless/ath/ath9k/eeprom_def.o
  CC [M]  drivers/msp/omxvdec/omxvdec_v1.0/omxvdec.o
  CC      fs/ubifs/gc.o
  CC      fs/yaffs2/yaffs_yaffs1.o
  CC      drivers/scsi/scsi_common.o
  CC [M]  drivers/msp/gpu/utgard/linux/mali_ukk_pp.o
  CC [M]  drivers/msp/keyled/keyled_ct1642/drv_keyled_ct1642_inner.o
  LD      drivers/staging/android/ion/hisi/built-in.o
  CC      drivers/scsi/scsi_lib_dma.o
  LD      drivers/staging/android/ion/built-in.o
  LD      drivers/staging/android/built-in.o
  LD      drivers/staging/media/built-in.o
  CC [M]  drivers/msp/hdmi/hdmi_1_4/hdmi_drv/si_txvidp.o
  LD      drivers/staging/built-in.o
  CC      fs/yaffs2/yaffs_yaffs2.o
  CC [M]  drivers/msp/hifb/./src/drv_hifb_refresh.o
  CC [M]  fs/reiserfs/ioctl.o
  CC [M]  drivers/msp/omxvdec/omxvdec_v1.0/channel.o
  CC [M]  drivers/msp/gpu/utgard/linux/mali_ukk_core.o
  CC      fs/xfs/libxfs/xfs_btree.o
  LD      drivers/msp/otp/v100/built-in.o
  CC      drivers/scsi/scsi_scan.o
  CC [M]  drivers/msp/otp/v100/./drv_otp.o
  CC [M]  drivers/msp/hdmi/hdmi_1_4/hdmi_drv/si_txvptbl.o
  CC [M]  drivers/msp/otp/v100/./drv_otp_intf.o
  CC [M]  drivers/msp/otp/v100/./drv_otp_common.o
  LD [M]  drivers/msp/keyled/hi_keyled.o
  CC      fs/ubifs/orphan.o
  CC [M]  fs/reiserfs/xattr.o
  CC [M]  drivers/msp/gpu/utgard/linux/mali_ukk_soft_job.o
  CC [M]  drivers/msp/hdmi/hdmi_1_4/hdmi_drv/si_ucec.o
  CC      drivers/tty/tty_io.o
  CC [M]  drivers/msp/hifb/./src/drv_hifb_scrolltext.o
  CC [M]  drivers/msp/otp/v100/./otpv200/hal_otp_v200.o
  CC [M]  drivers/net/wireless/ath/ath9k/eeprom_4k.o
  CC      fs/ubifs/budget.o
  CC      fs/yaffs2/yaffs_bitmap.o
  CC      fs/nfs/pnfs_nfs.o
  CC      fs/xfs/libxfs/xfs_da_btree.o
  CC [M]  drivers/msp/gpu/utgard/linux/mali_ukk_timeline.o
  CC [M]  drivers/msp/hdmi/hdmi_1_4/hdmi_drv/si_video.o
  CC [M]  drivers/msp/otp/v100/./otpv200/drv_otp_v200.o
  CC      fs/yaffs2/yaffs_summary.o
  CC [M]  drivers/msp/omxvdec/omxvdec_v1.0/task.o
  CC      drivers/scsi/scsi_sysfs.o
  CC [M]  drivers/msp/hifb/./src/drv_hifb_snapshot.o
  CC      fs/ubifs/find.o
  CC [M]  drivers/msp/gpu/utgard/common/mali_kernel_core.o
  CC [M]  fs/reiserfs/lock.o
  CC [M]  drivers/msp/hdmi/hdmi_1_4/hdmi_drv/si_vmode.o
  CC [M]  fs/reiserfs/procfs.o
  CC [M]  drivers/net/wireless/ath/ath9k/eeprom_9287.o
  CC      fs/yaffs2/yaffs_verify.o
  CC      fs/timerfd.o
  CC [M]  drivers/msp/hdmi/hdmi_1_4/hdmi_drv/si_vmtables.o
  LD [M]  drivers/msp/otp/v100/hi_otp.o
  CC [M]  drivers/msp/omxvdec/omxvdec_v1.0/message.o
  LD      drivers/msp/otp/built-in.o
  LD      drivers/msp/pdm/built-in.o
  CC [M]  drivers/msp/pdm/drv_pdm_intf.o
  CC      fs/nfs/nfs42proc.o
  CC      drivers/uio/uio.o
  CC [M]  fs/reiserfs/xattr_user.o
  CC [M]  drivers/msp/hifb/./src/hifb_main_k.o
  CC [M]  drivers/msp/hdmi/hdmi_1_4/hdmi_drv/si_phy.o
  LD      fs/yaffs2/yaffs.o
  LD      fs/yaffs2/built-in.o
  CC      drivers/scsi/scsi_devinfo.o
  CC      drivers/scsi/scsi_sysctl.o
  CC      fs/ubifs/tnc_commit.o
  CC      drivers/tty/n_tty.o
  CC [M]  drivers/msp/omxvdec/omxvdec_v1.0/decoder_vfmw.o
  LD [M]  drivers/msp/hdmi/hi_hdmi.o
  CC      drivers/uio/uio_pdrv_genirq.o
  CC [M]  fs/reiserfs/xattr_trusted.o
  CC [M]  drivers/net/wireless/ath/ath9k/ani.o
  CC [M]  drivers/msp/pdm/drv_pdm.o
  CC [M]  drivers/msp/gpu/utgard/linux/mali_kernel_linux.o
  CC      fs/xfs/libxfs/xfs_da_format.o
  CC      fs/nfs/filelayout/filelayout.o
  CC      fs/nfs/filelayout/filelayoutdev.o
  LD [M]  drivers/msp/hifb/hi_fb.o
  CC      drivers/scsi/scsi_proc.o
  LD      drivers/uio/built-in.o
  CC      drivers/scsi/scsi_trace.o
  LD      fs/nfs/flexfilelayout/built-in.o
  CC [M]  fs/reiserfs/xattr_security.o
  CC [M]  fs/nfs/flexfilelayout/flexfilelayout.o
  LD      drivers/msp/pm/built-in.o
  CC [M]  drivers/msp/pm/drv_pmoc_intf.o
  CC      drivers/usb/class/usblp.o
  CC [M]  drivers/msp/omxvdec/omxvdec_v1.0/processor_vpss.o
  CC [M]  fs/nfs/flexfilelayout/flexfilelayoutdev.o
  CC      fs/ubifs/compress.o
  CC      fs/xfs/libxfs/xfs_dir2.o
  CC [M]  fs/reiserfs/xattr_acl.o
  CC [M]  drivers/msp/pdm/db/hi_db.o
  CC [M]  drivers/net/wireless/ath/ath9k/mac.o
  CC      drivers/tty/tty_ioctl.o
  CC      drivers/scsi/scsi_logging.o
  CC [M]  drivers/msp/gpu/utgard/common/mali_session.o
  CC      fs/eventfd.o
  LD [M]  drivers/msp/pdm/hi_pdm.o
  CC [M]  drivers/msp/gpu/utgard/linux/mali_device_pause_resume.o
  CC      drivers/scsi/scsi_pm.o
  CC      fs/ubifs/lpt.o
  CC      drivers/usb/class/cdc-wdm.o
  LD [M]  fs/reiserfs/reiserfs.o
  CC [M]  drivers/msp/pm/drv_pmoc_smartstandby.o
  CC [M]  drivers/msp/omxvdec/omxvdec_v1.0/drv_omxvdec_pts_recv.o
  CC [M]  drivers/msp/gpu/utgard/common/mali_kernel_vsync.o
  CC [M]  drivers/msp/gpu/utgard/linux/mali_ukk_vsync.o
  CC      fs/xfs/libxfs/xfs_dir2_block.o
  LD      fs/nfs/filelayout/nfs_layout_nfsv41_files.o
  LD      fs/nfs/filelayout/built-in.o
  CC [M]  drivers/net/wireless/ath/ath9k/ar9002_mac.o
  CC      drivers/tty/tty_ldisc.o
  CC      fs/ubifs/lprops.o
  LD      fs/nfs/nfs.o
  LD      drivers/msp/png/built-in.o
  CC      drivers/uwb/address.o
  CC      drivers/uwb/allocator.o
  CC [M]  drivers/msp/png/src/png_osr.o
  LD      drivers/scsi/arm/built-in.o
  CC      drivers/uwb/beacon.o
  CC      drivers/scsi/sd.o
  CC [M]  drivers/msp/gpu/utgard/linux/mali_kernel_sysfs.o
  CC [M]  drivers/msp/omxvdec/omxvdec_v1.0/drv_omxvdec_alg_frd.o
  LD [M]  fs/nfs/flexfilelayout/nfs_layout_flexfiles.o
  CC      fs/aio.o
  LD      drivers/usb/class/built-in.o
  CC [M]  drivers/msp/pm/clock_mpu.o
  LD      fs/nfs/nfsv2.o
  LD      fs/nfs/nfsv3.o
  LD      fs/nfs/nfsv4.o
  CC      drivers/usb/common/common.o
  LD [M]  drivers/msp/omxvdec/omxvdec_v1.0/hi_omxvdec.o
  LD      drivers/msp/omxvdec/built-in.o
  LD      fs/nfs/built-in.o
  CC      drivers/tty/tty_buffer.o
  CC      drivers/video/hdmi.o
  CC      drivers/usb/common/led.o
  CC [M]  drivers/net/wireless/ath/ath9k/ar9003_mac.o
  CC [M]  drivers/msp/png/src/png_hal.o
  CC      drivers/usb/common/usb-otg-fsm.o
  CC      drivers/uwb/driver.o
  CC [M]  drivers/msp/gpu/utgard/common/mali_mmu.o
  CC [M]  drivers/msp/pm/hi_opp_data.o
  CC [M]  drivers/msp/gpu/utgard/common/mali_mmu_page_directory.o
  CC      fs/xfs/libxfs/xfs_dir2_data.o
  CC [M]  drivers/msp/pm/opp.o
  CC      drivers/video/backlight/lcd.o
  LD      drivers/scsi/scsi_mod.o
  CC      drivers/tty/tty_port.o
  CC      fs/locks.o
  CC      fs/ubifs/recovery.o
  CC      drivers/uwb/drp.o
  CC      drivers/usb/core/usb.o
  LD      drivers/usb/common/usb-common.o
  LD      drivers/usb/common/built-in.o
  CC      drivers/usb/core/hub.o
  CC [M]  drivers/msp/png/src/png_osi.o
  CC      fs/ubifs/ioctl.o
  CC [M]  drivers/msp/pm/hi_dvfs.o
  CC [M]  drivers/msp/gpu/utgard/common/mali_mem_validation.o
  CC [M]  drivers/net/wireless/ath/ath9k/ar9003_eeprom.o
  CC      fs/xfs/libxfs/xfs_dir2_leaf.o
  CC      drivers/video/backlight/backlight.o
  CC      drivers/tty/tty_mutex.o
  CC [M]  drivers/msp/gpu/utgard/common/mali_hw_core.o
/home/ray/workplace/git_download/HiSTB_origin/HiSTBLinux/source/kernel/linux-4.4.y/drivers/usb/core/hub.c:4227:13: warning: 'hub_set_initial_usb2_lpm_policy' defined but not used [-Wunused-function]
 static void hub_set_initial_usb2_lpm_policy(struct usb_device *udev)
             ^
  LD      drivers/virt/built-in.o
  LD      drivers/msp/pq/pq_v3_0/built-in.o
  CC [M]  drivers/msp/pq/pq_v3_0/mng/pq_mng_dbdr.o
  CC      drivers/uwb/drp-avail.o
  CC [M]  drivers/net/wireless/ath/ath9k/ar9003_paprd.o
  CC      drivers/watchdog/watchdog_core.o
  CC [M]  drivers/msp/png/src/png_osires.o
  CC [M]  drivers/msp/pm/clock.o
  CC      drivers/tty/tty_ldsem.o
  CC [M]  drivers/msp/gpu/utgard/common/mali_gp.o
  LD      drivers/scsi/sd_mod.o
  LD      drivers/scsi/built-in.o
  CC [M]  drivers/msp/pq/pq_v3_0/mng/pq_mng_sharpen.o
  CC [M]  drivers/msp/pq/pq_v3_0/drv_pq_intf.o
  CC      drivers/video/console/dummycon.o
  CC      drivers/watchdog/watchdog_dev.o
  LD      drivers/video/backlight/built-in.o
  CC      fs/ubifs/lpt_commit.o
  CC      drivers/uwb/drp-ie.o
  CC [M]  drivers/msp/pm/hi_cpufreq.o
  LD      drivers/usb/gadget/function/built-in.o
  CC [M]  drivers/usb/gadget/function/f_loopback.o
  CC [M]  drivers/msp/png/src/png_proc.o
  CC      drivers/tty/pty.o
  LD      drivers/video/console/built-in.o
  LD      drivers/usb/gadget/legacy/built-in.o
  CC [M]  drivers/usb/gadget/legacy/zero.o
  CC [M]  drivers/msp/gpu/utgard/common/mali_pp.o
  CC      drivers/watchdog/sp805_wdt.o
  CC      drivers/video/fbdev/core/fb_notify.o
  CC [M]  drivers/msp/pq/pq_v3_0/drv_pq.o
  CC      drivers/uwb/est.o
  LD [M]  drivers/msp/pm/hi_pmoc.o
  CC      drivers/video/fbdev/udlfb.o
  CC      drivers/usb/core/hcd.o
  LD      drivers/video/fbdev/omap2/displays-new/built-in.o
  CC [M]  drivers/usb/gadget/function/f_sourcesink.o
  LD      drivers/video/fbdev/omap2/dss/built-in.o
  LD [M]  drivers/msp/png/hi_png.o
  LD      drivers/video/fbdev/omap2/built-in.o
  CC      drivers/video/fbdev/simplefb.o
  CC [M]  drivers/usb/gadget/function/f_mass_storage.o
  LD      drivers/watchdog/watchdog.o
  LD      drivers/watchdog/built-in.o
  CC      fs/ubifs/tnc_misc.o
  CC      drivers/tty/tty_audit.o
  CC [M]  drivers/usb/gadget/legacy/audio.o
  CC      drivers/video/fbdev/core/fb_cmdline.o
  CC [M]  drivers/net/wireless/ath/ath9k/btcoex.o
  CC      drivers/uwb/ie.o
  CC      fs/xfs/libxfs/xfs_dir2_node.o
  CC [M]  drivers/msp/gpu/utgard/common/mali_pp_job.o
  CC      drivers/usb/gadget/udc/udc-core.o
  CC      drivers/tty/sysrq.o
  CC      drivers/video/fbdev/core/fbmem.o
  CC      fs/ubifs/xattr.o
  CC      fs/binfmt_script.o
  CC [M]  drivers/usb/gadget/legacy/inode.o
  CC      drivers/uwb/ie-rcv.o
  CC      fs/ubifs/debug.o
  CC      drivers/usb/core/urb.o
  CC [M]  drivers/net/wireless/ath/ath9k/ar9003_mci.o
  CC      drivers/usb/host/pci-quirks.o
  CC [M]  drivers/msp/gpu/utgard/common/mali_gp_job.o
  CC      drivers/uwb/lc-dev.o
  LD      drivers/msp/pvr/built-in.o
  CC [M]  drivers/msp/pvr/drv_pvr_intf.o
  LD      drivers/usb/gadget/udc/built-in.o
  CC      drivers/video/fbdev/core/fbmon.o
  CC [M]  drivers/msp/pq/pq_v3_0/drv_pq_table.o
  LD      drivers/tty/ipwireless/built-in.o
  CC      drivers/video/fbdev/core/fbcmap.o
  CC [M]  drivers/msp/gpu/utgard/common/mali_soft_job.o
  CC      drivers/usb/core/message.o
  CC      drivers/tty/serial/serial_core.o
  LD      drivers/msp/spi/built-in.o
  CC [M]  drivers/msp/spi/drv_spi.o
  CC      drivers/uwb/lc-rc.o
  CC [M]  drivers/usb/gadget/legacy/g_ffs.o
  CC      drivers/usb/host/ehci-hcd.o
  LD      drivers/wifi/usb_rtl8188eu/rtl8188EUS_linux_v4.3.24_16705.20160509/built-in.o
  CC [M]  drivers/wifi/usb_rtl8188eu/rtl8188EUS_linux_v4.3.24_16705.20160509/core/rtw_cmd.o
  LD [M]  drivers/msp/pvr/hi_pvr.o
  CC [M]  drivers/msp/spi/drv_spi_intf.o
  CC [M]  drivers/usb/gadget/function/storage_common.o
  CC [M]  drivers/msp/pq/pq_v3_0/hal/common/pq_hal_comm.o
  CC      drivers/tty/serial/earlycon.o
  CC [M]  drivers/net/wireless/ath/ath9k/ar9003_aic.o
  CC [M]  drivers/usb/gadget/legacy/mass_storage.o
  CC      fs/xfs/libxfs/xfs_dir2_sf.o
  CC      fs/binfmt_elf.o
  CC [M]  drivers/msp/gpu/utgard/common/mali_scheduler.o
  CC      drivers/video/fbdev/core/fbsysfs.o
  CC      drivers/uwb/neh.o
  CC [M]  drivers/usb/gadget/function/f_fs.o
  CC [M]  drivers/msp/pq/pq_v3_0/hal/hi3798mv100/pq_hal_acm.o
  CC [M]  drivers/msp/pq/pq_v3_0/hal/hi3798mv100/pq_hal_csc.o
  LD [M]  drivers/msp/spi/hi_spi.o
  CC      drivers/video/fbdev/core/modedb.o
  CC      drivers/usb/core/driver.o
  CC [M]  drivers/usb/gadget/legacy/gmidi.o
  LD      fs/ubifs/ubifs.o
  CC      drivers/tty/serial/amba-pl011.o
  LD      fs/ubifs/built-in.o
  CC      fs/mbcache.o
  CC      drivers/tty/vt/vt_ioctl.o
  CC [M]  drivers/net/wireless/ath/ath9k/ar9003_rtt.o
  CC      drivers/uwb/pal.o
  CC [M]  drivers/wifi/usb_rtl8188eu/rtl8188EUS_linux_v4.3.24_16705.20160509/core/rtw_security.o
  CC [M]  drivers/usb/gadget/legacy/hid.o
  CC      drivers/video/fbdev/core/fbcvt.o
  CC [M]  drivers/msp/pq/pq_v3_0/hal/hi3798mv100/pq_hal_dci.o
  CC      drivers/usb/core/config.o
  CC      drivers/usb/host/ehci-pci.o
  CC      drivers/uwb/radio.o
  CC [M]  drivers/msp/gpu/utgard/common/mali_executor.o
  CC [M]  drivers/net/wireless/ath/ath9k/common.o
  CC      fs/posix_acl.o
  CC      drivers/video/fbdev/core/fb_defio.o
  CC [M]  drivers/usb/gadget/legacy/webcam.o
  CC      fs/xfs/libxfs/xfs_dquot_buf.o
  CC [M]  drivers/msp/pq/pq_v3_0/hal/hi3798mv100/pq_hal_dei.o
  CC      drivers/tty/vt/vc_screen.o
  CC [M]  drivers/usb/gadget/function/f_uac2.o
  CC      drivers/usb/host/ehci-platform.o
  LD      drivers/tty/serial/built-in.o
  CC [M]  drivers/usb/gadget/usbstring.o
  CC      drivers/uwb/reset.o
  LD [M]  drivers/usb/gadget/legacy/g_zero.o
  LD      drivers/msp/sync/built-in.o
  LD [M]  drivers/usb/gadget/legacy/g_audio.o
  CC [M]  drivers/msp/sync/drv_sync.o
  LD [M]  drivers/usb/gadget/legacy/gadgetfs.o
  LD [M]  drivers/usb/gadget/legacy/g_mass_storage.o
  CC [M]  drivers/wifi/usb_rtl8188eu/rtl8188EUS_linux_v4.3.24_16705.20160509/core/rtw_debug.o
  LD [M]  drivers/usb/gadget/legacy/g_midi.o
  LD [M]  drivers/usb/gadget/legacy/g_hid.o
  LD [M]  drivers/usb/gadget/legacy/g_webcam.o
  CC [M]  drivers/wifi/usb_rtl8188eu/rtl8188EUS_linux_v4.3.24_16705.20160509/core/rtw_io.o
  CC      drivers/video/fbdev/core/cfbfillrect.o
  CC [M]  drivers/msp/pq/pq_v3_0/hal/hi3798mv100/pq_hal_dbdr.o
  CC      fs/coredump.o
  CC [M]  drivers/net/wireless/ath/ath9k/common-init.o
  CC [M]  drivers/net/wireless/ath/ath9k/common-beacon.o
  CC      drivers/usb/core/file.o
  CC      drivers/uwb/rsv.o
  CC [M]  drivers/msp/pq/pq_v3_0/hal/hi3798mv100/pq_hal_sharpen.o
  CC      drivers/tty/vt/selection.o
  LD      drivers/usb/misc/built-in.o
  CC [M]  drivers/msp/gpu/utgard/common/mali_group.o
  CC      drivers/video/fbdev/core/cfbcopyarea.o
  CC [M]  drivers/usb/gadget/function/f_uvc.o
  CC [M]  drivers/usb/gadget/function/uvc_queue.o
  CC      drivers/usb/core/buffer.o
  CC      drivers/usb/host/ohci-hcd.o
  CC [M]  drivers/net/wireless/ath/ath9k/common-debug.o
  CC [M]  drivers/msp/pq/pq_v3_0/hal/hi3798mv100/pq_hal_zme.o
  CC      drivers/video/fbdev/core/cfbimgblt.o
  CC      fs/xfs/libxfs/xfs_ialloc.o
  CC      drivers/tty/vt/keyboard.o
  CC      drivers/uwb/scan.o
  CC [M]  drivers/msp/sync/drv_sync_intf.o
  CC [M]  drivers/msp/gpu/utgard/common/mali_dlbu.o
  CC [M]  drivers/usb/gadget/config.o
  CC      drivers/usb/core/sysfs.o
  CC      drivers/usb/mon/mon_main.o
  CC [M]  drivers/usb/gadget/function/uvc_v4l2.o
  CC      drivers/video/fbdev/core/sysfillrect.o
  CC [M]  drivers/net/wireless/ath/ath9k/common-spectral.o
  CC [M]  drivers/wifi/usb_rtl8188eu/rtl8188EUS_linux_v4.3.24_16705.20160509/core/rtw_ioctl_query.o
  CC      drivers/uwb/uwb-debug.o
  CC [M]  drivers/net/wireless/ath/ath9k/htc_hst.o
  CC [M]  drivers/wifi/usb_rtl8188eu/rtl8188EUS_linux_v4.3.24_16705.20160509/core/rtw_ioctl_set.o
  CC [M]  drivers/msp/sync/drv_sync_intf_k.o
  CC      drivers/usb/mon/mon_stat.o
  CC [M]  drivers/msp/pq/pq_v3_0/hal/hi3798mv100/pq_hal_fmd.o
  CC [M]  drivers/msp/gpu/utgard/common/mali_broadcast.o
  CC [M]  drivers/usb/gadget/function/uvc_video.o
  CC      drivers/usb/core/endpoint.o
  CC      drivers/video/fbdev/core/syscopyarea.o
  CC [M]  drivers/msp/pq/pq_v3_0/hal/hi3798mv100/pq_hal_sr.o
  CC [M]  drivers/wifi/usb_rtl8188eu/rtl8188EUS_linux_v4.3.24_16705.20160509/core/rtw_ieee80211.o
  CC      drivers/usb/mon/mon_text.o
  CC      drivers/tty/vt/consolemap.o
  LD      drivers/msp/tde/built-in.o
  CC      drivers/uwb/uwbd.o
  CC [M]  drivers/msp/tde/src/tde_osr.o
  LD [M]  drivers/msp/sync/hi_sync.o
  CC      drivers/usb/host/ohci-pci.o
  CC [M]  drivers/msp/pq/pq_v3_0/mng/pq_mng_acm.o
  LD      drivers/msp/vad/sil9293/built-in.o
  CC [M]  drivers/msp/vad/sil9293/drv_sil9293_intf.o
  CC [M]  drivers/usb/gadget/function/uvc_configfs.o
  CC      drivers/usb/core/devio.o
  CC [M]  drivers/msp/gpu/utgard/common/mali_pm.o
  CC      drivers/video/fbdev/core/sysimgblt.o
  CC      drivers/usb/core/notify.o
  CC [M]  drivers/net/wireless/ath/ath9k/hif_usb.o
  CC      fs/xfs/libxfs/xfs_ialloc_btree.o
  CC [M]  drivers/msp/tde/src/tde_osr_k.o
  LD      drivers/uwb/uwb.o
  LD      drivers/uwb/built-in.o
  CC [M]  drivers/msp/vad/sil9293/drv_sil9293.o
  CC [M]  drivers/usb/gadget/epautoconf.o
  CC      drivers/usb/mon/mon_bin.o
  CONMK   drivers/tty/vt/consolemap_deftbl.c
  CC      drivers/usb/host/ohci-platform.o
  CC      drivers/usb/host/uhci-hcd.o
  CC [M]  drivers/msp/gpu/utgard/common/mali_pmu.o
  CC      drivers/video/fbdev/core/fb_sys_fops.o
  CC      drivers/tty/vt/vt.o
  CC [M]  drivers/msp/pq/pq_v3_0/mng/pq_mng_csc.o
  CC [M]  drivers/usb/gadget/function/f_midi.o
  CC [M]  drivers/wifi/usb_rtl8188eu/rtl8188EUS_linux_v4.3.24_16705.20160509/core/rtw_mlme.o
  CC [M]  drivers/msp/vad/sil9293/hal_sil9293.o
  LD      drivers/video/fbdev/core/fb.o
  LD      drivers/video/fbdev/core/built-in.o
  CC [M]  drivers/net/wireless/ath/ath9k/wmi.o
  LD      drivers/video/fbdev/built-in.o
  CC      fs/drop_caches.o
  LD      drivers/video/built-in.o
  CC [M]  drivers/msp/gpu/utgard/common/mali_user_settings_db.o
  CC [M]  drivers/usb/gadget/function/f_hid.o
  CC      fs/xfs/libxfs/xfs_inode_fork.o
  CC [M]  drivers/msp/tde/src/tde_handle_k.o
  LD      drivers/usb/mon/usbmon.o
  LD      drivers/usb/mon/built-in.o
  CC      drivers/usb/phy/phy.o
  CC      drivers/usb/core/generic.o
  CC [M]  drivers/msp/pq/pq_v3_0/mng/pq_mng_dci.o
  CC [M]  drivers/msp/gpu/utgard/common/mali_kernel_utilization.o
  LD      drivers/msp/vdec/vdec_v1.0/built-in.o
  CC [M]  drivers/msp/vdec/vdec_v1.0/drv_vdec_buf_mng.o
  CC [M]  drivers/msp/vdec/vdec_v1.0/drv_vdec_intf.o
  CC [M]  drivers/usb/gadget/composite.o
  LD [M]  drivers/msp/vad/sil9293/hi_sil9293.o
  LD      drivers/msp/vad/built-in.o
  CC [M]  drivers/net/wireless/ath/ath9k/htc_drv_txrx.o
  CC [M]  drivers/msp/tde/src/tde_osilist_k.o
  CC [M]  drivers/usb/gadget/functions.o
  SHIPPED drivers/tty/vt/defkeymap.c
  CC [M]  drivers/wifi/usb_rtl8188eu/rtl8188EUS_linux_v4.3.24_16705.20160509/core/rtw_mlme_ext.o
  CC      drivers/usb/core/quirks.o
  CC [M]  drivers/msp/pq/pq_v3_0/mng/pq_mng_dei.o
  CC      drivers/usb/phy/of.o
  LD [M]  drivers/usb/gadget/function/usb_f_ss_lb.o
  LD [M]  drivers/usb/gadget/function/usb_f_mass_storage.o
  LD [M]  drivers/usb/gadget/function/usb_f_fs.o
  LD [M]  drivers/usb/gadget/function/usb_f_uac2.o
  LD [M]  drivers/usb/gadget/function/usb_f_uvc.o
  CC [M]  drivers/msp/gpu/utgard/common/mali_control_timer.o
  LD [M]  drivers/usb/gadget/function/usb_f_midi.o
  LD [M]  drivers/usb/gadget/function/usb_f_hid.o
  CC [M]  drivers/msp/pq/pq_v3_0/mng/pq_mng_zme.o
  CC [M]  drivers/wifi/usb_rtl8188eu/rtl8188EUS_linux_v4.3.24_16705.20160509/core/rtw_wlan_util.o
  CC      drivers/usb/core/devices.o
  CC      fs/fhandle.o
  CC      fs/xfs/libxfs/xfs_inode_buf.o
  LD      drivers/usb/phy/built-in.o
  CC [M]  drivers/msp/vdec/vdec_v1.0/drv_vdec_intf_k.o
  CC [M]  drivers/net/wireless/ath/ath9k/htc_drv_main.o
  CC [M]  drivers/msp/gpu/utgard/common/mali_l2_cache.o
  CC [M]  drivers/msp/tde/src/tde_proc_k.o
  LD      drivers/msp/venc/venc_v1.0/built-in.o
  CC [M]  drivers/msp/venc/venc_v1.0/drv_venc_osal.o
  CC      drivers/usb/host/xhci.o
  CC [M]  drivers/msp/venc/venc_v1.0/drv_venc_intf.o
  CC [M]  drivers/msp/tde/src/wmalloc_k.o
  CC [M]  drivers/msp/pq/pq_v3_0/mng/pq_mng_ifmd.o
  CC      drivers/usb/core/port.o
  CC [M]  drivers/usb/gadget/configfs.o
  CC [M]  drivers/wifi/usb_rtl8188eu/rtl8188EUS_linux_v4.3.24_16705.20160509/core/rtw_vht.o
  CC      drivers/tty/vt/consolemap_deftbl.o
  CC      fs/xfs/libxfs/xfs_log_rlimit.o
  CC [M]  drivers/msp/gpu/utgard/common/mali_timeline.o
  CC      drivers/tty/vt/defkeymap.o
  LD      drivers/tty/vt/built-in.o
  CC [M]  drivers/usb/gadget/u_f.o
  LD      drivers/tty/built-in.o
  AS [M]  drivers/msp/pq/pq_v3_0/mng/pq_mng_ifmd_alg.o
  CC [M]  drivers/msp/pq/pq_v3_0/mng/pq_mng_sr.o
  CC [M]  drivers/msp/vdec/vdec_v1.0/drv_vdec_pts_recv.o
  CC      drivers/usb/serial/usb-serial.o
  CC [M]  drivers/msp/tde/adp/tde_v1_0/tde_hal_k.o
  CC      drivers/usb/core/hcd-pci.o
  CC      drivers/usb/serial/generic.o
  CC [M]  drivers/net/wireless/ath/ath9k/htc_drv_beacon.o
  CC      drivers/usb/serial/bus.o
  CC      drivers/usb/host/xhci-mem.o
  LD [M]  drivers/msp/pq/pq_v3_0/hi_pq.o
  CC      fs/xfs/libxfs/xfs_sb.o
  LD      drivers/msp/pq/built-in.o
  CC [M]  drivers/msp/venc/venc_v1.0/drv_venc.o
  CC      fs/xfs/libxfs/xfs_symlink_remote.o
  CC      fs/dcookies.o
  LD      drivers/usb/gadget/built-in.o
  LD [M]  drivers/usb/gadget/libcomposite.o
  CC [M]  drivers/msp/gpu/utgard/common/mali_timeline_fence_wait.o
  CC [M]  drivers/msp/tde/adp/tde_v1_0/tde_osictl_k.o
  CC [M]  drivers/net/wireless/ath/ath9k/htc_drv_init.o
  CC [M]  drivers/wifi/usb_rtl8188eu/rtl8188EUS_linux_v4.3.24_16705.20160509/core/rtw_pwrctrl.o
  CC      drivers/usb/host/xhci-ring.o
  CC [M]  drivers/net/wireless/ath/ath9k/htc_drv_gpio.o
  LD      drivers/usb/core/usbcore.o
  LD      drivers/usb/core/built-in.o
  CC      fs/xfs/libxfs/xfs_trans_resv.o
  CC      drivers/usb/serial/console.o
  CC [M]  drivers/msp/gpu/utgard/common/mali_timeline_sync_fence.o
  CC [M]  drivers/msp/tde/adp/tde_v1_0/tde_adp.o
  CC [M]  drivers/msp/gpu/utgard/common/mali_spinlock_reentrant.o
  CC [M]  drivers/msp/gpu/utgard/common/mali_pm_domain.o
  CC      drivers/usb/serial/ftdi_sio.o
  CC [M]  drivers/wifi/usb_rtl8188eu/rtl8188EUS_linux_v4.3.24_16705.20160509/core/rtw_rf.o
  CC [M]  drivers/msp/venc/venc_v1.0/drv_venc_efl.o
  CC [M]  drivers/msp/vdec/vdec_v1.0/drv_vdec_alg_frd.o
  CC      drivers/usb/host/xhci-hub.o
  CC      drivers/usb/host/xhci-dbg.o
  CC [M]  drivers/wifi/usb_rtl8188eu/rtl8188EUS_linux_v4.3.24_16705.20160509/core/rtw_recv.o
  CC      drivers/usb/storage/scsiglue.o
  LD      drivers/msp/vfmw/softlib/built-in.o
  CC [M]  drivers/msp/vfmw/softlib/sdec_imedia_intf.o
  CC      drivers/usb/storage/protocol.o
  LD [M]  drivers/net/wireless/ath/ath9k/ath9k.o
  LD [M]  drivers/net/wireless/ath/ath9k/ath9k_hw.o
  CC      drivers/usb/storage/transport.o
  LD [M]  drivers/net/wireless/ath/ath9k/ath9k_common.o
  LD [M]  drivers/net/wireless/ath/ath9k/ath9k_htc.o
  CC [M]  drivers/msp/gpu/utgard/linux/mali_osk_pm.o
  LD [M]  drivers/net/wireless/ath/ath.o
  LD      drivers/net/wireless/built-in.o
  LD      drivers/net/built-in.o
  LD      drivers/msp/vi/built-in.o
  CC [M]  drivers/msp/vi/drv_vi_intf.o
  CC [M]  drivers/msp/gpu/utgard/linux/mali_pmu_power_up_down.o
  CC [M]  drivers/msp/vi/drv_vi.o
  CC [M]  drivers/msp/vfmw/softlib/sdec_imedia.o
  CC      fs/xfs/libxfs/xfs_rtbitmap.o
  CC      drivers/usb/serial/option.o
  CC [M]  drivers/msp/gpu/utgard/platform/mali450/mali4xx.o
  LD      drivers/msp/vfmw/vfmw_v4.0/built-in.o
  CC      drivers/usb/usbip/usbip_common.o
  CC [M]  drivers/msp/vfmw/vfmw_v4.0/scene/stb/vfmw_intf.o
  CC [M]  drivers/msp/venc/venc_v1.0/drv_omxvenc.o
  CC [M]  drivers/msp/vdec/vdec_v1.0/drv_vdec_alg_api_frd.o
  CC      drivers/usb/storage/usb.o
  CC [M]  drivers/msp/gpu/utgard/platform/mali450/mali4xx_clk.o
  LD      drivers/msp/vo/built-in.o
  CC [M]  drivers/msp/vfmw/softlib/hwmedia_v1.1/src/hwdec/hwutil/avstring.o
  CC [M]  drivers/msp/vo/vdp_v2_0/hal/common/drv_disp_da.o
  CC      drivers/usb/serial/pl2303.o
  CC [M]  drivers/wifi/usb_rtl8188eu/rtl8188EUS_linux_v4.3.24_16705.20160509/core/rtw_sta_mgt.o
  CC [M]  drivers/msp/vfmw/vfmw_v4.0/scene/stb/vfmw_svdec_intf.o
  CC      drivers/usb/wusbcore/crypto.o
  CC [M]  drivers/msp/venc/venc_v1.0/drv_omxvenc_efl.o
  CC [M]  drivers/msp/vfmw/vfmw_v4.0/firmware/osal/linux_kernel/vfmw_osal.o
  CC [M]  drivers/msp/vfmw/softlib/hwmedia_v1.1/src/hwdec/hwutil/log.o
  CC [M]  drivers/msp/gpu/utgard/platform/mali450/mali4xx_core_scaling.o
  CC [M]  drivers/msp/vo/vdp_v2_0/hal/common/drv_disp_hal.o
  CC [M]  drivers/msp/vfmw/softlib/hwmedia_v1.1/src/hwdec/hwutil/mathematics.o
  CC [M]  drivers/msp/gpu/utgard/platform/mali450/mali4xx_pmu.o
  CC      drivers/usb/host/xhci-trace.o
  CC      fs/xfs/xfs_aops.o
  CC      drivers/usb/usbip/usbip_event.o
  CC [M]  drivers/msp/vi/drv_vi_buf.o
  CC      drivers/usb/storage/initializers.o
  CC      drivers/usb/wusbcore/devconnect.o
  CC [M]  drivers/msp/vdec/vdec_v1.0/drv_vdec_usrdata.o
  CC [M]  drivers/msp/venc/venc_v1.0/drv_venc_buf_mng.o
  CC [M]  drivers/wifi/usb_rtl8188eu/rtl8188EUS_linux_v4.3.24_16705.20160509/core/rtw_ap.o
  CC [M]  drivers/msp/vfmw/softlib/hwmedia_v1.1/src/hwdec/hwutil/mem.o
  LD      drivers/msp/vpss/built-in.o
  CC [M]  drivers/msp/vpss/vpss_v3_0/vpss_osal.o
  CC      drivers/usb/serial/usb-serial-simple.o
  CC [M]  drivers/msp/venc/venc_v1.0/drv_venc_queue_mng.o
  CC [M]  drivers/msp/gpu/utgard/platform/mali450/mali4xx_gpu_proc.o
  CC      drivers/usb/usbip/vhci_sysfs.o
  CC [M]  drivers/msp/vfmw/vfmw_v4.0/firmware/osal/linux_kernel/vfmw_proc.o
  CC      drivers/usb/storage/sierra_ms.o
  CC [M]  drivers/msp/vfmw/softlib/hwmedia_v1.1/src/hwdec/hwcodec/Bitstream.o
  CC      drivers/usb/host/xhci-pci.o
  CC [M]  drivers/msp/vi/drv_vi_utils.o
  CC      drivers/usb/serial/usb_wwan.o
  LD [M]  drivers/msp/vdec/vdec_v1.0/hi_vdec.o
  LD      drivers/msp/vdec/built-in.o
  CC [M]  drivers/msp/vfmw/softlib/hwmedia_v1.1/src/hwdec/hwcodec/dsputil.o
  CC [M]  drivers/msp/venc/venc_v1.0/drv_venc_proc.o
  CC      drivers/usb/wusbcore/dev-sysfs.o
  CC      drivers/usb/usbip/vhci_tx.o
  CC [M]  drivers/msp/gpu/utgard/linux/mali_ukk_profiling.o
  CC [M]  drivers/msp/vi/drv_vi_proc.o
  CC      drivers/usb/wusbcore/mmc.o
  CC [M]  drivers/msp/vo/vdp_v2_0/hal/common/drv_disp_hw.o
  CC      drivers/usb/storage/option_ms.o
  CC      drivers/usb/host/xhci-plat.o
  CC      drivers/usb/usbip/vhci_rx.o
  LD [M]  drivers/msp/tde/hi_tde.o
  CC [M]  drivers/msp/vpss/vpss_v3_0/vpss_info.o
  CC [M]  drivers/msp/vpss/vpss_v3_0/vpss_fb.o
  LD      drivers/usb/host/xhci-hcd.o
  CC      drivers/usb/wusbcore/pal.o
  CC [M]  drivers/msp/gpu/utgard/linux/mali_osk_profiling.o
  CC [M]  drivers/msp/venc/venc_v1.0/hal_venc.o
  LD      drivers/usb/serial/usbserial.o
  CC [M]  drivers/msp/vo/vdp_v2_0/hal/common/drv_disp_intf.o
  LD      drivers/usb/serial/built-in.o
  CC      fs/xfs/xfs_attr_inactive.o
  CC [M]  drivers/wifi/usb_rtl8188eu/rtl8188EUS_linux_v4.3.24_16705.20160509/core/rtw_xmit.o
  AS [M]  drivers/msp/vfmw/vfmw_v4.0/firmware/product/Hi3798MV100/HD_FULL/32bit/vfmw.o
  CC      drivers/usb/storage/usual-tables.o
  CC      drivers/usb/usbip/vhci_hcd.o
  CC      drivers/usb/wusbcore/rh.o
  AS [M]  drivers/msp/vfmw/vfmw_v4.0/firmware/product/Hi3798MV100/HD_FULL/32bit/common/bitstream.o
  CC [M]  drivers/msp/vfmw/vfmw_v4.0/firmware/product/Hi3798MV100/HD_FULL/32bit/common/public.o
  AS [M]  drivers/msp/vfmw/vfmw_v4.0/firmware/product/Hi3798MV100/HD_FULL/32bit/common/mem_manage.o
  LD [M]  drivers/msp/vi/hi_vi.o
  CC [M]  drivers/msp/vpss/vpss_v3_0/vpss_wbc.o
  CC [M]  drivers/msp/vo/vdp_v2_0/hal/common/drv_disp_rwzb.o
  CC [M]  drivers/msp/gpu/utgard/linux/mali_memory_dma_buf.o
  CC [M]  drivers/wifi/usb_rtl8188eu/rtl8188EUS_linux_v4.3.24_16705.20160509/core/rtw_p2p.o
  LD      drivers/usb/host/xhci-plat-hcd.o
  LD      drivers/usb/host/built-in.o
  CC      drivers/usb/usbip/stub_dev.o
  CC      drivers/usb/usbip/stub_main.o
  CC      drivers/usb/storage/realtek_cr.o
  CC [M]  drivers/msp/vfmw/softlib/hwmedia_v1.1/src/hwdec/hwcodec/error_resilience.o
  AS [M]  drivers/msp/vfmw/vfmw_v4.0/firmware/product/Hi3798MV100/HD_FULL/32bit/common/postprocess.o
  LD [M]  drivers/msp/venc/venc_v1.0/hi_venc.o
  LD      drivers/msp/venc/built-in.o
  AS [M]  drivers/msp/vfmw/vfmw_v4.0/firmware/product/Hi3798MV100/HD_FULL/32bit/common/vfmw_ctrl.o
  CC [M]  drivers/wifi/usb_rtl8188eu/rtl8188EUS_linux_v4.3.24_16705.20160509/core/rtw_tdls.o
  CC [M]  drivers/msp/vo/vdp_v2_0/hal/common/drv_win_hal.o
  CC      drivers/usb/wusbcore/reservation.o
  AS [M]  drivers/msp/vfmw/vfmw_v4.0/firmware/product/Hi3798MV100/HD_FULL/32bit/common/fsp.o
  AS [M]  drivers/msp/vfmw/vfmw_v4.0/firmware/product/Hi3798MV100/HD_FULL/32bit/common/vdm_drv.o
  CC [M]  drivers/msp/gpu/utgard/linux/mali_memory_secure.o
  CC [M]  drivers/msp/vpss/vpss_v3_0/vpss_in/vpss_src.o
  CC      drivers/usb/usbip/stub_rx.o
  AS [M]  drivers/msp/vfmw/vfmw_v4.0/firmware/product/Hi3798MV100/HD_FULL/32bit/common/syntax/syntax.o
  CC      fs/xfs/xfs_attr_list.o
  AS [M]  drivers/msp/vfmw/vfmw_v4.0/firmware/product/Hi3798MV100/HD_FULL/32bit/driver/HiSCDV200/scd_drv.o
  CC [M]  drivers/msp/vfmw/softlib/hwmedia_v1.1/src/hwdec/hwcodec/imgconvert.o
  AS [M]  drivers/msp/vfmw/vfmw_v4.0/firmware/product/Hi3798MV100/HD_FULL/32bit/driver/HiVDHV300R001/vdm_hal.o
  CC [M]  drivers/wifi/usb_rtl8188eu/rtl8188EUS_linux_v4.3.24_16705.20160509/core/rtw_br_ext.o
  AS [M]  drivers/msp/vfmw/vfmw_v4.0/firmware/product/Hi3798MV100/HD_FULL/32bit/common/syntax/h264.o
  CC      fs/xfs/xfs_bmap_util.o
  CC [M]  drivers/wifi/usb_rtl8188eu/rtl8188EUS_linux_v4.3.24_16705.20160509/core/rtw_iol.o
  AS [M]  drivers/msp/vfmw/vfmw_v4.0/firmware/product/Hi3798MV100/HD_FULL/32bit/driver/HiVDHV300R001/vdm_hal_h264.o
  LD      drivers/usb/storage/usb-storage.o
  LD      drivers/usb/storage/ums-realtek.o
  LD      drivers/usb/storage/built-in.o
  CC [M]  drivers/msp/vo/vdp_v2_0/hal/common/drv_win_hw.o
  CC      fs/xfs/xfs_buf.o
  AS [M]  drivers/msp/vfmw/vfmw_v4.0/firmware/product/Hi3798MV100/HD_FULL/32bit/common/syntax/hevc.o
  CC      drivers/usb/wusbcore/security.o
  CC [M]  drivers/msp/gpu/utgard/__malidrv_build_info.o
  CC      drivers/usb/usbip/stub_tx.o
  LD [M]  drivers/msp/gpu/utgard/mali.o
  AS [M]  drivers/msp/vfmw/vfmw_v4.0/firmware/product/Hi3798MV100/HD_FULL/32bit/driver/HiVDHV300R001/vdm_hal_hevc.o
  CC [M]  drivers/msp/vfmw/softlib/hwmedia_v1.1/src/hwdec/hwcodec/h263.o
  AS [M]  drivers/msp/vfmw/vfmw_v4.0/firmware/product/Hi3798MV100/HD_FULL/32bit/common/syntax/mvc.o
  LD      drivers/msp/gpu/built-in.o
  AS [M]  drivers/msp/vfmw/vfmw_v4.0/firmware/product/Hi3798MV100/HD_FULL/32bit/common/syntax/mpeg2.o
  CC [M]  drivers/msp/vpss/vpss_v3_0/vpss_his.o
  CC [M]  drivers/msp/vo/vdp_v2_0/hal/3798m/hal_specific_config.o
  AS [M]  drivers/msp/vfmw/vfmw_v4.0/firmware/product/Hi3798MV100/HD_FULL/32bit/driver/HiVDHV300R001/vdm_hal_mpeg2.o
  AS [M]  drivers/msp/vfmw/vfmw_v4.0/firmware/product/Hi3798MV100/HD_FULL/32bit/common/syntax/mpeg4.o
  CC [M]  drivers/wifi/usb_rtl8188eu/rtl8188EUS_linux_v4.3.24_16705.20160509/core/rtw_sreset.o
  CC      fs/xfs/xfs_dir2_readdir.o
  CC [M]  drivers/msp/vo/vdp_v2_0/hal/3798m/vdp_driver.o
  AS [M]  drivers/msp/vfmw/vfmw_v4.0/firmware/product/Hi3798MV100/HD_FULL/32bit/driver/HiVDHV300R001/vdm_hal_mpeg4.o
  AS [M]  drivers/msp/vfmw/vfmw_v4.0/firmware/product/Hi3798MV100/HD_FULL/32bit/common/syntax/avs.o
  LD      drivers/usb/usbip/usbip-core.o
  LD      drivers/usb/usbip/vhci-hcd.o
  LD      drivers/usb/usbip/usbip-host.o
  LD      drivers/usb/usbip/built-in.o
  AS [M]  drivers/msp/vfmw/vfmw_v4.0/firmware/product/Hi3798MV100/HD_FULL/32bit/driver/HiVDHV300R001/vdm_hal_avs.o
  CC      drivers/usb/wusbcore/wusbhc.o
  CC [M]  drivers/msp/vpss/vpss_v3_0/vpss_sttinf.o
  AS [M]  drivers/msp/vfmw/vfmw_v4.0/firmware/product/Hi3798MV100/HD_FULL/32bit/common/syntax/vc1.o
  AS [M]  drivers/msp/vfmw/vfmw_v4.0/firmware/product/Hi3798MV100/HD_FULL/32bit/driver/HiVDHV300R001/vdm_hal_vc1.o
  CC      fs/xfs/xfs_discard.o
  AS [M]  drivers/msp/vfmw/vfmw_v4.0/firmware/product/Hi3798MV100/HD_FULL/32bit/driver/HiVDHV300R001/bitplane.o
  AS [M]  drivers/msp/vfmw/vfmw_v4.0/firmware/product/Hi3798MV100/HD_FULL/32bit/common/syntax/real8.o
  CC [M]  drivers/wifi/usb_rtl8188eu/rtl8188EUS_linux_v4.3.24_16705.20160509/core/rtw_btcoex.o
  CC [M]  drivers/msp/vfmw/softlib/hwmedia_v1.1/src/hwdec/hwcodec/h263dec.o
  AS [M]  drivers/msp/vfmw/vfmw_v4.0/firmware/product/Hi3798MV100/HD_FULL/32bit/driver/HiVDHV300R001/vdm_hal_real8.o
  CC [M]  drivers/msp/vo/vdp_v2_0/hal/3798m/vdp_software_selfdefine.o
  CC      fs/xfs/xfs_error.o
  AS [M]  drivers/msp/vfmw/vfmw_v4.0/firmware/product/Hi3798MV100/HD_FULL/32bit/common/syntax/real9.o
  CC [M]  drivers/msp/vo/vdp_v2_0/alg/drv_disp_alg_gamma.o
  AS [M]  drivers/msp/vfmw/vfmw_v4.0/firmware/product/Hi3798MV100/HD_FULL/32bit/driver/HiVDHV300R001/vdm_hal_real9.o
  AS [M]  drivers/msp/vfmw/vfmw_v4.0/firmware/product/Hi3798MV100/HD_FULL/32bit/common/syntax/vp6.o
  CC [M]  drivers/msp/vfmw/softlib/hwmedia_v1.1/src/hwdec/hwcodec/h263_parser.o
  AS [M]  drivers/msp/vfmw/vfmw_v4.0/firmware/product/Hi3798MV100/HD_FULL/32bit/driver/HiVDHV300R001/vdm_hal_vp6.o
  AS [M]  drivers/msp/vfmw/vfmw_v4.0/firmware/product/Hi3798MV100/HD_FULL/32bit/common/syntax/vp8.o
  CC [M]  drivers/wifi/usb_rtl8188eu/rtl8188EUS_linux_v4.3.24_16705.20160509/core/rtw_beamforming.o
  LD      drivers/usb/wusbcore/wusbcore.o
  AS [M]  drivers/msp/vfmw/vfmw_v4.0/firmware/product/Hi3798MV100/HD_FULL/32bit/driver/HiVDHV300R001/vdm_hal_vp8.o
  LD      drivers/usb/wusbcore/built-in.o
  LD      drivers/usb/built-in.o
  CC [M]  drivers/msp/vfmw/vfmw_v4.0/firmware/product/Hi3798MV100/HD_FULL/32bit/common/syntax/hidivx3.o
  CC [M]  drivers/msp/vpss/vpss_v3_0/vpss_in/vpss_img.o
  CC [M]  drivers/msp/vfmw/softlib/hwmedia_v1.1/src/hwdec/hwcodec/mpegvideo.o
  CC      fs/xfs/xfs_export.o
  CC [M]  drivers/msp/vfmw/vfmw_v4.0/firmware/product/Hi3798MV100/HD_FULL/32bit/driver/HiVDHV300R001/hi_hal_divx3.o
  CC [M]  drivers/msp/vo/vdp_v2_0/alg/drv_disp_alg_rgb2yuv.o
  CC [M]  drivers/wifi/usb_rtl8188eu/rtl8188EUS_linux_v4.3.24_16705.20160509/core/rtw_odm.o
  CC [M]  drivers/msp/vo/vdp_v2_0/alg/drv_disp_alg_service.o
  CC      fs/xfs/xfs_extent_busy.o
  CC [M]  drivers/msp/vo/vdp_v2_0/drv_disp.o
  LD [M]  drivers/msp/vfmw/vfmw_v4.0/hi_vfmw.o
  CC [M]  drivers/msp/vpss/vpss_v3_0/alg/vpss_alg_ratio.o
  CC [M]  drivers/msp/vfmw/softlib/hwmedia_v1.1/src/hwdec/hwcodec/options.o
  CC [M]  drivers/wifi/usb_rtl8188eu/rtl8188EUS_linux_v4.3.24_16705.20160509/core/efuse/rtw_efuse.o
  CC [M]  drivers/msp/vo/vdp_v2_0/drv_disp_adp2unf.o
  CC [M]  drivers/msp/vpss/vpss_v3_0/alg/vpss_alg_rwzb.o
  CC [M]  drivers/msp/vfmw/softlib/hwmedia_v1.1/src/hwdec/hwcodec/utils.o
  CC [M]  drivers/wifi/usb_rtl8188eu/rtl8188EUS_linux_v4.3.24_16705.20160509/os_dep/osdep_service.o
  CC [M]  drivers/msp/vo/vdp_v2_0/drv_disp_intf.o
  CC [M]  drivers/msp/vpss/vpss_v3_0/alg/vpss_alg_scd.o
  CC      fs/xfs/xfs_file.o
  CC [M]  drivers/msp/vfmw/softlib/hwmedia_v1.1/src/hwdec/hwcodec/golomb.o
  CC [M]  drivers/msp/vpss/vpss_v3_0/vpss_rwzb.o
  CC [M]  drivers/wifi/usb_rtl8188eu/rtl8188EUS_linux_v4.3.24_16705.20160509/os_dep/linux/os_intfs.o
  CC [M]  drivers/msp/vfmw/softlib/hwmedia_v1.1/src/hwdec/hwcodec/huffman.o
  CC      fs/xfs/xfs_filestream.o
  CC [M]  drivers/msp/vpss/vpss_v3_0/vpss_instance.o
  CC [M]  drivers/msp/vo/vdp_v2_0/drv_win.o
  CC [M]  drivers/wifi/usb_rtl8188eu/rtl8188EUS_linux_v4.3.24_16705.20160509/os_dep/linux/usb_intf.o
  CC [M]  drivers/msp/vfmw/softlib/hwmedia_v1.1/src/hwdec/hwcodec/intrax8dsp.o
  CC [M]  drivers/msp/vfmw/softlib/hwmedia_v1.1/src/hwdec/hwcodec/jrevdct.o
  CC [M]  drivers/msp/vo/vdp_v2_0/drv_win_intf.o
  CC [M]  drivers/msp/vfmw/softlib/hwmedia_v1.1/src/hwdec/hwcodec/mdct.o
  CC [M]  drivers/wifi/usb_rtl8188eu/rtl8188EUS_linux_v4.3.24_16705.20160509/os_dep/linux/usb_ops_linux.o
  CC [M]  drivers/msp/vo/vdp_v2_0/com/drv_disp_debug.o
  CC [M]  drivers/wifi/usb_rtl8188eu/rtl8188EUS_linux_v4.3.24_16705.20160509/os_dep/linux/ioctl_linux.o
  CC [M]  drivers/msp/vpss/vpss_v3_0/vpss_ctrl.o
  CC [M]  drivers/msp/vo/vdp_v2_0/com/drv_disp_osal.o
  CC [M]  drivers/msp/vfmw/softlib/hwmedia_v1.1/src/hwdec/hwcodec/mpeg4video_parser.o
  CC [M]  drivers/msp/vo/vdp_v2_0/drv/drv_cgms.o
  CC [M]  drivers/wifi/usb_rtl8188eu/rtl8188EUS_linux_v4.3.24_16705.20160509/os_dep/linux/xmit_linux.o
  CC      fs/xfs/xfs_fsops.o
  CC [M]  drivers/msp/vpss/vpss_v3_0/drv_vpss_intf_k.o
  CC [M]  drivers/msp/vfmw/softlib/hwmedia_v1.1/src/hwdec/hwcodec/parser.o
  CC [M]  drivers/wifi/usb_rtl8188eu/rtl8188EUS_linux_v4.3.24_16705.20160509/os_dep/linux/mlme_linux.o
  CC      fs/xfs/xfs_globals.o
  CC [M]  drivers/msp/vo/vdp_v2_0/drv/drv_disp_bufcore.o
  CC [M]  drivers/msp/vpss/vpss_v3_0/vpss_trans_fb.o
  CC [M]  drivers/msp/vfmw/softlib/hwmedia_v1.1/src/hwdec/hwcodec/simple_idct.o
  CC      fs/xfs/xfs_icache.o
  CC [M]  drivers/msp/vpss/vpss_v3_0/hal/hi3798mv100/vpss_reg_3798m.o
  CC [M]  drivers/wifi/usb_rtl8188eu/rtl8188EUS_linux_v4.3.24_16705.20160509/os_dep/linux/recv_linux.o
  CC      fs/xfs/xfs_ioctl.o
  CC [M]  drivers/msp/vo/vdp_v2_0/drv/drv_disp_buffer.o
  CC [M]  drivers/msp/vpss/vpss_v3_0/hal/hi3798mv100/vpss_hal_3798m.o
  CC [M]  drivers/msp/vfmw/softlib/hwmedia_v1.1/src/hwdec/hwcodec/h264idct.o
  CC      fs/xfs/xfs_iomap.o
  CC [M]  drivers/msp/vpss/vpss_v3_0/vpss_in/hi3798mv100/vpss_in_3798mv100.o
  CC      fs/xfs/xfs_iops.o
  CC [M]  drivers/msp/vo/vdp_v2_0/drv/drv_disp_cast.o
  CC      fs/xfs/xfs_inode.o
  CC [M]  drivers/msp/vfmw/softlib/hwmedia_v1.1/src/imedia_viddec.o
  CC [M]  drivers/msp/vo/vdp_v2_0/drv/drv_disp_isr.o
  CC [M]  drivers/wifi/usb_rtl8188eu/rtl8188EUS_linux_v4.3.24_16705.20160509/os_dep/linux/ioctl_cfg80211.o
  CC      fs/xfs/xfs_itable.o
  CC [M]  drivers/wifi/usb_rtl8188eu/rtl8188EUS_linux_v4.3.24_16705.20160509/os_dep/linux/rtw_cfgvendor.o
  CC [M]  drivers/msp/vo/vdp_v2_0/drv/drv_display.o
  CC [M]  drivers/msp/vfmw/softlib/hwmedia_v1.1/src/imedia_util.o
  CC      fs/xfs/xfs_message.o
  CC [M]  drivers/msp/vo/vdp_v2_0/drv/drv_mcvn.o
  CC [M]  drivers/msp/vo/vdp_v2_0/drv/drv_sync.o
  CC      fs/xfs/xfs_mount.o
  LD [M]  drivers/msp/vpss/hi_vpss.o
  CC [M]  drivers/wifi/usb_rtl8188eu/rtl8188EUS_linux_v4.3.24_16705.20160509/os_dep/linux/wifi_regd.o
  CC [M]  drivers/wifi/usb_rtl8188eu/rtl8188EUS_linux_v4.3.24_16705.20160509/os_dep/linux/rtw_android.o
  CC [M]  drivers/msp/vo/vdp_v2_0/drv/drv_virtual.o
  CC [M]  drivers/msp/vfmw/softlib/hwmedia_v1.1/src/hwdec/hwcodec/arm/dsputil_arm.o
  CC      fs/xfs/xfs_mru_cache.o
  CC [M]  drivers/wifi/usb_rtl8188eu/rtl8188EUS_linux_v4.3.24_16705.20160509/os_dep/linux/rtw_proc.o
  CC      fs/xfs/xfs_stats.o
  CC [M]  drivers/msp/vfmw/softlib/hwmedia_v1.1/src/hwdec/hwcodec/arm/float_arm_vfp.o
  CC [M]  drivers/msp/vfmw/softlib/hwmedia_v1.1/src/hwdec/hwcodec/arm/mpegvideo_arm.o
  CC [M]  drivers/msp/vo/vdp_v2_0/drv/drv_win_buffer.o
  CC [M]  drivers/wifi/usb_rtl8188eu/rtl8188EUS_linux_v4.3.24_16705.20160509/os_dep/linux/ioctl_mp.o
  CC [M]  drivers/wifi/usb_rtl8188eu/rtl8188EUS_linux_v4.3.24_16705.20160509/hal/hal_intf.o
  CC      fs/xfs/xfs_super.o
  CC [M]  drivers/msp/vo/vdp_v2_0/drv/drv_win_frc.o
  CC [M]  drivers/msp/vfmw/softlib/hwmedia_v1.1/src/hwdec/hwcodec/arm/dsputil_init_armv6.o
  CC [M]  drivers/msp/vo/vdp_v2_0/drv/drv_win_policy.o
  AS [M]  drivers/msp/vfmw/softlib/hwmedia_v1.1/src/hwdec/hwcodec/arm/simple_idct_armv6.o
  CC [M]  drivers/wifi/usb_rtl8188eu/rtl8188EUS_linux_v4.3.24_16705.20160509/hal/hal_com.o
  CC      fs/xfs/xfs_symlink.o
  CC      fs/xfs/xfs_sysfs.o
  CC [M]  drivers/msp/vo/vdp_v2_0/drv/drv_win_prc.o
  CC [M]  drivers/wifi/usb_rtl8188eu/rtl8188EUS_linux_v4.3.24_16705.20160509/hal/hal_com_phycfg.o
  CC [M]  drivers/wifi/usb_rtl8188eu/rtl8188EUS_linux_v4.3.24_16705.20160509/hal/hal_phy.o
  AS [M]  drivers/msp/vfmw/softlib/hwmedia_v1.1/src/hwdec/hwcodec/arm/h263_loop_armv6.o
  CC [M]  drivers/msp/vo/vdp_v2_0/drv/drv_window.o
  CC [M]  drivers/wifi/usb_rtl8188eu/rtl8188EUS_linux_v4.3.24_16705.20160509/hal/hal_dm.o
  CC      fs/xfs/xfs_trans.o
  AS [M]  drivers/msp/vfmw/softlib/hwmedia_v1.1/src/hwdec/hwcodec/arm/dsputil_armv6.o
  CC [M]  drivers/wifi/usb_rtl8188eu/rtl8188EUS_linux_v4.3.24_16705.20160509/hal/hal_btcoex.o
  CC      fs/xfs/xfs_xattr.o
  CC [M]  drivers/wifi/usb_rtl8188eu/rtl8188EUS_linux_v4.3.24_16705.20160509/hal/hal_mp.o
  CC [M]  drivers/wifi/usb_rtl8188eu/rtl8188EUS_linux_v4.3.24_16705.20160509/hal/hal_hci/hal_usb.o
  CC      fs/xfs/kmem.o
  CC      fs/xfs/uuid.o
  AS [M]  drivers/msp/vfmw/softlib/hwmedia_v1.1/src/hwdec/hwcodec/arm/dsputil_vfp.o
  CC      fs/xfs/xfs_log.o
  CC [M]  drivers/wifi/usb_rtl8188eu/rtl8188EUS_linux_v4.3.24_16705.20160509/hal/led/hal_usb_led.o
  CC      fs/xfs/xfs_log_cil.o
  CC [M]  drivers/wifi/usb_rtl8188eu/rtl8188EUS_linux_v4.3.24_16705.20160509/hal/HalPwrSeqCmd.o
  CC [M]  drivers/wifi/usb_rtl8188eu/rtl8188EUS_linux_v4.3.24_16705.20160509/hal/rtl8188e/Hal8188EPwrSeq.o
  CC      fs/xfs/xfs_buf_item.o
  CC [M]  drivers/wifi/usb_rtl8188eu/rtl8188EUS_linux_v4.3.24_16705.20160509/hal/rtl8188e/rtl8188e_xmit.o
  CC      fs/xfs/xfs_extfree_item.o
  CC [M]  drivers/wifi/usb_rtl8188eu/rtl8188EUS_linux_v4.3.24_16705.20160509/hal/rtl8188e/rtl8188e_sreset.o
  CC      fs/xfs/xfs_icreate_item.o
  CC [M]  drivers/wifi/usb_rtl8188eu/rtl8188EUS_linux_v4.3.24_16705.20160509/hal/rtl8188e/rtl8188e_hal_init.o
  CC      fs/xfs/xfs_inode_item.o
  CC [M]  drivers/wifi/usb_rtl8188eu/rtl8188EUS_linux_v4.3.24_16705.20160509/hal/rtl8188e/rtl8188e_phycfg.o
  CC      fs/xfs/xfs_log_recover.o
  CC [M]  drivers/wifi/usb_rtl8188eu/rtl8188EUS_linux_v4.3.24_16705.20160509/hal/rtl8188e/rtl8188e_rf6052.o
  CC      fs/xfs/xfs_trans_ail.o
  CC [M]  drivers/wifi/usb_rtl8188eu/rtl8188EUS_linux_v4.3.24_16705.20160509/hal/rtl8188e/rtl8188e_dm.o
  CC      fs/xfs/xfs_trans_buf.o
  CC [M]  drivers/wifi/usb_rtl8188eu/rtl8188EUS_linux_v4.3.24_16705.20160509/hal/rtl8188e/rtl8188e_rxdesc.o
  CC      fs/xfs/xfs_trans_extfree.o
  CC      fs/xfs/xfs_trans_inode.o
  LD [M]  drivers/msp/vo/hi_vou.o
  CC [M]  drivers/wifi/usb_rtl8188eu/rtl8188EUS_linux_v4.3.24_16705.20160509/hal/rtl8188e/rtl8188e_cmd.o
  CC      fs/xfs/xfs_dquot.o
  CC [M]  drivers/wifi/usb_rtl8188eu/rtl8188EUS_linux_v4.3.24_16705.20160509/hal/rtl8188e/usb/usb_halinit.o
  CC      fs/xfs/xfs_dquot_item.o
  CC      fs/xfs/xfs_trans_dquot.o
  CC      fs/xfs/xfs_qm_syscalls.o
  CC      fs/xfs/xfs_qm_bhv.o
  CC [M]  drivers/wifi/usb_rtl8188eu/rtl8188EUS_linux_v4.3.24_16705.20160509/hal/rtl8188e/usb/rtl8188eu_led.o
  CC      fs/xfs/xfs_qm.o
  CC      fs/xfs/xfs_quotaops.o
  CC [M]  drivers/wifi/usb_rtl8188eu/rtl8188EUS_linux_v4.3.24_16705.20160509/hal/rtl8188e/usb/rtl8188eu_xmit.o
  CC      fs/xfs/xfs_rtalloc.o
  CC      fs/xfs/xfs_acl.o
  CC      fs/xfs/xfs_sysctl.o
  CC [M]  drivers/wifi/usb_rtl8188eu/rtl8188EUS_linux_v4.3.24_16705.20160509/hal/rtl8188e/usb/rtl8188eu_recv.o
  CC      fs/xfs/xfs_pnfs.o
  CC [M]  drivers/wifi/usb_rtl8188eu/rtl8188EUS_linux_v4.3.24_16705.20160509/hal/rtl8188e/usb/usb_ops_linux.o
  CC [M]  drivers/wifi/usb_rtl8188eu/rtl8188EUS_linux_v4.3.24_16705.20160509/hal/efuse/rtl8188e/HalEfuseMask8188E_USB.o
  CC [M]  drivers/wifi/usb_rtl8188eu/rtl8188EUS_linux_v4.3.24_16705.20160509/hal/phydm/phydm_debug.o
  CC [M]  drivers/wifi/usb_rtl8188eu/rtl8188EUS_linux_v4.3.24_16705.20160509/hal/phydm/phydm_antdiv.o
  CC [M]  drivers/wifi/usb_rtl8188eu/rtl8188EUS_linux_v4.3.24_16705.20160509/hal/phydm/phydm_antdect.o
  CC [M]  drivers/wifi/usb_rtl8188eu/rtl8188EUS_linux_v4.3.24_16705.20160509/hal/phydm/phydm_interface.o
  CC [M]  drivers/wifi/usb_rtl8188eu/rtl8188EUS_linux_v4.3.24_16705.20160509/hal/phydm/phydm_hwconfig.o
  CC [M]  drivers/wifi/usb_rtl8188eu/rtl8188EUS_linux_v4.3.24_16705.20160509/hal/phydm/phydm.o
  CC [M]  drivers/wifi/usb_rtl8188eu/rtl8188EUS_linux_v4.3.24_16705.20160509/hal/phydm/halphyrf_ce.o
  CC [M]  drivers/wifi/usb_rtl8188eu/rtl8188EUS_linux_v4.3.24_16705.20160509/hal/phydm/phydm_edcaturbocheck.o
  CC [M]  drivers/wifi/usb_rtl8188eu/rtl8188EUS_linux_v4.3.24_16705.20160509/hal/phydm/phydm_dig.o
  CC [M]  drivers/wifi/usb_rtl8188eu/rtl8188EUS_linux_v4.3.24_16705.20160509/hal/phydm/phydm_pathdiv.o
  CC [M]  drivers/wifi/usb_rtl8188eu/rtl8188EUS_linux_v4.3.24_16705.20160509/hal/phydm/phydm_rainfo.o
  CC [M]  drivers/wifi/usb_rtl8188eu/rtl8188EUS_linux_v4.3.24_16705.20160509/hal/phydm/phydm_dynamicbbpowersaving.o
  CC [M]  drivers/wifi/usb_rtl8188eu/rtl8188EUS_linux_v4.3.24_16705.20160509/hal/phydm/phydm_powertracking_ce.o
  CC [M]  drivers/wifi/usb_rtl8188eu/rtl8188EUS_linux_v4.3.24_16705.20160509/hal/phydm/phydm_dynamictxpower.o
  CC [M]  drivers/wifi/usb_rtl8188eu/rtl8188EUS_linux_v4.3.24_16705.20160509/hal/phydm/phydm_adaptivity.o
  CC [M]  drivers/wifi/usb_rtl8188eu/rtl8188EUS_linux_v4.3.24_16705.20160509/hal/phydm/phydm_cfotracking.o
  LD      fs/xfs/xfs.o
  LD      fs/xfs/built-in.o
  LD      fs/built-in.o
  CC [M]  drivers/wifi/usb_rtl8188eu/rtl8188EUS_linux_v4.3.24_16705.20160509/hal/phydm/phydm_noisemonitor.o
  CC [M]  drivers/wifi/usb_rtl8188eu/rtl8188EUS_linux_v4.3.24_16705.20160509/hal/phydm/phydm_acs.o
  CC [M]  drivers/wifi/usb_rtl8188eu/rtl8188EUS_linux_v4.3.24_16705.20160509/hal/phydm/phydm_beamforming.o
  CC [M]  drivers/wifi/usb_rtl8188eu/rtl8188EUS_linux_v4.3.24_16705.20160509/hal/phydm/txbf/halcomtxbf.o
  CC [M]  drivers/wifi/usb_rtl8188eu/rtl8188EUS_linux_v4.3.24_16705.20160509/hal/phydm/txbf/haltxbfinterface.o
  CC [M]  drivers/wifi/usb_rtl8188eu/rtl8188EUS_linux_v4.3.24_16705.20160509/hal/phydm/rtl8188e/halhwimg8188e_mac.o
  CC [M]  drivers/wifi/usb_rtl8188eu/rtl8188EUS_linux_v4.3.24_16705.20160509/hal/phydm/rtl8188e/halhwimg8188e_bb.o
  CC [M]  drivers/wifi/usb_rtl8188eu/rtl8188EUS_linux_v4.3.24_16705.20160509/hal/phydm/rtl8188e/halhwimg8188e_rf.o
  CC [M]  drivers/wifi/usb_rtl8188eu/rtl8188EUS_linux_v4.3.24_16705.20160509/hal/phydm/rtl8188e/halhwimg8188e_t_fw.o
  CC [M]  drivers/wifi/usb_rtl8188eu/rtl8188EUS_linux_v4.3.24_16705.20160509/hal/phydm/rtl8188e/halhwimg8188e_s_fw.o
  CC [M]  drivers/wifi/usb_rtl8188eu/rtl8188EUS_linux_v4.3.24_16705.20160509/hal/phydm/rtl8188e/halphyrf_8188e_ce.o
  CC [M]  drivers/wifi/usb_rtl8188eu/rtl8188EUS_linux_v4.3.24_16705.20160509/hal/phydm/rtl8188e/phydm_regconfig8188e.o
  CC [M]  drivers/wifi/usb_rtl8188eu/rtl8188EUS_linux_v4.3.24_16705.20160509/hal/phydm/rtl8188e/hal8188erateadaptive.o
  CC [M]  drivers/wifi/usb_rtl8188eu/rtl8188EUS_linux_v4.3.24_16705.20160509/hal/phydm/rtl8188e/phydm_rtl8188e.o
  CC [M]  drivers/wifi/usb_rtl8188eu/rtl8188EUS_linux_v4.3.24_16705.20160509/platform/platform_ops.o
  CC [M]  drivers/wifi/usb_rtl8188eu/rtl8188EUS_linux_v4.3.24_16705.20160509/core/rtw_mp.o
  CC [M]  drivers/wifi/usb_rtl8188eu/rtl8188EUS_linux_v4.3.24_16705.20160509/core/rtw_mp_ioctl.o
  LD [M]  drivers/wifi/usb_rtl8188eu/rtl8188EUS_linux_v4.3.24_16705.20160509/rtl8188eu.o
  LD      drivers/wifi/usb_rtl8188eu/built-in.o
  LD      drivers/wifi/built-in.o
  LD [M]  drivers/msp/vfmw/softlib/hi_svdec.o
  LD      drivers/msp/vfmw/built-in.o
  LD      drivers/msp/built-in.o
  LD      drivers/built-in.o
  LINK    vmlinux
  LD      vmlinux.o
  MODPOST vmlinux.o
WARNING: modpost: Found 6 section mismatch(es).
To see full details build your kernel with:
'make CONFIG_DEBUG_SECTION_MISMATCH=y'
  GEN     .version
  CC      init/main.o
  CHK     include/generated/compile.h
  CC      init/do_mounts.o
  CC      init/do_mounts_rd.o
  CC      init/do_mounts_initrd.o
  CC      init/noinitramfs.o
  CC      init/initramfs.o
  CC      init/calibrate.o
  CC      init/init_task.o
  UPD     include/generated/compile.h
  CC      init/version.o
  LD      init/mounts.o
  LD      init/built-in.o
  KSYM    .tmp_kallsyms1.o
  KSYM    .tmp_kallsyms2.o
  LD      vmlinux
  SORTEX  vmlinux
  SYSMAP  System.map
  OBJCOPY arch/arm/boot/Image
  Building modules, stage 2.
  MODPOST 120 modules
WARNING: drivers/msp/adsp/adsp_v1_1/hi_adsp.o (.arm_vfe_header): unexpected non-allocatable section.
Did you forget to use "ax"/"aw" in a .S file?
Note that for example <linux/init.h> contains
section definitions for use in .S files.

  Kernel: arch/arm/boot/Image is ready
  Kernel: arch/arm/boot/Image is ready
  LDS     arch/arm/boot/compressed/vmlinux.lds
  AS      arch/arm/boot/compressed/head.o
  GZIP    arch/arm/boot/compressed/piggy.gzip
  CC      arch/arm/boot/compressed/misc.o
  CC      arch/arm/boot/compressed/decompress.o
  CC      arch/arm/boot/compressed/string.o
  SHIPPED arch/arm/boot/compressed/hyp-stub.S
  SHIPPED arch/arm/boot/compressed/fdt_rw.c
  SHIPPED arch/arm/boot/compressed/fdt.h
  SHIPPED arch/arm/boot/compressed/libfdt.h
  SHIPPED arch/arm/boot/compressed/libfdt_internal.h
  SHIPPED arch/arm/boot/compressed/fdt_ro.c
  SHIPPED arch/arm/boot/compressed/fdt_wip.c
WARNING: modpost: Found 7 section mismatch(es).
To see full details build your kernel with:
'make CONFIG_DEBUG_SECTION_MISMATCH=y'
  SHIPPED arch/arm/boot/compressed/fdt.c
  CC      crypto/ccm.mod.o
  CC      crypto/ctr.mod.o
  CC      crypto/drbg.mod.o
  CC      crypto/echainiv.mod.o
  CC      crypto/gcm.mod.o
  CC      arch/arm/boot/compressed/atags_to_fdt.o
  CC      crypto/gf128mul.mod.o
  CC      crypto/ghash-generic.mod.o
  CC      crypto/jitterentropy_rng.mod.o
  CC      crypto/seqiv.mod.o
  CC      drivers/common/hi_common.mod.o
  CC      drivers/common/hi_media.mod.o
  SHIPPED arch/arm/boot/compressed/lib1funcs.S
  CC      drivers/common/hi_mmz.mod.o
  CC      drivers/hisilicon/misc/hrtimer_test.mod.o
/home/ray/workplace/git_download/HiSTB_origin/HiSTBLinux/source/kernel/linux-4.4.y/arch/arm/boot/compressed/atags_to_fdt.c: In function 'merge_fdt_bootargs':
/home/ray/workplace/git_download/HiSTB_origin/HiSTBLinux/source/kernel/linux-4.4.y/arch/arm/boot/compressed/atags_to_fdt.c:98:1: warning: the frame size of 1032 bytes is larger than 1024 bytes [-Wframe-larger-than=]
 }
 ^
  CC      drivers/input/tablet/wacom_serial4.mod.o
  CC      drivers/media/usb/gspca/gspca_main.mod.o
  CC      drivers/msp/adac/slic/hi_slic.mod.o
  CC      drivers/msp/adsp/adsp_v1_1/hi_adsp.mod.o
  CC      drivers/msp/adec/adec_v1_1/hi_adec.mod.o
  SHIPPED arch/arm/boot/compressed/ashldi3.S
  CC      drivers/msp/advca/hi_advca.mod.o
  CC      drivers/msp/aenc/hi_aenc.mod.o
  CC      drivers/msp/aiao/aiao_v1_1/hi_aiao.mod.o
  SHIPPED arch/arm/boot/compressed/bswapsdi2.S
  CC      drivers/msp/cipher/hi_cipher.mod.o
  CC      drivers/msp/dbe/hi_dbe.mod.o
  CC      drivers/msp/ddr/ddr.mod.o
  AS      arch/arm/boot/compressed/hyp-stub.o
  CC      drivers/msp/demux/hi_demux.mod.o
  CC      drivers/msp/gpio/hi_gpio.mod.o
  CC      drivers/msp/gpu/utgard/mali.mod.o
  CC      drivers/msp/hdmi/hi_hdmi.mod.o
  CC      drivers/msp/hifb/hi_fb.mod.o
  CC      arch/arm/boot/compressed/fdt_rw.o
  CC      drivers/msp/i2c/gpio_i2c/hi_gpio_i2c.mod.o
  CC      drivers/msp/i2c/std_i2c/hi_i2c.mod.o
  CC      drivers/msp/ir/ir_std/hi_ir.mod.o
  CC      drivers/msp/jpeg/hi_jpeg.mod.o
  CC      arch/arm/boot/compressed/fdt_ro.o
  CC      drivers/msp/jpge/hi_jpge.mod.o
  CC      drivers/msp/keyled/hi_keyled.mod.o
  CC      drivers/msp/mce/hi_mce.mod.o
  CC      arch/arm/boot/compressed/fdt_wip.o
  CC      drivers/msp/omxvdec/omxvdec_v1.0/hi_omxvdec.mod.o
  CC      drivers/msp/otp/v100/hi_otp.mod.o
  CC      arch/arm/boot/compressed/fdt.o
  CC      drivers/msp/pdm/hi_pdm.mod.o
  CC      drivers/msp/pm/hi_pmoc.mod.o
  CC      drivers/msp/png/hi_png.mod.o
  AS      arch/arm/boot/compressed/lib1funcs.o
  CC      drivers/msp/pq/pq_v3_0/hi_pq.mod.o
  AS      arch/arm/boot/compressed/ashldi3.o
  CC      drivers/msp/pvr/hi_pvr.mod.o
  CC      drivers/msp/spi/hi_spi.mod.o
  AS      arch/arm/boot/compressed/bswapsdi2.o
  CC      drivers/msp/sync/hi_sync.mod.o
  CC      drivers/msp/vdec/vdec_v1.0/hi_vdec.mod.o
  CC      drivers/msp/tde/hi_tde.mod.o
  CC      drivers/msp/vad/sil9293/hi_sil9293.mod.o
  CC      drivers/msp/venc/venc_v1.0/hi_venc.mod.o
  CC      drivers/msp/vfmw/softlib/hi_svdec.mod.o
  CC      drivers/msp/vfmw/vfmw_v4.0/hi_vfmw.mod.o
  CC      drivers/msp/vi/hi_vi.mod.o
  CC      drivers/msp/vo/hi_vou.mod.o
  CC      drivers/msp/vpss/hi_vpss.mod.o
  CC      drivers/net/wireless/ath/ath.mod.o
  CC      drivers/net/wireless/ath/ath9k/ath9k.mod.o
  CC      drivers/net/wireless/ath/ath9k/ath9k_common.mod.o
  CC      drivers/net/wireless/ath/ath9k/ath9k_htc.mod.o
  CC      drivers/net/wireless/ath/ath9k/ath9k_hw.mod.o
  CC      drivers/net/wireless/zd1201.mod.o
  CC      drivers/usb/gadget/function/usb_f_fs.mod.o
  CC      drivers/usb/gadget/function/usb_f_hid.mod.o
  CC      drivers/usb/gadget/function/usb_f_mass_storage.mod.o
  CC      drivers/usb/gadget/function/usb_f_midi.mod.o
  CC      drivers/usb/gadget/function/usb_f_ss_lb.mod.o
  CC      drivers/usb/gadget/function/usb_f_uac2.mod.o
  CC      drivers/usb/gadget/function/usb_f_uvc.mod.o
  CC      drivers/usb/gadget/legacy/g_audio.mod.o
  CC      drivers/usb/gadget/legacy/g_ffs.mod.o
  CC      drivers/usb/gadget/legacy/g_hid.mod.o
  CC      drivers/usb/gadget/legacy/g_mass_storage.mod.o
  CC      drivers/usb/gadget/legacy/g_midi.mod.o
  CC      drivers/usb/gadget/legacy/g_webcam.mod.o
  CC      drivers/usb/gadget/legacy/g_zero.mod.o
  CC      drivers/usb/gadget/legacy/gadgetfs.mod.o
  CC      drivers/usb/gadget/libcomposite.mod.o
  CC      drivers/wifi/usb_rtl8188eu/rtl8188EUS_linux_v4.3.24_16705.20160509/rtl8188eu.mod.o
  CC      fs/jfs/jfs.mod.o
  CC      fs/nfs/flexfilelayout/nfs_layout_flexfiles.mod.o
  CC      fs/nls/nls_cp1250.mod.o
  CC      fs/nls/nls_cp1251.mod.o
  CC      fs/nls/nls_cp1255.mod.o
  CC      fs/nls/nls_cp737.mod.o
  CC      fs/nls/nls_cp775.mod.o
  CC      fs/nls/nls_cp850.mod.o
  CC      fs/nls/nls_cp852.mod.o
  CC      fs/nls/nls_cp855.mod.o
  CC      fs/nls/nls_cp857.mod.o
  CC      fs/nls/nls_cp860.mod.o
  CC      fs/nls/nls_cp861.mod.o
  CC      fs/nls/nls_cp862.mod.o
  CC      fs/nls/nls_cp863.mod.o
  CC      fs/nls/nls_cp864.mod.o
  CC      fs/nls/nls_cp865.mod.o
  CC      fs/nls/nls_cp866.mod.o
  CC      fs/nls/nls_cp869.mod.o
  CC      fs/nls/nls_cp874.mod.o
  CC      fs/nls/nls_cp932.mod.o
  CC      fs/nls/nls_cp949.mod.o
  CC      fs/nls/nls_cp950.mod.o
  CC      fs/nls/nls_euc-jp.mod.o
  CC      fs/nls/nls_iso8859-13.mod.o
  CC      fs/nls/nls_iso8859-14.mod.o
  CC      fs/nls/nls_iso8859-15.mod.o
  CC      fs/nls/nls_iso8859-2.mod.o
  CC      fs/nls/nls_iso8859-3.mod.o
  CC      fs/nls/nls_iso8859-4.mod.o
  CC      fs/nls/nls_iso8859-5.mod.o
  CC      fs/nls/nls_iso8859-6.mod.o
  CC      fs/nls/nls_iso8859-7.mod.o
  CC      fs/nls/nls_iso8859-9.mod.o
  CC      fs/nls/nls_koi8-r.mod.o
  CC      fs/nls/nls_koi8-ru.mod.o
  CC      fs/nls/nls_koi8-u.mod.o
  CC      fs/quota/quota_tree.mod.o
  CC      fs/quota/quota_v1.mod.o
  CC      fs/quota/quota_v2.mod.o
  CC      fs/reiserfs/reiserfs.mod.o
  CC      net/mac80211/mac80211.mod.o
  CC      net/wireless/cfg80211.mod.o
  LD [M]  crypto/ccm.ko
  LD [M]  crypto/ctr.ko
  LD [M]  crypto/drbg.ko
  LD [M]  crypto/echainiv.ko
  LD [M]  crypto/gcm.ko
  LD [M]  crypto/gf128mul.ko
  LD [M]  crypto/ghash-generic.ko
  LD [M]  crypto/jitterentropy_rng.ko
  LD [M]  crypto/seqiv.ko
  LD [M]  drivers/common/hi_common.ko
  LD [M]  drivers/common/hi_media.ko
  LD [M]  drivers/common/hi_mmz.ko
  LD [M]  drivers/hisilicon/misc/hrtimer_test.ko
  LD [M]  drivers/input/tablet/wacom_serial4.ko
  LD [M]  drivers/media/usb/gspca/gspca_main.ko
  LD [M]  drivers/msp/adac/slic/hi_slic.ko
  LD [M]  drivers/msp/adec/adec_v1_1/hi_adec.ko
  LD [M]  drivers/msp/adsp/adsp_v1_1/hi_adsp.ko
  LD [M]  drivers/msp/advca/hi_advca.ko
  LD [M]  drivers/msp/aiao/aiao_v1_1/hi_aiao.ko
  LD [M]  drivers/msp/aenc/hi_aenc.ko
  LD [M]  drivers/msp/cipher/hi_cipher.ko
  LD [M]  drivers/msp/dbe/hi_dbe.ko
  LD [M]  drivers/msp/ddr/ddr.ko
  LD [M]  drivers/msp/demux/hi_demux.ko
  LD [M]  drivers/msp/gpio/hi_gpio.ko
  LD [M]  drivers/msp/gpu/utgard/mali.ko
  LD [M]  drivers/msp/hdmi/hi_hdmi.ko
  LD [M]  drivers/msp/hifb/hi_fb.ko
  LD [M]  drivers/msp/i2c/gpio_i2c/hi_gpio_i2c.ko
  LD [M]  drivers/msp/i2c/std_i2c/hi_i2c.ko
  LD [M]  drivers/msp/ir/ir_std/hi_ir.ko
  LD [M]  drivers/msp/jpeg/hi_jpeg.ko
  LD [M]  drivers/msp/jpge/hi_jpge.ko
  LD [M]  drivers/msp/keyled/hi_keyled.ko
  LD [M]  drivers/msp/mce/hi_mce.ko
  LD [M]  drivers/msp/omxvdec/omxvdec_v1.0/hi_omxvdec.ko
  LD [M]  drivers/msp/otp/v100/hi_otp.ko
  LD [M]  drivers/msp/pdm/hi_pdm.ko
  LD [M]  drivers/msp/pm/hi_pmoc.ko
  LD [M]  drivers/msp/png/hi_png.ko
  LD [M]  drivers/msp/pq/pq_v3_0/hi_pq.ko
  LD [M]  drivers/msp/pvr/hi_pvr.ko
  LD [M]  drivers/msp/spi/hi_spi.ko
  LD [M]  drivers/msp/sync/hi_sync.ko
  LD [M]  drivers/msp/tde/hi_tde.ko
  LD [M]  drivers/msp/vad/sil9293/hi_sil9293.ko
  LD [M]  drivers/msp/vdec/vdec_v1.0/hi_vdec.ko
  LD [M]  drivers/msp/venc/venc_v1.0/hi_venc.ko
  LD [M]  drivers/msp/vfmw/vfmw_v4.0/hi_vfmw.ko
  LD [M]  drivers/msp/vfmw/softlib/hi_svdec.ko
  LD [M]  drivers/msp/vi/hi_vi.ko
  LD [M]  drivers/msp/vo/hi_vou.ko
  LD [M]  drivers/msp/vpss/hi_vpss.ko
  LD [M]  drivers/net/wireless/ath/ath.ko
  LD [M]  drivers/net/wireless/ath/ath9k/ath9k.ko
  LD [M]  drivers/net/wireless/ath/ath9k/ath9k_common.ko
  LD [M]  drivers/net/wireless/ath/ath9k/ath9k_htc.ko
  LD [M]  drivers/net/wireless/ath/ath9k/ath9k_hw.ko
  LD [M]  drivers/net/wireless/zd1201.ko
  LD [M]  drivers/usb/gadget/function/usb_f_fs.ko
  LD [M]  drivers/usb/gadget/function/usb_f_hid.ko
  LD [M]  drivers/usb/gadget/function/usb_f_mass_storage.ko
  LD [M]  drivers/usb/gadget/function/usb_f_midi.ko
  LD [M]  drivers/usb/gadget/function/usb_f_ss_lb.ko
  LD [M]  drivers/usb/gadget/function/usb_f_uac2.ko
  LD [M]  drivers/usb/gadget/function/usb_f_uvc.ko
  LD [M]  drivers/usb/gadget/legacy/g_audio.ko
  LD [M]  drivers/usb/gadget/legacy/g_ffs.ko
  LD [M]  drivers/usb/gadget/legacy/g_hid.ko
  LD [M]  drivers/usb/gadget/legacy/g_mass_storage.ko
  LD [M]  drivers/usb/gadget/legacy/g_midi.ko
  LD [M]  drivers/usb/gadget/legacy/g_webcam.ko
  LD [M]  drivers/usb/gadget/legacy/g_zero.ko
  LD [M]  drivers/usb/gadget/legacy/gadgetfs.ko
  LD [M]  drivers/usb/gadget/libcomposite.ko
  LD [M]  drivers/wifi/usb_rtl8188eu/rtl8188EUS_linux_v4.3.24_16705.20160509/rtl8188eu.ko
  LD [M]  fs/jfs/jfs.ko
  LD [M]  fs/nfs/flexfilelayout/nfs_layout_flexfiles.ko
  LD [M]  fs/nls/nls_cp1250.ko
  LD [M]  fs/nls/nls_cp1251.ko
  LD [M]  fs/nls/nls_cp1255.ko
  LD [M]  fs/nls/nls_cp737.ko
  LD [M]  fs/nls/nls_cp775.ko
  LD [M]  fs/nls/nls_cp850.ko
  LD [M]  fs/nls/nls_cp852.ko
  LD [M]  fs/nls/nls_cp855.ko
  LD [M]  fs/nls/nls_cp857.ko
  LD [M]  fs/nls/nls_cp860.ko
  LD [M]  fs/nls/nls_cp861.ko
  LD [M]  fs/nls/nls_cp862.ko
  LD [M]  fs/nls/nls_cp863.ko
  LD [M]  fs/nls/nls_cp864.ko
  LD [M]  fs/nls/nls_cp865.ko
  LD [M]  fs/nls/nls_cp866.ko
  LD [M]  fs/nls/nls_cp869.ko
  LD [M]  fs/nls/nls_cp874.ko
  LD [M]  fs/nls/nls_cp932.ko
  LD [M]  fs/nls/nls_cp949.ko
  LD [M]  fs/nls/nls_cp950.ko
  LD [M]  fs/nls/nls_euc-jp.ko
  LD [M]  fs/nls/nls_iso8859-13.ko
  LD [M]  fs/nls/nls_iso8859-14.ko
  LD [M]  fs/nls/nls_iso8859-15.ko
  LD [M]  fs/nls/nls_iso8859-2.ko
  LD [M]  fs/nls/nls_iso8859-3.ko
  LD [M]  fs/nls/nls_iso8859-4.ko
  LD [M]  fs/nls/nls_iso8859-5.ko
  LD [M]  fs/nls/nls_iso8859-6.ko
  LD [M]  fs/nls/nls_iso8859-7.ko
  LD [M]  fs/nls/nls_iso8859-9.ko
  LD [M]  fs/nls/nls_koi8-r.ko
  LD [M]  fs/nls/nls_koi8-ru.ko
  LD [M]  fs/nls/nls_koi8-u.ko
  LD [M]  fs/quota/quota_tree.ko
  LD [M]  fs/quota/quota_v1.ko
  LD [M]  fs/quota/quota_v2.ko
  LD [M]  fs/reiserfs/reiserfs.ko
  LD [M]  net/mac80211/mac80211.ko
  LD [M]  net/wireless/cfg80211.ko
  AS      arch/arm/boot/compressed/piggy.gzip.o
  LD      arch/arm/boot/compressed/vmlinux
  OBJCOPY arch/arm/boot/zImage
  Kernel: arch/arm/boot/zImage is ready
  Kernel: arch/arm/boot/Image is ready
  DTC     arch/arm/boot/dts/hi3798mv100.dtb
  CC      arch/arm/boot/compressed/misc.o
  CC      arch/arm/boot/compressed/decompress.o
  CC      arch/arm/boot/compressed/string.o
  CC      arch/arm/boot/compressed/fdt_rw.o
  CC      arch/arm/boot/compressed/fdt_ro.o
  CC      arch/arm/boot/compressed/fdt_wip.o
  CC      arch/arm/boot/compressed/fdt.o
  CC      arch/arm/boot/compressed/atags_to_fdt.o
/home/ray/workplace/git_download/HiSTB_origin/HiSTBLinux/source/kernel/linux-4.4.y/arch/arm/boot/compressed/atags_to_fdt.c: In function 'merge_fdt_bootargs':
/home/ray/workplace/git_download/HiSTB_origin/HiSTBLinux/source/kernel/linux-4.4.y/arch/arm/boot/compressed/atags_to_fdt.c:98:1: warning: the frame size of 1032 bytes is larger than 1024 bytes [-Wframe-larger-than=]
 }
 ^
  LD      arch/arm/boot/compressed/vmlinux
  OBJCOPY arch/arm/boot/zImage
  Kernel: arch/arm/boot/zImage is ready
  CAT     arch/arm/boot/zImage-dtb
  Kernel: arch/arm/boot/zImage-dtb is ready
  UIMAGE  arch/arm/boot/uImage
Image Name:   Linux-4.4.35_s40
Created:      Fri Dec 12 11:53:24 2025
Image Type:   ARM Linux Kernel Image (uncompressed)
Data Size:    7877576 Bytes = 7692.95 kB = 7.51 MB
Load Address: 02000000
Entry Point:  02000000
  Image arch/arm/boot/uImage is ready
make[3]: Leaving directory '/home/ray/workplace/git_download/HiSTB_origin/HiSTBLinux/out/hi3798mv100/hi3798mv100_out/obj/source/kernel/linux-4.4.y'
make[2]: Leaving directory '/home/ray/workplace/git_download/HiSTB_origin/HiSTBLinux/source/kernel/linux-4.4.y'
cp: cannot stat '/home/ray/workplace/git_download/HiSTB_origin/HiSTBLinux/out/hi3798mv100/hi3798mv100_out/obj/source/kernel/linux-4.4.y/drivers/usb/host/*.ko': No such file or directory
make[1]: [Makefile:138: all] Error 1 (ignored)
make[1]: Leaving directory '/home/ray/workplace/git_download/HiSTB_origin/HiSTBLinux/source/kernel'

[1;32m #### make "-j 16 KCFLAGS=-Wno-error linux" completed successfully!(03:08 (mm:ss)) ####[1;0m

